base_path,chip,experiment,full_path,n_stims,freq,calculated_freq,log_available,type,n_raw_files,success,num_units,proj,exp,baseline,inherited_baseline_from,drug,plated,Type,line,Org_Day_0,Org_Age,Date_adhered,Days_on_chip,organoid_id
s3://braingeneersdev/asrobbin/braindance_data/24-08-16_busybee/,22194a,freqs/freqs_cont_112,s3://braingeneersdev/asrobbin/braindance_data/24-08-16_busybee/22194a/freqs/freqs_cont_112.raw.h5,0,0.0,,False,spontaneous,122,True,204.0,24-08-16_busybee,freqs,False,,,2d,ventral,E14,7/16/24,31.0,,,9A
s3://braingeneersdev/asrobbin/braindance_data/24-08-16_busybee/,22194a,freqs/freqs_cont_118,s3://braingeneersdev/asrobbin/braindance_data/24-08-16_busybee/22194a/freqs/freqs_cont_118.raw.h5,0,0.0,,False,spontaneous,122,True,204.0,24-08-16_busybee,freqs,False,,,2d,ventral,E14,7/16/24,31.0,,,9A
s3://braingeneersdev/asrobbin/braindance_data/24-08-16_busybee/,22194a,freqs/freqs_cont_52,s3://braingeneersdev/asrobbin/braindance_data/24-08-16_busybee/22194a/freqs/freqs_cont_52.raw.h5,0,0.0,,False,spontaneous,122,True,204.0,24-08-16_busybee,freqs,False,,,2d,ventral,E14,7/16/24,31.0,,,9A
s3://braingeneersdev/asrobbin/braindance_data/24-08-16_busybee/,22194a,freqs/freqs_cont_8,s3://braingeneersdev/asrobbin/braindance_data/24-08-16_busybee/22194a/freqs/freqs_cont_8.raw.h5,0,0.0,,False,spontaneous,122,True,204.0,24-08-16_busybee,freqs,False,,,2d,ventral,E14,7/16/24,31.0,,,9A
s3://braingeneersdev/asrobbin/braindance_data/24-08-16_busybee/,22194a,freqs/freqs_cont_127,s3://braingeneersdev/asrobbin/braindance_data/24-08-16_busybee/22194a/freqs/freqs_cont_127.raw.h5,8400,4.0,3.999996953401455,True,stim,122,True,204.0,24-08-16_busybee,freqs,False,,,2d,ventral,E14,7/16/24,31.0,,,9A
s3://braingeneersdev/asrobbin/braindance_data/24-08-16_busybee/,22194a,freqs/freqs_cont_75,s3://braingeneersdev/asrobbin/braindance_data/24-08-16_busybee/22194a/freqs/freqs_cont_75.raw.h5,4200,2.0,1.9999988954586905,True,stim,122,True,204.0,24-08-16_busybee,freqs,False,,,2d,ventral,E14,7/16/24,31.0,,,9A
s3://braingeneersdev/asrobbin/braindance_data/24-08-16_busybee/,22194a,freqs/freqs_cont_55,s3://braingeneersdev/asrobbin/braindance_data/24-08-16_busybee/22194a/freqs/freqs_cont_55.raw.h5,4200,2.0,2.000004224368129,True,stim,122,True,204.0,24-08-16_busybee,freqs,False,,,2d,ventral,E14,7/16/24,31.0,,,9A
s3://braingeneersdev/asrobbin/braindance_data/24-08-16_busybee/,22194a,freqs/freqs_cont_36,s3://braingeneersdev/asrobbin/braindance_data/24-08-16_busybee/22194a/freqs/freqs_cont_36.raw.h5,0,0.0,,False,spontaneous,122,True,204.0,24-08-16_busybee,freqs,False,,,2d,ventral,E14,7/16/24,31.0,,,9A
s3://braingeneersdev/asrobbin/braindance_data/24-08-16_busybee/,22194a,freqs/freqs_cont_38,s3://braingeneersdev/asrobbin/braindance_data/24-08-16_busybee/22194a/freqs/freqs_cont_38.raw.h5,0,0.0,,False,spontaneous,122,True,204.0,24-08-16_busybee,freqs,False,,,2d,ventral,E14,7/16/24,31.0,,,9A
s3://braingeneersdev/asrobbin/braindance_data/24-08-16_busybee/,22194a,freqs/freqs_cont_122,s3://braingeneersdev/asrobbin/braindance_data/24-08-16_busybee/22194a/freqs/freqs_cont_122.raw.h5,0,0.0,,False,spontaneous,122,True,204.0,24-08-16_busybee,freqs,False,,,2d,ventral,E14,7/16/24,31.0,,,9A
s3://braingeneersdev/asrobbin/braindance_data/24-08-16_busybee/,22194a,freqs/freqs_cont_40,s3://braingeneersdev/asrobbin/braindance_data/24-08-16_busybee/22194a/freqs/freqs_cont_40.raw.h5,0,0.0,,False,spontaneous,122,True,204.0,24-08-16_busybee,freqs,False,,,2d,ventral,E14,7/16/24,31.0,,,9A
s3://braingeneersdev/asrobbin/braindance_data/24-08-16_busybee/,22194a,freqs/freqs_cont_69,s3://braingeneersdev/asrobbin/braindance_data/24-08-16_busybee/22194a/freqs/freqs_cont_69.raw.h5,16800,8.0,7.999989527386435,True,stim,122,True,204.0,24-08-16_busybee,freqs,False,,,2d,ventral,E14,7/16/24,31.0,,,9A
s3://braingeneersdev/asrobbin/braindance_data/24-08-16_busybee/,22194a,freqs/freqs_cont_43,s3://braingeneersdev/asrobbin/braindance_data/24-08-16_busybee/22194a/freqs/freqs_cont_43.raw.h5,2100,1.0,0.9999992564755814,True,stim,122,True,204.0,24-08-16_busybee,freqs,False,,,2d,ventral,E14,7/16/24,31.0,,,9A
s3://braingeneersdev/asrobbin/braindance_data/24-08-16_busybee/,22194a,freqs/freqs_cont_65,s3://braingeneersdev/asrobbin/braindance_data/24-08-16_busybee/22194a/freqs/freqs_cont_65.raw.h5,4200,2.0,2.000003033588826,True,stim,122,True,204.0,24-08-16_busybee,freqs,False,,,2d,ventral,E14,7/16/24,31.0,,,9A
s3://braingeneersdev/asrobbin/braindance_data/24-08-16_busybee/,22194a,freqs/freqs_cont_125,s3://braingeneersdev/asrobbin/braindance_data/24-08-16_busybee/22194a/freqs/freqs_cont_125.raw.h5,4200,2.0,2.0000065435745524,True,stim,122,True,204.0,24-08-16_busybee,freqs,False,,,2d,ventral,E14,7/16/24,31.0,,,9A
s3://braingeneersdev/asrobbin/braindance_data/24-08-16_busybee/,22194a,freqs/freqs_cont_133,s3://braingeneersdev/asrobbin/braindance_data/24-08-16_busybee/22194a/freqs/freqs_cont_133.raw.h5,2100,1.0,0.99999771383315,True,stim,122,True,204.0,24-08-16_busybee,freqs,False,,,2d,ventral,E14,7/16/24,31.0,,,9A
s3://braingeneersdev/asrobbin/braindance_data/24-08-16_busybee/,22194a,freqs/freqs_cont_22,s3://braingeneersdev/asrobbin/braindance_data/24-08-16_busybee/22194a/freqs/freqs_cont_22.raw.h5,0,0.0,,False,spontaneous,122,True,204.0,24-08-16_busybee,freqs,False,,,2d,ventral,E14,7/16/24,31.0,,,9A
s3://braingeneersdev/asrobbin/braindance_data/24-08-16_busybee/,22194a,freqs/freqs,s3://braingeneersdev/asrobbin/braindance_data/24-08-16_busybee/22194a/freqs/freqs.raw.h5,0,0.0,,False,spontaneous,122,True,204.0,24-08-16_busybee,freqs,True,,,2d,ventral,E14,7/16/24,31.0,,,9A
s3://braingeneersdev/asrobbin/braindance_data/24-08-16_busybee/,22194a,freqs/freqs_cont_39,s3://braingeneersdev/asrobbin/braindance_data/24-08-16_busybee/22194a/freqs/freqs_cont_39.raw.h5,16800,8.0,7.999982600926136,True,stim,122,True,204.0,24-08-16_busybee,freqs,False,,,2d,ventral,E14,7/16/24,31.0,,,9A
s3://braingeneersdev/asrobbin/braindance_data/24-08-16_busybee/,22194a,freqs/freqs_cont_24,s3://braingeneersdev/asrobbin/braindance_data/24-08-16_busybee/22194a/freqs/freqs_cont_24.raw.h5,0,0.0,,False,spontaneous,122,True,204.0,24-08-16_busybee,freqs,False,,,2d,ventral,E14,7/16/24,31.0,,,9A
s3://braingeneersdev/asrobbin/braindance_data/24-08-16_busybee/,22194a,freqs/freqs_cont_18,s3://braingeneersdev/asrobbin/braindance_data/24-08-16_busybee/22194a/freqs/freqs_cont_18.raw.h5,0,0.0,,False,spontaneous,122,True,204.0,24-08-16_busybee,freqs,False,,,2d,ventral,E14,7/16/24,31.0,,,9A
s3://braingeneersdev/asrobbin/braindance_data/24-08-16_busybee/,22194a,freqs/freqs_cont_115,s3://braingeneersdev/asrobbin/braindance_data/24-08-16_busybee/22194a/freqs/freqs_cont_115.raw.h5,4200,2.0,1.9999997524212652,True,stim,122,True,204.0,24-08-16_busybee,freqs,False,,,2d,ventral,E14,7/16/24,31.0,,,9A
s3://braingeneersdev/asrobbin/braindance_data/24-08-16_busybee/,22194a,freqs/freqs_cont_12,s3://braingeneersdev/asrobbin/braindance_data/24-08-16_busybee/22194a/freqs/freqs_cont_12.raw.h5,0,0.0,,False,spontaneous,122,True,204.0,24-08-16_busybee,freqs,False,,,2d,ventral,E14,7/16/24,31.0,,,9A
s3://braingeneersdev/asrobbin/braindance_data/24-08-16_busybee/,22194a,freqs/freqs_cont_37,s3://braingeneersdev/asrobbin/braindance_data/24-08-16_busybee/22194a/freqs/freqs_cont_37.raw.h5,8400,4.0,3.999999367158926,True,stim,122,True,204.0,24-08-16_busybee,freqs,False,,,2d,ventral,E14,7/16/24,31.0,,,9A
s3://braingeneersdev/asrobbin/braindance_data/24-08-16_busybee/,22194a,freqs/freqs_cont_17,s3://braingeneersdev/asrobbin/braindance_data/24-08-16_busybee/22194a/freqs/freqs_cont_17.raw.h5,8400,4.0,3.999996120157163,True,stim,122,True,204.0,24-08-16_busybee,freqs,False,,,2d,ventral,E14,7/16/24,31.0,,,9A
s3://braingeneersdev/asrobbin/braindance_data/24-08-16_busybee/,22194a,freqs/freqs_cont_139,s3://braingeneersdev/asrobbin/braindance_data/24-08-16_busybee/22194a/freqs/freqs_cont_139.raw.h5,16800,8.0,7.999998164874388,True,stim,122,True,204.0,24-08-16_busybee,freqs,False,,,2d,ventral,E14,7/16/24,31.0,,,9A
s3://braingeneersdev/asrobbin/braindance_data/24-08-16_busybee/,22194a,freqs/freqs_cont,s3://braingeneersdev/asrobbin/braindance_data/24-08-16_busybee/22194a/freqs/freqs_cont.raw.h5,0,0.0,,False,spontaneous,122,True,204.0,24-08-16_busybee,freqs,False,,,2d,ventral,E14,7/16/24,31.0,,,9A
s3://braingeneersdev/asrobbin/braindance_data/24-08-16_busybee/,22194a,freqs/freqs_cont_101,s3://braingeneersdev/asrobbin/braindance_data/24-08-16_busybee/22194a/freqs/freqs_cont_101.raw.h5,1050,0.5,0.4999997830422745,True,stim,122,True,204.0,24-08-16_busybee,freqs,False,,,2d,ventral,E14,7/16/24,31.0,,,9A
s3://braingeneersdev/asrobbin/braindance_data/24-08-16_busybee/,22194a,freqs/freqs_cont_44,s3://braingeneersdev/asrobbin/braindance_data/24-08-16_busybee/22194a/freqs/freqs_cont_44.raw.h5,0,0.0,,False,spontaneous,122,True,204.0,24-08-16_busybee,freqs,False,,,2d,ventral,E14,7/16/24,31.0,,,9A
s3://braingeneersdev/asrobbin/braindance_data/24-08-16_busybee/,22194a,freqs/freqs_cont_100,s3://braingeneersdev/asrobbin/braindance_data/24-08-16_busybee/22194a/freqs/freqs_cont_100.raw.h5,0,0.0,,False,spontaneous,122,True,204.0,24-08-16_busybee,freqs,False,,,2d,ventral,E14,7/16/24,31.0,,,9A
s3://braingeneersdev/asrobbin/braindance_data/24-08-16_busybee/,22194a,freqs/freqs_cont_121,s3://braingeneersdev/asrobbin/braindance_data/24-08-16_busybee/22194a/freqs/freqs_cont_121.raw.h5,1050,0.5,0.4999994035383759,True,stim,122,True,204.0,24-08-16_busybee,freqs,False,,,2d,ventral,E14,7/16/24,31.0,,,9A
s3://braingeneersdev/asrobbin/braindance_data/24-08-16_busybee/,22194a,freqs/freqs_cont_73,s3://braingeneersdev/asrobbin/braindance_data/24-08-16_busybee/22194a/freqs/freqs_cont_73.raw.h5,2100,1.0,0.9999991406771856,True,stim,122,True,204.0,24-08-16_busybee,freqs,False,,,2d,ventral,E14,7/16/24,31.0,,,9A
s3://braingeneersdev/asrobbin/braindance_data/24-08-16_busybee/,22194a,freqs/freqs_cont_51,s3://braingeneersdev/asrobbin/braindance_data/24-08-16_busybee/22194a/freqs/freqs_cont_51.raw.h5,1050,0.5,0.4999991855368183,True,stim,122,True,204.0,24-08-16_busybee,freqs,False,,,2d,ventral,E14,7/16/24,31.0,,,9A
s3://braingeneersdev/asrobbin/braindance_data/24-08-16_busybee/,22194a,freqs/freqs_cont_26,s3://braingeneersdev/asrobbin/braindance_data/24-08-16_busybee/22194a/freqs/freqs_cont_26.raw.h5,0,0.0,,False,spontaneous,122,True,204.0,24-08-16_busybee,freqs,False,,,2d,ventral,E14,7/16/24,31.0,,,9A
s3://braingeneersdev/asrobbin/braindance_data/24-08-16_busybee/,22194a,freqs/freqs_cont_64,s3://braingeneersdev/asrobbin/braindance_data/24-08-16_busybee/22194a/freqs/freqs_cont_64.raw.h5,0,0.0,,False,spontaneous,122,True,204.0,24-08-16_busybee,freqs,False,,,2d,ventral,E14,7/16/24,31.0,,,9A
s3://braingeneersdev/asrobbin/braindance_data/24-08-16_busybee/,22194a,freqs/freqs_cont_41,s3://braingeneersdev/asrobbin/braindance_data/24-08-16_busybee/22194a/freqs/freqs_cont_41.raw.h5,1050,0.5,0.4999976967722541,True,stim,122,True,204.0,24-08-16_busybee,freqs,False,,,2d,ventral,E14,7/16/24,31.0,,,9A
s3://braingeneersdev/asrobbin/braindance_data/24-08-16_busybee/,22194a,freqs/freqs_cont_23,s3://braingeneersdev/asrobbin/braindance_data/24-08-16_busybee/22194a/freqs/freqs_cont_23.raw.h5,2100,1.0,0.9999991408969268,True,stim,122,True,204.0,24-08-16_busybee,freqs,False,,,2d,ventral,E14,7/16/24,31.0,,,9A
s3://braingeneersdev/asrobbin/braindance_data/24-08-16_busybee/,22194a,freqs/freqs_cont_34,s3://braingeneersdev/asrobbin/braindance_data/24-08-16_busybee/22194a/freqs/freqs_cont_34.raw.h5,0,0.0,,False,spontaneous,122,True,204.0,24-08-16_busybee,freqs,False,,,2d,ventral,E14,7/16/24,31.0,,,9A
s3://braingeneersdev/asrobbin/braindance_data/24-08-16_busybee/,22194a,freqs/freqs_cont_130,s3://braingeneersdev/asrobbin/braindance_data/24-08-16_busybee/22194a/freqs/freqs_cont_130.raw.h5,0,0.0,,False,spontaneous,122,True,204.0,24-08-16_busybee,freqs,False,,,2d,ventral,E14,7/16/24,31.0,,,9A
s3://braingeneersdev/asrobbin/braindance_data/24-08-16_busybee/,22194a,freqs/freqs_cont_120,s3://braingeneersdev/asrobbin/braindance_data/24-08-16_busybee/22194a/freqs/freqs_cont_120.raw.h5,0,0.0,,False,spontaneous,122,True,204.0,24-08-16_busybee,freqs,False,,,2d,ventral,E14,7/16/24,31.0,,,9A
s3://braingeneersdev/asrobbin/braindance_data/24-08-16_busybee/,22194a,freqs/freqs_cont_27,s3://braingeneersdev/asrobbin/braindance_data/24-08-16_busybee/22194a/freqs/freqs_cont_27.raw.h5,8400,4.0,3.9999923983872767,True,stim,122,True,204.0,24-08-16_busybee,freqs,False,,,2d,ventral,E14,7/16/24,31.0,,,9A
s3://braingeneersdev/asrobbin/braindance_data/24-08-16_busybee/,22194a,freqs/freqs_cont_66,s3://braingeneersdev/asrobbin/braindance_data/24-08-16_busybee/22194a/freqs/freqs_cont_66.raw.h5,0,0.0,,False,spontaneous,122,True,204.0,24-08-16_busybee,freqs,False,,,2d,ventral,E14,7/16/24,31.0,,,9A
s3://braingeneersdev/asrobbin/braindance_data/24-08-16_busybee/,22194a,freqs/freqs_cont_1,s3://braingeneersdev/asrobbin/braindance_data/24-08-16_busybee/22194a/freqs/freqs_cont_1.raw.h5,1050,0.5,0.4999993049153765,True,stim,122,True,204.0,24-08-16_busybee,freqs,False,,,2d,ventral,E14,7/16/24,31.0,,,9A
s3://braingeneersdev/asrobbin/braindance_data/24-08-16_busybee/,22194a,freqs/freqs_cont_58,s3://braingeneersdev/asrobbin/braindance_data/24-08-16_busybee/22194a/freqs/freqs_cont_58.raw.h5,0,0.0,,False,spontaneous,122,True,204.0,24-08-16_busybee,freqs,False,,,2d,ventral,E14,7/16/24,31.0,,,9A
s3://braingeneersdev/asrobbin/braindance_data/24-08-16_busybee/,22194a,freqs/freqs_cont_110,s3://braingeneersdev/asrobbin/braindance_data/24-08-16_busybee/22194a/freqs/freqs_cont_110.raw.h5,0,0.0,,False,spontaneous,122,True,204.0,24-08-16_busybee,freqs,False,,,2d,ventral,E14,7/16/24,31.0,,,9A
s3://braingeneersdev/asrobbin/braindance_data/24-08-16_busybee/,22194a,freqs/freqs_cont_20,s3://braingeneersdev/asrobbin/braindance_data/24-08-16_busybee/22194a/freqs/freqs_cont_20.raw.h5,0,0.0,,False,spontaneous,122,True,204.0,24-08-16_busybee,freqs,False,,,2d,ventral,E14,7/16/24,31.0,,,9A
s3://braingeneersdev/asrobbin/braindance_data/24-08-16_busybee/,22194a,freqs/freqs_cont_15,s3://braingeneersdev/asrobbin/braindance_data/24-08-16_busybee/22194a/freqs/freqs_cont_15.raw.h5,4200,2.0,1.99999616473427,True,stim,122,True,204.0,24-08-16_busybee,freqs,False,,,2d,ventral,E14,7/16/24,31.0,,,9A
s3://braingeneersdev/asrobbin/braindance_data/24-08-16_busybee/,22194a,freqs/freqs_cont_21,s3://braingeneersdev/asrobbin/braindance_data/24-08-16_busybee/22194a/freqs/freqs_cont_21.raw.h5,1050,0.5,0.5000000627130748,True,stim,122,True,204.0,24-08-16_busybee,freqs,False,,,2d,ventral,E14,7/16/24,31.0,,,9A
s3://braingeneersdev/asrobbin/braindance_data/24-08-16_busybee/,22194a,freqs/freqs_cont_137,s3://braingeneersdev/asrobbin/braindance_data/24-08-16_busybee/22194a/freqs/freqs_cont_137.raw.h5,8400,4.0,3.999997534755736,True,stim,122,True,204.0,24-08-16_busybee,freqs,False,,,2d,ventral,E14,7/16/24,31.0,,,9A
s3://braingeneersdev/asrobbin/braindance_data/24-08-16_busybee/,22194a,freqs/freqs_cont_2,s3://braingeneersdev/asrobbin/braindance_data/24-08-16_busybee/22194a/freqs/freqs_cont_2.raw.h5,0,0.0,,False,spontaneous,122,True,204.0,24-08-16_busybee,freqs,False,,,2d,ventral,E14,7/16/24,31.0,,,9A
s3://braingeneersdev/asrobbin/braindance_data/24-08-16_busybee/,22194a,freqs/freqs_cont_126,s3://braingeneersdev/asrobbin/braindance_data/24-08-16_busybee/22194a/freqs/freqs_cont_126.raw.h5,0,0.0,,False,spontaneous,122,True,204.0,24-08-16_busybee,freqs,False,,,2d,ventral,E14,7/16/24,31.0,,,9A
s3://braingeneersdev/asrobbin/braindance_data/24-08-16_busybee/,22194a,freqs/freqs_cont_71,s3://braingeneersdev/asrobbin/braindance_data/24-08-16_busybee/22194a/freqs/freqs_cont_71.raw.h5,1050,0.5,0.4999996596415605,True,stim,122,True,204.0,24-08-16_busybee,freqs,False,,,2d,ventral,E14,7/16/24,31.0,,,9A
s3://braingeneersdev/asrobbin/braindance_data/24-08-16_busybee/,22194a,freqs/freqs_cont_109,s3://braingeneersdev/asrobbin/braindance_data/24-08-16_busybee/22194a/freqs/freqs_cont_109.raw.h5,16800,8.0,7.999991757666106,True,stim,122,True,204.0,24-08-16_busybee,freqs,False,,,2d,ventral,E14,7/16/24,31.0,,,9A
s3://braingeneersdev/asrobbin/braindance_data/24-08-16_busybee/,22194a,freqs/freqs_cont_6,s3://braingeneersdev/asrobbin/braindance_data/24-08-16_busybee/22194a/freqs/freqs_cont_6.raw.h5,0,0.0,,False,spontaneous,122,True,204.0,24-08-16_busybee,freqs,False,,,2d,ventral,E14,7/16/24,31.0,,,9A
s3://braingeneersdev/asrobbin/braindance_data/24-08-16_busybee/,22194a,freqs/freqs_cont_76,s3://braingeneersdev/asrobbin/braindance_data/24-08-16_busybee/22194a/freqs/freqs_cont_76.raw.h5,0,0.0,,False,spontaneous,122,True,204.0,24-08-16_busybee,freqs,False,,,2d,ventral,E14,7/16/24,31.0,,,9A
s3://braingeneersdev/asrobbin/braindance_data/24-08-16_busybee/,22194a,freqs/freqs_cont_7,s3://braingeneersdev/asrobbin/braindance_data/24-08-16_busybee/22194a/freqs/freqs_cont_7.raw.h5,8400,4.0,3.999997298156419,True,stim,122,True,204.0,24-08-16_busybee,freqs,False,,,2d,ventral,E14,7/16/24,31.0,,,9A
s3://braingeneersdev/asrobbin/braindance_data/24-08-16_busybee/,22194a,freqs/freqs_cont_19,s3://braingeneersdev/asrobbin/braindance_data/24-08-16_busybee/22194a/freqs/freqs_cont_19.raw.h5,16800,8.0,7.99998877270707,True,stim,122,True,204.0,24-08-16_busybee,freqs,False,,,2d,ventral,E14,7/16/24,31.0,,,9A
s3://braingeneersdev/asrobbin/braindance_data/24-08-16_busybee/,22194a,freqs/freqs_cont_57,s3://braingeneersdev/asrobbin/braindance_data/24-08-16_busybee/22194a/freqs/freqs_cont_57.raw.h5,8400,4.0,3.9999918794021334,True,stim,122,True,204.0,24-08-16_busybee,freqs,False,,,2d,ventral,E14,7/16/24,31.0,,,9A
s3://braingeneersdev/asrobbin/braindance_data/24-08-16_busybee/,22194a,freqs/freqs_cont_45,s3://braingeneersdev/asrobbin/braindance_data/24-08-16_busybee/22194a/freqs/freqs_cont_45.raw.h5,4200,2.0,1.9999956717732037,True,stim,122,True,204.0,24-08-16_busybee,freqs,False,,,2d,ventral,E14,7/16/24,31.0,,,9A
s3://braingeneersdev/asrobbin/braindance_data/24-08-16_busybee/,22194a,freqs/freqs_cont_67,s3://braingeneersdev/asrobbin/braindance_data/24-08-16_busybee/22194a/freqs/freqs_cont_67.raw.h5,8400,4.0,4.000000796588666,True,stim,122,True,204.0,24-08-16_busybee,freqs,False,,,2d,ventral,E14,7/16/24,31.0,,,9A
s3://braingeneersdev/asrobbin/braindance_data/24-08-16_busybee/,22194a,freqs/freqs_cont_136,s3://braingeneersdev/asrobbin/braindance_data/24-08-16_busybee/22194a/freqs/freqs_cont_136.raw.h5,0,0.0,,False,spontaneous,122,True,204.0,24-08-16_busybee,freqs,False,,,2d,ventral,E14,7/16/24,31.0,,,9A
s3://braingeneersdev/asrobbin/braindance_data/24-08-16_busybee/,22194a,freqs/freqs_cont_78,s3://braingeneersdev/asrobbin/braindance_data/24-08-16_busybee/22194a/freqs/freqs_cont_78.raw.h5,0,0.0,,False,spontaneous,122,True,204.0,24-08-16_busybee,freqs,False,,,2d,ventral,E14,7/16/24,31.0,,,9A
s3://braingeneersdev/asrobbin/braindance_data/24-08-16_busybee/,22194a,freqs/freqs_cont_56,s3://braingeneersdev/asrobbin/braindance_data/24-08-16_busybee/22194a/freqs/freqs_cont_56.raw.h5,0,0.0,,False,spontaneous,122,True,204.0,24-08-16_busybee,freqs,False,,,2d,ventral,E14,7/16/24,31.0,,,9A
s3://braingeneersdev/asrobbin/braindance_data/24-08-16_busybee/,22194a,freqs/freqs_cont_72,s3://braingeneersdev/asrobbin/braindance_data/24-08-16_busybee/22194a/freqs/freqs_cont_72.raw.h5,0,0.0,,False,spontaneous,122,True,204.0,24-08-16_busybee,freqs,False,,,2d,ventral,E14,7/16/24,31.0,,,9A
s3://braingeneersdev/asrobbin/braindance_data/24-08-16_busybee/,22194a,freqs/freqs_cont_46,s3://braingeneersdev/asrobbin/braindance_data/24-08-16_busybee/22194a/freqs/freqs_cont_46.raw.h5,0,0.0,,False,spontaneous,122,True,204.0,24-08-16_busybee,freqs,False,,,2d,ventral,E14,7/16/24,31.0,,,9A
s3://braingeneersdev/asrobbin/braindance_data/24-08-16_busybee/,22194a,freqs/freqs_cont_62,s3://braingeneersdev/asrobbin/braindance_data/24-08-16_busybee/22194a/freqs/freqs_cont_62.raw.h5,0,0.0,,False,spontaneous,122,True,204.0,24-08-16_busybee,freqs,False,,,2d,ventral,E14,7/16/24,31.0,,,9A
s3://braingeneersdev/asrobbin/braindance_data/24-08-16_busybee/,22194a,freqs/freqs_cont_104,s3://braingeneersdev/asrobbin/braindance_data/24-08-16_busybee/22194a/freqs/freqs_cont_104.raw.h5,0,0.0,,False,spontaneous,122,True,204.0,24-08-16_busybee,freqs,False,,,2d,ventral,E14,7/16/24,31.0,,,9A
s3://braingeneersdev/asrobbin/braindance_data/24-08-16_busybee/,22194a,freqs/freqs_cont_116,s3://braingeneersdev/asrobbin/braindance_data/24-08-16_busybee/22194a/freqs/freqs_cont_116.raw.h5,0,0.0,,False,spontaneous,122,True,204.0,24-08-16_busybee,freqs,False,,,2d,ventral,E14,7/16/24,31.0,,,9A
s3://braingeneersdev/asrobbin/braindance_data/24-08-16_busybee/,22194a,freqs/freqs_cont_49,s3://braingeneersdev/asrobbin/braindance_data/24-08-16_busybee/22194a/freqs/freqs_cont_49.raw.h5,16800,8.0,7.999992583492538,True,stim,122,True,204.0,24-08-16_busybee,freqs,False,,,2d,ventral,E14,7/16/24,31.0,,,9A
s3://braingeneersdev/asrobbin/braindance_data/24-08-16_busybee/,22194a,freqs/freqs_cont_10,s3://braingeneersdev/asrobbin/braindance_data/24-08-16_busybee/22194a/freqs/freqs_cont_10.raw.h5,0,0.0,,False,spontaneous,122,True,204.0,24-08-16_busybee,freqs,False,,,2d,ventral,E14,7/16/24,31.0,,,9A
s3://braingeneersdev/asrobbin/braindance_data/24-08-16_busybee/,22194a,freqs/freqs_cont_4,s3://braingeneersdev/asrobbin/braindance_data/24-08-16_busybee/22194a/freqs/freqs_cont_4.raw.h5,0,0.0,,False,spontaneous,122,True,204.0,24-08-16_busybee,freqs,False,,,2d,ventral,E14,7/16/24,31.0,,,9A
s3://braingeneersdev/asrobbin/braindance_data/24-08-16_busybee/,22194a,freqs/freqs_cont_61,s3://braingeneersdev/asrobbin/braindance_data/24-08-16_busybee/22194a/freqs/freqs_cont_61.raw.h5,1050,0.5,0.4999993454057702,True,stim,122,True,204.0,24-08-16_busybee,freqs,False,,,2d,ventral,E14,7/16/24,31.0,,,9A
s3://braingeneersdev/asrobbin/braindance_data/24-08-16_busybee/,22194a,freqs/freqs_cont_132,s3://braingeneersdev/asrobbin/braindance_data/24-08-16_busybee/22194a/freqs/freqs_cont_132.raw.h5,0,0.0,,False,spontaneous,122,True,204.0,24-08-16_busybee,freqs,False,,,2d,ventral,E14,7/16/24,31.0,,,9A
s3://braingeneersdev/asrobbin/braindance_data/24-08-16_busybee/,22194a,freqs/freqs_cont_135,s3://braingeneersdev/asrobbin/braindance_data/24-08-16_busybee/22194a/freqs/freqs_cont_135.raw.h5,4200,2.0,1.999999906868412,True,stim,122,True,204.0,24-08-16_busybee,freqs,False,,,2d,ventral,E14,7/16/24,31.0,,,9A
s3://braingeneersdev/asrobbin/braindance_data/24-08-16_busybee/,22194a,freqs/freqs_cont_124,s3://braingeneersdev/asrobbin/braindance_data/24-08-16_busybee/22194a/freqs/freqs_cont_124.raw.h5,0,0.0,,False,spontaneous,122,True,204.0,24-08-16_busybee,freqs,False,,,2d,ventral,E14,7/16/24,31.0,,,9A
s3://braingeneersdev/asrobbin/braindance_data/24-08-16_busybee/,22194a,freqs/freqs_cont_63,s3://braingeneersdev/asrobbin/braindance_data/24-08-16_busybee/22194a/freqs/freqs_cont_63.raw.h5,2100,1.0,0.999999211780042,True,stim,122,True,204.0,24-08-16_busybee,freqs,False,,,2d,ventral,E14,7/16/24,31.0,,,9A
s3://braingeneersdev/asrobbin/braindance_data/24-08-16_busybee/,22194a,freqs/freqs_cont_106,s3://braingeneersdev/asrobbin/braindance_data/24-08-16_busybee/22194a/freqs/freqs_cont_106.raw.h5,0,0.0,,False,spontaneous,122,True,204.0,24-08-16_busybee,freqs,False,,,2d,ventral,E14,7/16/24,31.0,,,9A
s3://braingeneersdev/asrobbin/braindance_data/24-08-16_busybee/,22194a,freqs/freqs_cont_25,s3://braingeneersdev/asrobbin/braindance_data/24-08-16_busybee/22194a/freqs/freqs_cont_25.raw.h5,4200,2.0,1.9999940820418811,True,stim,122,True,204.0,24-08-16_busybee,freqs,False,,,2d,ventral,E14,7/16/24,31.0,,,9A
s3://braingeneersdev/asrobbin/braindance_data/24-08-16_busybee/,22194a,freqs/freqs_cont_107,s3://braingeneersdev/asrobbin/braindance_data/24-08-16_busybee/22194a/freqs/freqs_cont_107.raw.h5,8400,4.0,3.999990673523073,True,stim,122,True,204.0,24-08-16_busybee,freqs,False,,,2d,ventral,E14,7/16/24,31.0,,,9A
s3://braingeneersdev/asrobbin/braindance_data/24-08-16_busybee/,22194a,freqs/freqs_cont_102,s3://braingeneersdev/asrobbin/braindance_data/24-08-16_busybee/22194a/freqs/freqs_cont_102.raw.h5,0,0.0,,False,spontaneous,122,True,204.0,24-08-16_busybee,freqs,False,,,2d,ventral,E14,7/16/24,31.0,,,9A
s3://braingeneersdev/asrobbin/braindance_data/24-08-16_busybee/,22194a,freqs/freqs_cont_54,s3://braingeneersdev/asrobbin/braindance_data/24-08-16_busybee/22194a/freqs/freqs_cont_54.raw.h5,0,0.0,,False,spontaneous,122,True,204.0,24-08-16_busybee,freqs,False,,,2d,ventral,E14,7/16/24,31.0,,,9A
s3://braingeneersdev/asrobbin/braindance_data/24-08-16_busybee/,22194a,freqs/freqs_cont_28,s3://braingeneersdev/asrobbin/braindance_data/24-08-16_busybee/22194a/freqs/freqs_cont_28.raw.h5,0,0.0,,False,spontaneous,122,True,204.0,24-08-16_busybee,freqs,False,,,2d,ventral,E14,7/16/24,31.0,,,9A
s3://braingeneersdev/asrobbin/braindance_data/24-08-16_busybee/,22194a,freqs/freqs_cont_31,s3://braingeneersdev/asrobbin/braindance_data/24-08-16_busybee/22194a/freqs/freqs_cont_31.raw.h5,1050,0.5,0.4999988698976548,True,stim,122,True,204.0,24-08-16_busybee,freqs,False,,,2d,ventral,E14,7/16/24,31.0,,,9A
s3://braingeneersdev/asrobbin/braindance_data/24-08-16_busybee/,22194a,freqs/freqs_cont_47,s3://braingeneersdev/asrobbin/braindance_data/24-08-16_busybee/22194a/freqs/freqs_cont_47.raw.h5,8400,4.0,3.9999934622592734,True,stim,122,True,204.0,24-08-16_busybee,freqs,False,,,2d,ventral,E14,7/16/24,31.0,,,9A
s3://braingeneersdev/asrobbin/braindance_data/24-08-16_busybee/,22194a,freqs/freqs_cont_117,s3://braingeneersdev/asrobbin/braindance_data/24-08-16_busybee/22194a/freqs/freqs_cont_117.raw.h5,8400,4.0,3.999997669369444,True,stim,122,True,204.0,24-08-16_busybee,freqs,False,,,2d,ventral,E14,7/16/24,31.0,,,9A
s3://braingeneersdev/asrobbin/braindance_data/24-08-16_busybee/,22194a,freqs/freqs_cont_14,s3://braingeneersdev/asrobbin/braindance_data/24-08-16_busybee/22194a/freqs/freqs_cont_14.raw.h5,0,0.0,,False,spontaneous,122,True,204.0,24-08-16_busybee,freqs,False,,,2d,ventral,E14,7/16/24,31.0,,,9A
s3://braingeneersdev/asrobbin/braindance_data/24-08-16_busybee/,22194a,freqs/freqs_cont_32,s3://braingeneersdev/asrobbin/braindance_data/24-08-16_busybee/22194a/freqs/freqs_cont_32.raw.h5,0,0.0,,False,spontaneous,122,True,204.0,24-08-16_busybee,freqs,False,,,2d,ventral,E14,7/16/24,31.0,,,9A
s3://braingeneersdev/asrobbin/braindance_data/24-08-16_busybee/,22194a,freqs/freqs_cont_3,s3://braingeneersdev/asrobbin/braindance_data/24-08-16_busybee/22194a/freqs/freqs_cont_3.raw.h5,2100,1.0,0.999997743661626,True,stim,122,True,204.0,24-08-16_busybee,freqs,False,,,2d,ventral,E14,7/16/24,31.0,,,9A
s3://braingeneersdev/asrobbin/braindance_data/24-08-16_busybee/,22194a,freqs/freqs_cont_70,s3://braingeneersdev/asrobbin/braindance_data/24-08-16_busybee/22194a/freqs/freqs_cont_70.raw.h5,0,0.0,,False,spontaneous,122,True,204.0,24-08-16_busybee,freqs,False,,,2d,ventral,E14,7/16/24,31.0,,,9A
s3://braingeneersdev/asrobbin/braindance_data/24-08-16_busybee/,22194a,freqs/freqs_cont_103,s3://braingeneersdev/asrobbin/braindance_data/24-08-16_busybee/22194a/freqs/freqs_cont_103.raw.h5,2100,1.0,0.9999984833714404,True,stim,122,True,204.0,24-08-16_busybee,freqs,False,,,2d,ventral,E14,7/16/24,31.0,,,9A
s3://braingeneersdev/asrobbin/braindance_data/24-08-16_busybee/,22194a,freqs/freqs_cont_13,s3://braingeneersdev/asrobbin/braindance_data/24-08-16_busybee/22194a/freqs/freqs_cont_13.raw.h5,2100,1.0,0.999999041668436,True,stim,122,True,204.0,24-08-16_busybee,freqs,False,,,2d,ventral,E14,7/16/24,31.0,,,9A
s3://braingeneersdev/asrobbin/braindance_data/24-08-16_busybee/,22194a,freqs/freqs_cont_29,s3://braingeneersdev/asrobbin/braindance_data/24-08-16_busybee/22194a/freqs/freqs_cont_29.raw.h5,16800,8.0,7.99998683267476,True,stim,122,True,204.0,24-08-16_busybee,freqs,False,,,2d,ventral,E14,7/16/24,31.0,,,9A
s3://braingeneersdev/asrobbin/braindance_data/24-08-16_busybee/,22194a,freqs/freqs_cont_11,s3://braingeneersdev/asrobbin/braindance_data/24-08-16_busybee/22194a/freqs/freqs_cont_11.raw.h5,1050,0.5,0.49999973312856,True,stim,122,True,204.0,24-08-16_busybee,freqs,False,,,2d,ventral,E14,7/16/24,31.0,,,9A
s3://braingeneersdev/asrobbin/braindance_data/24-08-16_busybee/,22194a,freqs/freqs_cont_53,s3://braingeneersdev/asrobbin/braindance_data/24-08-16_busybee/22194a/freqs/freqs_cont_53.raw.h5,2100,1.0,0.9999995495886016,True,stim,122,True,204.0,24-08-16_busybee,freqs,False,,,2d,ventral,E14,7/16/24,31.0,,,9A
s3://braingeneersdev/asrobbin/braindance_data/24-08-16_busybee/,22194a,freqs/freqs_cont_108,s3://braingeneersdev/asrobbin/braindance_data/24-08-16_busybee/22194a/freqs/freqs_cont_108.raw.h5,0,0.0,,False,spontaneous,122,True,204.0,24-08-16_busybee,freqs,False,,,2d,ventral,E14,7/16/24,31.0,,,9A
s3://braingeneersdev/asrobbin/braindance_data/24-08-16_busybee/,22194a,freqs/freqs_cont_129,s3://braingeneersdev/asrobbin/braindance_data/24-08-16_busybee/22194a/freqs/freqs_cont_129.raw.h5,16800,8.0,7.999989813345358,True,stim,122,True,204.0,24-08-16_busybee,freqs,False,,,2d,ventral,E14,7/16/24,31.0,,,9A
s3://braingeneersdev/asrobbin/braindance_data/24-08-16_busybee/,22194a,freqs/freqs_cont_5,s3://braingeneersdev/asrobbin/braindance_data/24-08-16_busybee/22194a/freqs/freqs_cont_5.raw.h5,4200,2.0,1.9999957254875955,True,stim,122,True,204.0,24-08-16_busybee,freqs,False,,,2d,ventral,E14,7/16/24,31.0,,,9A
s3://braingeneersdev/asrobbin/braindance_data/24-08-16_busybee/,22194a,freqs/freqs_cont_134,s3://braingeneersdev/asrobbin/braindance_data/24-08-16_busybee/22194a/freqs/freqs_cont_134.raw.h5,0,0.0,,False,spontaneous,122,True,204.0,24-08-16_busybee,freqs,False,,,2d,ventral,E14,7/16/24,31.0,,,9A
s3://braingeneersdev/asrobbin/braindance_data/24-08-16_busybee/,22194a,freqs/freqs_cont_74,s3://braingeneersdev/asrobbin/braindance_data/24-08-16_busybee/22194a/freqs/freqs_cont_74.raw.h5,0,0.0,,False,spontaneous,122,True,204.0,24-08-16_busybee,freqs,False,,,2d,ventral,E14,7/16/24,31.0,,,9A
s3://braingeneersdev/asrobbin/braindance_data/24-08-16_busybee/,22194a,freqs/freqs_cont_131,s3://braingeneersdev/asrobbin/braindance_data/24-08-16_busybee/22194a/freqs/freqs_cont_131.raw.h5,1050,0.5,0.4999984725690018,True,stim,122,True,204.0,24-08-16_busybee,freqs,False,,,2d,ventral,E14,7/16/24,31.0,,,9A
s3://braingeneersdev/asrobbin/braindance_data/24-08-16_busybee/,22194a,freqs/freqs_cont_128,s3://braingeneersdev/asrobbin/braindance_data/24-08-16_busybee/22194a/freqs/freqs_cont_128.raw.h5,0,0.0,,False,spontaneous,122,True,204.0,24-08-16_busybee,freqs,False,,,2d,ventral,E14,7/16/24,31.0,,,9A
s3://braingeneersdev/asrobbin/braindance_data/24-08-16_busybee/,22194a,freqs/freqs_cont_138,s3://braingeneersdev/asrobbin/braindance_data/24-08-16_busybee/22194a/freqs/freqs_cont_138.raw.h5,0,0.0,,False,spontaneous,122,True,204.0,24-08-16_busybee,freqs,False,,,2d,ventral,E14,7/16/24,31.0,,,9A
s3://braingeneersdev/asrobbin/braindance_data/24-08-16_busybee/,22194a,freqs/freqs_cont_35,s3://braingeneersdev/asrobbin/braindance_data/24-08-16_busybee/22194a/freqs/freqs_cont_35.raw.h5,4200,2.0,1.99999580905764,True,stim,122,True,204.0,24-08-16_busybee,freqs,False,,,2d,ventral,E14,7/16/24,31.0,,,9A
s3://braingeneersdev/asrobbin/braindance_data/24-08-16_busybee/,22194a,freqs/freqs_cont_80,s3://braingeneersdev/asrobbin/braindance_data/24-08-16_busybee/22194a/freqs/freqs_cont_80.raw.h5,0,0.0,,False,spontaneous,122,True,204.0,24-08-16_busybee,freqs,False,,,2d,ventral,E14,7/16/24,31.0,,,9A
s3://braingeneersdev/asrobbin/braindance_data/24-08-16_busybee/,22194a,freqs/freqs_cont_105,s3://braingeneersdev/asrobbin/braindance_data/24-08-16_busybee/22194a/freqs/freqs_cont_105.raw.h5,4200,2.0,1.9999990711841549,True,stim,122,True,204.0,24-08-16_busybee,freqs,False,,,2d,ventral,E14,7/16/24,31.0,,,9A
s3://braingeneersdev/asrobbin/braindance_data/24-08-16_busybee/,22194a,freqs/freqs_cont_141,s3://braingeneersdev/asrobbin/braindance_data/24-08-16_busybee/22194a/freqs/freqs_cont_141.raw.h5,0,0.0,,False,spontaneous,122,True,204.0,24-08-16_busybee,freqs,False,,,2d,ventral,E14,7/16/24,31.0,,,9A
s3://braingeneersdev/asrobbin/braindance_data/24-08-16_busybee/,22194a,freqs/freqs_cont_123,s3://braingeneersdev/asrobbin/braindance_data/24-08-16_busybee/22194a/freqs/freqs_cont_123.raw.h5,2100,1.0,1.000000121383093,True,stim,122,True,204.0,24-08-16_busybee,freqs,False,,,2d,ventral,E14,7/16/24,31.0,,,9A
s3://braingeneersdev/asrobbin/braindance_data/24-08-16_busybee/,22194a,freqs/freqs_cont_119,s3://braingeneersdev/asrobbin/braindance_data/24-08-16_busybee/22194a/freqs/freqs_cont_119.raw.h5,16800,8.0,8.000008420685301,True,stim,122,True,204.0,24-08-16_busybee,freqs,False,,,2d,ventral,E14,7/16/24,31.0,,,9A
s3://braingeneersdev/asrobbin/braindance_data/24-08-16_busybee/,22194a,freqs/freqs_cont_114,s3://braingeneersdev/asrobbin/braindance_data/24-08-16_busybee/22194a/freqs/freqs_cont_114.raw.h5,0,0.0,,False,spontaneous,122,True,204.0,24-08-16_busybee,freqs,False,,,2d,ventral,E14,7/16/24,31.0,,,9A
s3://braingeneersdev/asrobbin/braindance_data/24-08-16_busybee/,22194a,freqs/freqs_cont_48,s3://braingeneersdev/asrobbin/braindance_data/24-08-16_busybee/22194a/freqs/freqs_cont_48.raw.h5,0,0.0,,False,spontaneous,122,True,204.0,24-08-16_busybee,freqs,False,,,2d,ventral,E14,7/16/24,31.0,,,9A
s3://braingeneersdev/asrobbin/braindance_data/24-08-16_busybee/,22194a,freqs/freqs_cont_50,s3://braingeneersdev/asrobbin/braindance_data/24-08-16_busybee/22194a/freqs/freqs_cont_50.raw.h5,0,0.0,,False,spontaneous,122,True,204.0,24-08-16_busybee,freqs,False,,,2d,ventral,E14,7/16/24,31.0,,,9A
s3://braingeneersdev/asrobbin/braindance_data/24-08-16_busybee/,22194a,freqs/freqs_cont_140,s3://braingeneersdev/asrobbin/braindance_data/24-08-16_busybee/22194a/freqs/freqs_cont_140.raw.h5,0,0.0,,False,spontaneous,122,True,204.0,24-08-16_busybee,freqs,False,,,2d,ventral,E14,7/16/24,31.0,,,9A
s3://braingeneersdev/asrobbin/braindance_data/24-08-16_busybee/,22194a,freqs/freqs_cont_42,s3://braingeneersdev/asrobbin/braindance_data/24-08-16_busybee/22194a/freqs/freqs_cont_42.raw.h5,0,0.0,,False,spontaneous,122,True,204.0,24-08-16_busybee,freqs,False,,,2d,ventral,E14,7/16/24,31.0,,,9A
s3://braingeneersdev/asrobbin/braindance_data/24-08-16_busybee/,22194a,freqs/freqs_cont_16,s3://braingeneersdev/asrobbin/braindance_data/24-08-16_busybee/22194a/freqs/freqs_cont_16.raw.h5,0,0.0,,False,spontaneous,122,True,204.0,24-08-16_busybee,freqs,False,,,2d,ventral,E14,7/16/24,31.0,,,9A
s3://braingeneersdev/asrobbin/braindance_data/24-08-16_busybee/,22194a,freqs/freqs_cont_111,s3://braingeneersdev/asrobbin/braindance_data/24-08-16_busybee/22194a/freqs/freqs_cont_111.raw.h5,1050,0.5,0.4999988186264866,True,stim,122,True,204.0,24-08-16_busybee,freqs,False,,,2d,ventral,E14,7/16/24,31.0,,,9A
s3://braingeneersdev/asrobbin/braindance_data/24-08-16_busybee/,22194a,freqs/freqs_cont_60,s3://braingeneersdev/asrobbin/braindance_data/24-08-16_busybee/22194a/freqs/freqs_cont_60.raw.h5,0,0.0,,False,spontaneous,122,True,204.0,24-08-16_busybee,freqs,False,,,2d,ventral,E14,7/16/24,31.0,,,9A
s3://braingeneersdev/asrobbin/braindance_data/24-08-16_busybee/,22194a,freqs/freqs_cont_33,s3://braingeneersdev/asrobbin/braindance_data/24-08-16_busybee/22194a/freqs/freqs_cont_33.raw.h5,2100,1.0,0.9999981485169565,True,stim,122,True,204.0,24-08-16_busybee,freqs,False,,,2d,ventral,E14,7/16/24,31.0,,,9A
s3://braingeneersdev/asrobbin/braindance_data/24-08-16_busybee/,22194a,freqs/freqs_cont_59,s3://braingeneersdev/asrobbin/braindance_data/24-08-16_busybee/22194a/freqs/freqs_cont_59.raw.h5,16800,8.0,7.99999704252996,True,stim,122,True,204.0,24-08-16_busybee,freqs,False,,,2d,ventral,E14,7/16/24,31.0,,,9A
s3://braingeneersdev/asrobbin/braindance_data/24-08-16_busybee/,22194a,freqs/freqs_cont_30,s3://braingeneersdev/asrobbin/braindance_data/24-08-16_busybee/22194a/freqs/freqs_cont_30.raw.h5,0,0.0,,False,spontaneous,122,True,204.0,24-08-16_busybee,freqs,False,,,2d,ventral,E14,7/16/24,31.0,,,9A
s3://braingeneersdev/asrobbin/braindance_data/24-08-16_busybee/,22194a,freqs/freqs_cont_68,s3://braingeneersdev/asrobbin/braindance_data/24-08-16_busybee/22194a/freqs/freqs_cont_68.raw.h5,0,0.0,,False,spontaneous,122,True,204.0,24-08-16_busybee,freqs,False,,,2d,ventral,E14,7/16/24,31.0,,,9A
s3://braingeneersdev/asrobbin/braindance_data/24-08-16_busybee/,22194a,freqs/freqs_cont_113,s3://braingeneersdev/asrobbin/braindance_data/24-08-16_busybee/22194a/freqs/freqs_cont_113.raw.h5,2100,1.0,0.9999995822817008,True,stim,122,True,204.0,24-08-16_busybee,freqs,False,,,2d,ventral,E14,7/16/24,31.0,,,9A
s3://braingeneers/braindance/25-02-25_busybees/,25123ic,exp1/exp1_cont_95,s3://braingeneers/braindance/25-02-25_busybees/25123ic/exp1/exp1_cont_95.raw.h5,6400,2.0,2.000004037580267,True,stim,132,True,303.0,25-02-25_busybees,exp1,False,,,1,dorsal ,C57BL6,1/15/25,41.0,2/12/25,77.0,18C
s3://braingeneers/braindance/25-02-25_busybees/,25123ic,exp1/exp1_cont_124,s3://braingeneers/braindance/25-02-25_busybees/25123ic/exp1/exp1_cont_124.raw.h5,0,0.0,,False,spontaneous,132,True,303.0,25-02-25_busybees,exp1,False,,,1,dorsal ,C57BL6,1/15/25,41.0,2/12/25,77.0,18C
s3://braingeneers/braindance/25-02-25_busybees/,25123ic,exp1/exp1_cont_46,s3://braingeneers/braindance/25-02-25_busybees/25123ic/exp1/exp1_cont_46.raw.h5,0,0.0,,False,spontaneous,132,True,303.0,25-02-25_busybees,exp1,False,,,1,dorsal ,C57BL6,1/15/25,41.0,2/12/25,77.0,18C
s3://braingeneers/braindance/25-02-25_busybees/,25123ic,exp1/exp1_cont_107,s3://braingeneers/braindance/25-02-25_busybees/25123ic/exp1/exp1_cont_107.raw.h5,12800,4.0,4.000005785691562,True,stim,132,True,303.0,25-02-25_busybees,exp1,False,,,1,dorsal ,C57BL6,1/15/25,41.0,2/12/25,77.0,18C
s3://braingeneers/braindance/25-02-25_busybees/,25123ic,exp1/exp1_cont_39,s3://braingeneers/braindance/25-02-25_busybees/25123ic/exp1/exp1_cont_39.raw.h5,25600,8.0,7.999983116641125,True,stim,132,True,303.0,25-02-25_busybees,exp1,False,,,1,dorsal ,C57BL6,1/15/25,41.0,2/12/25,77.0,18C
s3://braingeneers/braindance/25-02-25_busybees/,25123ic,exp1/exp1_cont_62,s3://braingeneers/braindance/25-02-25_busybees/25123ic/exp1/exp1_cont_62.raw.h5,0,0.0,,False,spontaneous,132,True,303.0,25-02-25_busybees,exp1,False,,,1,dorsal ,C57BL6,1/15/25,41.0,2/12/25,77.0,18C
s3://braingeneers/braindance/25-02-25_busybees/,25123ic,exp1/exp1_cont_37,s3://braingeneers/braindance/25-02-25_busybees/25123ic/exp1/exp1_cont_37.raw.h5,12800,4.0,3.999998584279876,True,stim,132,True,303.0,25-02-25_busybees,exp1,False,,,1,dorsal ,C57BL6,1/15/25,41.0,2/12/25,77.0,18C
s3://braingeneers/braindance/25-02-25_busybees/,25123ic,exp1/exp1_cont_61,s3://braingeneers/braindance/25-02-25_busybees/25123ic/exp1/exp1_cont_61.raw.h5,1600,0.5,0.5000007244757211,True,stim,132,True,303.0,25-02-25_busybees,exp1,False,,,1,dorsal ,C57BL6,1/15/25,41.0,2/12/25,77.0,18C
s3://braingeneers/braindance/25-02-25_busybees/,25123ic,exp1/exp1_cont_89,s3://braingeneers/braindance/25-02-25_busybees/25123ic/exp1/exp1_cont_89.raw.h5,25600,8.0,7.9999816495027805,True,stim,132,True,303.0,25-02-25_busybees,exp1,False,,,1,dorsal ,C57BL6,1/15/25,41.0,2/12/25,77.0,18C
s3://braingeneers/braindance/25-02-25_busybees/,25123ic,exp1/exp1_cont_111,s3://braingeneers/braindance/25-02-25_busybees/25123ic/exp1/exp1_cont_111.raw.h5,1600,0.5,0.4999999127650237,True,stim,132,True,303.0,25-02-25_busybees,exp1,False,,,1,dorsal ,C57BL6,1/15/25,41.0,2/12/25,77.0,18C
s3://braingeneers/braindance/25-02-25_busybees/,25123ic,exp1/exp1_cont_31,s3://braingeneers/braindance/25-02-25_busybees/25123ic/exp1/exp1_cont_31.raw.h5,1600,0.5,0.4999993117945674,True,stim,132,True,303.0,25-02-25_busybees,exp1,False,,,1,dorsal ,C57BL6,1/15/25,41.0,2/12/25,77.0,18C
s3://braingeneers/braindance/25-02-25_busybees/,25123ic,exp1/exp1_cont_78,s3://braingeneers/braindance/25-02-25_busybees/25123ic/exp1/exp1_cont_78.raw.h5,0,0.0,,False,spontaneous,132,True,303.0,25-02-25_busybees,exp1,False,,,1,dorsal ,C57BL6,1/15/25,41.0,2/12/25,77.0,18C
s3://braingeneers/braindance/25-02-25_busybees/,25123ic,exp1/exp1_cont_70,s3://braingeneers/braindance/25-02-25_busybees/25123ic/exp1/exp1_cont_70.raw.h5,0,0.0,,False,spontaneous,132,True,303.0,25-02-25_busybees,exp1,False,,,1,dorsal ,C57BL6,1/15/25,41.0,2/12/25,77.0,18C
s3://braingeneers/braindance/25-02-25_busybees/,25123ic,exp1/exp1_cont_103,s3://braingeneers/braindance/25-02-25_busybees/25123ic/exp1/exp1_cont_103.raw.h5,3200,1.0,1.000001745775784,True,stim,132,True,303.0,25-02-25_busybees,exp1,False,,,1,dorsal ,C57BL6,1/15/25,41.0,2/12/25,77.0,18C
s3://braingeneers/braindance/25-02-25_busybees/,25123ic,exp1/exp1_cont_13,s3://braingeneers/braindance/25-02-25_busybees/25123ic/exp1/exp1_cont_13.raw.h5,3200,1.0,0.9999998930975436,True,stim,132,True,303.0,25-02-25_busybees,exp1,False,,,1,dorsal ,C57BL6,1/15/25,41.0,2/12/25,77.0,18C
s3://braingeneers/braindance/25-02-25_busybees/,25123ic,exp1/exp1_cont_94,s3://braingeneers/braindance/25-02-25_busybees/25123ic/exp1/exp1_cont_94.raw.h5,0,0.0,,False,spontaneous,132,True,303.0,25-02-25_busybees,exp1,False,,,1,dorsal ,C57BL6,1/15/25,41.0,2/12/25,77.0,18C
s3://braingeneers/braindance/25-02-25_busybees/,25123ic,exp1/exp1_cont_74,s3://braingeneers/braindance/25-02-25_busybees/25123ic/exp1/exp1_cont_74.raw.h5,0,0.0,,False,spontaneous,132,True,303.0,25-02-25_busybees,exp1,False,,,1,dorsal ,C57BL6,1/15/25,41.0,2/12/25,77.0,18C
s3://braingeneers/braindance/25-02-25_busybees/,25123ic,exp1/exp1_cont_121,s3://braingeneers/braindance/25-02-25_busybees/25123ic/exp1/exp1_cont_121.raw.h5,1600,0.5,0.5000005607290505,True,stim,132,True,303.0,25-02-25_busybees,exp1,False,,,1,dorsal ,C57BL6,1/15/25,41.0,2/12/25,77.0,18C
s3://braingeneers/braindance/25-02-25_busybees/,25123ic,exp1/exp1_cont_65,s3://braingeneers/braindance/25-02-25_busybees/25123ic/exp1/exp1_cont_65.raw.h5,6400,2.0,1.9999988463472944,True,stim,132,True,303.0,25-02-25_busybees,exp1,False,,,1,dorsal ,C57BL6,1/15/25,41.0,2/12/25,77.0,18C
s3://braingeneers/braindance/25-02-25_busybees/,25123ic,exp1/exp1_cont_6,s3://braingeneers/braindance/25-02-25_busybees/25123ic/exp1/exp1_cont_6.raw.h5,0,0.0,,False,spontaneous,132,True,303.0,25-02-25_busybees,exp1,False,,,1,dorsal ,C57BL6,1/15/25,41.0,2/12/25,77.0,18C
s3://braingeneers/braindance/25-02-25_busybees/,25123ic,exp1/exp1_cont_72,s3://braingeneers/braindance/25-02-25_busybees/25123ic/exp1/exp1_cont_72.raw.h5,0,0.0,,False,spontaneous,132,True,303.0,25-02-25_busybees,exp1,False,,,1,dorsal ,C57BL6,1/15/25,41.0,2/12/25,77.0,18C
s3://braingeneers/braindance/25-02-25_busybees/,25123ic,exp1/exp1_cont_126,s3://braingeneers/braindance/25-02-25_busybees/25123ic/exp1/exp1_cont_126.raw.h5,0,0.0,,False,spontaneous,132,True,303.0,25-02-25_busybees,exp1,False,,,1,dorsal ,C57BL6,1/15/25,41.0,2/12/25,77.0,18C
s3://braingeneers/braindance/25-02-25_busybees/,25123ic,exp1/exp1_cont_29,s3://braingeneers/braindance/25-02-25_busybees/25123ic/exp1/exp1_cont_29.raw.h5,25600,8.0,8.000013501247636,True,stim,132,True,303.0,25-02-25_busybees,exp1,False,,,1,dorsal ,C57BL6,1/15/25,41.0,2/12/25,77.0,18C
s3://braingeneers/braindance/25-02-25_busybees/,25123ic,exp1/exp1_cont_32,s3://braingeneers/braindance/25-02-25_busybees/25123ic/exp1/exp1_cont_32.raw.h5,0,0.0,,False,spontaneous,132,True,303.0,25-02-25_busybees,exp1,False,,,1,dorsal ,C57BL6,1/15/25,41.0,2/12/25,77.0,18C
s3://braingeneers/braindance/25-02-25_busybees/,25123ic,exp1/exp1_cont_116,s3://braingeneers/braindance/25-02-25_busybees/25123ic/exp1/exp1_cont_116.raw.h5,0,0.0,,False,spontaneous,132,True,303.0,25-02-25_busybees,exp1,False,,,1,dorsal ,C57BL6,1/15/25,41.0,2/12/25,77.0,18C
s3://braingeneers/braindance/25-02-25_busybees/,25123ic,exp1/exp1_cont_27,s3://braingeneers/braindance/25-02-25_busybees/25123ic/exp1/exp1_cont_27.raw.h5,12800,4.0,3.999995613913384,True,stim,132,True,303.0,25-02-25_busybees,exp1,False,,,1,dorsal ,C57BL6,1/15/25,41.0,2/12/25,77.0,18C
s3://braingeneers/braindance/25-02-25_busybees/,25123ic,exp1/exp1_cont_17,s3://braingeneers/braindance/25-02-25_busybees/25123ic/exp1/exp1_cont_17.raw.h5,12800,4.0,3.999998242954752,True,stim,132,True,303.0,25-02-25_busybees,exp1,False,,,1,dorsal ,C57BL6,1/15/25,41.0,2/12/25,77.0,18C
s3://braingeneers/braindance/25-02-25_busybees/,25123ic,exp1/exp1_cont_4,s3://braingeneers/braindance/25-02-25_busybees/25123ic/exp1/exp1_cont_4.raw.h5,0,0.0,,False,spontaneous,132,True,303.0,25-02-25_busybees,exp1,False,,,1,dorsal ,C57BL6,1/15/25,41.0,2/12/25,77.0,18C
s3://braingeneers/braindance/25-02-25_busybees/,25123ic,exp1/exp1_cont_86,s3://braingeneers/braindance/25-02-25_busybees/25123ic/exp1/exp1_cont_86.raw.h5,0,0.0,,False,spontaneous,132,True,303.0,25-02-25_busybees,exp1,False,,,1,dorsal ,C57BL6,1/15/25,41.0,2/12/25,77.0,18C
s3://braingeneers/braindance/25-02-25_busybees/,25123ic,exp1/exp1_cont_60,s3://braingeneers/braindance/25-02-25_busybees/25123ic/exp1/exp1_cont_60.raw.h5,0,0.0,,False,spontaneous,132,True,303.0,25-02-25_busybees,exp1,False,,,1,dorsal ,C57BL6,1/15/25,41.0,2/12/25,77.0,18C
s3://braingeneers/braindance/25-02-25_busybees/,25123ic,exp1/exp1_cont_75,s3://braingeneers/braindance/25-02-25_busybees/25123ic/exp1/exp1_cont_75.raw.h5,6400,2.0,1.9999990372037817,True,stim,132,True,303.0,25-02-25_busybees,exp1,False,,,1,dorsal ,C57BL6,1/15/25,41.0,2/12/25,77.0,18C
s3://braingeneers/braindance/25-02-25_busybees/,25123ic,exp1/exp1_cont_77,s3://braingeneers/braindance/25-02-25_busybees/25123ic/exp1/exp1_cont_77.raw.h5,12800,4.0,4.000000205663562,True,stim,132,True,303.0,25-02-25_busybees,exp1,False,,,1,dorsal ,C57BL6,1/15/25,41.0,2/12/25,77.0,18C
s3://braingeneers/braindance/25-02-25_busybees/,25123ic,exp1/exp1_cont_119,s3://braingeneers/braindance/25-02-25_busybees/25123ic/exp1/exp1_cont_119.raw.h5,25600,8.0,7.999997691155411,True,stim,132,True,303.0,25-02-25_busybees,exp1,False,,,1,dorsal ,C57BL6,1/15/25,41.0,2/12/25,77.0,18C
s3://braingeneers/braindance/25-02-25_busybees/,25123ic,exp1/exp1_cont_55,s3://braingeneers/braindance/25-02-25_busybees/25123ic/exp1/exp1_cont_55.raw.h5,6400,2.0,1.9999996803563604,True,stim,132,True,303.0,25-02-25_busybees,exp1,False,,,1,dorsal ,C57BL6,1/15/25,41.0,2/12/25,77.0,18C
s3://braingeneers/braindance/25-02-25_busybees/,25123ic,exp1/exp1_cont_112,s3://braingeneers/braindance/25-02-25_busybees/25123ic/exp1/exp1_cont_112.raw.h5,0,0.0,,False,spontaneous,132,True,303.0,25-02-25_busybees,exp1,False,,,1,dorsal ,C57BL6,1/15/25,41.0,2/12/25,77.0,18C
s3://braingeneers/braindance/25-02-25_busybees/,25123ic,exp1/exp1_cont_24,s3://braingeneers/braindance/25-02-25_busybees/25123ic/exp1/exp1_cont_24.raw.h5,0,0.0,,False,spontaneous,132,True,303.0,25-02-25_busybees,exp1,False,,,1,dorsal ,C57BL6,1/15/25,41.0,2/12/25,77.0,18C
s3://braingeneers/braindance/25-02-25_busybees/,25123ic,exp1/exp1_cont_101,s3://braingeneers/braindance/25-02-25_busybees/25123ic/exp1/exp1_cont_101.raw.h5,1600,0.5,0.4999996051762098,True,stim,132,True,303.0,25-02-25_busybees,exp1,False,,,1,dorsal ,C57BL6,1/15/25,41.0,2/12/25,77.0,18C
s3://braingeneers/braindance/25-02-25_busybees/,25123ic,exp1/exp1_cont_3,s3://braingeneers/braindance/25-02-25_busybees/25123ic/exp1/exp1_cont_3.raw.h5,3200,1.0,0.9999998526549112,True,stim,132,True,303.0,25-02-25_busybees,exp1,False,,,1,dorsal ,C57BL6,1/15/25,41.0,2/12/25,77.0,18C
s3://braingeneers/braindance/25-02-25_busybees/,25123ic,exp1/exp1_cont_59,s3://braingeneers/braindance/25-02-25_busybees/25123ic/exp1/exp1_cont_59.raw.h5,25600,8.0,7.999992399897816,True,stim,132,True,303.0,25-02-25_busybees,exp1,False,,,1,dorsal ,C57BL6,1/15/25,41.0,2/12/25,77.0,18C
s3://braingeneers/braindance/25-02-25_busybees/,25123ic,exp1/exp1_cont_40,s3://braingeneers/braindance/25-02-25_busybees/25123ic/exp1/exp1_cont_40.raw.h5,0,0.0,,False,spontaneous,132,True,303.0,25-02-25_busybees,exp1,False,,,1,dorsal ,C57BL6,1/15/25,41.0,2/12/25,77.0,18C
s3://braingeneers/braindance/25-02-25_busybees/,25123ic,exp1/exp1_cont_123,s3://braingeneers/braindance/25-02-25_busybees/25123ic/exp1/exp1_cont_123.raw.h5,3200,1.0,0.999999825256684,True,stim,132,True,303.0,25-02-25_busybees,exp1,False,,,1,dorsal ,C57BL6,1/15/25,41.0,2/12/25,77.0,18C
s3://braingeneers/braindance/25-02-25_busybees/,25123ic,exp1/exp1_cont_73,s3://braingeneers/braindance/25-02-25_busybees/25123ic/exp1/exp1_cont_73.raw.h5,3200,1.0,0.9999984933783196,True,stim,132,True,303.0,25-02-25_busybees,exp1,False,,,1,dorsal ,C57BL6,1/15/25,41.0,2/12/25,77.0,18C
s3://braingeneers/braindance/25-02-25_busybees/,25123ic,exp1/exp1,s3://braingeneers/braindance/25-02-25_busybees/25123ic/exp1/exp1.raw.h5,0,0.0,,False,spontaneous,132,True,303.0,25-02-25_busybees,exp1,True,,,1,dorsal ,C57BL6,1/15/25,41.0,2/12/25,77.0,18C
s3://braingeneers/braindance/25-02-25_busybees/,25123ic,exp1/exp1_cont_9,s3://braingeneers/braindance/25-02-25_busybees/25123ic/exp1/exp1_cont_9.raw.h5,25600,8.0,8.00000483411924,True,stim,132,True,303.0,25-02-25_busybees,exp1,False,,,1,dorsal ,C57BL6,1/15/25,41.0,2/12/25,77.0,18C
s3://braingeneers/braindance/25-02-25_busybees/,25123ic,exp1/exp1_cont_43,s3://braingeneers/braindance/25-02-25_busybees/25123ic/exp1/exp1_cont_43.raw.h5,3200,1.0,0.9999993454821472,True,stim,132,True,303.0,25-02-25_busybees,exp1,False,,,1,dorsal ,C57BL6,1/15/25,41.0,2/12/25,77.0,18C
s3://braingeneers/braindance/25-02-25_busybees/,25123ic,exp1/exp1_cont_98,s3://braingeneers/braindance/25-02-25_busybees/25123ic/exp1/exp1_cont_98.raw.h5,0,0.0,,False,spontaneous,132,True,303.0,25-02-25_busybees,exp1,False,,,1,dorsal ,C57BL6,1/15/25,41.0,2/12/25,77.0,18C
s3://braingeneers/braindance/25-02-25_busybees/,25123ic,exp1/exp1_cont_90,s3://braingeneers/braindance/25-02-25_busybees/25123ic/exp1/exp1_cont_90.raw.h5,0,0.0,,False,spontaneous,132,True,303.0,25-02-25_busybees,exp1,False,,,1,dorsal ,C57BL6,1/15/25,41.0,2/12/25,77.0,18C
s3://braingeneers/braindance/25-02-25_busybees/,25123ic,exp1/exp1_cont_69,s3://braingeneers/braindance/25-02-25_busybees/25123ic/exp1/exp1_cont_69.raw.h5,25600,8.0,7.999989765155855,True,stim,132,True,303.0,25-02-25_busybees,exp1,False,,,1,dorsal ,C57BL6,1/15/25,41.0,2/12/25,77.0,18C
s3://braingeneers/braindance/25-02-25_busybees/,25123ic,exp1/exp1_cont_19,s3://braingeneers/braindance/25-02-25_busybees/25123ic/exp1/exp1_cont_19.raw.h5,25600,8.0,7.999988553761789,True,stim,132,True,303.0,25-02-25_busybees,exp1,False,,,1,dorsal ,C57BL6,1/15/25,41.0,2/12/25,77.0,18C
s3://braingeneers/braindance/25-02-25_busybees/,25123ic,exp1/exp1_cont_34,s3://braingeneers/braindance/25-02-25_busybees/25123ic/exp1/exp1_cont_34.raw.h5,0,0.0,,False,spontaneous,132,True,303.0,25-02-25_busybees,exp1,False,,,1,dorsal ,C57BL6,1/15/25,41.0,2/12/25,77.0,18C
s3://braingeneers/braindance/25-02-25_busybees/,25123ic,exp1/exp1_cont_64,s3://braingeneers/braindance/25-02-25_busybees/25123ic/exp1/exp1_cont_64.raw.h5,0,0.0,,False,spontaneous,132,True,303.0,25-02-25_busybees,exp1,False,,,1,dorsal ,C57BL6,1/15/25,41.0,2/12/25,77.0,18C
s3://braingeneers/braindance/25-02-25_busybees/,25123ic,exp1/exp1_cont_11,s3://braingeneers/braindance/25-02-25_busybees/25123ic/exp1/exp1_cont_11.raw.h5,1600,0.5,0.4999998576954759,True,stim,132,True,303.0,25-02-25_busybees,exp1,False,,,1,dorsal ,C57BL6,1/15/25,41.0,2/12/25,77.0,18C
s3://braingeneers/braindance/25-02-25_busybees/,25123ic,exp1/exp1_cont_80,s3://braingeneers/braindance/25-02-25_busybees/25123ic/exp1/exp1_cont_80.raw.h5,0,0.0,,False,spontaneous,132,True,303.0,25-02-25_busybees,exp1,False,,,1,dorsal ,C57BL6,1/15/25,41.0,2/12/25,77.0,18C
s3://braingeneers/braindance/25-02-25_busybees/,25123ic,exp1/exp1_cont_122,s3://braingeneers/braindance/25-02-25_busybees/25123ic/exp1/exp1_cont_122.raw.h5,0,0.0,,False,spontaneous,132,True,303.0,25-02-25_busybees,exp1,False,,,1,dorsal ,C57BL6,1/15/25,41.0,2/12/25,77.0,18C
s3://braingeneers/braindance/25-02-25_busybees/,25123ic,exp1/exp1_cont_106,s3://braingeneers/braindance/25-02-25_busybees/25123ic/exp1/exp1_cont_106.raw.h5,0,0.0,,False,spontaneous,132,True,303.0,25-02-25_busybees,exp1,False,,,1,dorsal ,C57BL6,1/15/25,41.0,2/12/25,77.0,18C
s3://braingeneers/braindance/25-02-25_busybees/,25123ic,exp1/exp1_cont_8,s3://braingeneers/braindance/25-02-25_busybees/25123ic/exp1/exp1_cont_8.raw.h5,0,0.0,,False,spontaneous,132,True,303.0,25-02-25_busybees,exp1,False,,,1,dorsal ,C57BL6,1/15/25,41.0,2/12/25,77.0,18C
s3://braingeneers/braindance/25-02-25_busybees/,25123ic,exp1/exp1_cont_63,s3://braingeneers/braindance/25-02-25_busybees/25123ic/exp1/exp1_cont_63.raw.h5,3200,1.0,0.9999985393325492,True,stim,132,True,303.0,25-02-25_busybees,exp1,False,,,1,dorsal ,C57BL6,1/15/25,41.0,2/12/25,77.0,18C
s3://braingeneers/braindance/25-02-25_busybees/,25123ic,exp1/exp1_cont_76,s3://braingeneers/braindance/25-02-25_busybees/25123ic/exp1/exp1_cont_76.raw.h5,0,0.0,,False,spontaneous,132,True,303.0,25-02-25_busybees,exp1,False,,,1,dorsal ,C57BL6,1/15/25,41.0,2/12/25,77.0,18C
s3://braingeneers/braindance/25-02-25_busybees/,25123ic,exp1/exp1_cont_120,s3://braingeneers/braindance/25-02-25_busybees/25123ic/exp1/exp1_cont_120.raw.h5,0,0.0,,False,spontaneous,132,True,303.0,25-02-25_busybees,exp1,False,,,1,dorsal ,C57BL6,1/15/25,41.0,2/12/25,77.0,18C
s3://braingeneers/braindance/25-02-25_busybees/,25123ic,exp1/exp1_cont_79,s3://braingeneers/braindance/25-02-25_busybees/25123ic/exp1/exp1_cont_79.raw.h5,25600,8.0,7.99998530936062,True,stim,132,True,303.0,25-02-25_busybees,exp1,False,,,1,dorsal ,C57BL6,1/15/25,41.0,2/12/25,77.0,18C
s3://braingeneers/braindance/25-02-25_busybees/,25123ic,exp1/exp1_cont_71,s3://braingeneers/braindance/25-02-25_busybees/25123ic/exp1/exp1_cont_71.raw.h5,1600,0.5,0.499999681500828,True,stim,132,True,303.0,25-02-25_busybees,exp1,False,,,1,dorsal ,C57BL6,1/15/25,41.0,2/12/25,77.0,18C
s3://braingeneers/braindance/25-02-25_busybees/,25123ic,exp1/exp1_cont_20,s3://braingeneers/braindance/25-02-25_busybees/25123ic/exp1/exp1_cont_20.raw.h5,0,0.0,,False,spontaneous,132,True,303.0,25-02-25_busybees,exp1,False,,,1,dorsal ,C57BL6,1/15/25,41.0,2/12/25,77.0,18C
s3://braingeneers/braindance/25-02-25_busybees/,25123ic,exp1/exp1_cont_88,s3://braingeneers/braindance/25-02-25_busybees/25123ic/exp1/exp1_cont_88.raw.h5,0,0.0,,False,spontaneous,132,True,303.0,25-02-25_busybees,exp1,False,,,1,dorsal ,C57BL6,1/15/25,41.0,2/12/25,77.0,18C
s3://braingeneers/braindance/25-02-25_busybees/,25123ic,exp1/exp1_cont_10,s3://braingeneers/braindance/25-02-25_busybees/25123ic/exp1/exp1_cont_10.raw.h5,0,0.0,,False,spontaneous,132,True,303.0,25-02-25_busybees,exp1,False,,,1,dorsal ,C57BL6,1/15/25,41.0,2/12/25,77.0,18C
s3://braingeneers/braindance/25-02-25_busybees/,25123ic,exp1/exp1_cont_47,s3://braingeneers/braindance/25-02-25_busybees/25123ic/exp1/exp1_cont_47.raw.h5,12800,4.0,4.000012529301827,True,stim,132,True,303.0,25-02-25_busybees,exp1,False,,,1,dorsal ,C57BL6,1/15/25,41.0,2/12/25,77.0,18C
s3://braingeneers/braindance/25-02-25_busybees/,25123ic,exp1/exp1_cont_49,s3://braingeneers/braindance/25-02-25_busybees/25123ic/exp1/exp1_cont_49.raw.h5,25600,8.0,7.999994945590756,True,stim,132,True,303.0,25-02-25_busybees,exp1,False,,,1,dorsal ,C57BL6,1/15/25,41.0,2/12/25,77.0,18C
s3://braingeneers/braindance/25-02-25_busybees/,25123ic,exp1/exp1_cont_129,s3://braingeneers/braindance/25-02-25_busybees/25123ic/exp1/exp1_cont_129.raw.h5,18596,8.0,8.000001354518187,True,stim,132,True,303.0,25-02-25_busybees,exp1,False,,,1,dorsal ,C57BL6,1/15/25,41.0,2/12/25,77.0,18C
s3://braingeneers/braindance/25-02-25_busybees/,25123ic,exp1/exp1_cont_15,s3://braingeneers/braindance/25-02-25_busybees/25123ic/exp1/exp1_cont_15.raw.h5,6400,2.0,1.9999979116465063,True,stim,132,True,303.0,25-02-25_busybees,exp1,False,,,1,dorsal ,C57BL6,1/15/25,41.0,2/12/25,77.0,18C
s3://braingeneers/braindance/25-02-25_busybees/,25123ic,exp1/exp1_cont_56,s3://braingeneers/braindance/25-02-25_busybees/25123ic/exp1/exp1_cont_56.raw.h5,0,0.0,,False,spontaneous,132,True,303.0,25-02-25_busybees,exp1,False,,,1,dorsal ,C57BL6,1/15/25,41.0,2/12/25,77.0,18C
s3://braingeneers/braindance/25-02-25_busybees/,25123ic,exp1/exp1_cont_58,s3://braingeneers/braindance/25-02-25_busybees/25123ic/exp1/exp1_cont_58.raw.h5,0,0.0,,False,spontaneous,132,True,303.0,25-02-25_busybees,exp1,False,,,1,dorsal ,C57BL6,1/15/25,41.0,2/12/25,77.0,18C
s3://braingeneers/braindance/25-02-25_busybees/,25123ic,exp1/exp1_cont_113,s3://braingeneers/braindance/25-02-25_busybees/25123ic/exp1/exp1_cont_113.raw.h5,3200,1.0,0.9999989195328975,True,stim,132,True,303.0,25-02-25_busybees,exp1,False,,,1,dorsal ,C57BL6,1/15/25,41.0,2/12/25,77.0,18C
s3://braingeneers/braindance/25-02-25_busybees/,25123ic,exp1/exp1_cont_48,s3://braingeneers/braindance/25-02-25_busybees/25123ic/exp1/exp1_cont_48.raw.h5,0,0.0,,False,spontaneous,132,True,303.0,25-02-25_busybees,exp1,False,,,1,dorsal ,C57BL6,1/15/25,41.0,2/12/25,77.0,18C
s3://braingeneers/braindance/25-02-25_busybees/,25123ic,exp1/exp1_cont_14,s3://braingeneers/braindance/25-02-25_busybees/25123ic/exp1/exp1_cont_14.raw.h5,0,0.0,,False,spontaneous,132,True,303.0,25-02-25_busybees,exp1,False,,,1,dorsal ,C57BL6,1/15/25,41.0,2/12/25,77.0,18C
s3://braingeneers/braindance/25-02-25_busybees/,25123ic,exp1/exp1_cont_81,s3://braingeneers/braindance/25-02-25_busybees/25123ic/exp1/exp1_cont_81.raw.h5,1600,0.5,0.5000001058566511,True,stim,132,True,303.0,25-02-25_busybees,exp1,False,,,1,dorsal ,C57BL6,1/15/25,41.0,2/12/25,77.0,18C
s3://braingeneers/braindance/25-02-25_busybees/,25123ic,exp1/exp1_cont_96,s3://braingeneers/braindance/25-02-25_busybees/25123ic/exp1/exp1_cont_96.raw.h5,0,0.0,,False,spontaneous,132,True,303.0,25-02-25_busybees,exp1,False,,,1,dorsal ,C57BL6,1/15/25,41.0,2/12/25,77.0,18C
s3://braingeneers/braindance/25-02-25_busybees/,25123ic,exp1/exp1_cont_99,s3://braingeneers/braindance/25-02-25_busybees/25123ic/exp1/exp1_cont_99.raw.h5,25600,8.0,7.999999369657909,True,stim,132,True,303.0,25-02-25_busybees,exp1,False,,,1,dorsal ,C57BL6,1/15/25,41.0,2/12/25,77.0,18C
s3://braingeneers/braindance/25-02-25_busybees/,25123ic,exp1/exp1_cont_41,s3://braingeneers/braindance/25-02-25_busybees/25123ic/exp1/exp1_cont_41.raw.h5,1600,0.5,0.4999999308961949,True,stim,132,True,303.0,25-02-25_busybees,exp1,False,,,1,dorsal ,C57BL6,1/15/25,41.0,2/12/25,77.0,18C
s3://braingeneers/braindance/25-02-25_busybees/,25123ic,exp1/exp1_cont_125,s3://braingeneers/braindance/25-02-25_busybees/25123ic/exp1/exp1_cont_125.raw.h5,6400,2.0,1.9999975842629891,True,stim,132,True,303.0,25-02-25_busybees,exp1,False,,,1,dorsal ,C57BL6,1/15/25,41.0,2/12/25,77.0,18C
s3://braingeneers/braindance/25-02-25_busybees/,25123ic,exp1/exp1_cont_117,s3://braingeneers/braindance/25-02-25_busybees/25123ic/exp1/exp1_cont_117.raw.h5,12800,4.0,3.99999818154129,True,stim,132,True,303.0,25-02-25_busybees,exp1,False,,,1,dorsal ,C57BL6,1/15/25,41.0,2/12/25,77.0,18C
s3://braingeneers/braindance/25-02-25_busybees/,25123ic,exp1/exp1_cont_108,s3://braingeneers/braindance/25-02-25_busybees/25123ic/exp1/exp1_cont_108.raw.h5,0,0.0,,False,spontaneous,132,True,303.0,25-02-25_busybees,exp1,False,,,1,dorsal ,C57BL6,1/15/25,41.0,2/12/25,77.0,18C
s3://braingeneers/braindance/25-02-25_busybees/,25123ic,exp1/exp1_cont_2,s3://braingeneers/braindance/25-02-25_busybees/25123ic/exp1/exp1_cont_2.raw.h5,0,0.0,,False,spontaneous,132,True,303.0,25-02-25_busybees,exp1,False,,,1,dorsal ,C57BL6,1/15/25,41.0,2/12/25,77.0,18C
s3://braingeneers/braindance/25-02-25_busybees/,25123ic,exp1/exp1_cont_82,s3://braingeneers/braindance/25-02-25_busybees/25123ic/exp1/exp1_cont_82.raw.h5,0,0.0,,False,spontaneous,132,True,303.0,25-02-25_busybees,exp1,False,,,1,dorsal ,C57BL6,1/15/25,41.0,2/12/25,77.0,18C
s3://braingeneers/braindance/25-02-25_busybees/,25123ic,exp1/exp1_cont_36,s3://braingeneers/braindance/25-02-25_busybees/25123ic/exp1/exp1_cont_36.raw.h5,0,0.0,,False,spontaneous,132,True,303.0,25-02-25_busybees,exp1,False,,,1,dorsal ,C57BL6,1/15/25,41.0,2/12/25,77.0,18C
s3://braingeneers/braindance/25-02-25_busybees/,25123ic,exp1/exp1_cont_54,s3://braingeneers/braindance/25-02-25_busybees/25123ic/exp1/exp1_cont_54.raw.h5,0,0.0,,False,spontaneous,132,True,303.0,25-02-25_busybees,exp1,False,,,1,dorsal ,C57BL6,1/15/25,41.0,2/12/25,77.0,18C
s3://braingeneers/braindance/25-02-25_busybees/,25123ic,exp1/exp1_cont_114,s3://braingeneers/braindance/25-02-25_busybees/25123ic/exp1/exp1_cont_114.raw.h5,0,0.0,,False,spontaneous,132,True,303.0,25-02-25_busybees,exp1,False,,,1,dorsal ,C57BL6,1/15/25,41.0,2/12/25,77.0,18C
s3://braingeneers/braindance/25-02-25_busybees/,25123ic,exp1/exp1_cont_100,s3://braingeneers/braindance/25-02-25_busybees/25123ic/exp1/exp1_cont_100.raw.h5,0,0.0,,False,spontaneous,132,True,303.0,25-02-25_busybees,exp1,False,,,1,dorsal ,C57BL6,1/15/25,41.0,2/12/25,77.0,18C
s3://braingeneers/braindance/25-02-25_busybees/,25123ic,exp1/exp1_cont_83,s3://braingeneers/braindance/25-02-25_busybees/25123ic/exp1/exp1_cont_83.raw.h5,3200,1.0,1.000000874969818,True,stim,132,True,303.0,25-02-25_busybees,exp1,False,,,1,dorsal ,C57BL6,1/15/25,41.0,2/12/25,77.0,18C
s3://braingeneers/braindance/25-02-25_busybees/,25123ic,exp1/exp1_cont_93,s3://braingeneers/braindance/25-02-25_busybees/25123ic/exp1/exp1_cont_93.raw.h5,3200,1.0,0.9999988569944364,True,stim,132,True,303.0,25-02-25_busybees,exp1,False,,,1,dorsal ,C57BL6,1/15/25,41.0,2/12/25,77.0,18C
s3://braingeneers/braindance/25-02-25_busybees/,25123ic,exp1/exp1_cont_51,s3://braingeneers/braindance/25-02-25_busybees/25123ic/exp1/exp1_cont_51.raw.h5,1600,0.5,0.5000004561523863,True,stim,132,True,303.0,25-02-25_busybees,exp1,False,,,1,dorsal ,C57BL6,1/15/25,41.0,2/12/25,77.0,18C
s3://braingeneers/braindance/25-02-25_busybees/,25123ic,exp1/exp1_cont_118,s3://braingeneers/braindance/25-02-25_busybees/25123ic/exp1/exp1_cont_118.raw.h5,0,0.0,,False,spontaneous,132,True,303.0,25-02-25_busybees,exp1,False,,,1,dorsal ,C57BL6,1/15/25,41.0,2/12/25,77.0,18C
s3://braingeneers/braindance/25-02-25_busybees/,25123ic,exp1/exp1_cont_53,s3://braingeneers/braindance/25-02-25_busybees/25123ic/exp1/exp1_cont_53.raw.h5,3200,1.0,0.9999991744226944,True,stim,132,True,303.0,25-02-25_busybees,exp1,False,,,1,dorsal ,C57BL6,1/15/25,41.0,2/12/25,77.0,18C
s3://braingeneers/braindance/25-02-25_busybees/,25123ic,exp1/exp1_cont_30,s3://braingeneers/braindance/25-02-25_busybees/25123ic/exp1/exp1_cont_30.raw.h5,0,0.0,,False,spontaneous,132,True,303.0,25-02-25_busybees,exp1,False,,,1,dorsal ,C57BL6,1/15/25,41.0,2/12/25,77.0,18C
s3://braingeneers/braindance/25-02-25_busybees/,25123ic,exp1/exp1_cont_67,s3://braingeneers/braindance/25-02-25_busybees/25123ic/exp1/exp1_cont_67.raw.h5,12800,4.0,3.9999921946129215,True,stim,132,True,303.0,25-02-25_busybees,exp1,False,,,1,dorsal ,C57BL6,1/15/25,41.0,2/12/25,77.0,18C
s3://braingeneers/braindance/25-02-25_busybees/,25123ic,exp1/exp1_cont_97,s3://braingeneers/braindance/25-02-25_busybees/25123ic/exp1/exp1_cont_97.raw.h5,12800,4.0,3.9999935142675183,True,stim,132,True,303.0,25-02-25_busybees,exp1,False,,,1,dorsal ,C57BL6,1/15/25,41.0,2/12/25,77.0,18C
s3://braingeneers/braindance/25-02-25_busybees/,25123ic,exp1/exp1_cont_22,s3://braingeneers/braindance/25-02-25_busybees/25123ic/exp1/exp1_cont_22.raw.h5,0,0.0,,False,spontaneous,132,True,303.0,25-02-25_busybees,exp1,False,,,1,dorsal ,C57BL6,1/15/25,41.0,2/12/25,77.0,18C
s3://braingeneers/braindance/25-02-25_busybees/,25123ic,exp1/exp1_cont,s3://braingeneers/braindance/25-02-25_busybees/25123ic/exp1/exp1_cont.raw.h5,0,0.0,,False,spontaneous,132,True,303.0,25-02-25_busybees,exp1,False,,,1,dorsal ,C57BL6,1/15/25,41.0,2/12/25,77.0,18C
s3://braingeneers/braindance/25-02-25_busybees/,25123ic,exp1/exp1_cont_1,s3://braingeneers/braindance/25-02-25_busybees/25123ic/exp1/exp1_cont_1.raw.h5,1600,0.5,0.4999990446414435,True,stim,132,True,303.0,25-02-25_busybees,exp1,False,,,1,dorsal ,C57BL6,1/15/25,41.0,2/12/25,77.0,18C
s3://braingeneers/braindance/25-02-25_busybees/,25123ic,exp1/exp1_cont_23,s3://braingeneers/braindance/25-02-25_busybees/25123ic/exp1/exp1_cont_23.raw.h5,3200,1.0,0.9999986726779136,True,stim,132,True,303.0,25-02-25_busybees,exp1,False,,,1,dorsal ,C57BL6,1/15/25,41.0,2/12/25,77.0,18C
s3://braingeneers/braindance/25-02-25_busybees/,25123ic,exp1/exp1_cont_7,s3://braingeneers/braindance/25-02-25_busybees/25123ic/exp1/exp1_cont_7.raw.h5,12800,4.0,3.999995558271676,True,stim,132,True,303.0,25-02-25_busybees,exp1,False,,,1,dorsal ,C57BL6,1/15/25,41.0,2/12/25,77.0,18C
s3://braingeneers/braindance/25-02-25_busybees/,25123ic,exp1/exp1_cont_26,s3://braingeneers/braindance/25-02-25_busybees/25123ic/exp1/exp1_cont_26.raw.h5,0,0.0,,False,spontaneous,132,True,303.0,25-02-25_busybees,exp1,False,,,1,dorsal ,C57BL6,1/15/25,41.0,2/12/25,77.0,18C
s3://braingeneers/braindance/25-02-25_busybees/,25123ic,exp1/exp1_cont_50,s3://braingeneers/braindance/25-02-25_busybees/25123ic/exp1/exp1_cont_50.raw.h5,0,0.0,,False,spontaneous,132,True,303.0,25-02-25_busybees,exp1,False,,,1,dorsal ,C57BL6,1/15/25,41.0,2/12/25,77.0,18C
s3://braingeneers/braindance/25-02-25_busybees/,25123ic,exp1/exp1_cont_91,s3://braingeneers/braindance/25-02-25_busybees/25123ic/exp1/exp1_cont_91.raw.h5,1600,0.5,0.4999993920801606,True,stim,132,True,303.0,25-02-25_busybees,exp1,False,,,1,dorsal ,C57BL6,1/15/25,41.0,2/12/25,77.0,18C
s3://braingeneers/braindance/25-02-25_busybees/,25123ic,exp1/exp1_cont_44,s3://braingeneers/braindance/25-02-25_busybees/25123ic/exp1/exp1_cont_44.raw.h5,0,0.0,,False,spontaneous,132,True,303.0,25-02-25_busybees,exp1,False,,,1,dorsal ,C57BL6,1/15/25,41.0,2/12/25,77.0,18C
s3://braingeneers/braindance/25-02-25_busybees/,25123ic,exp1/exp1_cont_105,s3://braingeneers/braindance/25-02-25_busybees/25123ic/exp1/exp1_cont_105.raw.h5,6400,2.0,2.0000007696542808,True,stim,132,True,303.0,25-02-25_busybees,exp1,False,,,1,dorsal ,C57BL6,1/15/25,41.0,2/12/25,77.0,18C
s3://braingeneers/braindance/25-02-25_busybees/,25123ic,exp1/exp1_cont_104,s3://braingeneers/braindance/25-02-25_busybees/25123ic/exp1/exp1_cont_104.raw.h5,0,0.0,,False,spontaneous,132,True,303.0,25-02-25_busybees,exp1,False,,,1,dorsal ,C57BL6,1/15/25,41.0,2/12/25,77.0,18C
s3://braingeneers/braindance/25-02-25_busybees/,25123ic,exp1/exp1_cont_45,s3://braingeneers/braindance/25-02-25_busybees/25123ic/exp1/exp1_cont_45.raw.h5,6400,2.0,1.9999993451804028,True,stim,132,True,303.0,25-02-25_busybees,exp1,False,,,1,dorsal ,C57BL6,1/15/25,41.0,2/12/25,77.0,18C
s3://braingeneers/braindance/25-02-25_busybees/,25123ic,exp1/exp1_cont_84,s3://braingeneers/braindance/25-02-25_busybees/25123ic/exp1/exp1_cont_84.raw.h5,0,0.0,,False,spontaneous,132,True,303.0,25-02-25_busybees,exp1,False,,,1,dorsal ,C57BL6,1/15/25,41.0,2/12/25,77.0,18C
s3://braingeneers/braindance/25-02-25_busybees/,25123ic,exp1/exp1_cont_25,s3://braingeneers/braindance/25-02-25_busybees/25123ic/exp1/exp1_cont_25.raw.h5,6400,2.0,1.99999905189543,True,stim,132,True,303.0,25-02-25_busybees,exp1,False,,,1,dorsal ,C57BL6,1/15/25,41.0,2/12/25,77.0,18C
s3://braingeneers/braindance/25-02-25_busybees/,25123ic,exp1/exp1_cont_38,s3://braingeneers/braindance/25-02-25_busybees/25123ic/exp1/exp1_cont_38.raw.h5,0,0.0,,False,spontaneous,132,True,303.0,25-02-25_busybees,exp1,False,,,1,dorsal ,C57BL6,1/15/25,41.0,2/12/25,77.0,18C
s3://braingeneers/braindance/25-02-25_busybees/,25123ic,exp1/exp1_cont_92,s3://braingeneers/braindance/25-02-25_busybees/25123ic/exp1/exp1_cont_92.raw.h5,0,0.0,,False,spontaneous,132,True,303.0,25-02-25_busybees,exp1,False,,,1,dorsal ,C57BL6,1/15/25,41.0,2/12/25,77.0,18C
s3://braingeneers/braindance/25-02-25_busybees/,25123ic,exp1/exp1_cont_57,s3://braingeneers/braindance/25-02-25_busybees/25123ic/exp1/exp1_cont_57.raw.h5,12800,4.0,3.999999808543802,True,stim,132,True,303.0,25-02-25_busybees,exp1,False,,,1,dorsal ,C57BL6,1/15/25,41.0,2/12/25,77.0,18C
s3://braingeneers/braindance/25-02-25_busybees/,25123ic,exp1/exp1_cont_52,s3://braingeneers/braindance/25-02-25_busybees/25123ic/exp1/exp1_cont_52.raw.h5,0,0.0,,False,spontaneous,132,True,303.0,25-02-25_busybees,exp1,False,,,1,dorsal ,C57BL6,1/15/25,41.0,2/12/25,77.0,18C
s3://braingeneers/braindance/25-02-25_busybees/,25123ic,exp1/exp1_cont_42,s3://braingeneers/braindance/25-02-25_busybees/25123ic/exp1/exp1_cont_42.raw.h5,0,0.0,,False,spontaneous,132,True,303.0,25-02-25_busybees,exp1,False,,,1,dorsal ,C57BL6,1/15/25,41.0,2/12/25,77.0,18C
s3://braingeneers/braindance/25-02-25_busybees/,25123ic,exp1/exp1_cont_127,s3://braingeneers/braindance/25-02-25_busybees/25123ic/exp1/exp1_cont_127.raw.h5,12800,4.0,4.000007720464314,True,stim,132,True,303.0,25-02-25_busybees,exp1,False,,,1,dorsal ,C57BL6,1/15/25,41.0,2/12/25,77.0,18C
s3://braingeneers/braindance/25-02-25_busybees/,25123ic,exp1/exp1_causal,s3://braingeneers/braindance/25-02-25_busybees/25123ic/exp1/exp1_causal.raw.h5,1600,0.5,2.0000090950057414,True,stim,132,True,303.0,25-02-25_busybees,exp1,False,,,1,dorsal ,C57BL6,1/15/25,41.0,2/12/25,77.0,18C
s3://braingeneers/braindance/25-02-25_busybees/,25123ic,exp1/exp1_cont_12,s3://braingeneers/braindance/25-02-25_busybees/25123ic/exp1/exp1_cont_12.raw.h5,0,0.0,,False,spontaneous,132,True,303.0,25-02-25_busybees,exp1,False,,,1,dorsal ,C57BL6,1/15/25,41.0,2/12/25,77.0,18C
s3://braingeneers/braindance/25-02-25_busybees/,25123ic,exp1/exp1_cont_128,s3://braingeneers/braindance/25-02-25_busybees/25123ic/exp1/exp1_cont_128.raw.h5,0,0.0,,False,spontaneous,132,True,303.0,25-02-25_busybees,exp1,False,,,1,dorsal ,C57BL6,1/15/25,41.0,2/12/25,77.0,18C
s3://braingeneers/braindance/25-02-25_busybees/,25123ic,exp1/exp1_cont_115,s3://braingeneers/braindance/25-02-25_busybees/25123ic/exp1/exp1_cont_115.raw.h5,6400,2.0,1.9999973991663669,True,stim,132,True,303.0,25-02-25_busybees,exp1,False,,,1,dorsal ,C57BL6,1/15/25,41.0,2/12/25,77.0,18C
s3://braingeneers/braindance/25-02-25_busybees/,25123ic,exp1/exp1_cont_66,s3://braingeneers/braindance/25-02-25_busybees/25123ic/exp1/exp1_cont_66.raw.h5,0,0.0,,False,spontaneous,132,True,303.0,25-02-25_busybees,exp1,False,,,1,dorsal ,C57BL6,1/15/25,41.0,2/12/25,77.0,18C
s3://braingeneers/braindance/25-02-25_busybees/,25123ic,exp1/exp1_cont_85,s3://braingeneers/braindance/25-02-25_busybees/25123ic/exp1/exp1_cont_85.raw.h5,6400,2.0,1.9999981086981309,True,stim,132,True,303.0,25-02-25_busybees,exp1,False,,,1,dorsal ,C57BL6,1/15/25,41.0,2/12/25,77.0,18C
s3://braingeneers/braindance/25-02-25_busybees/,25123ic,exp1/exp1_cont_16,s3://braingeneers/braindance/25-02-25_busybees/25123ic/exp1/exp1_cont_16.raw.h5,0,0.0,,False,spontaneous,132,True,303.0,25-02-25_busybees,exp1,False,,,1,dorsal ,C57BL6,1/15/25,41.0,2/12/25,77.0,18C
s3://braingeneers/braindance/25-02-25_busybees/,25123ic,exp1/exp1_cont_110,s3://braingeneers/braindance/25-02-25_busybees/25123ic/exp1/exp1_cont_110.raw.h5,0,0.0,,False,spontaneous,132,True,303.0,25-02-25_busybees,exp1,False,,,1,dorsal ,C57BL6,1/15/25,41.0,2/12/25,77.0,18C
s3://braingeneers/braindance/25-02-25_busybees/,25123ic,exp1/exp1_cont_5,s3://braingeneers/braindance/25-02-25_busybees/25123ic/exp1/exp1_cont_5.raw.h5,6400,2.0,1.9999953118928444,True,stim,132,True,303.0,25-02-25_busybees,exp1,False,,,1,dorsal ,C57BL6,1/15/25,41.0,2/12/25,77.0,18C
s3://braingeneers/braindance/25-02-25_busybees/,25123ic,exp1/exp1_cont_18,s3://braingeneers/braindance/25-02-25_busybees/25123ic/exp1/exp1_cont_18.raw.h5,0,0.0,,False,spontaneous,132,True,303.0,25-02-25_busybees,exp1,False,,,1,dorsal ,C57BL6,1/15/25,41.0,2/12/25,77.0,18C
s3://braingeneers/braindance/25-02-25_busybees/,25123ic,exp1/exp1_cont_109,s3://braingeneers/braindance/25-02-25_busybees/25123ic/exp1/exp1_cont_109.raw.h5,25600,8.0,7.999988687984058,True,stim,132,True,303.0,25-02-25_busybees,exp1,False,,,1,dorsal ,C57BL6,1/15/25,41.0,2/12/25,77.0,18C
s3://braingeneers/braindance/25-02-25_busybees/,25123ic,exp1/exp1_cont_68,s3://braingeneers/braindance/25-02-25_busybees/25123ic/exp1/exp1_cont_68.raw.h5,0,0.0,,False,spontaneous,132,True,303.0,25-02-25_busybees,exp1,False,,,1,dorsal ,C57BL6,1/15/25,41.0,2/12/25,77.0,18C
s3://braingeneers/braindance/25-02-25_busybees/,25123ic,exp1/exp1_cont_87,s3://braingeneers/braindance/25-02-25_busybees/25123ic/exp1/exp1_cont_87.raw.h5,12800,4.0,4.0000087504215305,True,stim,132,True,303.0,25-02-25_busybees,exp1,False,,,1,dorsal ,C57BL6,1/15/25,41.0,2/12/25,77.0,18C
s3://braingeneers/braindance/25-02-25_busybees/,25123ic,exp1/exp1_cont_21,s3://braingeneers/braindance/25-02-25_busybees/25123ic/exp1/exp1_cont_21.raw.h5,1600,0.5,0.4999991432863329,True,stim,132,True,303.0,25-02-25_busybees,exp1,False,,,1,dorsal ,C57BL6,1/15/25,41.0,2/12/25,77.0,18C
s3://braingeneers/braindance/25-02-25_busybees/,25123ic,exp1/exp1_cont_102,s3://braingeneers/braindance/25-02-25_busybees/25123ic/exp1/exp1_cont_102.raw.h5,0,0.0,,False,spontaneous,132,True,303.0,25-02-25_busybees,exp1,False,,,1,dorsal ,C57BL6,1/15/25,41.0,2/12/25,77.0,18C
s3://braingeneers/braindance/25-02-25_busybees/,25123ic,exp1/exp1_cont_35,s3://braingeneers/braindance/25-02-25_busybees/25123ic/exp1/exp1_cont_35.raw.h5,6400,2.0,2.000001736585346,True,stim,132,True,303.0,25-02-25_busybees,exp1,False,,,1,dorsal ,C57BL6,1/15/25,41.0,2/12/25,77.0,18C
s3://braingeneers/braindance/25-02-25_busybees/,25123ic,exp1/exp1_cont_33,s3://braingeneers/braindance/25-02-25_busybees/25123ic/exp1/exp1_cont_33.raw.h5,3200,1.0,1.0000009209348837,True,stim,132,True,303.0,25-02-25_busybees,exp1,False,,,1,dorsal ,C57BL6,1/15/25,41.0,2/12/25,77.0,18C
s3://braingeneers/braindance/25-02-25_busybees/,25123ic,exp1/exp1_cont_28,s3://braingeneers/braindance/25-02-25_busybees/25123ic/exp1/exp1_cont_28.raw.h5,0,0.0,,False,spontaneous,132,True,303.0,25-02-25_busybees,exp1,False,,,1,dorsal ,C57BL6,1/15/25,41.0,2/12/25,77.0,18C
s3://braingeneers/braindance/25-02-25_busybees/,25178ic,exp1/exp1,s3://braingeneers/braindance/25-02-25_busybees/25178ic/exp1/exp1.raw.h5,0,0.0,,False,spontaneous,73,True,251.0,25-02-25_busybees,exp1,True,,,1,dorsal ,C57BL6,1/15/25,41.0,2/12/25,77.0,25B
s3://braingeneers/braindance/25-02-25_busybees/,25178ic,exp1/exp1_cont_9,s3://braingeneers/braindance/25-02-25_busybees/25178ic/exp1/exp1_cont_9.raw.h5,18400,8.0,8.000008992258735,True,stim,73,True,251.0,25-02-25_busybees,exp1,False,,,1,dorsal ,C57BL6,1/15/25,41.0,2/12/25,77.0,25B
s3://braingeneers/braindance/25-02-25_busybees/,25178ic,exp1/exp1_cont_2,s3://braingeneers/braindance/25-02-25_busybees/25178ic/exp1/exp1_cont_2.raw.h5,0,0.0,,False,spontaneous,73,True,251.0,25-02-25_busybees,exp1,False,,,1,dorsal ,C57BL6,1/15/25,41.0,2/12/25,77.0,25B
s3://braingeneers/braindance/25-02-25_busybees/,25178ic,exp1/exp1_cont_12,s3://braingeneers/braindance/25-02-25_busybees/25178ic/exp1/exp1_cont_12.raw.h5,0,0.0,,False,spontaneous,73,True,251.0,25-02-25_busybees,exp1,False,,,1,dorsal ,C57BL6,1/15/25,41.0,2/12/25,77.0,25B
s3://braingeneers/braindance/25-02-25_busybees/,25178ic,exp1/exp1_cont_11,s3://braingeneers/braindance/25-02-25_busybees/25178ic/exp1/exp1_cont_11.raw.h5,1150,0.5,0.500000679806423,True,stim,73,True,251.0,25-02-25_busybees,exp1,False,,,1,dorsal ,C57BL6,1/15/25,41.0,2/12/25,77.0,25B
s3://braingeneers/braindance/25-02-25_busybees/,25178ic,exp1/exp1_cont_8,s3://braingeneers/braindance/25-02-25_busybees/25178ic/exp1/exp1_cont_8.raw.h5,0,0.0,,False,spontaneous,73,True,251.0,25-02-25_busybees,exp1,False,,,1,dorsal ,C57BL6,1/15/25,41.0,2/12/25,77.0,25B
s3://braingeneers/braindance/25-02-25_busybees/,25178ic,exp1/exp1_cont_6,s3://braingeneers/braindance/25-02-25_busybees/25178ic/exp1/exp1_cont_6.raw.h5,0,0.0,,False,spontaneous,73,True,251.0,25-02-25_busybees,exp1,False,,,1,dorsal ,C57BL6,1/15/25,41.0,2/12/25,77.0,25B
s3://braingeneers/braindance/25-02-25_busybees/,25178ic,exp1/exp1_cont_5,s3://braingeneers/braindance/25-02-25_busybees/25178ic/exp1/exp1_cont_5.raw.h5,4600,2.0,1.9999987843704323,True,stim,73,True,251.0,25-02-25_busybees,exp1,False,,,1,dorsal ,C57BL6,1/15/25,41.0,2/12/25,77.0,25B
s3://braingeneers/braindance/25-02-25_busybees/,25178ic,exp1/exp1_cont_3,s3://braingeneers/braindance/25-02-25_busybees/25178ic/exp1/exp1_cont_3.raw.h5,2300,1.0,0.9999988866193308,True,stim,73,True,251.0,25-02-25_busybees,exp1,False,,,1,dorsal ,C57BL6,1/15/25,41.0,2/12/25,77.0,25B
s3://braingeneers/braindance/25-02-25_busybees/,25178ic,exp1/exp1_cont,s3://braingeneers/braindance/25-02-25_busybees/25178ic/exp1/exp1_cont.raw.h5,0,0.0,,False,spontaneous,73,True,251.0,25-02-25_busybees,exp1,False,,,1,dorsal ,C57BL6,1/15/25,41.0,2/12/25,77.0,25B
s3://braingeneers/braindance/25-02-25_busybees/,25178ic,exp1/exp1_cont_1,s3://braingeneers/braindance/25-02-25_busybees/25178ic/exp1/exp1_cont_1.raw.h5,1150,0.5,0.4999991374296838,True,stim,73,True,251.0,25-02-25_busybees,exp1,False,,,1,dorsal ,C57BL6,1/15/25,41.0,2/12/25,77.0,25B
s3://braingeneers/braindance/25-02-25_busybees/,25178ic,exp1/exp1_cont_4,s3://braingeneers/braindance/25-02-25_busybees/25178ic/exp1/exp1_cont_4.raw.h5,0,0.0,,False,spontaneous,73,True,251.0,25-02-25_busybees,exp1,False,,,1,dorsal ,C57BL6,1/15/25,41.0,2/12/25,77.0,25B
s3://braingeneers/braindance/25-02-25_busybees/,25178ic,exp1/exp1_cont_10,s3://braingeneers/braindance/25-02-25_busybees/25178ic/exp1/exp1_cont_10.raw.h5,0,0.0,,False,spontaneous,73,True,251.0,25-02-25_busybees,exp1,False,,,1,dorsal ,C57BL6,1/15/25,41.0,2/12/25,77.0,25B
s3://braingeneers/braindance/25-02-25_busybees/,25178ic,exp1/exp1_cont_7,s3://braingeneers/braindance/25-02-25_busybees/25178ic/exp1/exp1_cont_7.raw.h5,9200,4.0,3.9999920209764257,True,stim,73,True,251.0,25-02-25_busybees,exp1,False,,,1,dorsal ,C57BL6,1/15/25,41.0,2/12/25,77.0,25B
s3://braingeneers/braindance/25-02-25_busybees/,25178ic,exp1/exp1_cont_24,s3://braingeneers/braindance/25-02-25_busybees/25178ic/exp1/exp1_cont_24.raw.h5,4600,2.0,1.999953297957784,True,stim,73,True,251.0,25-02-25_busybees,exp1,False,,,1,dorsal ,C57BL6,1/15/25,41.0,2/12/25,77.0,25B
s3://braingeneers/braindance/25-02-25_busybees/,25178ic,exp1/exp1_cont_27,s3://braingeneers/braindance/25-02-25_busybees/25178ic/exp1/exp1_cont_27.raw.h5,0,0.0,,False,spontaneous,73,True,251.0,25-02-25_busybees,exp1,False,,,1,dorsal ,C57BL6,1/15/25,41.0,2/12/25,77.0,25B
s3://braingeneers/braindance/25-02-25_busybees/,25245lc,exp1/exp1_cont_147,s3://braingeneers/braindance/25-02-25_busybees/25245lc/exp1/exp1_cont_147.raw.h5,7600,4.0,3.999997123135115,True,stim,153,True,201.0,25-02-25_busybees,exp1,False,,,1,dorsal ,C57BL6,1/15/25,41.0,2/12/25,77.0,29B
s3://braingeneers/braindance/25-02-25_busybees/,25245lc,exp1/exp1_cont_145,s3://braingeneers/braindance/25-02-25_busybees/25245lc/exp1/exp1_cont_145.raw.h5,3800,2.0,1.999997963075497,True,stim,153,True,201.0,25-02-25_busybees,exp1,False,,,1,dorsal ,C57BL6,1/15/25,41.0,2/12/25,77.0,29B
s3://braingeneers/braindance/25-02-25_busybees/,25245lc,exp1/exp1_cont_95,s3://braingeneers/braindance/25-02-25_busybees/25245lc/exp1/exp1_cont_95.raw.h5,3800,2.0,2.000005247212507,True,stim,153,True,201.0,25-02-25_busybees,exp1,False,,,1,dorsal ,C57BL6,1/15/25,41.0,2/12/25,77.0,29B
s3://braingeneers/braindance/25-02-25_busybees/,25245lc,exp1/exp1_cont_124,s3://braingeneers/braindance/25-02-25_busybees/25245lc/exp1/exp1_cont_124.raw.h5,0,0.0,,False,spontaneous,153,True,201.0,25-02-25_busybees,exp1,False,,,1,dorsal ,C57BL6,1/15/25,41.0,2/12/25,77.0,29B
s3://braingeneers/braindance/25-02-25_busybees/,25245lc,exp1/exp1_cont_138,s3://braingeneers/braindance/25-02-25_busybees/25245lc/exp1/exp1_cont_138.raw.h5,0,0.0,,False,spontaneous,153,True,201.0,25-02-25_busybees,exp1,False,,,1,dorsal ,C57BL6,1/15/25,41.0,2/12/25,77.0,29B
s3://braingeneers/braindance/25-02-25_busybees/,25245lc,exp1/exp1_cont_46,s3://braingeneers/braindance/25-02-25_busybees/25245lc/exp1/exp1_cont_46.raw.h5,0,0.0,,False,spontaneous,153,True,201.0,25-02-25_busybees,exp1,False,,,1,dorsal ,C57BL6,1/15/25,41.0,2/12/25,77.0,29B
s3://braingeneers/braindance/25-02-25_busybees/,25245lc,exp1/exp1_cont_107,s3://braingeneers/braindance/25-02-25_busybees/25245lc/exp1/exp1_cont_107.raw.h5,7600,4.0,3.99998144817982,True,stim,153,True,201.0,25-02-25_busybees,exp1,False,,,1,dorsal ,C57BL6,1/15/25,41.0,2/12/25,77.0,29B
s3://braingeneers/braindance/25-02-25_busybees/,25245lc,exp1/exp1_cont_39,s3://braingeneers/braindance/25-02-25_busybees/25245lc/exp1/exp1_cont_39.raw.h5,15200,8.0,8.000009810446995,True,stim,153,True,201.0,25-02-25_busybees,exp1,False,,,1,dorsal ,C57BL6,1/15/25,41.0,2/12/25,77.0,29B
s3://braingeneers/braindance/25-02-25_busybees/,25245lc,exp1/exp1_cont_62,s3://braingeneers/braindance/25-02-25_busybees/25245lc/exp1/exp1_cont_62.raw.h5,0,0.0,,False,spontaneous,153,True,201.0,25-02-25_busybees,exp1,False,,,1,dorsal ,C57BL6,1/15/25,41.0,2/12/25,77.0,29B
s3://braingeneers/braindance/25-02-25_busybees/,25245lc,exp1/exp1_cont_139,s3://braingeneers/braindance/25-02-25_busybees/25245lc/exp1/exp1_cont_139.raw.h5,15200,8.0,8.000009478167408,True,stim,153,True,201.0,25-02-25_busybees,exp1,False,,,1,dorsal ,C57BL6,1/15/25,41.0,2/12/25,77.0,29B
s3://braingeneers/braindance/25-02-25_busybees/,25245lc,exp1/exp1_cont_37,s3://braingeneers/braindance/25-02-25_busybees/25245lc/exp1/exp1_cont_37.raw.h5,7600,4.0,3.9999945792267138,True,stim,153,True,201.0,25-02-25_busybees,exp1,False,,,1,dorsal ,C57BL6,1/15/25,41.0,2/12/25,77.0,29B
s3://braingeneers/braindance/25-02-25_busybees/,25245lc,exp1/exp1_cont_61,s3://braingeneers/braindance/25-02-25_busybees/25245lc/exp1/exp1_cont_61.raw.h5,950,0.5,0.5000023881444466,True,stim,153,True,201.0,25-02-25_busybees,exp1,False,,,1,dorsal ,C57BL6,1/15/25,41.0,2/12/25,77.0,29B
s3://braingeneers/braindance/25-02-25_busybees/,25245lc,exp1/exp1_cont_89,s3://braingeneers/braindance/25-02-25_busybees/25245lc/exp1/exp1_cont_89.raw.h5,15200,8.0,7.999991104473037,True,stim,153,True,201.0,25-02-25_busybees,exp1,False,,,1,dorsal ,C57BL6,1/15/25,41.0,2/12/25,77.0,29B
s3://braingeneers/braindance/25-02-25_busybees/,25245lc,exp1/exp1_cont_111,s3://braingeneers/braindance/25-02-25_busybees/25245lc/exp1/exp1_cont_111.raw.h5,950,0.5,0.4999996784411998,True,stim,153,True,201.0,25-02-25_busybees,exp1,False,,,1,dorsal ,C57BL6,1/15/25,41.0,2/12/25,77.0,29B
s3://braingeneers/braindance/25-02-25_busybees/,25245lc,exp1/exp1_cont_31,s3://braingeneers/braindance/25-02-25_busybees/25245lc/exp1/exp1_cont_31.raw.h5,950,0.5,0.499998898420236,True,stim,153,True,201.0,25-02-25_busybees,exp1,False,,,1,dorsal ,C57BL6,1/15/25,41.0,2/12/25,77.0,29B
s3://braingeneers/braindance/25-02-25_busybees/,25245lc,exp1/exp1_cont_78,s3://braingeneers/braindance/25-02-25_busybees/25245lc/exp1/exp1_cont_78.raw.h5,0,0.0,,False,spontaneous,153,True,201.0,25-02-25_busybees,exp1,False,,,1,dorsal ,C57BL6,1/15/25,41.0,2/12/25,77.0,29B
s3://braingeneers/braindance/25-02-25_busybees/,25245lc,exp1/exp1_cont_70,s3://braingeneers/braindance/25-02-25_busybees/25245lc/exp1/exp1_cont_70.raw.h5,0,0.0,,False,spontaneous,153,True,201.0,25-02-25_busybees,exp1,False,,,1,dorsal ,C57BL6,1/15/25,41.0,2/12/25,77.0,29B
s3://braingeneers/braindance/25-02-25_busybees/,25245lc,exp1/exp1_cont_103,s3://braingeneers/braindance/25-02-25_busybees/25245lc/exp1/exp1_cont_103.raw.h5,1900,1.0,1.0000011348343356,True,stim,153,True,201.0,25-02-25_busybees,exp1,False,,,1,dorsal ,C57BL6,1/15/25,41.0,2/12/25,77.0,29B
s3://braingeneers/braindance/25-02-25_busybees/,25245lc,exp1/exp1_cont_143,s3://braingeneers/braindance/25-02-25_busybees/25245lc/exp1/exp1_cont_143.raw.h5,1900,1.0,0.9999994547417348,True,stim,153,True,201.0,25-02-25_busybees,exp1,False,,,1,dorsal ,C57BL6,1/15/25,41.0,2/12/25,77.0,29B
s3://braingeneers/braindance/25-02-25_busybees/,25245lc,exp1/exp1_cont_13,s3://braingeneers/braindance/25-02-25_busybees/25245lc/exp1/exp1_cont_13.raw.h5,1900,1.0,0.9999978300289336,True,stim,153,True,201.0,25-02-25_busybees,exp1,False,,,1,dorsal ,C57BL6,1/15/25,41.0,2/12/25,77.0,29B
s3://braingeneers/braindance/25-02-25_busybees/,25245lc,exp1/exp1_cont_94,s3://braingeneers/braindance/25-02-25_busybees/25245lc/exp1/exp1_cont_94.raw.h5,0,0.0,,False,spontaneous,153,True,201.0,25-02-25_busybees,exp1,False,,,1,dorsal ,C57BL6,1/15/25,41.0,2/12/25,77.0,29B
s3://braingeneers/braindance/25-02-25_busybees/,25245lc,exp1/exp1_cont_74,s3://braingeneers/braindance/25-02-25_busybees/25245lc/exp1/exp1_cont_74.raw.h5,0,0.0,,False,spontaneous,153,True,201.0,25-02-25_busybees,exp1,False,,,1,dorsal ,C57BL6,1/15/25,41.0,2/12/25,77.0,29B
s3://braingeneers/braindance/25-02-25_busybees/,25245lc,exp1/exp1_cont_121,s3://braingeneers/braindance/25-02-25_busybees/25245lc/exp1/exp1_cont_121.raw.h5,950,0.5,0.4999988245285844,True,stim,153,True,201.0,25-02-25_busybees,exp1,False,,,1,dorsal ,C57BL6,1/15/25,41.0,2/12/25,77.0,29B
s3://braingeneers/braindance/25-02-25_busybees/,25245lc,exp1/exp1_cont_65,s3://braingeneers/braindance/25-02-25_busybees/25245lc/exp1/exp1_cont_65.raw.h5,3800,2.0,1.999993348232657,True,stim,153,True,201.0,25-02-25_busybees,exp1,False,,,1,dorsal ,C57BL6,1/15/25,41.0,2/12/25,77.0,29B
s3://braingeneers/braindance/25-02-25_busybees/,25245lc,exp1/exp1_cont_6,s3://braingeneers/braindance/25-02-25_busybees/25245lc/exp1/exp1_cont_6.raw.h5,0,0.0,,False,spontaneous,153,True,201.0,25-02-25_busybees,exp1,False,,,1,dorsal ,C57BL6,1/15/25,41.0,2/12/25,77.0,29B
s3://braingeneers/braindance/25-02-25_busybees/,25245lc,exp1/exp1_cont_72,s3://braingeneers/braindance/25-02-25_busybees/25245lc/exp1/exp1_cont_72.raw.h5,0,0.0,,False,spontaneous,153,True,201.0,25-02-25_busybees,exp1,False,,,1,dorsal ,C57BL6,1/15/25,41.0,2/12/25,77.0,29B
s3://braingeneers/braindance/25-02-25_busybees/,25245lc,exp1/exp1_cont_126,s3://braingeneers/braindance/25-02-25_busybees/25245lc/exp1/exp1_cont_126.raw.h5,0,0.0,,False,spontaneous,153,True,201.0,25-02-25_busybees,exp1,False,,,1,dorsal ,C57BL6,1/15/25,41.0,2/12/25,77.0,29B
s3://braingeneers/braindance/25-02-25_busybees/,25245lc,exp1/exp1_cont_29,s3://braingeneers/braindance/25-02-25_busybees/25245lc/exp1/exp1_cont_29.raw.h5,15200,8.0,7.999993922067881,True,stim,153,True,201.0,25-02-25_busybees,exp1,False,,,1,dorsal ,C57BL6,1/15/25,41.0,2/12/25,77.0,29B
s3://braingeneers/braindance/25-02-25_busybees/,25245lc,exp1/exp1_cont_140,s3://braingeneers/braindance/25-02-25_busybees/25245lc/exp1/exp1_cont_140.raw.h5,0,0.0,,False,spontaneous,153,True,201.0,25-02-25_busybees,exp1,False,,,1,dorsal ,C57BL6,1/15/25,41.0,2/12/25,77.0,29B
s3://braingeneers/braindance/25-02-25_busybees/,25245lc,exp1/exp1_cont_32,s3://braingeneers/braindance/25-02-25_busybees/25245lc/exp1/exp1_cont_32.raw.h5,0,0.0,,False,spontaneous,153,True,201.0,25-02-25_busybees,exp1,False,,,1,dorsal ,C57BL6,1/15/25,41.0,2/12/25,77.0,29B
s3://braingeneers/braindance/25-02-25_busybees/,25245lc,exp1/exp1_cont_134,s3://braingeneers/braindance/25-02-25_busybees/25245lc/exp1/exp1_cont_134.raw.h5,0,0.0,,False,spontaneous,153,True,201.0,25-02-25_busybees,exp1,False,,,1,dorsal ,C57BL6,1/15/25,41.0,2/12/25,77.0,29B
s3://braingeneers/braindance/25-02-25_busybees/,25245lc,exp1/exp1_cont_116,s3://braingeneers/braindance/25-02-25_busybees/25245lc/exp1/exp1_cont_116.raw.h5,0,0.0,,False,spontaneous,153,True,201.0,25-02-25_busybees,exp1,False,,,1,dorsal ,C57BL6,1/15/25,41.0,2/12/25,77.0,29B
s3://braingeneers/braindance/25-02-25_busybees/,25245lc,exp1/exp1_cont_27,s3://braingeneers/braindance/25-02-25_busybees/25245lc/exp1/exp1_cont_27.raw.h5,7600,4.0,3.999988511675127,True,stim,153,True,201.0,25-02-25_busybees,exp1,False,,,1,dorsal ,C57BL6,1/15/25,41.0,2/12/25,77.0,29B
s3://braingeneers/braindance/25-02-25_busybees/,25245lc,exp1/exp1_cont_17,s3://braingeneers/braindance/25-02-25_busybees/25245lc/exp1/exp1_cont_17.raw.h5,7600,4.0,3.999974720035491,True,stim,153,True,201.0,25-02-25_busybees,exp1,False,,,1,dorsal ,C57BL6,1/15/25,41.0,2/12/25,77.0,29B
s3://braingeneers/braindance/25-02-25_busybees/,25245lc,exp1/exp1_cont_4,s3://braingeneers/braindance/25-02-25_busybees/25245lc/exp1/exp1_cont_4.raw.h5,0,0.0,,False,spontaneous,153,True,201.0,25-02-25_busybees,exp1,False,,,1,dorsal ,C57BL6,1/15/25,41.0,2/12/25,77.0,29B
s3://braingeneers/braindance/25-02-25_busybees/,25245lc,exp1/exp1_cont_86,s3://braingeneers/braindance/25-02-25_busybees/25245lc/exp1/exp1_cont_86.raw.h5,0,0.0,,False,spontaneous,153,True,201.0,25-02-25_busybees,exp1,False,,,1,dorsal ,C57BL6,1/15/25,41.0,2/12/25,77.0,29B
s3://braingeneers/braindance/25-02-25_busybees/,25245lc,exp1/exp1_cont_60,s3://braingeneers/braindance/25-02-25_busybees/25245lc/exp1/exp1_cont_60.raw.h5,0,0.0,,False,spontaneous,153,True,201.0,25-02-25_busybees,exp1,False,,,1,dorsal ,C57BL6,1/15/25,41.0,2/12/25,77.0,29B
s3://braingeneers/braindance/25-02-25_busybees/,25245lc,exp1/exp1_cont_75,s3://braingeneers/braindance/25-02-25_busybees/25245lc/exp1/exp1_cont_75.raw.h5,3800,2.0,1.999996431002981,True,stim,153,True,201.0,25-02-25_busybees,exp1,False,,,1,dorsal ,C57BL6,1/15/25,41.0,2/12/25,77.0,29B
s3://braingeneers/braindance/25-02-25_busybees/,25245lc,exp1/exp1_cont_77,s3://braingeneers/braindance/25-02-25_busybees/25245lc/exp1/exp1_cont_77.raw.h5,7600,4.0,3.999994913122444,True,stim,153,True,201.0,25-02-25_busybees,exp1,False,,,1,dorsal ,C57BL6,1/15/25,41.0,2/12/25,77.0,29B
s3://braingeneers/braindance/25-02-25_busybees/,25245lc,exp1/exp1_cont_119,s3://braingeneers/braindance/25-02-25_busybees/25245lc/exp1/exp1_cont_119.raw.h5,15200,8.0,8.000000072042786,True,stim,153,True,201.0,25-02-25_busybees,exp1,False,,,1,dorsal ,C57BL6,1/15/25,41.0,2/12/25,77.0,29B
s3://braingeneers/braindance/25-02-25_busybees/,25245lc,exp1/exp1_cont_55,s3://braingeneers/braindance/25-02-25_busybees/25245lc/exp1/exp1_cont_55.raw.h5,3800,2.0,1.9999948521249,True,stim,153,True,201.0,25-02-25_busybees,exp1,False,,,1,dorsal ,C57BL6,1/15/25,41.0,2/12/25,77.0,29B
s3://braingeneers/braindance/25-02-25_busybees/,25245lc,exp1/exp1_cont_112,s3://braingeneers/braindance/25-02-25_busybees/25245lc/exp1/exp1_cont_112.raw.h5,0,0.0,,False,spontaneous,153,True,201.0,25-02-25_busybees,exp1,False,,,1,dorsal ,C57BL6,1/15/25,41.0,2/12/25,77.0,29B
s3://braingeneers/braindance/25-02-25_busybees/,25245lc,exp1/exp1_cont_24,s3://braingeneers/braindance/25-02-25_busybees/25245lc/exp1/exp1_cont_24.raw.h5,0,0.0,,False,spontaneous,153,True,201.0,25-02-25_busybees,exp1,False,,,1,dorsal ,C57BL6,1/15/25,41.0,2/12/25,77.0,29B
s3://braingeneers/braindance/25-02-25_busybees/,25245lc,exp1/exp1_cont_131,s3://braingeneers/braindance/25-02-25_busybees/25245lc/exp1/exp1_cont_131.raw.h5,950,0.5,0.4999992625964459,True,stim,153,True,201.0,25-02-25_busybees,exp1,False,,,1,dorsal ,C57BL6,1/15/25,41.0,2/12/25,77.0,29B
s3://braingeneers/braindance/25-02-25_busybees/,25245lc,exp1/exp1_cont_101,s3://braingeneers/braindance/25-02-25_busybees/25245lc/exp1/exp1_cont_101.raw.h5,950,0.5,0.5000004717657166,True,stim,153,True,201.0,25-02-25_busybees,exp1,False,,,1,dorsal ,C57BL6,1/15/25,41.0,2/12/25,77.0,29B
s3://braingeneers/braindance/25-02-25_busybees/,25245lc,exp1/exp1_cont_3,s3://braingeneers/braindance/25-02-25_busybees/25245lc/exp1/exp1_cont_3.raw.h5,1900,1.0,1.0000033038529363,True,stim,153,True,201.0,25-02-25_busybees,exp1,False,,,1,dorsal ,C57BL6,1/15/25,41.0,2/12/25,77.0,29B
s3://braingeneers/braindance/25-02-25_busybees/,25245lc,exp1/exp1_cont_59,s3://braingeneers/braindance/25-02-25_busybees/25245lc/exp1/exp1_cont_59.raw.h5,15200,8.0,7.999991987674778,True,stim,153,True,201.0,25-02-25_busybees,exp1,False,,,1,dorsal ,C57BL6,1/15/25,41.0,2/12/25,77.0,29B
s3://braingeneers/braindance/25-02-25_busybees/,25245lc,exp1/exp1_cont_40,s3://braingeneers/braindance/25-02-25_busybees/25245lc/exp1/exp1_cont_40.raw.h5,0,0.0,,False,spontaneous,153,True,201.0,25-02-25_busybees,exp1,False,,,1,dorsal ,C57BL6,1/15/25,41.0,2/12/25,77.0,29B
s3://braingeneers/braindance/25-02-25_busybees/,25245lc,exp1/exp1_cont_123,s3://braingeneers/braindance/25-02-25_busybees/25245lc/exp1/exp1_cont_123.raw.h5,1900,1.0,0.9999984217207696,True,stim,153,True,201.0,25-02-25_busybees,exp1,False,,,1,dorsal ,C57BL6,1/15/25,41.0,2/12/25,77.0,29B
s3://braingeneers/braindance/25-02-25_busybees/,25245lc,exp1/exp1_cont_146,s3://braingeneers/braindance/25-02-25_busybees/25245lc/exp1/exp1_cont_146.raw.h5,0,0.0,,False,spontaneous,153,True,201.0,25-02-25_busybees,exp1,False,,,1,dorsal ,C57BL6,1/15/25,41.0,2/12/25,77.0,29B
s3://braingeneers/braindance/25-02-25_busybees/,25245lc,exp1/exp1_cont_73,s3://braingeneers/braindance/25-02-25_busybees/25245lc/exp1/exp1_cont_73.raw.h5,1900,1.0,1.0000018522303895,True,stim,153,True,201.0,25-02-25_busybees,exp1,False,,,1,dorsal ,C57BL6,1/15/25,41.0,2/12/25,77.0,29B
s3://braingeneers/braindance/25-02-25_busybees/,25245lc,exp1/exp1,s3://braingeneers/braindance/25-02-25_busybees/25245lc/exp1/exp1.raw.h5,0,0.0,,False,spontaneous,153,True,201.0,25-02-25_busybees,exp1,True,,,1,dorsal ,C57BL6,1/15/25,41.0,2/12/25,77.0,29B
s3://braingeneers/braindance/25-02-25_busybees/,25245lc,exp1/exp1_cont_9,s3://braingeneers/braindance/25-02-25_busybees/25245lc/exp1/exp1_cont_9.raw.h5,15200,8.0,7.999964951342385,True,stim,153,True,201.0,25-02-25_busybees,exp1,False,,,1,dorsal ,C57BL6,1/15/25,41.0,2/12/25,77.0,29B
s3://braingeneers/braindance/25-02-25_busybees/,25245lc,exp1/exp1_cont_43,s3://braingeneers/braindance/25-02-25_busybees/25245lc/exp1/exp1_cont_43.raw.h5,1900,1.0,0.9999983739905484,True,stim,153,True,201.0,25-02-25_busybees,exp1,False,,,1,dorsal ,C57BL6,1/15/25,41.0,2/12/25,77.0,29B
s3://braingeneers/braindance/25-02-25_busybees/,25245lc,exp1/exp1_cont_98,s3://braingeneers/braindance/25-02-25_busybees/25245lc/exp1/exp1_cont_98.raw.h5,0,0.0,,False,spontaneous,153,True,201.0,25-02-25_busybees,exp1,False,,,1,dorsal ,C57BL6,1/15/25,41.0,2/12/25,77.0,29B
s3://braingeneers/braindance/25-02-25_busybees/,25245lc,exp1/exp1_cont_90,s3://braingeneers/braindance/25-02-25_busybees/25245lc/exp1/exp1_cont_90.raw.h5,0,0.0,,False,spontaneous,153,True,201.0,25-02-25_busybees,exp1,False,,,1,dorsal ,C57BL6,1/15/25,41.0,2/12/25,77.0,29B
s3://braingeneers/braindance/25-02-25_busybees/,25245lc,exp1/exp1_cont_69,s3://braingeneers/braindance/25-02-25_busybees/25245lc/exp1/exp1_cont_69.raw.h5,15200,8.0,7.999995240388708,True,stim,153,True,201.0,25-02-25_busybees,exp1,False,,,1,dorsal ,C57BL6,1/15/25,41.0,2/12/25,77.0,29B
s3://braingeneers/braindance/25-02-25_busybees/,25245lc,exp1/exp1_cont_19,s3://braingeneers/braindance/25-02-25_busybees/25245lc/exp1/exp1_cont_19.raw.h5,15200,8.0,7.999973521966612,True,stim,153,True,201.0,25-02-25_busybees,exp1,False,,,1,dorsal ,C57BL6,1/15/25,41.0,2/12/25,77.0,29B
s3://braingeneers/braindance/25-02-25_busybees/,25245lc,exp1/exp1_cont_34,s3://braingeneers/braindance/25-02-25_busybees/25245lc/exp1/exp1_cont_34.raw.h5,0,0.0,,False,spontaneous,153,True,201.0,25-02-25_busybees,exp1,False,,,1,dorsal ,C57BL6,1/15/25,41.0,2/12/25,77.0,29B
s3://braingeneers/braindance/25-02-25_busybees/,25245lc,exp1/exp1_cont_64,s3://braingeneers/braindance/25-02-25_busybees/25245lc/exp1/exp1_cont_64.raw.h5,0,0.0,,False,spontaneous,153,True,201.0,25-02-25_busybees,exp1,False,,,1,dorsal ,C57BL6,1/15/25,41.0,2/12/25,77.0,29B
s3://braingeneers/braindance/25-02-25_busybees/,25245lc,exp1/exp1_cont_11,s3://braingeneers/braindance/25-02-25_busybees/25245lc/exp1/exp1_cont_11.raw.h5,950,0.5,0.4999997084630291,True,stim,153,True,201.0,25-02-25_busybees,exp1,False,,,1,dorsal ,C57BL6,1/15/25,41.0,2/12/25,77.0,29B
s3://braingeneers/braindance/25-02-25_busybees/,25245lc,exp1/exp1_cont_80,s3://braingeneers/braindance/25-02-25_busybees/25245lc/exp1/exp1_cont_80.raw.h5,0,0.0,,False,spontaneous,153,True,201.0,25-02-25_busybees,exp1,False,,,1,dorsal ,C57BL6,1/15/25,41.0,2/12/25,77.0,29B
s3://braingeneers/braindance/25-02-25_busybees/,25245lc,exp1/exp1_cont_148,s3://braingeneers/braindance/25-02-25_busybees/25245lc/exp1/exp1_cont_148.raw.h5,0,0.0,,False,spontaneous,153,True,201.0,25-02-25_busybees,exp1,False,,,1,dorsal ,C57BL6,1/15/25,41.0,2/12/25,77.0,29B
s3://braingeneers/braindance/25-02-25_busybees/,25245lc,exp1/exp1_cont_122,s3://braingeneers/braindance/25-02-25_busybees/25245lc/exp1/exp1_cont_122.raw.h5,0,0.0,,False,spontaneous,153,True,201.0,25-02-25_busybees,exp1,False,,,1,dorsal ,C57BL6,1/15/25,41.0,2/12/25,77.0,29B
s3://braingeneers/braindance/25-02-25_busybees/,25245lc,exp1/exp1_cont_149,s3://braingeneers/braindance/25-02-25_busybees/25245lc/exp1/exp1_cont_149.raw.h5,15200,8.0,7.999998079192108,True,stim,153,True,201.0,25-02-25_busybees,exp1,False,,,1,dorsal ,C57BL6,1/15/25,41.0,2/12/25,77.0,29B
s3://braingeneers/braindance/25-02-25_busybees/,25245lc,exp1/exp1_cont_106,s3://braingeneers/braindance/25-02-25_busybees/25245lc/exp1/exp1_cont_106.raw.h5,0,0.0,,False,spontaneous,153,True,201.0,25-02-25_busybees,exp1,False,,,1,dorsal ,C57BL6,1/15/25,41.0,2/12/25,77.0,29B
s3://braingeneers/braindance/25-02-25_busybees/,25245lc,exp1/exp1_cont_8,s3://braingeneers/braindance/25-02-25_busybees/25245lc/exp1/exp1_cont_8.raw.h5,0,0.0,,False,spontaneous,153,True,201.0,25-02-25_busybees,exp1,False,,,1,dorsal ,C57BL6,1/15/25,41.0,2/12/25,77.0,29B
s3://braingeneers/braindance/25-02-25_busybees/,25245lc,exp1/exp1_cont_63,s3://braingeneers/braindance/25-02-25_busybees/25245lc/exp1/exp1_cont_63.raw.h5,1900,1.0,0.9999962974555404,True,stim,153,True,201.0,25-02-25_busybees,exp1,False,,,1,dorsal ,C57BL6,1/15/25,41.0,2/12/25,77.0,29B
s3://braingeneers/braindance/25-02-25_busybees/,25245lc,exp1/exp1_cont_76,s3://braingeneers/braindance/25-02-25_busybees/25245lc/exp1/exp1_cont_76.raw.h5,0,0.0,,False,spontaneous,153,True,201.0,25-02-25_busybees,exp1,False,,,1,dorsal ,C57BL6,1/15/25,41.0,2/12/25,77.0,29B
s3://braingeneers/braindance/25-02-25_busybees/,25245lc,exp1/exp1_cont_120,s3://braingeneers/braindance/25-02-25_busybees/25245lc/exp1/exp1_cont_120.raw.h5,0,0.0,,False,spontaneous,153,True,201.0,25-02-25_busybees,exp1,False,,,1,dorsal ,C57BL6,1/15/25,41.0,2/12/25,77.0,29B
s3://braingeneers/braindance/25-02-25_busybees/,25245lc,exp1/exp1_cont_79,s3://braingeneers/braindance/25-02-25_busybees/25245lc/exp1/exp1_cont_79.raw.h5,15200,8.0,7.999976360156797,True,stim,153,True,201.0,25-02-25_busybees,exp1,False,,,1,dorsal ,C57BL6,1/15/25,41.0,2/12/25,77.0,29B
s3://braingeneers/braindance/25-02-25_busybees/,25245lc,exp1/exp1_cont_71,s3://braingeneers/braindance/25-02-25_busybees/25245lc/exp1/exp1_cont_71.raw.h5,950,0.5,0.4999993553630543,True,stim,153,True,201.0,25-02-25_busybees,exp1,False,,,1,dorsal ,C57BL6,1/15/25,41.0,2/12/25,77.0,29B
s3://braingeneers/braindance/25-02-25_busybees/,25245lc,exp1/exp1_cont_20,s3://braingeneers/braindance/25-02-25_busybees/25245lc/exp1/exp1_cont_20.raw.h5,0,0.0,,False,spontaneous,153,True,201.0,25-02-25_busybees,exp1,False,,,1,dorsal ,C57BL6,1/15/25,41.0,2/12/25,77.0,29B
s3://braingeneers/braindance/25-02-25_busybees/,25245lc,exp1/exp1_cont_133,s3://braingeneers/braindance/25-02-25_busybees/25245lc/exp1/exp1_cont_133.raw.h5,1900,1.0,0.999997894029194,True,stim,153,True,201.0,25-02-25_busybees,exp1,False,,,1,dorsal ,C57BL6,1/15/25,41.0,2/12/25,77.0,29B
s3://braingeneers/braindance/25-02-25_busybees/,25245lc,exp1/exp1_cont_88,s3://braingeneers/braindance/25-02-25_busybees/25245lc/exp1/exp1_cont_88.raw.h5,0,0.0,,False,spontaneous,153,True,201.0,25-02-25_busybees,exp1,False,,,1,dorsal ,C57BL6,1/15/25,41.0,2/12/25,77.0,29B
s3://braingeneers/braindance/25-02-25_busybees/,25245lc,exp1/exp1_cont_10,s3://braingeneers/braindance/25-02-25_busybees/25245lc/exp1/exp1_cont_10.raw.h5,0,0.0,,False,spontaneous,153,True,201.0,25-02-25_busybees,exp1,False,,,1,dorsal ,C57BL6,1/15/25,41.0,2/12/25,77.0,29B
s3://braingeneers/braindance/25-02-25_busybees/,25245lc,exp1/exp1_cont_47,s3://braingeneers/braindance/25-02-25_busybees/25245lc/exp1/exp1_cont_47.raw.h5,7600,4.0,3.999992907822651,True,stim,153,True,201.0,25-02-25_busybees,exp1,False,,,1,dorsal ,C57BL6,1/15/25,41.0,2/12/25,77.0,29B
s3://braingeneers/braindance/25-02-25_busybees/,25245lc,exp1/exp1_cont_49,s3://braingeneers/braindance/25-02-25_busybees/25245lc/exp1/exp1_cont_49.raw.h5,15200,8.0,7.99997679355094,True,stim,153,True,201.0,25-02-25_busybees,exp1,False,,,1,dorsal ,C57BL6,1/15/25,41.0,2/12/25,77.0,29B
s3://braingeneers/braindance/25-02-25_busybees/,25245lc,exp1/exp1_cont_129,s3://braingeneers/braindance/25-02-25_busybees/25245lc/exp1/exp1_cont_129.raw.h5,15200,8.0,7.999971940235408,True,stim,153,True,201.0,25-02-25_busybees,exp1,False,,,1,dorsal ,C57BL6,1/15/25,41.0,2/12/25,77.0,29B
s3://braingeneers/braindance/25-02-25_busybees/,25245lc,exp1/exp1_cont_15,s3://braingeneers/braindance/25-02-25_busybees/25245lc/exp1/exp1_cont_15.raw.h5,3800,2.0,1.9999989369186453,True,stim,153,True,201.0,25-02-25_busybees,exp1,False,,,1,dorsal ,C57BL6,1/15/25,41.0,2/12/25,77.0,29B
s3://braingeneers/braindance/25-02-25_busybees/,25245lc,exp1/exp1_cont_56,s3://braingeneers/braindance/25-02-25_busybees/25245lc/exp1/exp1_cont_56.raw.h5,0,0.0,,False,spontaneous,153,True,201.0,25-02-25_busybees,exp1,False,,,1,dorsal ,C57BL6,1/15/25,41.0,2/12/25,77.0,29B
s3://braingeneers/braindance/25-02-25_busybees/,25245lc,exp1/exp1_cont_58,s3://braingeneers/braindance/25-02-25_busybees/25245lc/exp1/exp1_cont_58.raw.h5,0,0.0,,False,spontaneous,153,True,201.0,25-02-25_busybees,exp1,False,,,1,dorsal ,C57BL6,1/15/25,41.0,2/12/25,77.0,29B
s3://braingeneers/braindance/25-02-25_busybees/,25245lc,exp1/exp1_cont_113,s3://braingeneers/braindance/25-02-25_busybees/25245lc/exp1/exp1_cont_113.raw.h5,1900,1.0,1.0000001984818794,True,stim,153,True,201.0,25-02-25_busybees,exp1,False,,,1,dorsal ,C57BL6,1/15/25,41.0,2/12/25,77.0,29B
s3://braingeneers/braindance/25-02-25_busybees/,25245lc,exp1/exp1_cont_135,s3://braingeneers/braindance/25-02-25_busybees/25245lc/exp1/exp1_cont_135.raw.h5,3800,2.0,1.9999955694112064,True,stim,153,True,201.0,25-02-25_busybees,exp1,False,,,1,dorsal ,C57BL6,1/15/25,41.0,2/12/25,77.0,29B
s3://braingeneers/braindance/25-02-25_busybees/,25245lc,exp1/exp1_cont_142,s3://braingeneers/braindance/25-02-25_busybees/25245lc/exp1/exp1_cont_142.raw.h5,0,0.0,,False,spontaneous,153,True,201.0,25-02-25_busybees,exp1,False,,,1,dorsal ,C57BL6,1/15/25,41.0,2/12/25,77.0,29B
s3://braingeneers/braindance/25-02-25_busybees/,25245lc,exp1/exp1_cont_48,s3://braingeneers/braindance/25-02-25_busybees/25245lc/exp1/exp1_cont_48.raw.h5,0,0.0,,False,spontaneous,153,True,201.0,25-02-25_busybees,exp1,False,,,1,dorsal ,C57BL6,1/15/25,41.0,2/12/25,77.0,29B
s3://braingeneers/braindance/25-02-25_busybees/,25245lc,exp1/exp1_cont_14,s3://braingeneers/braindance/25-02-25_busybees/25245lc/exp1/exp1_cont_14.raw.h5,0,0.0,,False,spontaneous,153,True,201.0,25-02-25_busybees,exp1,False,,,1,dorsal ,C57BL6,1/15/25,41.0,2/12/25,77.0,29B
s3://braingeneers/braindance/25-02-25_busybees/,25245lc,exp1/exp1_cont_81,s3://braingeneers/braindance/25-02-25_busybees/25245lc/exp1/exp1_cont_81.raw.h5,950,0.5,0.5000009132358593,True,stim,153,True,201.0,25-02-25_busybees,exp1,False,,,1,dorsal ,C57BL6,1/15/25,41.0,2/12/25,77.0,29B
s3://braingeneers/braindance/25-02-25_busybees/,25245lc,exp1/exp1_cont_96,s3://braingeneers/braindance/25-02-25_busybees/25245lc/exp1/exp1_cont_96.raw.h5,0,0.0,,False,spontaneous,153,True,201.0,25-02-25_busybees,exp1,False,,,1,dorsal ,C57BL6,1/15/25,41.0,2/12/25,77.0,29B
s3://braingeneers/braindance/25-02-25_busybees/,25245lc,exp1/exp1_cont_99,s3://braingeneers/braindance/25-02-25_busybees/25245lc/exp1/exp1_cont_99.raw.h5,15200,8.0,7.999980319621144,True,stim,153,True,201.0,25-02-25_busybees,exp1,False,,,1,dorsal ,C57BL6,1/15/25,41.0,2/12/25,77.0,29B
s3://braingeneers/braindance/25-02-25_busybees/,25245lc,exp1/exp1_cont_41,s3://braingeneers/braindance/25-02-25_busybees/25245lc/exp1/exp1_cont_41.raw.h5,950,0.5,0.5000000146512029,True,stim,153,True,201.0,25-02-25_busybees,exp1,False,,,1,dorsal ,C57BL6,1/15/25,41.0,2/12/25,77.0,29B
s3://braingeneers/braindance/25-02-25_busybees/,25245lc,exp1/exp1_cont_125,s3://braingeneers/braindance/25-02-25_busybees/25245lc/exp1/exp1_cont_125.raw.h5,3800,2.0,1.999996479310235,True,stim,153,True,201.0,25-02-25_busybees,exp1,False,,,1,dorsal ,C57BL6,1/15/25,41.0,2/12/25,77.0,29B
s3://braingeneers/braindance/25-02-25_busybees/,25245lc,exp1/exp1_cont_144,s3://braingeneers/braindance/25-02-25_busybees/25245lc/exp1/exp1_cont_144.raw.h5,0,0.0,,False,spontaneous,153,True,201.0,25-02-25_busybees,exp1,False,,,1,dorsal ,C57BL6,1/15/25,41.0,2/12/25,77.0,29B
s3://braingeneers/braindance/25-02-25_busybees/,25245lc,exp1/exp1_cont_117,s3://braingeneers/braindance/25-02-25_busybees/25245lc/exp1/exp1_cont_117.raw.h5,7600,4.0,3.999985504705311,True,stim,153,True,201.0,25-02-25_busybees,exp1,False,,,1,dorsal ,C57BL6,1/15/25,41.0,2/12/25,77.0,29B
s3://braingeneers/braindance/25-02-25_busybees/,25245lc,exp1/exp1_cont_130,s3://braingeneers/braindance/25-02-25_busybees/25245lc/exp1/exp1_cont_130.raw.h5,0,0.0,,False,spontaneous,153,True,201.0,25-02-25_busybees,exp1,False,,,1,dorsal ,C57BL6,1/15/25,41.0,2/12/25,77.0,29B
s3://braingeneers/braindance/25-02-25_busybees/,25245lc,exp1/exp1_cont_108,s3://braingeneers/braindance/25-02-25_busybees/25245lc/exp1/exp1_cont_108.raw.h5,0,0.0,,False,spontaneous,153,True,201.0,25-02-25_busybees,exp1,False,,,1,dorsal ,C57BL6,1/15/25,41.0,2/12/25,77.0,29B
s3://braingeneers/braindance/25-02-25_busybees/,25245lc,exp1/exp1_cont_2,s3://braingeneers/braindance/25-02-25_busybees/25245lc/exp1/exp1_cont_2.raw.h5,0,0.0,,False,spontaneous,153,True,201.0,25-02-25_busybees,exp1,False,,,1,dorsal ,C57BL6,1/15/25,41.0,2/12/25,77.0,29B
s3://braingeneers/braindance/25-02-25_busybees/,25245lc,exp1/exp1_cont_82,s3://braingeneers/braindance/25-02-25_busybees/25245lc/exp1/exp1_cont_82.raw.h5,0,0.0,,False,spontaneous,153,True,201.0,25-02-25_busybees,exp1,False,,,1,dorsal ,C57BL6,1/15/25,41.0,2/12/25,77.0,29B
s3://braingeneers/braindance/25-02-25_busybees/,25245lc,exp1/exp1_cont_36,s3://braingeneers/braindance/25-02-25_busybees/25245lc/exp1/exp1_cont_36.raw.h5,0,0.0,,False,spontaneous,153,True,201.0,25-02-25_busybees,exp1,False,,,1,dorsal ,C57BL6,1/15/25,41.0,2/12/25,77.0,29B
s3://braingeneers/braindance/25-02-25_busybees/,25245lc,exp1/exp1_cont_54,s3://braingeneers/braindance/25-02-25_busybees/25245lc/exp1/exp1_cont_54.raw.h5,0,0.0,,False,spontaneous,153,True,201.0,25-02-25_busybees,exp1,False,,,1,dorsal ,C57BL6,1/15/25,41.0,2/12/25,77.0,29B
s3://braingeneers/braindance/25-02-25_busybees/,25245lc,exp1/exp1_cont_114,s3://braingeneers/braindance/25-02-25_busybees/25245lc/exp1/exp1_cont_114.raw.h5,0,0.0,,False,spontaneous,153,True,201.0,25-02-25_busybees,exp1,False,,,1,dorsal ,C57BL6,1/15/25,41.0,2/12/25,77.0,29B
s3://braingeneers/braindance/25-02-25_busybees/,25245lc,exp1/exp1_cont_100,s3://braingeneers/braindance/25-02-25_busybees/25245lc/exp1/exp1_cont_100.raw.h5,0,0.0,,False,spontaneous,153,True,201.0,25-02-25_busybees,exp1,False,,,1,dorsal ,C57BL6,1/15/25,41.0,2/12/25,77.0,29B
s3://braingeneers/braindance/25-02-25_busybees/,25245lc,exp1/exp1_cont_150,s3://braingeneers/braindance/25-02-25_busybees/25245lc/exp1/exp1_cont_150.raw.h5,0,0.0,,False,spontaneous,153,True,201.0,25-02-25_busybees,exp1,False,,,1,dorsal ,C57BL6,1/15/25,41.0,2/12/25,77.0,29B
s3://braingeneers/braindance/25-02-25_busybees/,25245lc,exp1/exp1_cont_83,s3://braingeneers/braindance/25-02-25_busybees/25245lc/exp1/exp1_cont_83.raw.h5,1900,1.0,0.9999984080093683,True,stim,153,True,201.0,25-02-25_busybees,exp1,False,,,1,dorsal ,C57BL6,1/15/25,41.0,2/12/25,77.0,29B
s3://braingeneers/braindance/25-02-25_busybees/,25245lc,exp1/exp1_cont_93,s3://braingeneers/braindance/25-02-25_busybees/25245lc/exp1/exp1_cont_93.raw.h5,1900,1.0,0.9999976406216646,True,stim,153,True,201.0,25-02-25_busybees,exp1,False,,,1,dorsal ,C57BL6,1/15/25,41.0,2/12/25,77.0,29B
s3://braingeneers/braindance/25-02-25_busybees/,25245lc,exp1/exp1_cont_137,s3://braingeneers/braindance/25-02-25_busybees/25245lc/exp1/exp1_cont_137.raw.h5,7600,4.0,3.999982682849032,True,stim,153,True,201.0,25-02-25_busybees,exp1,False,,,1,dorsal ,C57BL6,1/15/25,41.0,2/12/25,77.0,29B
s3://braingeneers/braindance/25-02-25_busybees/,25245lc,exp1/exp1_cont_51,s3://braingeneers/braindance/25-02-25_busybees/25245lc/exp1/exp1_cont_51.raw.h5,950,0.5,0.5000000761609791,True,stim,153,True,201.0,25-02-25_busybees,exp1,False,,,1,dorsal ,C57BL6,1/15/25,41.0,2/12/25,77.0,29B
s3://braingeneers/braindance/25-02-25_busybees/,25245lc,exp1/exp1_cont_118,s3://braingeneers/braindance/25-02-25_busybees/25245lc/exp1/exp1_cont_118.raw.h5,0,0.0,,False,spontaneous,153,True,201.0,25-02-25_busybees,exp1,False,,,1,dorsal ,C57BL6,1/15/25,41.0,2/12/25,77.0,29B
s3://braingeneers/braindance/25-02-25_busybees/,25245lc,exp1/exp1_cont_53,s3://braingeneers/braindance/25-02-25_busybees/25245lc/exp1/exp1_cont_53.raw.h5,1900,1.0,0.999997145647416,True,stim,153,True,201.0,25-02-25_busybees,exp1,False,,,1,dorsal ,C57BL6,1/15/25,41.0,2/12/25,77.0,29B
s3://braingeneers/braindance/25-02-25_busybees/,25245lc,exp1/exp1_cont_30,s3://braingeneers/braindance/25-02-25_busybees/25245lc/exp1/exp1_cont_30.raw.h5,0,0.0,,False,spontaneous,153,True,201.0,25-02-25_busybees,exp1,False,,,1,dorsal ,C57BL6,1/15/25,41.0,2/12/25,77.0,29B
s3://braingeneers/braindance/25-02-25_busybees/,25245lc,exp1/exp1_cont_67,s3://braingeneers/braindance/25-02-25_busybees/25245lc/exp1/exp1_cont_67.raw.h5,7600,4.0,3.9999946014233583,True,stim,153,True,201.0,25-02-25_busybees,exp1,False,,,1,dorsal ,C57BL6,1/15/25,41.0,2/12/25,77.0,29B
s3://braingeneers/braindance/25-02-25_busybees/,25245lc,exp1/exp1_cont_97,s3://braingeneers/braindance/25-02-25_busybees/25245lc/exp1/exp1_cont_97.raw.h5,7600,4.0,3.9999812273948225,True,stim,153,True,201.0,25-02-25_busybees,exp1,False,,,1,dorsal ,C57BL6,1/15/25,41.0,2/12/25,77.0,29B
s3://braingeneers/braindance/25-02-25_busybees/,25245lc,exp1/exp1_cont_22,s3://braingeneers/braindance/25-02-25_busybees/25245lc/exp1/exp1_cont_22.raw.h5,0,0.0,,False,spontaneous,153,True,201.0,25-02-25_busybees,exp1,False,,,1,dorsal ,C57BL6,1/15/25,41.0,2/12/25,77.0,29B
s3://braingeneers/braindance/25-02-25_busybees/,25245lc,exp1/exp1_cont,s3://braingeneers/braindance/25-02-25_busybees/25245lc/exp1/exp1_cont.raw.h5,0,0.0,,False,spontaneous,153,True,201.0,25-02-25_busybees,exp1,False,,,1,dorsal ,C57BL6,1/15/25,41.0,2/12/25,77.0,29B
s3://braingeneers/braindance/25-02-25_busybees/,25245lc,exp1/exp1_cont_1,s3://braingeneers/braindance/25-02-25_busybees/25245lc/exp1/exp1_cont_1.raw.h5,950,0.5,0.4999989598509521,True,stim,153,True,201.0,25-02-25_busybees,exp1,False,,,1,dorsal ,C57BL6,1/15/25,41.0,2/12/25,77.0,29B
s3://braingeneers/braindance/25-02-25_busybees/,25245lc,exp1/exp1_cont_23,s3://braingeneers/braindance/25-02-25_busybees/25245lc/exp1/exp1_cont_23.raw.h5,1900,1.0,1.000000114892587,True,stim,153,True,201.0,25-02-25_busybees,exp1,False,,,1,dorsal ,C57BL6,1/15/25,41.0,2/12/25,77.0,29B
s3://braingeneers/braindance/25-02-25_busybees/,25245lc,exp1/exp1_cont_7,s3://braingeneers/braindance/25-02-25_busybees/25245lc/exp1/exp1_cont_7.raw.h5,7600,4.0,3.999999490448838,True,stim,153,True,201.0,25-02-25_busybees,exp1,False,,,1,dorsal ,C57BL6,1/15/25,41.0,2/12/25,77.0,29B
s3://braingeneers/braindance/25-02-25_busybees/,25245lc,exp1/exp1_cont_26,s3://braingeneers/braindance/25-02-25_busybees/25245lc/exp1/exp1_cont_26.raw.h5,0,0.0,,False,spontaneous,153,True,201.0,25-02-25_busybees,exp1,False,,,1,dorsal ,C57BL6,1/15/25,41.0,2/12/25,77.0,29B
s3://braingeneers/braindance/25-02-25_busybees/,25245lc,exp1/exp1_cont_50,s3://braingeneers/braindance/25-02-25_busybees/25245lc/exp1/exp1_cont_50.raw.h5,0,0.0,,False,spontaneous,153,True,201.0,25-02-25_busybees,exp1,False,,,1,dorsal ,C57BL6,1/15/25,41.0,2/12/25,77.0,29B
s3://braingeneers/braindance/25-02-25_busybees/,25245lc,exp1/exp1_cont_141,s3://braingeneers/braindance/25-02-25_busybees/25245lc/exp1/exp1_cont_141.raw.h5,950,0.5,0.50000046888848,True,stim,153,True,201.0,25-02-25_busybees,exp1,False,,,1,dorsal ,C57BL6,1/15/25,41.0,2/12/25,77.0,29B
s3://braingeneers/braindance/25-02-25_busybees/,25245lc,exp1/exp1_cont_91,s3://braingeneers/braindance/25-02-25_busybees/25245lc/exp1/exp1_cont_91.raw.h5,950,0.5,0.4999990272266005,True,stim,153,True,201.0,25-02-25_busybees,exp1,False,,,1,dorsal ,C57BL6,1/15/25,41.0,2/12/25,77.0,29B
s3://braingeneers/braindance/25-02-25_busybees/,25245lc,exp1/exp1_cont_44,s3://braingeneers/braindance/25-02-25_busybees/25245lc/exp1/exp1_cont_44.raw.h5,0,0.0,,False,spontaneous,153,True,201.0,25-02-25_busybees,exp1,False,,,1,dorsal ,C57BL6,1/15/25,41.0,2/12/25,77.0,29B
s3://braingeneers/braindance/25-02-25_busybees/,25245lc,exp1/exp1_cont_105,s3://braingeneers/braindance/25-02-25_busybees/25245lc/exp1/exp1_cont_105.raw.h5,3800,2.0,1.999999468417077,True,stim,153,True,201.0,25-02-25_busybees,exp1,False,,,1,dorsal ,C57BL6,1/15/25,41.0,2/12/25,77.0,29B
s3://braingeneers/braindance/25-02-25_busybees/,25245lc,exp1/exp1_cont_104,s3://braingeneers/braindance/25-02-25_busybees/25245lc/exp1/exp1_cont_104.raw.h5,0,0.0,,False,spontaneous,153,True,201.0,25-02-25_busybees,exp1,False,,,1,dorsal ,C57BL6,1/15/25,41.0,2/12/25,77.0,29B
s3://braingeneers/braindance/25-02-25_busybees/,25245lc,exp1/exp1_cont_45,s3://braingeneers/braindance/25-02-25_busybees/25245lc/exp1/exp1_cont_45.raw.h5,3800,2.0,1.9999986313712992,True,stim,153,True,201.0,25-02-25_busybees,exp1,False,,,1,dorsal ,C57BL6,1/15/25,41.0,2/12/25,77.0,29B
s3://braingeneers/braindance/25-02-25_busybees/,25245lc,exp1/exp1_cont_84,s3://braingeneers/braindance/25-02-25_busybees/25245lc/exp1/exp1_cont_84.raw.h5,0,0.0,,False,spontaneous,153,True,201.0,25-02-25_busybees,exp1,False,,,1,dorsal ,C57BL6,1/15/25,41.0,2/12/25,77.0,29B
s3://braingeneers/braindance/25-02-25_busybees/,25245lc,exp1/exp1_cont_25,s3://braingeneers/braindance/25-02-25_busybees/25245lc/exp1/exp1_cont_25.raw.h5,3800,2.0,1.999999289555388,True,stim,153,True,201.0,25-02-25_busybees,exp1,False,,,1,dorsal ,C57BL6,1/15/25,41.0,2/12/25,77.0,29B
s3://braingeneers/braindance/25-02-25_busybees/,25245lc,exp1/exp1_cont_38,s3://braingeneers/braindance/25-02-25_busybees/25245lc/exp1/exp1_cont_38.raw.h5,0,0.0,,False,spontaneous,153,True,201.0,25-02-25_busybees,exp1,False,,,1,dorsal ,C57BL6,1/15/25,41.0,2/12/25,77.0,29B
s3://braingeneers/braindance/25-02-25_busybees/,25245lc,exp1/exp1_cont_92,s3://braingeneers/braindance/25-02-25_busybees/25245lc/exp1/exp1_cont_92.raw.h5,0,0.0,,False,spontaneous,153,True,201.0,25-02-25_busybees,exp1,False,,,1,dorsal ,C57BL6,1/15/25,41.0,2/12/25,77.0,29B
s3://braingeneers/braindance/25-02-25_busybees/,25245lc,exp1/exp1_cont_57,s3://braingeneers/braindance/25-02-25_busybees/25245lc/exp1/exp1_cont_57.raw.h5,7600,4.0,3.999992914116011,True,stim,153,True,201.0,25-02-25_busybees,exp1,False,,,1,dorsal ,C57BL6,1/15/25,41.0,2/12/25,77.0,29B
s3://braingeneers/braindance/25-02-25_busybees/,25245lc,exp1/exp1_cont_52,s3://braingeneers/braindance/25-02-25_busybees/25245lc/exp1/exp1_cont_52.raw.h5,0,0.0,,False,spontaneous,153,True,201.0,25-02-25_busybees,exp1,False,,,1,dorsal ,C57BL6,1/15/25,41.0,2/12/25,77.0,29B
s3://braingeneers/braindance/25-02-25_busybees/,25245lc,exp1/exp1_cont_42,s3://braingeneers/braindance/25-02-25_busybees/25245lc/exp1/exp1_cont_42.raw.h5,0,0.0,,False,spontaneous,153,True,201.0,25-02-25_busybees,exp1,False,,,1,dorsal ,C57BL6,1/15/25,41.0,2/12/25,77.0,29B
s3://braingeneers/braindance/25-02-25_busybees/,25245lc,exp1/exp1_cont_127,s3://braingeneers/braindance/25-02-25_busybees/25245lc/exp1/exp1_cont_127.raw.h5,7600,4.0,4.000015586427284,True,stim,153,True,201.0,25-02-25_busybees,exp1,False,,,1,dorsal ,C57BL6,1/15/25,41.0,2/12/25,77.0,29B
s3://braingeneers/braindance/25-02-25_busybees/,25245lc,exp1/exp1_cont_128,s3://braingeneers/braindance/25-02-25_busybees/25245lc/exp1/exp1_cont_128.raw.h5,0,0.0,,False,spontaneous,153,True,201.0,25-02-25_busybees,exp1,False,,,1,dorsal ,C57BL6,1/15/25,41.0,2/12/25,77.0,29B
s3://braingeneers/braindance/25-02-25_busybees/,25245lc,exp1/exp1_cont_12,s3://braingeneers/braindance/25-02-25_busybees/25245lc/exp1/exp1_cont_12.raw.h5,0,0.0,,False,spontaneous,153,True,201.0,25-02-25_busybees,exp1,False,,,1,dorsal ,C57BL6,1/15/25,41.0,2/12/25,77.0,29B
s3://braingeneers/braindance/25-02-25_busybees/,25245lc,exp1/exp1_cont_115,s3://braingeneers/braindance/25-02-25_busybees/25245lc/exp1/exp1_cont_115.raw.h5,3800,2.0,1.999997815742305,True,stim,153,True,201.0,25-02-25_busybees,exp1,False,,,1,dorsal ,C57BL6,1/15/25,41.0,2/12/25,77.0,29B
s3://braingeneers/braindance/25-02-25_busybees/,25245lc,exp1/exp1_cont_132,s3://braingeneers/braindance/25-02-25_busybees/25245lc/exp1/exp1_cont_132.raw.h5,0,0.0,,False,spontaneous,153,True,201.0,25-02-25_busybees,exp1,False,,,1,dorsal ,C57BL6,1/15/25,41.0,2/12/25,77.0,29B
s3://braingeneers/braindance/25-02-25_busybees/,25245lc,exp1/exp1_cont_66,s3://braingeneers/braindance/25-02-25_busybees/25245lc/exp1/exp1_cont_66.raw.h5,0,0.0,,False,spontaneous,153,True,201.0,25-02-25_busybees,exp1,False,,,1,dorsal ,C57BL6,1/15/25,41.0,2/12/25,77.0,29B
s3://braingeneers/braindance/25-02-25_busybees/,25245lc,exp1/exp1_cont_85,s3://braingeneers/braindance/25-02-25_busybees/25245lc/exp1/exp1_cont_85.raw.h5,3800,2.0,1.9999973806172595,True,stim,153,True,201.0,25-02-25_busybees,exp1,False,,,1,dorsal ,C57BL6,1/15/25,41.0,2/12/25,77.0,29B
s3://braingeneers/braindance/25-02-25_busybees/,25245lc,exp1/exp1_cont_151,s3://braingeneers/braindance/25-02-25_busybees/25245lc/exp1/exp1_cont_151.raw.h5,310,0.5,0.5000060790682573,True,stim,153,True,201.0,25-02-25_busybees,exp1,False,,,1,dorsal ,C57BL6,1/15/25,41.0,2/12/25,77.0,29B
s3://braingeneers/braindance/25-02-25_busybees/,25245lc,exp1/exp1_cont_16,s3://braingeneers/braindance/25-02-25_busybees/25245lc/exp1/exp1_cont_16.raw.h5,0,0.0,,False,spontaneous,153,True,201.0,25-02-25_busybees,exp1,False,,,1,dorsal ,C57BL6,1/15/25,41.0,2/12/25,77.0,29B
s3://braingeneers/braindance/25-02-25_busybees/,25245lc,exp1/exp1_cont_110,s3://braingeneers/braindance/25-02-25_busybees/25245lc/exp1/exp1_cont_110.raw.h5,0,0.0,,False,spontaneous,153,True,201.0,25-02-25_busybees,exp1,False,,,1,dorsal ,C57BL6,1/15/25,41.0,2/12/25,77.0,29B
s3://braingeneers/braindance/25-02-25_busybees/,25245lc,exp1/exp1_cont_5,s3://braingeneers/braindance/25-02-25_busybees/25245lc/exp1/exp1_cont_5.raw.h5,3800,2.0,1.999991694760454,True,stim,153,True,201.0,25-02-25_busybees,exp1,False,,,1,dorsal ,C57BL6,1/15/25,41.0,2/12/25,77.0,29B
s3://braingeneers/braindance/25-02-25_busybees/,25245lc,exp1/exp1_cont_18,s3://braingeneers/braindance/25-02-25_busybees/25245lc/exp1/exp1_cont_18.raw.h5,0,0.0,,False,spontaneous,153,True,201.0,25-02-25_busybees,exp1,False,,,1,dorsal ,C57BL6,1/15/25,41.0,2/12/25,77.0,29B
s3://braingeneers/braindance/25-02-25_busybees/,25245lc,exp1/exp1_cont_109,s3://braingeneers/braindance/25-02-25_busybees/25245lc/exp1/exp1_cont_109.raw.h5,15200,8.0,7.999968049288709,True,stim,153,True,201.0,25-02-25_busybees,exp1,False,,,1,dorsal ,C57BL6,1/15/25,41.0,2/12/25,77.0,29B
s3://braingeneers/braindance/25-02-25_busybees/,25245lc,exp1/exp1_cont_68,s3://braingeneers/braindance/25-02-25_busybees/25245lc/exp1/exp1_cont_68.raw.h5,0,0.0,,False,spontaneous,153,True,201.0,25-02-25_busybees,exp1,False,,,1,dorsal ,C57BL6,1/15/25,41.0,2/12/25,77.0,29B
s3://braingeneers/braindance/25-02-25_busybees/,25245lc,exp1/exp1_cont_87,s3://braingeneers/braindance/25-02-25_busybees/25245lc/exp1/exp1_cont_87.raw.h5,7600,4.0,3.999996560405143,True,stim,153,True,201.0,25-02-25_busybees,exp1,False,,,1,dorsal ,C57BL6,1/15/25,41.0,2/12/25,77.0,29B
s3://braingeneers/braindance/25-02-25_busybees/,25245lc,exp1/exp1_cont_136,s3://braingeneers/braindance/25-02-25_busybees/25245lc/exp1/exp1_cont_136.raw.h5,0,0.0,,False,spontaneous,153,True,201.0,25-02-25_busybees,exp1,False,,,1,dorsal ,C57BL6,1/15/25,41.0,2/12/25,77.0,29B
s3://braingeneers/braindance/25-02-25_busybees/,25245lc,exp1/exp1_cont_21,s3://braingeneers/braindance/25-02-25_busybees/25245lc/exp1/exp1_cont_21.raw.h5,950,0.5,0.5000003430060359,True,stim,153,True,201.0,25-02-25_busybees,exp1,False,,,1,dorsal ,C57BL6,1/15/25,41.0,2/12/25,77.0,29B
s3://braingeneers/braindance/25-02-25_busybees/,25245lc,exp1/exp1_cont_102,s3://braingeneers/braindance/25-02-25_busybees/25245lc/exp1/exp1_cont_102.raw.h5,0,0.0,,False,spontaneous,153,True,201.0,25-02-25_busybees,exp1,False,,,1,dorsal ,C57BL6,1/15/25,41.0,2/12/25,77.0,29B
s3://braingeneers/braindance/25-02-25_busybees/,25245lc,exp1/exp1_cont_35,s3://braingeneers/braindance/25-02-25_busybees/25245lc/exp1/exp1_cont_35.raw.h5,3800,2.0,1.999998891955352,True,stim,153,True,201.0,25-02-25_busybees,exp1,False,,,1,dorsal ,C57BL6,1/15/25,41.0,2/12/25,77.0,29B
s3://braingeneers/braindance/25-02-25_busybees/,25245lc,exp1/exp1_cont_33,s3://braingeneers/braindance/25-02-25_busybees/25245lc/exp1/exp1_cont_33.raw.h5,1900,1.0,1.0000008127953033,True,stim,153,True,201.0,25-02-25_busybees,exp1,False,,,1,dorsal ,C57BL6,1/15/25,41.0,2/12/25,77.0,29B
s3://braingeneers/braindance/25-02-25_busybees/,25245lc,exp1/exp1_cont_28,s3://braingeneers/braindance/25-02-25_busybees/25245lc/exp1/exp1_cont_28.raw.h5,0,0.0,,False,spontaneous,153,True,201.0,25-02-25_busybees,exp1,False,,,1,dorsal ,C57BL6,1/15/25,41.0,2/12/25,77.0,29B
s3://braingeneersdev/asrobbin/braindance_data/25-02-25_busybees/,21985ic,exp1/exp1,s3://braingeneersdev/asrobbin/braindance_data/25-02-25_busybees/21985ic/exp1/exp1.raw.h5,0,0.0,,False,spontaneous,47,True,399.0,25-02-25_busybees,exp1,True,,,1,dorsal ,C57BL6,1/15/25,41.0,2/12/25,77.0,5A
s3://braingeneersdev/asrobbin/braindance_data/25-02-25_busybees/,21985ic,exp1/exp1_cont_9,s3://braingeneersdev/asrobbin/braindance_data/25-02-25_busybees/21985ic/exp1/exp1_cont_9.raw.h5,16800,8.0,7.999991086481511,True,stim,47,True,399.0,25-02-25_busybees,exp1,False,,,1,dorsal ,C57BL6,1/15/25,41.0,2/12/25,77.0,5A
s3://braingeneersdev/asrobbin/braindance_data/25-02-25_busybees/,21985ic,exp1/exp1_cont_19,s3://braingeneersdev/asrobbin/braindance_data/25-02-25_busybees/21985ic/exp1/exp1_cont_19.raw.h5,16800,8.0,7.999999317902264,True,stim,47,True,399.0,25-02-25_busybees,exp1,False,,,1,dorsal ,C57BL6,1/15/25,41.0,2/12/25,77.0,5A
s3://braingeneersdev/asrobbin/braindance_data/25-02-25_busybees/,21985ic,exp1/exp1_cont_2,s3://braingeneersdev/asrobbin/braindance_data/25-02-25_busybees/21985ic/exp1/exp1_cont_2.raw.h5,0,0.0,,False,spontaneous,47,True,399.0,25-02-25_busybees,exp1,False,,,1,dorsal ,C57BL6,1/15/25,41.0,2/12/25,77.0,5A
s3://braingeneersdev/asrobbin/braindance_data/25-02-25_busybees/,21985ic,exp1/exp1_cont_12,s3://braingeneersdev/asrobbin/braindance_data/25-02-25_busybees/21985ic/exp1/exp1_cont_12.raw.h5,0,0.0,,False,spontaneous,47,True,399.0,25-02-25_busybees,exp1,False,,,1,dorsal ,C57BL6,1/15/25,41.0,2/12/25,77.0,5A
s3://braingeneersdev/asrobbin/braindance_data/25-02-25_busybees/,21985ic,exp1/exp1_cont_11,s3://braingeneersdev/asrobbin/braindance_data/25-02-25_busybees/21985ic/exp1/exp1_cont_11.raw.h5,1050,0.5,0.4999993445728313,True,stim,47,True,399.0,25-02-25_busybees,exp1,False,,,1,dorsal ,C57BL6,1/15/25,41.0,2/12/25,77.0,5A
s3://braingeneersdev/asrobbin/braindance_data/25-02-25_busybees/,21985ic,exp1/exp1_cont_13,s3://braingeneersdev/asrobbin/braindance_data/25-02-25_busybees/21985ic/exp1/exp1_cont_13.raw.h5,2100,1.0,0.999996887325044,True,stim,47,True,399.0,25-02-25_busybees,exp1,False,,,1,dorsal ,C57BL6,1/15/25,41.0,2/12/25,77.0,5A
s3://braingeneersdev/asrobbin/braindance_data/25-02-25_busybees/,21985ic,exp1/exp1_cont_8,s3://braingeneersdev/asrobbin/braindance_data/25-02-25_busybees/21985ic/exp1/exp1_cont_8.raw.h5,0,0.0,,False,spontaneous,47,True,399.0,25-02-25_busybees,exp1,False,,,1,dorsal ,C57BL6,1/15/25,41.0,2/12/25,77.0,5A
s3://braingeneersdev/asrobbin/braindance_data/25-02-25_busybees/,21985ic,exp1/exp1_cont_16,s3://braingeneersdev/asrobbin/braindance_data/25-02-25_busybees/21985ic/exp1/exp1_cont_16.raw.h5,0,0.0,,False,spontaneous,47,True,399.0,25-02-25_busybees,exp1,False,,,1,dorsal ,C57BL6,1/15/25,41.0,2/12/25,77.0,5A
s3://braingeneersdev/asrobbin/braindance_data/25-02-25_busybees/,21985ic,exp1/exp1_cont_6,s3://braingeneersdev/asrobbin/braindance_data/25-02-25_busybees/21985ic/exp1/exp1_cont_6.raw.h5,0,0.0,,False,spontaneous,47,True,399.0,25-02-25_busybees,exp1,False,,,1,dorsal ,C57BL6,1/15/25,41.0,2/12/25,77.0,5A
s3://braingeneersdev/asrobbin/braindance_data/25-02-25_busybees/,21985ic,exp1/exp1_cont_5,s3://braingeneersdev/asrobbin/braindance_data/25-02-25_busybees/21985ic/exp1/exp1_cont_5.raw.h5,4200,2.0,1.999998497397657,True,stim,47,True,399.0,25-02-25_busybees,exp1,False,,,1,dorsal ,C57BL6,1/15/25,41.0,2/12/25,77.0,5A
s3://braingeneersdev/asrobbin/braindance_data/25-02-25_busybees/,21985ic,exp1/exp1_cont_18,s3://braingeneersdev/asrobbin/braindance_data/25-02-25_busybees/21985ic/exp1/exp1_cont_18.raw.h5,0,0.0,,False,spontaneous,47,True,399.0,25-02-25_busybees,exp1,False,,,1,dorsal ,C57BL6,1/15/25,41.0,2/12/25,77.0,5A
s3://braingeneersdev/asrobbin/braindance_data/25-02-25_busybees/,21985ic,exp1/exp1_cont_3,s3://braingeneersdev/asrobbin/braindance_data/25-02-25_busybees/21985ic/exp1/exp1_cont_3.raw.h5,2100,1.0,0.9999979625353568,True,stim,47,True,399.0,25-02-25_busybees,exp1,False,,,1,dorsal ,C57BL6,1/15/25,41.0,2/12/25,77.0,5A
s3://braingeneersdev/asrobbin/braindance_data/25-02-25_busybees/,21985ic,exp1/exp1_cont,s3://braingeneersdev/asrobbin/braindance_data/25-02-25_busybees/21985ic/exp1/exp1_cont.raw.h5,0,0.0,,False,spontaneous,47,True,399.0,25-02-25_busybees,exp1,False,,,1,dorsal ,C57BL6,1/15/25,41.0,2/12/25,77.0,5A
s3://braingeneersdev/asrobbin/braindance_data/25-02-25_busybees/,21985ic,exp1/exp1_cont_1,s3://braingeneersdev/asrobbin/braindance_data/25-02-25_busybees/21985ic/exp1/exp1_cont_1.raw.h5,1050,0.5,0.4999996520960492,True,stim,47,True,399.0,25-02-25_busybees,exp1,False,,,1,dorsal ,C57BL6,1/15/25,41.0,2/12/25,77.0,5A
s3://braingeneersdev/asrobbin/braindance_data/25-02-25_busybees/,21985ic,exp1/exp1_cont_20,s3://braingeneersdev/asrobbin/braindance_data/25-02-25_busybees/21985ic/exp1/exp1_cont_20.raw.h5,0,0.0,,False,spontaneous,47,True,399.0,25-02-25_busybees,exp1,False,,,1,dorsal ,C57BL6,1/15/25,41.0,2/12/25,77.0,5A
s3://braingeneersdev/asrobbin/braindance_data/25-02-25_busybees/,21985ic,exp1/exp1_cont_17,s3://braingeneersdev/asrobbin/braindance_data/25-02-25_busybees/21985ic/exp1/exp1_cont_17.raw.h5,8400,4.0,4.000003765615598,True,stim,47,True,399.0,25-02-25_busybees,exp1,False,,,1,dorsal ,C57BL6,1/15/25,41.0,2/12/25,77.0,5A
s3://braingeneersdev/asrobbin/braindance_data/25-02-25_busybees/,21985ic,exp1/exp1_cont_4,s3://braingeneersdev/asrobbin/braindance_data/25-02-25_busybees/21985ic/exp1/exp1_cont_4.raw.h5,0,0.0,,False,spontaneous,47,True,399.0,25-02-25_busybees,exp1,False,,,1,dorsal ,C57BL6,1/15/25,41.0,2/12/25,77.0,5A
s3://braingeneersdev/asrobbin/braindance_data/25-02-25_busybees/,21985ic,exp1/exp1_cont_10,s3://braingeneersdev/asrobbin/braindance_data/25-02-25_busybees/21985ic/exp1/exp1_cont_10.raw.h5,0,0.0,,False,spontaneous,47,True,399.0,25-02-25_busybees,exp1,False,,,1,dorsal ,C57BL6,1/15/25,41.0,2/12/25,77.0,5A
s3://braingeneersdev/asrobbin/braindance_data/25-02-25_busybees/,21985ic,exp1/exp1_cont_7,s3://braingeneersdev/asrobbin/braindance_data/25-02-25_busybees/21985ic/exp1/exp1_cont_7.raw.h5,8400,4.0,3.999999879648599,True,stim,47,True,399.0,25-02-25_busybees,exp1,False,,,1,dorsal ,C57BL6,1/15/25,41.0,2/12/25,77.0,5A
s3://braingeneersdev/asrobbin/braindance_data/25-02-25_busybees/,21985ic,exp1/exp1_cont_15,s3://braingeneersdev/asrobbin/braindance_data/25-02-25_busybees/21985ic/exp1/exp1_cont_15.raw.h5,4200,2.0,1.9999931507850257,True,stim,47,True,399.0,25-02-25_busybees,exp1,False,,,1,dorsal ,C57BL6,1/15/25,41.0,2/12/25,77.0,5A
s3://braingeneersdev/asrobbin/braindance_data/25-02-25_busybees/,21985ic,exp1/exp1_cont_14,s3://braingeneersdev/asrobbin/braindance_data/25-02-25_busybees/21985ic/exp1/exp1_cont_14.raw.h5,0,0.0,,False,spontaneous,47,True,399.0,25-02-25_busybees,exp1,False,,,1,dorsal ,C57BL6,1/15/25,41.0,2/12/25,77.0,5A
s3://braingeneers/braindance/25_04_15_busiest_bee/,23117kv,exp1/exp1_cont_95,s3://braingeneers/braindance/25_04_15_busiest_bee/23117kv/exp1/exp1_cont_95.raw.h5,4000,2.0,1.9999919800491737,True,stim,123,True,87.0,25_04_15_busiest_bee,exp1,False,,,,,,,,,,12A
s3://braingeneers/braindance/25_04_15_busiest_bee/,23117kv,exp1/exp1_cont_46,s3://braingeneers/braindance/25_04_15_busiest_bee/23117kv/exp1/exp1_cont_46.raw.h5,0,0.0,,False,spontaneous,123,True,87.0,25_04_15_busiest_bee,exp1,False,,,,,,,,,,12A
s3://braingeneers/braindance/25_04_15_busiest_bee/,23117kv,exp1/exp1_cont_107,s3://braingeneers/braindance/25_04_15_busiest_bee/23117kv/exp1/exp1_cont_107.raw.h5,8000,4.0,3.9999978384229538,True,stim,123,True,87.0,25_04_15_busiest_bee,exp1,False,,,,,,,,,,12A
s3://braingeneers/braindance/25_04_15_busiest_bee/,23117kv,exp1/exp1_cont_39,s3://braingeneers/braindance/25_04_15_busiest_bee/23117kv/exp1/exp1_cont_39.raw.h5,16000,8.0,7.999984782345852,True,stim,123,True,87.0,25_04_15_busiest_bee,exp1,False,,,,,,,,,,12A
s3://braingeneers/braindance/25_04_15_busiest_bee/,23117kv,exp1/exp1_cont_62,s3://braingeneers/braindance/25_04_15_busiest_bee/23117kv/exp1/exp1_cont_62.raw.h5,0,0.0,,False,spontaneous,123,True,87.0,25_04_15_busiest_bee,exp1,False,,,,,,,,,,12A
s3://braingeneers/braindance/25_04_15_busiest_bee/,23117kv,exp1/exp1_cont_37,s3://braingeneers/braindance/25_04_15_busiest_bee/23117kv/exp1/exp1_cont_37.raw.h5,8000,4.0,4.000005306420346,True,stim,123,True,87.0,25_04_15_busiest_bee,exp1,False,,,,,,,,,,12A
s3://braingeneers/braindance/25_04_15_busiest_bee/,23117kv,exp1/exp1_cont_61,s3://braingeneers/braindance/25_04_15_busiest_bee/23117kv/exp1/exp1_cont_61.raw.h5,1000,0.5,0.5000002034993312,True,stim,123,True,87.0,25_04_15_busiest_bee,exp1,False,,,,,,,,,,12A
s3://braingeneers/braindance/25_04_15_busiest_bee/,23117kv,exp1/exp1_cont_111,s3://braingeneers/braindance/25_04_15_busiest_bee/23117kv/exp1/exp1_cont_111.raw.h5,1000,0.5,0.5000005845780079,True,stim,123,True,87.0,25_04_15_busiest_bee,exp1,False,,,,,,,,,,12A
s3://braingeneers/braindance/25_04_15_busiest_bee/,23117kv,exp1/exp1_cont_89,s3://braingeneers/braindance/25_04_15_busiest_bee/23117kv/exp1/exp1_cont_89.raw.h5,16000,8.0,7.99997412804267,True,stim,123,True,87.0,25_04_15_busiest_bee,exp1,False,,,,,,,,,,12A
s3://braingeneers/braindance/25_04_15_busiest_bee/,23117kv,exp1/exp1_cont_31,s3://braingeneers/braindance/25_04_15_busiest_bee/23117kv/exp1/exp1_cont_31.raw.h5,1000,0.5,0.4999988124455142,True,stim,123,True,87.0,25_04_15_busiest_bee,exp1,False,,,,,,,,,,12A
s3://braingeneers/braindance/25_04_15_busiest_bee/,23117kv,exp1/exp1_cont_78,s3://braingeneers/braindance/25_04_15_busiest_bee/23117kv/exp1/exp1_cont_78.raw.h5,0,0.0,,False,spontaneous,123,True,87.0,25_04_15_busiest_bee,exp1,False,,,,,,,,,,12A
s3://braingeneers/braindance/25_04_15_busiest_bee/,23117kv,exp1/exp1_cont_70,s3://braingeneers/braindance/25_04_15_busiest_bee/23117kv/exp1/exp1_cont_70.raw.h5,0,0.0,,False,spontaneous,123,True,87.0,25_04_15_busiest_bee,exp1,False,,,,,,,,,,12A
s3://braingeneers/braindance/25_04_15_busiest_bee/,23117kv,exp1/exp1_cont_103,s3://braingeneers/braindance/25_04_15_busiest_bee/23117kv/exp1/exp1_cont_103.raw.h5,2000,1.0,1.0000005613169682,True,stim,123,True,87.0,25_04_15_busiest_bee,exp1,False,,,,,,,,,,12A
s3://braingeneers/braindance/25_04_15_busiest_bee/,23117kv,exp1/exp1_cont_13,s3://braingeneers/braindance/25_04_15_busiest_bee/23117kv/exp1/exp1_cont_13.raw.h5,2000,1.0,1.0000001169154713,True,stim,123,True,87.0,25_04_15_busiest_bee,exp1,False,,,,,,,,,,12A
s3://braingeneers/braindance/25_04_15_busiest_bee/,23117kv,exp1/exp1_cont_94,s3://braingeneers/braindance/25_04_15_busiest_bee/23117kv/exp1/exp1_cont_94.raw.h5,0,0.0,,False,spontaneous,123,True,87.0,25_04_15_busiest_bee,exp1,False,,,,,,,,,,12A
s3://braingeneers/braindance/25_04_15_busiest_bee/,23117kv,exp1/exp1_cont_74,s3://braingeneers/braindance/25_04_15_busiest_bee/23117kv/exp1/exp1_cont_74.raw.h5,0,0.0,,False,spontaneous,123,True,87.0,25_04_15_busiest_bee,exp1,False,,,,,,,,,,12A
s3://braingeneers/braindance/25_04_15_busiest_bee/,23117kv,exp1/exp1_cont_121,s3://braingeneers/braindance/25_04_15_busiest_bee/23117kv/exp1/exp1_cont_121.raw.h5,924,0.5,0.4999990619597793,True,stim,123,True,87.0,25_04_15_busiest_bee,exp1,False,,,,,,,,,,12A
s3://braingeneers/braindance/25_04_15_busiest_bee/,23117kv,exp1/exp1_cont_65,s3://braingeneers/braindance/25_04_15_busiest_bee/23117kv/exp1/exp1_cont_65.raw.h5,4000,2.0,1.9999972354096711,True,stim,123,True,87.0,25_04_15_busiest_bee,exp1,False,,,,,,,,,,12A
s3://braingeneers/braindance/25_04_15_busiest_bee/,23117kv,exp1/exp1_cont_6,s3://braingeneers/braindance/25_04_15_busiest_bee/23117kv/exp1/exp1_cont_6.raw.h5,0,0.0,,False,spontaneous,123,True,87.0,25_04_15_busiest_bee,exp1,False,,,,,,,,,,12A
s3://braingeneers/braindance/25_04_15_busiest_bee/,23117kv,exp1/exp1_cont_72,s3://braingeneers/braindance/25_04_15_busiest_bee/23117kv/exp1/exp1_cont_72.raw.h5,0,0.0,,False,spontaneous,123,True,87.0,25_04_15_busiest_bee,exp1,False,,,,,,,,,,12A
s3://braingeneers/braindance/25_04_15_busiest_bee/,23117kv,exp1/exp1_cont_29,s3://braingeneers/braindance/25_04_15_busiest_bee/23117kv/exp1/exp1_cont_29.raw.h5,16000,8.0,7.999978976845283,True,stim,123,True,87.0,25_04_15_busiest_bee,exp1,False,,,,,,,,,,12A
s3://braingeneers/braindance/25_04_15_busiest_bee/,23117kv,exp1/exp1_cont_32,s3://braingeneers/braindance/25_04_15_busiest_bee/23117kv/exp1/exp1_cont_32.raw.h5,0,0.0,,False,spontaneous,123,True,87.0,25_04_15_busiest_bee,exp1,False,,,,,,,,,,12A
s3://braingeneers/braindance/25_04_15_busiest_bee/,23117kv,exp1/exp1_cont_116,s3://braingeneers/braindance/25_04_15_busiest_bee/23117kv/exp1/exp1_cont_116.raw.h5,0,0.0,,False,spontaneous,123,True,87.0,25_04_15_busiest_bee,exp1,False,,,,,,,,,,12A
s3://braingeneers/braindance/25_04_15_busiest_bee/,23117kv,exp1/exp1_cont_17,s3://braingeneers/braindance/25_04_15_busiest_bee/23117kv/exp1/exp1_cont_17.raw.h5,8000,4.0,3.999995547938445,True,stim,123,True,87.0,25_04_15_busiest_bee,exp1,False,,,,,,,,,,12A
s3://braingeneers/braindance/25_04_15_busiest_bee/,23117kv,exp1/exp1_cont_4,s3://braingeneers/braindance/25_04_15_busiest_bee/23117kv/exp1/exp1_cont_4.raw.h5,0,0.0,,False,spontaneous,123,True,87.0,25_04_15_busiest_bee,exp1,False,,,,,,,,,,12A
s3://braingeneers/braindance/25_04_15_busiest_bee/,23117kv,exp1/exp1_cont_86,s3://braingeneers/braindance/25_04_15_busiest_bee/23117kv/exp1/exp1_cont_86.raw.h5,0,0.0,,False,spontaneous,123,True,87.0,25_04_15_busiest_bee,exp1,False,,,,,,,,,,12A
s3://braingeneers/braindance/25_04_15_busiest_bee/,23117kv,exp1/exp1_cont_60,s3://braingeneers/braindance/25_04_15_busiest_bee/23117kv/exp1/exp1_cont_60.raw.h5,0,0.0,,False,spontaneous,123,True,87.0,25_04_15_busiest_bee,exp1,False,,,,,,,,,,12A
s3://braingeneers/braindance/25_04_15_busiest_bee/,23117kv,exp1/exp1_cont_75,s3://braingeneers/braindance/25_04_15_busiest_bee/23117kv/exp1/exp1_cont_75.raw.h5,4000,2.0,1.9999968893971911,True,stim,123,True,87.0,25_04_15_busiest_bee,exp1,False,,,,,,,,,,12A
s3://braingeneers/braindance/25_04_15_busiest_bee/,23117kv,exp1/exp1_cont_77,s3://braingeneers/braindance/25_04_15_busiest_bee/23117kv/exp1/exp1_cont_77.raw.h5,8000,4.0,3.9999871803346174,True,stim,123,True,87.0,25_04_15_busiest_bee,exp1,False,,,,,,,,,,12A
s3://braingeneers/braindance/25_04_15_busiest_bee/,23117kv,exp1/exp1_cont_119,s3://braingeneers/braindance/25_04_15_busiest_bee/23117kv/exp1/exp1_cont_119.raw.h5,16000,8.0,7.999997006493911,True,stim,123,True,87.0,25_04_15_busiest_bee,exp1,False,,,,,,,,,,12A
s3://braingeneers/braindance/25_04_15_busiest_bee/,23117kv,exp1/exp1_cont_55,s3://braingeneers/braindance/25_04_15_busiest_bee/23117kv/exp1/exp1_cont_55.raw.h5,4000,2.0,1.9999956008288804,True,stim,123,True,87.0,25_04_15_busiest_bee,exp1,False,,,,,,,,,,12A
s3://braingeneers/braindance/25_04_15_busiest_bee/,23117kv,exp1/exp1_cont_112,s3://braingeneers/braindance/25_04_15_busiest_bee/23117kv/exp1/exp1_cont_112.raw.h5,0,0.0,,False,spontaneous,123,True,87.0,25_04_15_busiest_bee,exp1,False,,,,,,,,,,12A
s3://braingeneers/braindance/25_04_15_busiest_bee/,23117kv,exp1/exp1_cont_24,s3://braingeneers/braindance/25_04_15_busiest_bee/23117kv/exp1/exp1_cont_24.raw.h5,0,0.0,,False,spontaneous,123,True,87.0,25_04_15_busiest_bee,exp1,False,,,,,,,,,,12A
s3://braingeneers/braindance/25_04_15_busiest_bee/,23117kv,exp1/exp1_cont_101,s3://braingeneers/braindance/25_04_15_busiest_bee/23117kv/exp1/exp1_cont_101.raw.h5,1000,0.5,0.4999996865787738,True,stim,123,True,87.0,25_04_15_busiest_bee,exp1,False,,,,,,,,,,12A
s3://braingeneers/braindance/25_04_15_busiest_bee/,23117kv,exp1/exp1_cont_3,s3://braingeneers/braindance/25_04_15_busiest_bee/23117kv/exp1/exp1_cont_3.raw.h5,2000,1.0,0.9999990412165268,True,stim,123,True,87.0,25_04_15_busiest_bee,exp1,False,,,,,,,,,,12A
s3://braingeneers/braindance/25_04_15_busiest_bee/,23117kv,exp1/exp1_cont_59,s3://braingeneers/braindance/25_04_15_busiest_bee/23117kv/exp1/exp1_cont_59.raw.h5,16000,8.0,8.000014895754731,True,stim,123,True,87.0,25_04_15_busiest_bee,exp1,False,,,,,,,,,,12A
s3://braingeneers/braindance/25_04_15_busiest_bee/,23117kv,exp1/exp1_cont_40,s3://braingeneers/braindance/25_04_15_busiest_bee/23117kv/exp1/exp1_cont_40.raw.h5,0,0.0,,False,spontaneous,123,True,87.0,25_04_15_busiest_bee,exp1,False,,,,,,,,,,12A
s3://braingeneers/braindance/25_04_15_busiest_bee/,23117kv,exp1/exp1_cont_73,s3://braingeneers/braindance/25_04_15_busiest_bee/23117kv/exp1/exp1_cont_73.raw.h5,2000,1.0,0.9999998931445848,True,stim,123,True,87.0,25_04_15_busiest_bee,exp1,False,,,,,,,,,,12A
s3://braingeneers/braindance/25_04_15_busiest_bee/,23117kv,exp1/exp1,s3://braingeneers/braindance/25_04_15_busiest_bee/23117kv/exp1/exp1.raw.h5,0,0.0,,False,spontaneous,123,True,87.0,25_04_15_busiest_bee,exp1,True,,,,,,,,,,12A
s3://braingeneers/braindance/25_04_15_busiest_bee/,23117kv,exp1/exp1_cont_9,s3://braingeneers/braindance/25_04_15_busiest_bee/23117kv/exp1/exp1_cont_9.raw.h5,16000,8.0,7.999981839026166,True,stim,123,True,87.0,25_04_15_busiest_bee,exp1,False,,,,,,,,,,12A
s3://braingeneers/braindance/25_04_15_busiest_bee/,23117kv,exp1/exp1_cont_43,s3://braingeneers/braindance/25_04_15_busiest_bee/23117kv/exp1/exp1_cont_43.raw.h5,2000,1.0,0.9999989486949504,True,stim,123,True,87.0,25_04_15_busiest_bee,exp1,False,,,,,,,,,,12A
s3://braingeneers/braindance/25_04_15_busiest_bee/,23117kv,exp1/exp1_cont_98,s3://braingeneers/braindance/25_04_15_busiest_bee/23117kv/exp1/exp1_cont_98.raw.h5,0,0.0,,False,spontaneous,123,True,87.0,25_04_15_busiest_bee,exp1,False,,,,,,,,,,12A
s3://braingeneers/braindance/25_04_15_busiest_bee/,23117kv,exp1/exp1_cont_90,s3://braingeneers/braindance/25_04_15_busiest_bee/23117kv/exp1/exp1_cont_90.raw.h5,0,0.0,,False,spontaneous,123,True,87.0,25_04_15_busiest_bee,exp1,False,,,,,,,,,,12A
s3://braingeneers/braindance/25_04_15_busiest_bee/,23117kv,exp1/exp1_cont_69,s3://braingeneers/braindance/25_04_15_busiest_bee/23117kv/exp1/exp1_cont_69.raw.h5,16000,8.0,8.000011497335102,True,stim,123,True,87.0,25_04_15_busiest_bee,exp1,False,,,,,,,,,,12A
s3://braingeneers/braindance/25_04_15_busiest_bee/,23117kv,exp1/exp1_cont_19,s3://braingeneers/braindance/25_04_15_busiest_bee/23117kv/exp1/exp1_cont_19.raw.h5,16000,8.0,7.999981914382548,True,stim,123,True,87.0,25_04_15_busiest_bee,exp1,False,,,,,,,,,,12A
s3://braingeneers/braindance/25_04_15_busiest_bee/,23117kv,exp1/exp1_cont_34,s3://braingeneers/braindance/25_04_15_busiest_bee/23117kv/exp1/exp1_cont_34.raw.h5,0,0.0,,False,spontaneous,123,True,87.0,25_04_15_busiest_bee,exp1,False,,,,,,,,,,12A
s3://braingeneers/braindance/25_04_15_busiest_bee/,23117kv,exp1/exp1_cont_64,s3://braingeneers/braindance/25_04_15_busiest_bee/23117kv/exp1/exp1_cont_64.raw.h5,0,0.0,,False,spontaneous,123,True,87.0,25_04_15_busiest_bee,exp1,False,,,,,,,,,,12A
s3://braingeneers/braindance/25_04_15_busiest_bee/,23117kv,exp1/exp1_cont_11,s3://braingeneers/braindance/25_04_15_busiest_bee/23117kv/exp1/exp1_cont_11.raw.h5,1000,0.5,0.5000014592537586,True,stim,123,True,87.0,25_04_15_busiest_bee,exp1,False,,,,,,,,,,12A
s3://braingeneers/braindance/25_04_15_busiest_bee/,23117kv,exp1/exp1_cont_80,s3://braingeneers/braindance/25_04_15_busiest_bee/23117kv/exp1/exp1_cont_80.raw.h5,0,0.0,,False,spontaneous,123,True,87.0,25_04_15_busiest_bee,exp1,False,,,,,,,,,,12A
s3://braingeneers/braindance/25_04_15_busiest_bee/,23117kv,exp1/exp1_cont_106,s3://braingeneers/braindance/25_04_15_busiest_bee/23117kv/exp1/exp1_cont_106.raw.h5,0,0.0,,False,spontaneous,123,True,87.0,25_04_15_busiest_bee,exp1,False,,,,,,,,,,12A
s3://braingeneers/braindance/25_04_15_busiest_bee/,23117kv,exp1/exp1_cont_8,s3://braingeneers/braindance/25_04_15_busiest_bee/23117kv/exp1/exp1_cont_8.raw.h5,0,0.0,,False,spontaneous,123,True,87.0,25_04_15_busiest_bee,exp1,False,,,,,,,,,,12A
s3://braingeneers/braindance/25_04_15_busiest_bee/,23117kv,exp1/exp1_cont_63,s3://braingeneers/braindance/25_04_15_busiest_bee/23117kv/exp1/exp1_cont_63.raw.h5,2000,1.0,0.9999989666418904,True,stim,123,True,87.0,25_04_15_busiest_bee,exp1,False,,,,,,,,,,12A
s3://braingeneers/braindance/25_04_15_busiest_bee/,23117kv,exp1/exp1_cont_76,s3://braingeneers/braindance/25_04_15_busiest_bee/23117kv/exp1/exp1_cont_76.raw.h5,0,0.0,,False,spontaneous,123,True,87.0,25_04_15_busiest_bee,exp1,False,,,,,,,,,,12A
s3://braingeneers/braindance/25_04_15_busiest_bee/,23117kv,exp1/exp1_cont_120,s3://braingeneers/braindance/25_04_15_busiest_bee/23117kv/exp1/exp1_cont_120.raw.h5,0,0.0,,False,spontaneous,123,True,87.0,25_04_15_busiest_bee,exp1,False,,,,,,,,,,12A
s3://braingeneers/braindance/25_04_15_busiest_bee/,23117kv,exp1/exp1_cont_79,s3://braingeneers/braindance/25_04_15_busiest_bee/23117kv/exp1/exp1_cont_79.raw.h5,16000,8.0,7.99999733575035,True,stim,123,True,87.0,25_04_15_busiest_bee,exp1,False,,,,,,,,,,12A
s3://braingeneers/braindance/25_04_15_busiest_bee/,23117kv,exp1/exp1_cont_71,s3://braingeneers/braindance/25_04_15_busiest_bee/23117kv/exp1/exp1_cont_71.raw.h5,1000,0.5,0.4999996709646799,True,stim,123,True,87.0,25_04_15_busiest_bee,exp1,False,,,,,,,,,,12A
s3://braingeneers/braindance/25_04_15_busiest_bee/,23117kv,exp1/exp1_cont_20,s3://braingeneers/braindance/25_04_15_busiest_bee/23117kv/exp1/exp1_cont_20.raw.h5,0,0.0,,False,spontaneous,123,True,87.0,25_04_15_busiest_bee,exp1,False,,,,,,,,,,12A
s3://braingeneers/braindance/25_04_15_busiest_bee/,23117kv,exp1/exp1_cont_33,s3://braingeneers/braindance/25_04_15_busiest_bee/23117kv/exp1/exp1_cont_33.raw.h5,2000,1.0,0.9999989924082168,True,stim,123,True,87.0,25_04_15_busiest_bee,exp1,False,,,,,,,,,,12A
s3://braingeneers/braindance/25_04_15_busiest_bee/,23117kv,exp1/exp1_cont_88,s3://braingeneers/braindance/25_04_15_busiest_bee/23117kv/exp1/exp1_cont_88.raw.h5,0,0.0,,False,spontaneous,123,True,87.0,25_04_15_busiest_bee,exp1,False,,,,,,,,,,12A
s3://braingeneers/braindance/25_04_15_busiest_bee/,23117kv,exp1/exp1_cont_10,s3://braingeneers/braindance/25_04_15_busiest_bee/23117kv/exp1/exp1_cont_10.raw.h5,0,0.0,,False,spontaneous,123,True,87.0,25_04_15_busiest_bee,exp1,False,,,,,,,,,,12A
s3://braingeneers/braindance/25_04_15_busiest_bee/,23117kv,exp1/exp1_cont_47,s3://braingeneers/braindance/25_04_15_busiest_bee/23117kv/exp1/exp1_cont_47.raw.h5,8000,4.0,3.999991223944253,True,stim,123,True,87.0,25_04_15_busiest_bee,exp1,False,,,,,,,,,,12A
s3://braingeneers/braindance/25_04_15_busiest_bee/,23117kv,exp1/exp1_cont_49,s3://braingeneers/braindance/25_04_15_busiest_bee/23117kv/exp1/exp1_cont_49.raw.h5,16000,8.0,8.000005300734772,True,stim,123,True,87.0,25_04_15_busiest_bee,exp1,False,,,,,,,,,,12A
s3://braingeneers/braindance/25_04_15_busiest_bee/,23117kv,exp1/exp1_cont_15,s3://braingeneers/braindance/25_04_15_busiest_bee/23117kv/exp1/exp1_cont_15.raw.h5,4000,2.0,1.9999991398463297,True,stim,123,True,87.0,25_04_15_busiest_bee,exp1,False,,,,,,,,,,12A
s3://braingeneers/braindance/25_04_15_busiest_bee/,23117kv,exp1/exp1_cont_56,s3://braingeneers/braindance/25_04_15_busiest_bee/23117kv/exp1/exp1_cont_56.raw.h5,0,0.0,,False,spontaneous,123,True,87.0,25_04_15_busiest_bee,exp1,False,,,,,,,,,,12A
s3://braingeneers/braindance/25_04_15_busiest_bee/,23117kv,exp1/exp1_cont_113,s3://braingeneers/braindance/25_04_15_busiest_bee/23117kv/exp1/exp1_cont_113.raw.h5,2000,1.0,0.9999962161898972,True,stim,123,True,87.0,25_04_15_busiest_bee,exp1,False,,,,,,,,,,12A
s3://braingeneers/braindance/25_04_15_busiest_bee/,23117kv,exp1/exp1_cont_58,s3://braingeneers/braindance/25_04_15_busiest_bee/23117kv/exp1/exp1_cont_58.raw.h5,0,0.0,,False,spontaneous,123,True,87.0,25_04_15_busiest_bee,exp1,False,,,,,,,,,,12A
s3://braingeneers/braindance/25_04_15_busiest_bee/,23117kv,exp1/exp1_cont_48,s3://braingeneers/braindance/25_04_15_busiest_bee/23117kv/exp1/exp1_cont_48.raw.h5,0,0.0,,False,spontaneous,123,True,87.0,25_04_15_busiest_bee,exp1,False,,,,,,,,,,12A
s3://braingeneers/braindance/25_04_15_busiest_bee/,23117kv,exp1/exp1_cont_14,s3://braingeneers/braindance/25_04_15_busiest_bee/23117kv/exp1/exp1_cont_14.raw.h5,0,0.0,,False,spontaneous,123,True,87.0,25_04_15_busiest_bee,exp1,False,,,,,,,,,,12A
s3://braingeneers/braindance/25_04_15_busiest_bee/,23117kv,exp1/exp1_cont_81,s3://braingeneers/braindance/25_04_15_busiest_bee/23117kv/exp1/exp1_cont_81.raw.h5,1000,0.5,0.4999983824091362,True,stim,123,True,87.0,25_04_15_busiest_bee,exp1,False,,,,,,,,,,12A
s3://braingeneers/braindance/25_04_15_busiest_bee/,23117kv,exp1/exp1_cont_96,s3://braingeneers/braindance/25_04_15_busiest_bee/23117kv/exp1/exp1_cont_96.raw.h5,0,0.0,,False,spontaneous,123,True,87.0,25_04_15_busiest_bee,exp1,False,,,,,,,,,,12A
s3://braingeneers/braindance/25_04_15_busiest_bee/,23117kv,exp1/exp1_cont_99,s3://braingeneers/braindance/25_04_15_busiest_bee/23117kv/exp1/exp1_cont_99.raw.h5,16000,8.0,7.99997995672546,True,stim,123,True,87.0,25_04_15_busiest_bee,exp1,False,,,,,,,,,,12A
s3://braingeneers/braindance/25_04_15_busiest_bee/,23117kv,exp1/exp1_cont_41,s3://braingeneers/braindance/25_04_15_busiest_bee/23117kv/exp1/exp1_cont_41.raw.h5,1000,0.5,0.4999984595613011,True,stim,123,True,87.0,25_04_15_busiest_bee,exp1,False,,,,,,,,,,12A
s3://braingeneers/braindance/25_04_15_busiest_bee/,23117kv,exp1/exp1_cont_117,s3://braingeneers/braindance/25_04_15_busiest_bee/23117kv/exp1/exp1_cont_117.raw.h5,8000,4.0,3.999997805446846,True,stim,123,True,87.0,25_04_15_busiest_bee,exp1,False,,,,,,,,,,12A
s3://braingeneers/braindance/25_04_15_busiest_bee/,23117kv,exp1/exp1_cont_108,s3://braingeneers/braindance/25_04_15_busiest_bee/23117kv/exp1/exp1_cont_108.raw.h5,0,0.0,,False,spontaneous,123,True,87.0,25_04_15_busiest_bee,exp1,False,,,,,,,,,,12A
s3://braingeneers/braindance/25_04_15_busiest_bee/,23117kv,exp1/exp1_cont_2,s3://braingeneers/braindance/25_04_15_busiest_bee/23117kv/exp1/exp1_cont_2.raw.h5,0,0.0,,False,spontaneous,123,True,87.0,25_04_15_busiest_bee,exp1,False,,,,,,,,,,12A
s3://braingeneers/braindance/25_04_15_busiest_bee/,23117kv,exp1/exp1_cont_82,s3://braingeneers/braindance/25_04_15_busiest_bee/23117kv/exp1/exp1_cont_82.raw.h5,0,0.0,,False,spontaneous,123,True,87.0,25_04_15_busiest_bee,exp1,False,,,,,,,,,,12A
s3://braingeneers/braindance/25_04_15_busiest_bee/,23117kv,exp1/exp1_cont_36,s3://braingeneers/braindance/25_04_15_busiest_bee/23117kv/exp1/exp1_cont_36.raw.h5,0,0.0,,False,spontaneous,123,True,87.0,25_04_15_busiest_bee,exp1,False,,,,,,,,,,12A
s3://braingeneers/braindance/25_04_15_busiest_bee/,23117kv,exp1/exp1_cont_54,s3://braingeneers/braindance/25_04_15_busiest_bee/23117kv/exp1/exp1_cont_54.raw.h5,0,0.0,,False,spontaneous,123,True,87.0,25_04_15_busiest_bee,exp1,False,,,,,,,,,,12A
s3://braingeneers/braindance/25_04_15_busiest_bee/,23117kv,exp1/exp1_cont_114,s3://braingeneers/braindance/25_04_15_busiest_bee/23117kv/exp1/exp1_cont_114.raw.h5,0,0.0,,False,spontaneous,123,True,87.0,25_04_15_busiest_bee,exp1,False,,,,,,,,,,12A
s3://braingeneers/braindance/25_04_15_busiest_bee/,23117kv,exp1/exp1_cont_100,s3://braingeneers/braindance/25_04_15_busiest_bee/23117kv/exp1/exp1_cont_100.raw.h5,0,0.0,,False,spontaneous,123,True,87.0,25_04_15_busiest_bee,exp1,False,,,,,,,,,,12A
s3://braingeneers/braindance/25_04_15_busiest_bee/,23117kv,exp1/exp1_cont_83,s3://braingeneers/braindance/25_04_15_busiest_bee/23117kv/exp1/exp1_cont_83.raw.h5,2000,1.0,0.9999974027060964,True,stim,123,True,87.0,25_04_15_busiest_bee,exp1,False,,,,,,,,,,12A
s3://braingeneers/braindance/25_04_15_busiest_bee/,23117kv,exp1/exp1_cont_93,s3://braingeneers/braindance/25_04_15_busiest_bee/23117kv/exp1/exp1_cont_93.raw.h5,2000,1.0,0.9999971078582862,True,stim,123,True,87.0,25_04_15_busiest_bee,exp1,False,,,,,,,,,,12A
s3://braingeneers/braindance/25_04_15_busiest_bee/,23117kv,exp1/exp1_cont_51,s3://braingeneers/braindance/25_04_15_busiest_bee/23117kv/exp1/exp1_cont_51.raw.h5,1000,0.5,0.5000005913520497,True,stim,123,True,87.0,25_04_15_busiest_bee,exp1,False,,,,,,,,,,12A
s3://braingeneers/braindance/25_04_15_busiest_bee/,23117kv,exp1/exp1_cont_118,s3://braingeneers/braindance/25_04_15_busiest_bee/23117kv/exp1/exp1_cont_118.raw.h5,0,0.0,,False,spontaneous,123,True,87.0,25_04_15_busiest_bee,exp1,False,,,,,,,,,,12A
s3://braingeneers/braindance/25_04_15_busiest_bee/,23117kv,exp1/exp1_cont_53,s3://braingeneers/braindance/25_04_15_busiest_bee/23117kv/exp1/exp1_cont_53.raw.h5,2000,1.0,0.9999994583824856,True,stim,123,True,87.0,25_04_15_busiest_bee,exp1,False,,,,,,,,,,12A
s3://braingeneers/braindance/25_04_15_busiest_bee/,23117kv,exp1/exp1_cont_30,s3://braingeneers/braindance/25_04_15_busiest_bee/23117kv/exp1/exp1_cont_30.raw.h5,0,0.0,,False,spontaneous,123,True,87.0,25_04_15_busiest_bee,exp1,False,,,,,,,,,,12A
s3://braingeneers/braindance/25_04_15_busiest_bee/,23117kv,exp1/exp1_cont_67,s3://braingeneers/braindance/25_04_15_busiest_bee/23117kv/exp1/exp1_cont_67.raw.h5,8000,4.0,4.000009548604373,True,stim,123,True,87.0,25_04_15_busiest_bee,exp1,False,,,,,,,,,,12A
s3://braingeneers/braindance/25_04_15_busiest_bee/,23117kv,exp1/exp1_cont_97,s3://braingeneers/braindance/25_04_15_busiest_bee/23117kv/exp1/exp1_cont_97.raw.h5,8000,4.0,4.000011797573464,True,stim,123,True,87.0,25_04_15_busiest_bee,exp1,False,,,,,,,,,,12A
s3://braingeneers/braindance/25_04_15_busiest_bee/,23117kv,exp1/exp1_cont_22,s3://braingeneers/braindance/25_04_15_busiest_bee/23117kv/exp1/exp1_cont_22.raw.h5,0,0.0,,False,spontaneous,123,True,87.0,25_04_15_busiest_bee,exp1,False,,,,,,,,,,12A
s3://braingeneers/braindance/25_04_15_busiest_bee/,23117kv,exp1/exp1_cont,s3://braingeneers/braindance/25_04_15_busiest_bee/23117kv/exp1/exp1_cont.raw.h5,0,0.0,,False,spontaneous,123,True,87.0,25_04_15_busiest_bee,exp1,False,,,,,,,,,,12A
s3://braingeneers/braindance/25_04_15_busiest_bee/,23117kv,exp1/exp1_cont_1,s3://braingeneers/braindance/25_04_15_busiest_bee/23117kv/exp1/exp1_cont_1.raw.h5,1000,0.5,0.5000004056212001,True,stim,123,True,87.0,25_04_15_busiest_bee,exp1,False,,,,,,,,,,12A
s3://braingeneers/braindance/25_04_15_busiest_bee/,23117kv,exp1/exp1_cont_23,s3://braingeneers/braindance/25_04_15_busiest_bee/23117kv/exp1/exp1_cont_23.raw.h5,2000,1.0,0.9999972215024652,True,stim,123,True,87.0,25_04_15_busiest_bee,exp1,False,,,,,,,,,,12A
s3://braingeneers/braindance/25_04_15_busiest_bee/,23117kv,exp1/exp1_cont_7,s3://braingeneers/braindance/25_04_15_busiest_bee/23117kv/exp1/exp1_cont_7.raw.h5,8000,4.0,3.9999952976357314,True,stim,123,True,87.0,25_04_15_busiest_bee,exp1,False,,,,,,,,,,12A
s3://braingeneers/braindance/25_04_15_busiest_bee/,23117kv,exp1/exp1_cont_26,s3://braingeneers/braindance/25_04_15_busiest_bee/23117kv/exp1/exp1_cont_26.raw.h5,0,0.0,,False,spontaneous,123,True,87.0,25_04_15_busiest_bee,exp1,False,,,,,,,,,,12A
s3://braingeneers/braindance/25_04_15_busiest_bee/,23117kv,exp1/exp1_cont_50,s3://braingeneers/braindance/25_04_15_busiest_bee/23117kv/exp1/exp1_cont_50.raw.h5,0,0.0,,False,spontaneous,123,True,87.0,25_04_15_busiest_bee,exp1,False,,,,,,,,,,12A
s3://braingeneers/braindance/25_04_15_busiest_bee/,23117kv,exp1/exp1_cont_91,s3://braingeneers/braindance/25_04_15_busiest_bee/23117kv/exp1/exp1_cont_91.raw.h5,1000,0.5,0.4999987482759069,True,stim,123,True,87.0,25_04_15_busiest_bee,exp1,False,,,,,,,,,,12A
s3://braingeneers/braindance/25_04_15_busiest_bee/,23117kv,exp1/exp1_cont_44,s3://braingeneers/braindance/25_04_15_busiest_bee/23117kv/exp1/exp1_cont_44.raw.h5,0,0.0,,False,spontaneous,123,True,87.0,25_04_15_busiest_bee,exp1,False,,,,,,,,,,12A
s3://braingeneers/braindance/25_04_15_busiest_bee/,23117kv,exp1/exp1_cont_105,s3://braingeneers/braindance/25_04_15_busiest_bee/23117kv/exp1/exp1_cont_105.raw.h5,4000,2.0,1.9999896534888773,True,stim,123,True,87.0,25_04_15_busiest_bee,exp1,False,,,,,,,,,,12A
s3://braingeneers/braindance/25_04_15_busiest_bee/,23117kv,exp1/exp1_cont_104,s3://braingeneers/braindance/25_04_15_busiest_bee/23117kv/exp1/exp1_cont_104.raw.h5,0,0.0,,False,spontaneous,123,True,87.0,25_04_15_busiest_bee,exp1,False,,,,,,,,,,12A
s3://braingeneers/braindance/25_04_15_busiest_bee/,23117kv,exp1/exp1_cont_45,s3://braingeneers/braindance/25_04_15_busiest_bee/23117kv/exp1/exp1_cont_45.raw.h5,4000,2.0,2.0000008137067575,True,stim,123,True,87.0,25_04_15_busiest_bee,exp1,False,,,,,,,,,,12A
s3://braingeneers/braindance/25_04_15_busiest_bee/,23117kv,exp1/exp1_cont_84,s3://braingeneers/braindance/25_04_15_busiest_bee/23117kv/exp1/exp1_cont_84.raw.h5,0,0.0,,False,spontaneous,123,True,87.0,25_04_15_busiest_bee,exp1,False,,,,,,,,,,12A
s3://braingeneers/braindance/25_04_15_busiest_bee/,23117kv,exp1/exp1_cont_25,s3://braingeneers/braindance/25_04_15_busiest_bee/23117kv/exp1/exp1_cont_25.raw.h5,4000,2.0,1.9999934716852288,True,stim,123,True,87.0,25_04_15_busiest_bee,exp1,False,,,,,,,,,,12A
s3://braingeneers/braindance/25_04_15_busiest_bee/,23117kv,exp1/exp1_cont_38,s3://braingeneers/braindance/25_04_15_busiest_bee/23117kv/exp1/exp1_cont_38.raw.h5,0,0.0,,False,spontaneous,123,True,87.0,25_04_15_busiest_bee,exp1,False,,,,,,,,,,12A
s3://braingeneers/braindance/25_04_15_busiest_bee/,23117kv,exp1/exp1_cont_92,s3://braingeneers/braindance/25_04_15_busiest_bee/23117kv/exp1/exp1_cont_92.raw.h5,0,0.0,,False,spontaneous,123,True,87.0,25_04_15_busiest_bee,exp1,False,,,,,,,,,,12A
s3://braingeneers/braindance/25_04_15_busiest_bee/,23117kv,exp1/exp1_cont_57,s3://braingeneers/braindance/25_04_15_busiest_bee/23117kv/exp1/exp1_cont_57.raw.h5,8000,4.0,3.999989341644117,True,stim,123,True,87.0,25_04_15_busiest_bee,exp1,False,,,,,,,,,,12A
s3://braingeneers/braindance/25_04_15_busiest_bee/,23117kv,exp1/exp1_cont_52,s3://braingeneers/braindance/25_04_15_busiest_bee/23117kv/exp1/exp1_cont_52.raw.h5,0,0.0,,False,spontaneous,123,True,87.0,25_04_15_busiest_bee,exp1,False,,,,,,,,,,12A
s3://braingeneers/braindance/25_04_15_busiest_bee/,23117kv,exp1/exp1_cont_42,s3://braingeneers/braindance/25_04_15_busiest_bee/23117kv/exp1/exp1_cont_42.raw.h5,0,0.0,,False,spontaneous,123,True,87.0,25_04_15_busiest_bee,exp1,False,,,,,,,,,,12A
s3://braingeneers/braindance/25_04_15_busiest_bee/,23117kv,exp1/exp1_cont_12,s3://braingeneers/braindance/25_04_15_busiest_bee/23117kv/exp1/exp1_cont_12.raw.h5,0,0.0,,False,spontaneous,123,True,87.0,25_04_15_busiest_bee,exp1,False,,,,,,,,,,12A
s3://braingeneers/braindance/25_04_15_busiest_bee/,23117kv,exp1/exp1_cont_115,s3://braingeneers/braindance/25_04_15_busiest_bee/23117kv/exp1/exp1_cont_115.raw.h5,4000,2.0,2.0000038101587956,True,stim,123,True,87.0,25_04_15_busiest_bee,exp1,False,,,,,,,,,,12A
s3://braingeneers/braindance/25_04_15_busiest_bee/,23117kv,exp1/exp1_cont_66,s3://braingeneers/braindance/25_04_15_busiest_bee/23117kv/exp1/exp1_cont_66.raw.h5,0,0.0,,False,spontaneous,123,True,87.0,25_04_15_busiest_bee,exp1,False,,,,,,,,,,12A
s3://braingeneers/braindance/25_04_15_busiest_bee/,23117kv,exp1/exp1_cont_85,s3://braingeneers/braindance/25_04_15_busiest_bee/23117kv/exp1/exp1_cont_85.raw.h5,4000,2.0,2.0000005480241567,True,stim,123,True,87.0,25_04_15_busiest_bee,exp1,False,,,,,,,,,,12A
s3://braingeneers/braindance/25_04_15_busiest_bee/,23117kv,exp1/exp1_cont_16,s3://braingeneers/braindance/25_04_15_busiest_bee/23117kv/exp1/exp1_cont_16.raw.h5,0,0.0,,False,spontaneous,123,True,87.0,25_04_15_busiest_bee,exp1,False,,,,,,,,,,12A
s3://braingeneers/braindance/25_04_15_busiest_bee/,23117kv,exp1/exp1_cont_110,s3://braingeneers/braindance/25_04_15_busiest_bee/23117kv/exp1/exp1_cont_110.raw.h5,0,0.0,,False,spontaneous,123,True,87.0,25_04_15_busiest_bee,exp1,False,,,,,,,,,,12A
s3://braingeneers/braindance/25_04_15_busiest_bee/,23117kv,exp1/exp1_cont_5,s3://braingeneers/braindance/25_04_15_busiest_bee/23117kv/exp1/exp1_cont_5.raw.h5,4000,2.0,1.9999971391908884,True,stim,123,True,87.0,25_04_15_busiest_bee,exp1,False,,,,,,,,,,12A
s3://braingeneers/braindance/25_04_15_busiest_bee/,23117kv,exp1/exp1_cont_18,s3://braingeneers/braindance/25_04_15_busiest_bee/23117kv/exp1/exp1_cont_18.raw.h5,0,0.0,,False,spontaneous,123,True,87.0,25_04_15_busiest_bee,exp1,False,,,,,,,,,,12A
s3://braingeneers/braindance/25_04_15_busiest_bee/,23117kv,exp1/exp1_cont_109,s3://braingeneers/braindance/25_04_15_busiest_bee/23117kv/exp1/exp1_cont_109.raw.h5,16000,8.0,7.999997939823836,True,stim,123,True,87.0,25_04_15_busiest_bee,exp1,False,,,,,,,,,,12A
s3://braingeneers/braindance/25_04_15_busiest_bee/,23117kv,exp1/exp1_cont_68,s3://braingeneers/braindance/25_04_15_busiest_bee/23117kv/exp1/exp1_cont_68.raw.h5,0,0.0,,False,spontaneous,123,True,87.0,25_04_15_busiest_bee,exp1,False,,,,,,,,,,12A
s3://braingeneers/braindance/25_04_15_busiest_bee/,23117kv,exp1/exp1_cont_87,s3://braingeneers/braindance/25_04_15_busiest_bee/23117kv/exp1/exp1_cont_87.raw.h5,8000,4.0,3.999991819732204,True,stim,123,True,87.0,25_04_15_busiest_bee,exp1,False,,,,,,,,,,12A
s3://braingeneers/braindance/25_04_15_busiest_bee/,23117kv,exp1/exp1_cont_102,s3://braingeneers/braindance/25_04_15_busiest_bee/23117kv/exp1/exp1_cont_102.raw.h5,0,0.0,,False,spontaneous,123,True,87.0,25_04_15_busiest_bee,exp1,False,,,,,,,,,,12A
s3://braingeneers/braindance/25_04_15_busiest_bee/,23117kv,exp1/exp1_cont_21,s3://braingeneers/braindance/25_04_15_busiest_bee/23117kv/exp1/exp1_cont_21.raw.h5,1000,0.5,0.4999994168810598,True,stim,123,True,87.0,25_04_15_busiest_bee,exp1,False,,,,,,,,,,12A
s3://braingeneers/braindance/25_04_15_busiest_bee/,23117kv,exp1/exp1_cont_35,s3://braingeneers/braindance/25_04_15_busiest_bee/23117kv/exp1/exp1_cont_35.raw.h5,4000,2.0,2.000001209250047,True,stim,123,True,87.0,25_04_15_busiest_bee,exp1,False,,,,,,,,,,12A
s3://braingeneers/braindance/25_04_15_busiest_bee/,23117kv,exp1/exp1_cont_27,s3://braingeneers/braindance/25_04_15_busiest_bee/23117kv/exp1/exp1_cont_27.raw.h5,8000,4.0,3.999994586996705,True,stim,123,True,87.0,25_04_15_busiest_bee,exp1,False,,,,,,,,,,12A
s3://braingeneers/braindance/25_04_15_busiest_bee/,23117kv,exp1/exp1_cont_28,s3://braingeneers/braindance/25_04_15_busiest_bee/23117kv/exp1/exp1_cont_28.raw.h5,0,0.0,,False,spontaneous,123,True,87.0,25_04_15_busiest_bee,exp1,False,,,,,,,,,,12A
s3://braingeneers/braindance/25_04_15_busiest_bee/,25123ic,exp1/exp1_cont_147,s3://braingeneers/braindance/25_04_15_busiest_bee/25123ic/exp1/exp1_cont_147.raw.h5,10000,4.0,4.000000330626714,True,stim,169,True,138.0,25_04_15_busiest_bee,exp1,False,,,1,dorsal ,C57BL6,1/15/25,90.0,2/12/25,77.0,18E
s3://braingeneers/braindance/25_04_15_busiest_bee/,25123ic,exp1/exp1_cont_153,s3://braingeneers/braindance/25_04_15_busiest_bee/25123ic/exp1/exp1_cont_153.raw.h5,2500,1.0,0.9999993507223108,True,stim,169,True,138.0,25_04_15_busiest_bee,exp1,False,,,1,dorsal ,C57BL6,1/15/25,90.0,2/12/25,77.0,18E
s3://braingeneers/braindance/25_04_15_busiest_bee/,25123ic,exp1/exp1_cont_145,s3://braingeneers/braindance/25_04_15_busiest_bee/25123ic/exp1/exp1_cont_145.raw.h5,5000,2.0,1.999995407596844,True,stim,169,True,138.0,25_04_15_busiest_bee,exp1,False,,,1,dorsal ,C57BL6,1/15/25,90.0,2/12/25,77.0,18E
s3://braingeneers/braindance/25_04_15_busiest_bee/,25123ic,exp1/exp1_cont_124,s3://braingeneers/braindance/25_04_15_busiest_bee/25123ic/exp1/exp1_cont_124.raw.h5,0,0.0,,False,spontaneous,169,True,138.0,25_04_15_busiest_bee,exp1,False,,,1,dorsal ,C57BL6,1/15/25,90.0,2/12/25,77.0,18E
s3://braingeneers/braindance/25_04_15_busiest_bee/,25123ic,exp1/exp1_cont_95,s3://braingeneers/braindance/25_04_15_busiest_bee/25123ic/exp1/exp1_cont_95.raw.h5,5000,2.0,1.9999993309400144,True,stim,169,True,138.0,25_04_15_busiest_bee,exp1,False,,,1,dorsal ,C57BL6,1/15/25,90.0,2/12/25,77.0,18E
s3://braingeneers/braindance/25_04_15_busiest_bee/,25123ic,exp1/exp1_cont_138,s3://braingeneers/braindance/25_04_15_busiest_bee/25123ic/exp1/exp1_cont_138.raw.h5,0,0.0,,False,spontaneous,169,True,138.0,25_04_15_busiest_bee,exp1,False,,,1,dorsal ,C57BL6,1/15/25,90.0,2/12/25,77.0,18E
s3://braingeneers/braindance/25_04_15_busiest_bee/,25123ic,exp1/exp1_cont_46,s3://braingeneers/braindance/25_04_15_busiest_bee/25123ic/exp1/exp1_cont_46.raw.h5,0,0.0,,False,spontaneous,169,True,138.0,25_04_15_busiest_bee,exp1,False,,,1,dorsal ,C57BL6,1/15/25,90.0,2/12/25,77.0,18E
s3://braingeneers/braindance/25_04_15_busiest_bee/,25123ic,exp1/exp1_cont_107,s3://braingeneers/braindance/25_04_15_busiest_bee/25123ic/exp1/exp1_cont_107.raw.h5,10000,4.0,3.9999972627409734,True,stim,169,True,138.0,25_04_15_busiest_bee,exp1,False,,,1,dorsal ,C57BL6,1/15/25,90.0,2/12/25,77.0,18E
s3://braingeneers/braindance/25_04_15_busiest_bee/,25123ic,exp1/exp1_cont_39,s3://braingeneers/braindance/25_04_15_busiest_bee/25123ic/exp1/exp1_cont_39.raw.h5,20000,8.0,7.9999854673764945,True,stim,169,True,138.0,25_04_15_busiest_bee,exp1,False,,,1,dorsal ,C57BL6,1/15/25,90.0,2/12/25,77.0,18E
s3://braingeneers/braindance/25_04_15_busiest_bee/,25123ic,exp1/exp1_cont_62,s3://braingeneers/braindance/25_04_15_busiest_bee/25123ic/exp1/exp1_cont_62.raw.h5,0,0.0,,False,spontaneous,169,True,138.0,25_04_15_busiest_bee,exp1,False,,,1,dorsal ,C57BL6,1/15/25,90.0,2/12/25,77.0,18E
s3://braingeneers/braindance/25_04_15_busiest_bee/,25123ic,exp1/exp1_cont_139,s3://braingeneers/braindance/25_04_15_busiest_bee/25123ic/exp1/exp1_cont_139.raw.h5,20000,8.0,8.00000159511676,True,stim,169,True,138.0,25_04_15_busiest_bee,exp1,False,,,1,dorsal ,C57BL6,1/15/25,90.0,2/12/25,77.0,18E
s3://braingeneers/braindance/25_04_15_busiest_bee/,25123ic,exp1/exp1_cont_37,s3://braingeneers/braindance/25_04_15_busiest_bee/25123ic/exp1/exp1_cont_37.raw.h5,10000,4.0,3.999999652570046,True,stim,169,True,138.0,25_04_15_busiest_bee,exp1,False,,,1,dorsal ,C57BL6,1/15/25,90.0,2/12/25,77.0,18E
s3://braingeneers/braindance/25_04_15_busiest_bee/,25123ic,exp1/exp1_cont_61,s3://braingeneers/braindance/25_04_15_busiest_bee/25123ic/exp1/exp1_cont_61.raw.h5,1250,0.5,0.4999993193401948,True,stim,169,True,138.0,25_04_15_busiest_bee,exp1,False,,,1,dorsal ,C57BL6,1/15/25,90.0,2/12/25,77.0,18E
s3://braingeneers/braindance/25_04_15_busiest_bee/,25123ic,exp1/exp1_cont_111,s3://braingeneers/braindance/25_04_15_busiest_bee/25123ic/exp1/exp1_cont_111.raw.h5,1250,0.5,0.4999995269289848,True,stim,169,True,138.0,25_04_15_busiest_bee,exp1,False,,,1,dorsal ,C57BL6,1/15/25,90.0,2/12/25,77.0,18E
s3://braingeneers/braindance/25_04_15_busiest_bee/,25123ic,exp1/exp1_cont_161,s3://braingeneers/braindance/25_04_15_busiest_bee/25123ic/exp1/exp1_cont_161.raw.h5,1250,0.5,0.4999996896162877,True,stim,169,True,138.0,25_04_15_busiest_bee,exp1,False,,,1,dorsal ,C57BL6,1/15/25,90.0,2/12/25,77.0,18E
s3://braingeneers/braindance/25_04_15_busiest_bee/,25123ic,exp1/exp1_cont_31,s3://braingeneers/braindance/25_04_15_busiest_bee/25123ic/exp1/exp1_cont_31.raw.h5,1250,0.5,0.499999176598243,True,stim,169,True,138.0,25_04_15_busiest_bee,exp1,False,,,1,dorsal ,C57BL6,1/15/25,90.0,2/12/25,77.0,18E
s3://braingeneers/braindance/25_04_15_busiest_bee/,25123ic,exp1/exp1_cont_89,s3://braingeneers/braindance/25_04_15_busiest_bee/25123ic/exp1/exp1_cont_89.raw.h5,20000,8.0,7.999993406395656,True,stim,169,True,138.0,25_04_15_busiest_bee,exp1,False,,,1,dorsal ,C57BL6,1/15/25,90.0,2/12/25,77.0,18E
s3://braingeneers/braindance/25_04_15_busiest_bee/,25123ic,exp1/exp1_cont_160,s3://braingeneers/braindance/25_04_15_busiest_bee/25123ic/exp1/exp1_cont_160.raw.h5,0,0.0,,False,spontaneous,169,True,138.0,25_04_15_busiest_bee,exp1,False,,,1,dorsal ,C57BL6,1/15/25,90.0,2/12/25,77.0,18E
s3://braingeneers/braindance/25_04_15_busiest_bee/,25123ic,exp1/exp1_cont_78,s3://braingeneers/braindance/25_04_15_busiest_bee/25123ic/exp1/exp1_cont_78.raw.h5,0,0.0,,False,spontaneous,169,True,138.0,25_04_15_busiest_bee,exp1,False,,,1,dorsal ,C57BL6,1/15/25,90.0,2/12/25,77.0,18E
s3://braingeneers/braindance/25_04_15_busiest_bee/,25123ic,exp1/exp1_cont_159,s3://braingeneers/braindance/25_04_15_busiest_bee/25123ic/exp1/exp1_cont_159.raw.h5,20000,8.0,7.999992237030637,True,stim,169,True,138.0,25_04_15_busiest_bee,exp1,False,,,1,dorsal ,C57BL6,1/15/25,90.0,2/12/25,77.0,18E
s3://braingeneers/braindance/25_04_15_busiest_bee/,25123ic,exp1/exp1_cont_70,s3://braingeneers/braindance/25_04_15_busiest_bee/25123ic/exp1/exp1_cont_70.raw.h5,0,0.0,,False,spontaneous,169,True,138.0,25_04_15_busiest_bee,exp1,False,,,1,dorsal ,C57BL6,1/15/25,90.0,2/12/25,77.0,18E
s3://braingeneers/braindance/25_04_15_busiest_bee/,25123ic,exp1/exp1_cont_103,s3://braingeneers/braindance/25_04_15_busiest_bee/25123ic/exp1/exp1_cont_103.raw.h5,2500,1.0,0.9999986770589646,True,stim,169,True,138.0,25_04_15_busiest_bee,exp1,False,,,1,dorsal ,C57BL6,1/15/25,90.0,2/12/25,77.0,18E
s3://braingeneers/braindance/25_04_15_busiest_bee/,25123ic,exp1/exp1_cont_143,s3://braingeneers/braindance/25_04_15_busiest_bee/25123ic/exp1/exp1_cont_143.raw.h5,2500,1.0,0.9999976958664653,True,stim,169,True,138.0,25_04_15_busiest_bee,exp1,False,,,1,dorsal ,C57BL6,1/15/25,90.0,2/12/25,77.0,18E
s3://braingeneers/braindance/25_04_15_busiest_bee/,25123ic,exp1/exp1_cont_13,s3://braingeneers/braindance/25_04_15_busiest_bee/25123ic/exp1/exp1_cont_13.raw.h5,2500,1.0,0.9999993616342534,True,stim,169,True,138.0,25_04_15_busiest_bee,exp1,False,,,1,dorsal ,C57BL6,1/15/25,90.0,2/12/25,77.0,18E
s3://braingeneers/braindance/25_04_15_busiest_bee/,25123ic,exp1/exp1_cont_94,s3://braingeneers/braindance/25_04_15_busiest_bee/25123ic/exp1/exp1_cont_94.raw.h5,0,0.0,,False,spontaneous,169,True,138.0,25_04_15_busiest_bee,exp1,False,,,1,dorsal ,C57BL6,1/15/25,90.0,2/12/25,77.0,18E
s3://braingeneers/braindance/25_04_15_busiest_bee/,25123ic,exp1/exp1_cont_74,s3://braingeneers/braindance/25_04_15_busiest_bee/25123ic/exp1/exp1_cont_74.raw.h5,0,0.0,,False,spontaneous,169,True,138.0,25_04_15_busiest_bee,exp1,False,,,1,dorsal ,C57BL6,1/15/25,90.0,2/12/25,77.0,18E
s3://braingeneers/braindance/25_04_15_busiest_bee/,25123ic,exp1/exp1_cont_121,s3://braingeneers/braindance/25_04_15_busiest_bee/25123ic/exp1/exp1_cont_121.raw.h5,1250,0.5,0.4999993687922382,True,stim,169,True,138.0,25_04_15_busiest_bee,exp1,False,,,1,dorsal ,C57BL6,1/15/25,90.0,2/12/25,77.0,18E
s3://braingeneers/braindance/25_04_15_busiest_bee/,25123ic,exp1/exp1_cont_65,s3://braingeneers/braindance/25_04_15_busiest_bee/25123ic/exp1/exp1_cont_65.raw.h5,5000,2.0,1.9999957901772671,True,stim,169,True,138.0,25_04_15_busiest_bee,exp1,False,,,1,dorsal ,C57BL6,1/15/25,90.0,2/12/25,77.0,18E
s3://braingeneers/braindance/25_04_15_busiest_bee/,25123ic,exp1/exp1_cont_6,s3://braingeneers/braindance/25_04_15_busiest_bee/25123ic/exp1/exp1_cont_6.raw.h5,0,0.0,,False,spontaneous,169,True,138.0,25_04_15_busiest_bee,exp1,False,,,1,dorsal ,C57BL6,1/15/25,90.0,2/12/25,77.0,18E
s3://braingeneers/braindance/25_04_15_busiest_bee/,25123ic,exp1/exp1_cont_126,s3://braingeneers/braindance/25_04_15_busiest_bee/25123ic/exp1/exp1_cont_126.raw.h5,0,0.0,,False,spontaneous,169,True,138.0,25_04_15_busiest_bee,exp1,False,,,1,dorsal ,C57BL6,1/15/25,90.0,2/12/25,77.0,18E
s3://braingeneers/braindance/25_04_15_busiest_bee/,25123ic,exp1/exp1_cont_72,s3://braingeneers/braindance/25_04_15_busiest_bee/25123ic/exp1/exp1_cont_72.raw.h5,0,0.0,,False,spontaneous,169,True,138.0,25_04_15_busiest_bee,exp1,False,,,1,dorsal ,C57BL6,1/15/25,90.0,2/12/25,77.0,18E
s3://braingeneers/braindance/25_04_15_busiest_bee/,25123ic,exp1/exp1_cont_29,s3://braingeneers/braindance/25_04_15_busiest_bee/25123ic/exp1/exp1_cont_29.raw.h5,20000,8.0,7.999987103398462,True,stim,169,True,138.0,25_04_15_busiest_bee,exp1,False,,,1,dorsal ,C57BL6,1/15/25,90.0,2/12/25,77.0,18E
s3://braingeneers/braindance/25_04_15_busiest_bee/,25123ic,exp1/exp1_cont_140,s3://braingeneers/braindance/25_04_15_busiest_bee/25123ic/exp1/exp1_cont_140.raw.h5,0,0.0,,False,spontaneous,169,True,138.0,25_04_15_busiest_bee,exp1,False,,,1,dorsal ,C57BL6,1/15/25,90.0,2/12/25,77.0,18E
s3://braingeneers/braindance/25_04_15_busiest_bee/,25123ic,exp1/exp1_cont_32,s3://braingeneers/braindance/25_04_15_busiest_bee/25123ic/exp1/exp1_cont_32.raw.h5,0,0.0,,False,spontaneous,169,True,138.0,25_04_15_busiest_bee,exp1,False,,,1,dorsal ,C57BL6,1/15/25,90.0,2/12/25,77.0,18E
s3://braingeneers/braindance/25_04_15_busiest_bee/,25123ic,exp1/exp1_cont_166,s3://braingeneers/braindance/25_04_15_busiest_bee/25123ic/exp1/exp1_cont_166.raw.h5,0,0.0,,False,spontaneous,169,True,138.0,25_04_15_busiest_bee,exp1,False,,,1,dorsal ,C57BL6,1/15/25,90.0,2/12/25,77.0,18E
s3://braingeneers/braindance/25_04_15_busiest_bee/,25123ic,exp1/exp1_cont_134,s3://braingeneers/braindance/25_04_15_busiest_bee/25123ic/exp1/exp1_cont_134.raw.h5,0,0.0,,False,spontaneous,169,True,138.0,25_04_15_busiest_bee,exp1,False,,,1,dorsal ,C57BL6,1/15/25,90.0,2/12/25,77.0,18E
s3://braingeneers/braindance/25_04_15_busiest_bee/,25123ic,exp1/exp1_cont_116,s3://braingeneers/braindance/25_04_15_busiest_bee/25123ic/exp1/exp1_cont_116.raw.h5,0,0.0,,False,spontaneous,169,True,138.0,25_04_15_busiest_bee,exp1,False,,,1,dorsal ,C57BL6,1/15/25,90.0,2/12/25,77.0,18E
s3://braingeneers/braindance/25_04_15_busiest_bee/,25123ic,exp1/exp1_cont_17,s3://braingeneers/braindance/25_04_15_busiest_bee/25123ic/exp1/exp1_cont_17.raw.h5,10000,4.0,3.99999855452958,True,stim,169,True,138.0,25_04_15_busiest_bee,exp1,False,,,1,dorsal ,C57BL6,1/15/25,90.0,2/12/25,77.0,18E
s3://braingeneers/braindance/25_04_15_busiest_bee/,25123ic,exp1/exp1_cont_4,s3://braingeneers/braindance/25_04_15_busiest_bee/25123ic/exp1/exp1_cont_4.raw.h5,0,0.0,,False,spontaneous,169,True,138.0,25_04_15_busiest_bee,exp1,False,,,1,dorsal ,C57BL6,1/15/25,90.0,2/12/25,77.0,18E
s3://braingeneers/braindance/25_04_15_busiest_bee/,25123ic,exp1/exp1_cont_86,s3://braingeneers/braindance/25_04_15_busiest_bee/25123ic/exp1/exp1_cont_86.raw.h5,0,0.0,,False,spontaneous,169,True,138.0,25_04_15_busiest_bee,exp1,False,,,1,dorsal ,C57BL6,1/15/25,90.0,2/12/25,77.0,18E
s3://braingeneers/braindance/25_04_15_busiest_bee/,25123ic,exp1/exp1_cont_60,s3://braingeneers/braindance/25_04_15_busiest_bee/25123ic/exp1/exp1_cont_60.raw.h5,0,0.0,,False,spontaneous,169,True,138.0,25_04_15_busiest_bee,exp1,False,,,1,dorsal ,C57BL6,1/15/25,90.0,2/12/25,77.0,18E
s3://braingeneers/braindance/25_04_15_busiest_bee/,25123ic,exp1/exp1_cont_75,s3://braingeneers/braindance/25_04_15_busiest_bee/25123ic/exp1/exp1_cont_75.raw.h5,5000,2.0,1.9999964332874236,True,stim,169,True,138.0,25_04_15_busiest_bee,exp1,False,,,1,dorsal ,C57BL6,1/15/25,90.0,2/12/25,77.0,18E
s3://braingeneers/braindance/25_04_15_busiest_bee/,25123ic,exp1/exp1_cont_77,s3://braingeneers/braindance/25_04_15_busiest_bee/25123ic/exp1/exp1_cont_77.raw.h5,10000,4.0,3.9999966804627554,True,stim,169,True,138.0,25_04_15_busiest_bee,exp1,False,,,1,dorsal ,C57BL6,1/15/25,90.0,2/12/25,77.0,18E
s3://braingeneers/braindance/25_04_15_busiest_bee/,25123ic,exp1/exp1_cont_119,s3://braingeneers/braindance/25_04_15_busiest_bee/25123ic/exp1/exp1_cont_119.raw.h5,20000,8.0,8.000009190338792,True,stim,169,True,138.0,25_04_15_busiest_bee,exp1,False,,,1,dorsal ,C57BL6,1/15/25,90.0,2/12/25,77.0,18E
s3://braingeneers/braindance/25_04_15_busiest_bee/,25123ic,exp1/exp1_cont_55,s3://braingeneers/braindance/25_04_15_busiest_bee/25123ic/exp1/exp1_cont_55.raw.h5,5000,2.0,1.999997525821822,True,stim,169,True,138.0,25_04_15_busiest_bee,exp1,False,,,1,dorsal ,C57BL6,1/15/25,90.0,2/12/25,77.0,18E
s3://braingeneers/braindance/25_04_15_busiest_bee/,25123ic,exp1/exp1_cont_162,s3://braingeneers/braindance/25_04_15_busiest_bee/25123ic/exp1/exp1_cont_162.raw.h5,0,0.0,,False,spontaneous,169,True,138.0,25_04_15_busiest_bee,exp1,False,,,1,dorsal ,C57BL6,1/15/25,90.0,2/12/25,77.0,18E
s3://braingeneers/braindance/25_04_15_busiest_bee/,25123ic,exp1/exp1_cont_112,s3://braingeneers/braindance/25_04_15_busiest_bee/25123ic/exp1/exp1_cont_112.raw.h5,0,0.0,,False,spontaneous,169,True,138.0,25_04_15_busiest_bee,exp1,False,,,1,dorsal ,C57BL6,1/15/25,90.0,2/12/25,77.0,18E
s3://braingeneers/braindance/25_04_15_busiest_bee/,25123ic,exp1/exp1_cont_131,s3://braingeneers/braindance/25_04_15_busiest_bee/25123ic/exp1/exp1_cont_131.raw.h5,1250,0.5,0.4999993148490131,True,stim,169,True,138.0,25_04_15_busiest_bee,exp1,False,,,1,dorsal ,C57BL6,1/15/25,90.0,2/12/25,77.0,18E
s3://braingeneers/braindance/25_04_15_busiest_bee/,25123ic,exp1/exp1_cont_24,s3://braingeneers/braindance/25_04_15_busiest_bee/25123ic/exp1/exp1_cont_24.raw.h5,0,0.0,,False,spontaneous,169,True,138.0,25_04_15_busiest_bee,exp1,False,,,1,dorsal ,C57BL6,1/15/25,90.0,2/12/25,77.0,18E
s3://braingeneers/braindance/25_04_15_busiest_bee/,25123ic,exp1/exp1_cont_101,s3://braingeneers/braindance/25_04_15_busiest_bee/25123ic/exp1/exp1_cont_101.raw.h5,1250,0.5,0.499999550212379,True,stim,169,True,138.0,25_04_15_busiest_bee,exp1,False,,,1,dorsal ,C57BL6,1/15/25,90.0,2/12/25,77.0,18E
s3://braingeneers/braindance/25_04_15_busiest_bee/,25123ic,exp1/exp1_cont_3,s3://braingeneers/braindance/25_04_15_busiest_bee/25123ic/exp1/exp1_cont_3.raw.h5,2500,1.0,0.9999976904179012,True,stim,169,True,138.0,25_04_15_busiest_bee,exp1,False,,,1,dorsal ,C57BL6,1/15/25,90.0,2/12/25,77.0,18E
s3://braingeneers/braindance/25_04_15_busiest_bee/,25123ic,exp1/exp1_cont_164,s3://braingeneers/braindance/25_04_15_busiest_bee/25123ic/exp1/exp1_cont_164.raw.h5,0,0.0,,False,spontaneous,169,True,138.0,25_04_15_busiest_bee,exp1,False,,,1,dorsal ,C57BL6,1/15/25,90.0,2/12/25,77.0,18E
s3://braingeneers/braindance/25_04_15_busiest_bee/,25123ic,exp1/exp1_cont_59,s3://braingeneers/braindance/25_04_15_busiest_bee/25123ic/exp1/exp1_cont_59.raw.h5,20000,8.0,8.000005201479498,True,stim,169,True,138.0,25_04_15_busiest_bee,exp1,False,,,1,dorsal ,C57BL6,1/15/25,90.0,2/12/25,77.0,18E
s3://braingeneers/braindance/25_04_15_busiest_bee/,25123ic,exp1/exp1_cont_40,s3://braingeneers/braindance/25_04_15_busiest_bee/25123ic/exp1/exp1_cont_40.raw.h5,0,0.0,,False,spontaneous,169,True,138.0,25_04_15_busiest_bee,exp1,False,,,1,dorsal ,C57BL6,1/15/25,90.0,2/12/25,77.0,18E
s3://braingeneers/braindance/25_04_15_busiest_bee/,25123ic,exp1/exp1_cont_123,s3://braingeneers/braindance/25_04_15_busiest_bee/25123ic/exp1/exp1_cont_123.raw.h5,2500,1.0,0.999998786909446,True,stim,169,True,138.0,25_04_15_busiest_bee,exp1,False,,,1,dorsal ,C57BL6,1/15/25,90.0,2/12/25,77.0,18E
s3://braingeneers/braindance/25_04_15_busiest_bee/,25123ic,exp1/exp1_cont_146,s3://braingeneers/braindance/25_04_15_busiest_bee/25123ic/exp1/exp1_cont_146.raw.h5,0,0.0,,False,spontaneous,169,True,138.0,25_04_15_busiest_bee,exp1,False,,,1,dorsal ,C57BL6,1/15/25,90.0,2/12/25,77.0,18E
s3://braingeneers/braindance/25_04_15_busiest_bee/,25123ic,exp1/exp1_cont_73,s3://braingeneers/braindance/25_04_15_busiest_bee/25123ic/exp1/exp1_cont_73.raw.h5,2500,1.0,1.0000002080440529,True,stim,169,True,138.0,25_04_15_busiest_bee,exp1,False,,,1,dorsal ,C57BL6,1/15/25,90.0,2/12/25,77.0,18E
s3://braingeneers/braindance/25_04_15_busiest_bee/,25123ic,exp1/exp1,s3://braingeneers/braindance/25_04_15_busiest_bee/25123ic/exp1/exp1.raw.h5,0,0.0,,False,spontaneous,169,True,138.0,25_04_15_busiest_bee,exp1,True,,,1,dorsal ,C57BL6,1/15/25,90.0,2/12/25,77.0,18E
s3://braingeneers/braindance/25_04_15_busiest_bee/,25123ic,exp1/exp1_cont_9,s3://braingeneers/braindance/25_04_15_busiest_bee/25123ic/exp1/exp1_cont_9.raw.h5,20000,8.0,7.99998431544179,True,stim,169,True,138.0,25_04_15_busiest_bee,exp1,False,,,1,dorsal ,C57BL6,1/15/25,90.0,2/12/25,77.0,18E
s3://braingeneers/braindance/25_04_15_busiest_bee/,25123ic,exp1/exp1_cont_43,s3://braingeneers/braindance/25_04_15_busiest_bee/25123ic/exp1/exp1_cont_43.raw.h5,2500,1.0,0.9999990187400584,True,stim,169,True,138.0,25_04_15_busiest_bee,exp1,False,,,1,dorsal ,C57BL6,1/15/25,90.0,2/12/25,77.0,18E
s3://braingeneers/braindance/25_04_15_busiest_bee/,25123ic,exp1/exp1_cont_98,s3://braingeneers/braindance/25_04_15_busiest_bee/25123ic/exp1/exp1_cont_98.raw.h5,0,0.0,,False,spontaneous,169,True,138.0,25_04_15_busiest_bee,exp1,False,,,1,dorsal ,C57BL6,1/15/25,90.0,2/12/25,77.0,18E
s3://braingeneers/braindance/25_04_15_busiest_bee/,25123ic,exp1/exp1_cont_90,s3://braingeneers/braindance/25_04_15_busiest_bee/25123ic/exp1/exp1_cont_90.raw.h5,0,0.0,,False,spontaneous,169,True,138.0,25_04_15_busiest_bee,exp1,False,,,1,dorsal ,C57BL6,1/15/25,90.0,2/12/25,77.0,18E
s3://braingeneers/braindance/25_04_15_busiest_bee/,25123ic,exp1/exp1_cont_69,s3://braingeneers/braindance/25_04_15_busiest_bee/25123ic/exp1/exp1_cont_69.raw.h5,20000,8.0,7.999997969162951,True,stim,169,True,138.0,25_04_15_busiest_bee,exp1,False,,,1,dorsal ,C57BL6,1/15/25,90.0,2/12/25,77.0,18E
s3://braingeneers/braindance/25_04_15_busiest_bee/,25123ic,exp1/exp1_cont_19,s3://braingeneers/braindance/25_04_15_busiest_bee/25123ic/exp1/exp1_cont_19.raw.h5,20000,8.0,7.999985725484593,True,stim,169,True,138.0,25_04_15_busiest_bee,exp1,False,,,1,dorsal ,C57BL6,1/15/25,90.0,2/12/25,77.0,18E
s3://braingeneers/braindance/25_04_15_busiest_bee/,25123ic,exp1/exp1_cont_34,s3://braingeneers/braindance/25_04_15_busiest_bee/25123ic/exp1/exp1_cont_34.raw.h5,0,0.0,,False,spontaneous,169,True,138.0,25_04_15_busiest_bee,exp1,False,,,1,dorsal ,C57BL6,1/15/25,90.0,2/12/25,77.0,18E
s3://braingeneers/braindance/25_04_15_busiest_bee/,25123ic,exp1/exp1_cont_64,s3://braingeneers/braindance/25_04_15_busiest_bee/25123ic/exp1/exp1_cont_64.raw.h5,0,0.0,,False,spontaneous,169,True,138.0,25_04_15_busiest_bee,exp1,False,,,1,dorsal ,C57BL6,1/15/25,90.0,2/12/25,77.0,18E
s3://braingeneers/braindance/25_04_15_busiest_bee/,25123ic,exp1/exp1_cont_11,s3://braingeneers/braindance/25_04_15_busiest_bee/25123ic/exp1/exp1_cont_11.raw.h5,1250,0.5,0.5000002417196914,True,stim,169,True,138.0,25_04_15_busiest_bee,exp1,False,,,1,dorsal ,C57BL6,1/15/25,90.0,2/12/25,77.0,18E
s3://braingeneers/braindance/25_04_15_busiest_bee/,25123ic,exp1/exp1_cont_80,s3://braingeneers/braindance/25_04_15_busiest_bee/25123ic/exp1/exp1_cont_80.raw.h5,0,0.0,,False,spontaneous,169,True,138.0,25_04_15_busiest_bee,exp1,False,,,1,dorsal ,C57BL6,1/15/25,90.0,2/12/25,77.0,18E
s3://braingeneers/braindance/25_04_15_busiest_bee/,25123ic,exp1/exp1_cont_148,s3://braingeneers/braindance/25_04_15_busiest_bee/25123ic/exp1/exp1_cont_148.raw.h5,0,0.0,,False,spontaneous,169,True,138.0,25_04_15_busiest_bee,exp1,False,,,1,dorsal ,C57BL6,1/15/25,90.0,2/12/25,77.0,18E
s3://braingeneers/braindance/25_04_15_busiest_bee/,25123ic,exp1/exp1_cont_122,s3://braingeneers/braindance/25_04_15_busiest_bee/25123ic/exp1/exp1_cont_122.raw.h5,0,0.0,,False,spontaneous,169,True,138.0,25_04_15_busiest_bee,exp1,False,,,1,dorsal ,C57BL6,1/15/25,90.0,2/12/25,77.0,18E
s3://braingeneers/braindance/25_04_15_busiest_bee/,25123ic,exp1/exp1_cont_149,s3://braingeneers/braindance/25_04_15_busiest_bee/25123ic/exp1/exp1_cont_149.raw.h5,20000,8.0,8.000008481153085,True,stim,169,True,138.0,25_04_15_busiest_bee,exp1,False,,,1,dorsal ,C57BL6,1/15/25,90.0,2/12/25,77.0,18E
s3://braingeneers/braindance/25_04_15_busiest_bee/,25123ic,exp1/exp1_cont_106,s3://braingeneers/braindance/25_04_15_busiest_bee/25123ic/exp1/exp1_cont_106.raw.h5,0,0.0,,False,spontaneous,169,True,138.0,25_04_15_busiest_bee,exp1,False,,,1,dorsal ,C57BL6,1/15/25,90.0,2/12/25,77.0,18E
s3://braingeneers/braindance/25_04_15_busiest_bee/,25123ic,exp1/exp1_cont_8,s3://braingeneers/braindance/25_04_15_busiest_bee/25123ic/exp1/exp1_cont_8.raw.h5,0,0.0,,False,spontaneous,169,True,138.0,25_04_15_busiest_bee,exp1,False,,,1,dorsal ,C57BL6,1/15/25,90.0,2/12/25,77.0,18E
s3://braingeneers/braindance/25_04_15_busiest_bee/,25123ic,exp1/exp1_cont_63,s3://braingeneers/braindance/25_04_15_busiest_bee/25123ic/exp1/exp1_cont_63.raw.h5,2500,1.0,0.9999985236028271,True,stim,169,True,138.0,25_04_15_busiest_bee,exp1,False,,,1,dorsal ,C57BL6,1/15/25,90.0,2/12/25,77.0,18E
s3://braingeneers/braindance/25_04_15_busiest_bee/,25123ic,exp1/exp1_cont_76,s3://braingeneers/braindance/25_04_15_busiest_bee/25123ic/exp1/exp1_cont_76.raw.h5,0,0.0,,False,spontaneous,169,True,138.0,25_04_15_busiest_bee,exp1,False,,,1,dorsal ,C57BL6,1/15/25,90.0,2/12/25,77.0,18E
s3://braingeneers/braindance/25_04_15_busiest_bee/,25123ic,exp1/exp1_cont_120,s3://braingeneers/braindance/25_04_15_busiest_bee/25123ic/exp1/exp1_cont_120.raw.h5,0,0.0,,False,spontaneous,169,True,138.0,25_04_15_busiest_bee,exp1,False,,,1,dorsal ,C57BL6,1/15/25,90.0,2/12/25,77.0,18E
s3://braingeneers/braindance/25_04_15_busiest_bee/,25123ic,exp1/exp1_cont_79,s3://braingeneers/braindance/25_04_15_busiest_bee/25123ic/exp1/exp1_cont_79.raw.h5,20000,8.0,7.999991557993123,True,stim,169,True,138.0,25_04_15_busiest_bee,exp1,False,,,1,dorsal ,C57BL6,1/15/25,90.0,2/12/25,77.0,18E
s3://braingeneers/braindance/25_04_15_busiest_bee/,25123ic,exp1/exp1_cont_71,s3://braingeneers/braindance/25_04_15_busiest_bee/25123ic/exp1/exp1_cont_71.raw.h5,1250,0.5,0.4999992355552161,True,stim,169,True,138.0,25_04_15_busiest_bee,exp1,False,,,1,dorsal ,C57BL6,1/15/25,90.0,2/12/25,77.0,18E
s3://braingeneers/braindance/25_04_15_busiest_bee/,25123ic,exp1/exp1_cont_20,s3://braingeneers/braindance/25_04_15_busiest_bee/25123ic/exp1/exp1_cont_20.raw.h5,0,0.0,,False,spontaneous,169,True,138.0,25_04_15_busiest_bee,exp1,False,,,1,dorsal ,C57BL6,1/15/25,90.0,2/12/25,77.0,18E
s3://braingeneers/braindance/25_04_15_busiest_bee/,25123ic,exp1/exp1_cont_133,s3://braingeneers/braindance/25_04_15_busiest_bee/25123ic/exp1/exp1_cont_133.raw.h5,2500,1.0,0.9999984722328225,True,stim,169,True,138.0,25_04_15_busiest_bee,exp1,False,,,1,dorsal ,C57BL6,1/15/25,90.0,2/12/25,77.0,18E
s3://braingeneers/braindance/25_04_15_busiest_bee/,25123ic,exp1/exp1_cont_152,s3://braingeneers/braindance/25_04_15_busiest_bee/25123ic/exp1/exp1_cont_152.raw.h5,0,0.0,,False,spontaneous,169,True,138.0,25_04_15_busiest_bee,exp1,False,,,1,dorsal ,C57BL6,1/15/25,90.0,2/12/25,77.0,18E
s3://braingeneers/braindance/25_04_15_busiest_bee/,25123ic,exp1/exp1_cont_33,s3://braingeneers/braindance/25_04_15_busiest_bee/25123ic/exp1/exp1_cont_33.raw.h5,2500,1.0,0.9999990393466484,True,stim,169,True,138.0,25_04_15_busiest_bee,exp1,False,,,1,dorsal ,C57BL6,1/15/25,90.0,2/12/25,77.0,18E
s3://braingeneers/braindance/25_04_15_busiest_bee/,25123ic,exp1/exp1_cont_88,s3://braingeneers/braindance/25_04_15_busiest_bee/25123ic/exp1/exp1_cont_88.raw.h5,0,0.0,,False,spontaneous,169,True,138.0,25_04_15_busiest_bee,exp1,False,,,1,dorsal ,C57BL6,1/15/25,90.0,2/12/25,77.0,18E
s3://braingeneers/braindance/25_04_15_busiest_bee/,25123ic,exp1/exp1_cont_10,s3://braingeneers/braindance/25_04_15_busiest_bee/25123ic/exp1/exp1_cont_10.raw.h5,0,0.0,,False,spontaneous,169,True,138.0,25_04_15_busiest_bee,exp1,False,,,1,dorsal ,C57BL6,1/15/25,90.0,2/12/25,77.0,18E
s3://braingeneers/braindance/25_04_15_busiest_bee/,25123ic,exp1/exp1_cont_47,s3://braingeneers/braindance/25_04_15_busiest_bee/25123ic/exp1/exp1_cont_47.raw.h5,10000,4.0,3.9999941159498857,True,stim,169,True,138.0,25_04_15_busiest_bee,exp1,False,,,1,dorsal ,C57BL6,1/15/25,90.0,2/12/25,77.0,18E
s3://braingeneers/braindance/25_04_15_busiest_bee/,25123ic,exp1/exp1_cont_157,s3://braingeneers/braindance/25_04_15_busiest_bee/25123ic/exp1/exp1_cont_157.raw.h5,10000,4.0,3.999998658469447,True,stim,169,True,138.0,25_04_15_busiest_bee,exp1,False,,,1,dorsal ,C57BL6,1/15/25,90.0,2/12/25,77.0,18E
s3://braingeneers/braindance/25_04_15_busiest_bee/,25123ic,exp1/exp1_cont_49,s3://braingeneers/braindance/25_04_15_busiest_bee/25123ic/exp1/exp1_cont_49.raw.h5,20000,8.0,7.999992565103865,True,stim,169,True,138.0,25_04_15_busiest_bee,exp1,False,,,1,dorsal ,C57BL6,1/15/25,90.0,2/12/25,77.0,18E
s3://braingeneers/braindance/25_04_15_busiest_bee/,25123ic,exp1/exp1_cont_129,s3://braingeneers/braindance/25_04_15_busiest_bee/25123ic/exp1/exp1_cont_129.raw.h5,20000,8.0,7.9999899992534065,True,stim,169,True,138.0,25_04_15_busiest_bee,exp1,False,,,1,dorsal ,C57BL6,1/15/25,90.0,2/12/25,77.0,18E
s3://braingeneers/braindance/25_04_15_busiest_bee/,25123ic,exp1/exp1_cont_15,s3://braingeneers/braindance/25_04_15_busiest_bee/25123ic/exp1/exp1_cont_15.raw.h5,5000,2.0,1.9999967083983117,True,stim,169,True,138.0,25_04_15_busiest_bee,exp1,False,,,1,dorsal ,C57BL6,1/15/25,90.0,2/12/25,77.0,18E
s3://braingeneers/braindance/25_04_15_busiest_bee/,25123ic,exp1/exp1_cont_56,s3://braingeneers/braindance/25_04_15_busiest_bee/25123ic/exp1/exp1_cont_56.raw.h5,0,0.0,,False,spontaneous,169,True,138.0,25_04_15_busiest_bee,exp1,False,,,1,dorsal ,C57BL6,1/15/25,90.0,2/12/25,77.0,18E
s3://braingeneers/braindance/25_04_15_busiest_bee/,25123ic,exp1/exp1_cont_113,s3://braingeneers/braindance/25_04_15_busiest_bee/25123ic/exp1/exp1_cont_113.raw.h5,2500,1.0,0.999999352749514,True,stim,169,True,138.0,25_04_15_busiest_bee,exp1,False,,,1,dorsal ,C57BL6,1/15/25,90.0,2/12/25,77.0,18E
s3://braingeneers/braindance/25_04_15_busiest_bee/,25123ic,exp1/exp1_cont_135,s3://braingeneers/braindance/25_04_15_busiest_bee/25123ic/exp1/exp1_cont_135.raw.h5,5000,2.0,1.9999955713136817,True,stim,169,True,138.0,25_04_15_busiest_bee,exp1,False,,,1,dorsal ,C57BL6,1/15/25,90.0,2/12/25,77.0,18E
s3://braingeneers/braindance/25_04_15_busiest_bee/,25123ic,exp1/exp1_cont_58,s3://braingeneers/braindance/25_04_15_busiest_bee/25123ic/exp1/exp1_cont_58.raw.h5,0,0.0,,False,spontaneous,169,True,138.0,25_04_15_busiest_bee,exp1,False,,,1,dorsal ,C57BL6,1/15/25,90.0,2/12/25,77.0,18E
s3://braingeneers/braindance/25_04_15_busiest_bee/,25123ic,exp1/exp1_cont_142,s3://braingeneers/braindance/25_04_15_busiest_bee/25123ic/exp1/exp1_cont_142.raw.h5,0,0.0,,False,spontaneous,169,True,138.0,25_04_15_busiest_bee,exp1,False,,,1,dorsal ,C57BL6,1/15/25,90.0,2/12/25,77.0,18E
s3://braingeneers/braindance/25_04_15_busiest_bee/,25123ic,exp1/exp1_cont_14,s3://braingeneers/braindance/25_04_15_busiest_bee/25123ic/exp1/exp1_cont_14.raw.h5,0,0.0,,False,spontaneous,169,True,138.0,25_04_15_busiest_bee,exp1,False,,,1,dorsal ,C57BL6,1/15/25,90.0,2/12/25,77.0,18E
s3://braingeneers/braindance/25_04_15_busiest_bee/,25123ic,exp1/exp1_cont_48,s3://braingeneers/braindance/25_04_15_busiest_bee/25123ic/exp1/exp1_cont_48.raw.h5,0,0.0,,False,spontaneous,169,True,138.0,25_04_15_busiest_bee,exp1,False,,,1,dorsal ,C57BL6,1/15/25,90.0,2/12/25,77.0,18E
s3://braingeneers/braindance/25_04_15_busiest_bee/,25123ic,exp1/exp1_cont_81,s3://braingeneers/braindance/25_04_15_busiest_bee/25123ic/exp1/exp1_cont_81.raw.h5,1250,0.5,0.4999997673780149,True,stim,169,True,138.0,25_04_15_busiest_bee,exp1,False,,,1,dorsal ,C57BL6,1/15/25,90.0,2/12/25,77.0,18E
s3://braingeneers/braindance/25_04_15_busiest_bee/,25123ic,exp1/exp1_cont_96,s3://braingeneers/braindance/25_04_15_busiest_bee/25123ic/exp1/exp1_cont_96.raw.h5,0,0.0,,False,spontaneous,169,True,138.0,25_04_15_busiest_bee,exp1,False,,,1,dorsal ,C57BL6,1/15/25,90.0,2/12/25,77.0,18E
s3://braingeneers/braindance/25_04_15_busiest_bee/,25123ic,exp1/exp1_cont_99,s3://braingeneers/braindance/25_04_15_busiest_bee/25123ic/exp1/exp1_cont_99.raw.h5,20000,8.0,7.999997927314509,True,stim,169,True,138.0,25_04_15_busiest_bee,exp1,False,,,1,dorsal ,C57BL6,1/15/25,90.0,2/12/25,77.0,18E
s3://braingeneers/braindance/25_04_15_busiest_bee/,25123ic,exp1/exp1_cont_41,s3://braingeneers/braindance/25_04_15_busiest_bee/25123ic/exp1/exp1_cont_41.raw.h5,1250,0.5,0.4999984010557557,True,stim,169,True,138.0,25_04_15_busiest_bee,exp1,False,,,1,dorsal ,C57BL6,1/15/25,90.0,2/12/25,77.0,18E
s3://braingeneers/braindance/25_04_15_busiest_bee/,25123ic,exp1/exp1_cont_125,s3://braingeneers/braindance/25_04_15_busiest_bee/25123ic/exp1/exp1_cont_125.raw.h5,5000,2.0,1.999999825874784,True,stim,169,True,138.0,25_04_15_busiest_bee,exp1,False,,,1,dorsal ,C57BL6,1/15/25,90.0,2/12/25,77.0,18E
s3://braingeneers/braindance/25_04_15_busiest_bee/,25123ic,exp1/exp1_cont_144,s3://braingeneers/braindance/25_04_15_busiest_bee/25123ic/exp1/exp1_cont_144.raw.h5,0,0.0,,False,spontaneous,169,True,138.0,25_04_15_busiest_bee,exp1,False,,,1,dorsal ,C57BL6,1/15/25,90.0,2/12/25,77.0,18E
s3://braingeneers/braindance/25_04_15_busiest_bee/,25123ic,exp1/exp1_cont_117,s3://braingeneers/braindance/25_04_15_busiest_bee/25123ic/exp1/exp1_cont_117.raw.h5,10000,4.0,4.000001757602068,True,stim,169,True,138.0,25_04_15_busiest_bee,exp1,False,,,1,dorsal ,C57BL6,1/15/25,90.0,2/12/25,77.0,18E
s3://braingeneers/braindance/25_04_15_busiest_bee/,25123ic,exp1/exp1_cont_130,s3://braingeneers/braindance/25_04_15_busiest_bee/25123ic/exp1/exp1_cont_130.raw.h5,0,0.0,,False,spontaneous,169,True,138.0,25_04_15_busiest_bee,exp1,False,,,1,dorsal ,C57BL6,1/15/25,90.0,2/12/25,77.0,18E
s3://braingeneers/braindance/25_04_15_busiest_bee/,25123ic,exp1/exp1_cont_108,s3://braingeneers/braindance/25_04_15_busiest_bee/25123ic/exp1/exp1_cont_108.raw.h5,0,0.0,,False,spontaneous,169,True,138.0,25_04_15_busiest_bee,exp1,False,,,1,dorsal ,C57BL6,1/15/25,90.0,2/12/25,77.0,18E
s3://braingeneers/braindance/25_04_15_busiest_bee/,25123ic,exp1/exp1_cont_2,s3://braingeneers/braindance/25_04_15_busiest_bee/25123ic/exp1/exp1_cont_2.raw.h5,0,0.0,,False,spontaneous,169,True,138.0,25_04_15_busiest_bee,exp1,False,,,1,dorsal ,C57BL6,1/15/25,90.0,2/12/25,77.0,18E
s3://braingeneers/braindance/25_04_15_busiest_bee/,25123ic,exp1/exp1_cont_82,s3://braingeneers/braindance/25_04_15_busiest_bee/25123ic/exp1/exp1_cont_82.raw.h5,0,0.0,,False,spontaneous,169,True,138.0,25_04_15_busiest_bee,exp1,False,,,1,dorsal ,C57BL6,1/15/25,90.0,2/12/25,77.0,18E
s3://braingeneers/braindance/25_04_15_busiest_bee/,25123ic,exp1/exp1_cont_36,s3://braingeneers/braindance/25_04_15_busiest_bee/25123ic/exp1/exp1_cont_36.raw.h5,0,0.0,,False,spontaneous,169,True,138.0,25_04_15_busiest_bee,exp1,False,,,1,dorsal ,C57BL6,1/15/25,90.0,2/12/25,77.0,18E
s3://braingeneers/braindance/25_04_15_busiest_bee/,25123ic,exp1/exp1_cont_54,s3://braingeneers/braindance/25_04_15_busiest_bee/25123ic/exp1/exp1_cont_54.raw.h5,0,0.0,,False,spontaneous,169,True,138.0,25_04_15_busiest_bee,exp1,False,,,1,dorsal ,C57BL6,1/15/25,90.0,2/12/25,77.0,18E
s3://braingeneers/braindance/25_04_15_busiest_bee/,25123ic,exp1/exp1_cont_156,s3://braingeneers/braindance/25_04_15_busiest_bee/25123ic/exp1/exp1_cont_156.raw.h5,0,0.0,,False,spontaneous,169,True,138.0,25_04_15_busiest_bee,exp1,False,,,1,dorsal ,C57BL6,1/15/25,90.0,2/12/25,77.0,18E
s3://braingeneers/braindance/25_04_15_busiest_bee/,25123ic,exp1/exp1_cont_114,s3://braingeneers/braindance/25_04_15_busiest_bee/25123ic/exp1/exp1_cont_114.raw.h5,0,0.0,,False,spontaneous,169,True,138.0,25_04_15_busiest_bee,exp1,False,,,1,dorsal ,C57BL6,1/15/25,90.0,2/12/25,77.0,18E
s3://braingeneers/braindance/25_04_15_busiest_bee/,25123ic,exp1/exp1_cont_100,s3://braingeneers/braindance/25_04_15_busiest_bee/25123ic/exp1/exp1_cont_100.raw.h5,0,0.0,,False,spontaneous,169,True,138.0,25_04_15_busiest_bee,exp1,False,,,1,dorsal ,C57BL6,1/15/25,90.0,2/12/25,77.0,18E
s3://braingeneers/braindance/25_04_15_busiest_bee/,25123ic,exp1/exp1_cont_150,s3://braingeneers/braindance/25_04_15_busiest_bee/25123ic/exp1/exp1_cont_150.raw.h5,0,0.0,,False,spontaneous,169,True,138.0,25_04_15_busiest_bee,exp1,False,,,1,dorsal ,C57BL6,1/15/25,90.0,2/12/25,77.0,18E
s3://braingeneers/braindance/25_04_15_busiest_bee/,25123ic,exp1/exp1_cont_137,s3://braingeneers/braindance/25_04_15_busiest_bee/25123ic/exp1/exp1_cont_137.raw.h5,10000,4.0,4.000001912428929,True,stim,169,True,138.0,25_04_15_busiest_bee,exp1,False,,,1,dorsal ,C57BL6,1/15/25,90.0,2/12/25,77.0,18E
s3://braingeneers/braindance/25_04_15_busiest_bee/,25123ic,exp1/exp1_cont_154,s3://braingeneers/braindance/25_04_15_busiest_bee/25123ic/exp1/exp1_cont_154.raw.h5,0,0.0,,False,spontaneous,169,True,138.0,25_04_15_busiest_bee,exp1,False,,,1,dorsal ,C57BL6,1/15/25,90.0,2/12/25,77.0,18E
s3://braingeneers/braindance/25_04_15_busiest_bee/,25123ic,exp1/exp1_cont_83,s3://braingeneers/braindance/25_04_15_busiest_bee/25123ic/exp1/exp1_cont_83.raw.h5,2500,1.0,0.9999985619536446,True,stim,169,True,138.0,25_04_15_busiest_bee,exp1,False,,,1,dorsal ,C57BL6,1/15/25,90.0,2/12/25,77.0,18E
s3://braingeneers/braindance/25_04_15_busiest_bee/,25123ic,exp1/exp1_cont_93,s3://braingeneers/braindance/25_04_15_busiest_bee/25123ic/exp1/exp1_cont_93.raw.h5,2500,1.0,0.999998816061026,True,stim,169,True,138.0,25_04_15_busiest_bee,exp1,False,,,1,dorsal ,C57BL6,1/15/25,90.0,2/12/25,77.0,18E
s3://braingeneers/braindance/25_04_15_busiest_bee/,25123ic,exp1/exp1_cont_155,s3://braingeneers/braindance/25_04_15_busiest_bee/25123ic/exp1/exp1_cont_155.raw.h5,5000,2.0,1.9999972737120684,True,stim,169,True,138.0,25_04_15_busiest_bee,exp1,False,,,1,dorsal ,C57BL6,1/15/25,90.0,2/12/25,77.0,18E
s3://braingeneers/braindance/25_04_15_busiest_bee/,25123ic,exp1/exp1_cont_51,s3://braingeneers/braindance/25_04_15_busiest_bee/25123ic/exp1/exp1_cont_51.raw.h5,1250,0.5,0.4999985476997768,True,stim,169,True,138.0,25_04_15_busiest_bee,exp1,False,,,1,dorsal ,C57BL6,1/15/25,90.0,2/12/25,77.0,18E
s3://braingeneers/braindance/25_04_15_busiest_bee/,25123ic,exp1/exp1_cont_118,s3://braingeneers/braindance/25_04_15_busiest_bee/25123ic/exp1/exp1_cont_118.raw.h5,0,0.0,,False,spontaneous,169,True,138.0,25_04_15_busiest_bee,exp1,False,,,1,dorsal ,C57BL6,1/15/25,90.0,2/12/25,77.0,18E
s3://braingeneers/braindance/25_04_15_busiest_bee/,25123ic,exp1/exp1_cont_53,s3://braingeneers/braindance/25_04_15_busiest_bee/25123ic/exp1/exp1_cont_53.raw.h5,2500,1.0,1.0000000481656657,True,stim,169,True,138.0,25_04_15_busiest_bee,exp1,False,,,1,dorsal ,C57BL6,1/15/25,90.0,2/12/25,77.0,18E
s3://braingeneers/braindance/25_04_15_busiest_bee/,25123ic,exp1/exp1_cont_30,s3://braingeneers/braindance/25_04_15_busiest_bee/25123ic/exp1/exp1_cont_30.raw.h5,0,0.0,,False,spontaneous,169,True,138.0,25_04_15_busiest_bee,exp1,False,,,1,dorsal ,C57BL6,1/15/25,90.0,2/12/25,77.0,18E
s3://braingeneers/braindance/25_04_15_busiest_bee/,25123ic,exp1/exp1_cont_67,s3://braingeneers/braindance/25_04_15_busiest_bee/25123ic/exp1/exp1_cont_67.raw.h5,10000,4.0,3.999998971124561,True,stim,169,True,138.0,25_04_15_busiest_bee,exp1,False,,,1,dorsal ,C57BL6,1/15/25,90.0,2/12/25,77.0,18E
s3://braingeneers/braindance/25_04_15_busiest_bee/,25123ic,exp1/exp1_cont_97,s3://braingeneers/braindance/25_04_15_busiest_bee/25123ic/exp1/exp1_cont_97.raw.h5,10000,4.0,3.9999954358495953,True,stim,169,True,138.0,25_04_15_busiest_bee,exp1,False,,,1,dorsal ,C57BL6,1/15/25,90.0,2/12/25,77.0,18E
s3://braingeneers/braindance/25_04_15_busiest_bee/,25123ic,exp1/exp1_cont_167,s3://braingeneers/braindance/25_04_15_busiest_bee/25123ic/exp1/exp1_cont_167.raw.h5,5361,4.0,3.999988610375744,True,stim,169,True,138.0,25_04_15_busiest_bee,exp1,False,,,1,dorsal ,C57BL6,1/15/25,90.0,2/12/25,77.0,18E
s3://braingeneers/braindance/25_04_15_busiest_bee/,25123ic,exp1/exp1_cont_22,s3://braingeneers/braindance/25_04_15_busiest_bee/25123ic/exp1/exp1_cont_22.raw.h5,0,0.0,,False,spontaneous,169,True,138.0,25_04_15_busiest_bee,exp1,False,,,1,dorsal ,C57BL6,1/15/25,90.0,2/12/25,77.0,18E
s3://braingeneers/braindance/25_04_15_busiest_bee/,25123ic,exp1/exp1_cont,s3://braingeneers/braindance/25_04_15_busiest_bee/25123ic/exp1/exp1_cont.raw.h5,0,0.0,,False,spontaneous,169,True,138.0,25_04_15_busiest_bee,exp1,False,,,1,dorsal ,C57BL6,1/15/25,90.0,2/12/25,77.0,18E
s3://braingeneers/braindance/25_04_15_busiest_bee/,25123ic,exp1/exp1_cont_1,s3://braingeneers/braindance/25_04_15_busiest_bee/25123ic/exp1/exp1_cont_1.raw.h5,1250,0.5,0.499998744298786,True,stim,169,True,138.0,25_04_15_busiest_bee,exp1,False,,,1,dorsal ,C57BL6,1/15/25,90.0,2/12/25,77.0,18E
s3://braingeneers/braindance/25_04_15_busiest_bee/,25123ic,exp1/exp1_cont_23,s3://braingeneers/braindance/25_04_15_busiest_bee/25123ic/exp1/exp1_cont_23.raw.h5,2500,1.0,0.9999978585956112,True,stim,169,True,138.0,25_04_15_busiest_bee,exp1,False,,,1,dorsal ,C57BL6,1/15/25,90.0,2/12/25,77.0,18E
s3://braingeneers/braindance/25_04_15_busiest_bee/,25123ic,exp1/exp1_cont_7,s3://braingeneers/braindance/25_04_15_busiest_bee/25123ic/exp1/exp1_cont_7.raw.h5,10000,4.0,3.9999911514995294,True,stim,169,True,138.0,25_04_15_busiest_bee,exp1,False,,,1,dorsal ,C57BL6,1/15/25,90.0,2/12/25,77.0,18E
s3://braingeneers/braindance/25_04_15_busiest_bee/,25123ic,exp1/exp1_cont_26,s3://braingeneers/braindance/25_04_15_busiest_bee/25123ic/exp1/exp1_cont_26.raw.h5,0,0.0,,False,spontaneous,169,True,138.0,25_04_15_busiest_bee,exp1,False,,,1,dorsal ,C57BL6,1/15/25,90.0,2/12/25,77.0,18E
s3://braingeneers/braindance/25_04_15_busiest_bee/,25123ic,exp1/exp1_cont_141,s3://braingeneers/braindance/25_04_15_busiest_bee/25123ic/exp1/exp1_cont_141.raw.h5,1250,0.5,0.4999996911519032,True,stim,169,True,138.0,25_04_15_busiest_bee,exp1,False,,,1,dorsal ,C57BL6,1/15/25,90.0,2/12/25,77.0,18E
s3://braingeneers/braindance/25_04_15_busiest_bee/,25123ic,exp1/exp1_cont_50,s3://braingeneers/braindance/25_04_15_busiest_bee/25123ic/exp1/exp1_cont_50.raw.h5,0,0.0,,False,spontaneous,169,True,138.0,25_04_15_busiest_bee,exp1,False,,,1,dorsal ,C57BL6,1/15/25,90.0,2/12/25,77.0,18E
s3://braingeneers/braindance/25_04_15_busiest_bee/,25123ic,exp1/exp1_cont_91,s3://braingeneers/braindance/25_04_15_busiest_bee/25123ic/exp1/exp1_cont_91.raw.h5,1250,0.5,0.499998583123514,True,stim,169,True,138.0,25_04_15_busiest_bee,exp1,False,,,1,dorsal ,C57BL6,1/15/25,90.0,2/12/25,77.0,18E
s3://braingeneers/braindance/25_04_15_busiest_bee/,25123ic,exp1/exp1_cont_44,s3://braingeneers/braindance/25_04_15_busiest_bee/25123ic/exp1/exp1_cont_44.raw.h5,0,0.0,,False,spontaneous,169,True,138.0,25_04_15_busiest_bee,exp1,False,,,1,dorsal ,C57BL6,1/15/25,90.0,2/12/25,77.0,18E
s3://braingeneers/braindance/25_04_15_busiest_bee/,25123ic,exp1/exp1_cont_105,s3://braingeneers/braindance/25_04_15_busiest_bee/25123ic/exp1/exp1_cont_105.raw.h5,5000,2.0,1.9999971493387008,True,stim,169,True,138.0,25_04_15_busiest_bee,exp1,False,,,1,dorsal ,C57BL6,1/15/25,90.0,2/12/25,77.0,18E
s3://braingeneers/braindance/25_04_15_busiest_bee/,25123ic,exp1/exp1_cont_104,s3://braingeneers/braindance/25_04_15_busiest_bee/25123ic/exp1/exp1_cont_104.raw.h5,0,0.0,,False,spontaneous,169,True,138.0,25_04_15_busiest_bee,exp1,False,,,1,dorsal ,C57BL6,1/15/25,90.0,2/12/25,77.0,18E
s3://braingeneers/braindance/25_04_15_busiest_bee/,25123ic,exp1/exp1_cont_45,s3://braingeneers/braindance/25_04_15_busiest_bee/25123ic/exp1/exp1_cont_45.raw.h5,5000,2.0,1.9999987314991232,True,stim,169,True,138.0,25_04_15_busiest_bee,exp1,False,,,1,dorsal ,C57BL6,1/15/25,90.0,2/12/25,77.0,18E
s3://braingeneers/braindance/25_04_15_busiest_bee/,25123ic,exp1/exp1_cont_84,s3://braingeneers/braindance/25_04_15_busiest_bee/25123ic/exp1/exp1_cont_84.raw.h5,0,0.0,,False,spontaneous,169,True,138.0,25_04_15_busiest_bee,exp1,False,,,1,dorsal ,C57BL6,1/15/25,90.0,2/12/25,77.0,18E
s3://braingeneers/braindance/25_04_15_busiest_bee/,25123ic,exp1/exp1_cont_25,s3://braingeneers/braindance/25_04_15_busiest_bee/25123ic/exp1/exp1_cont_25.raw.h5,5000,2.0,1.999999264715648,True,stim,169,True,138.0,25_04_15_busiest_bee,exp1,False,,,1,dorsal ,C57BL6,1/15/25,90.0,2/12/25,77.0,18E
s3://braingeneers/braindance/25_04_15_busiest_bee/,25123ic,exp1/exp1_cont_165,s3://braingeneers/braindance/25_04_15_busiest_bee/25123ic/exp1/exp1_cont_165.raw.h5,5000,2.0,1.999997078760014,True,stim,169,True,138.0,25_04_15_busiest_bee,exp1,False,,,1,dorsal ,C57BL6,1/15/25,90.0,2/12/25,77.0,18E
s3://braingeneers/braindance/25_04_15_busiest_bee/,25123ic,exp1/exp1_cont_38,s3://braingeneers/braindance/25_04_15_busiest_bee/25123ic/exp1/exp1_cont_38.raw.h5,0,0.0,,False,spontaneous,169,True,138.0,25_04_15_busiest_bee,exp1,False,,,1,dorsal ,C57BL6,1/15/25,90.0,2/12/25,77.0,18E
s3://braingeneers/braindance/25_04_15_busiest_bee/,25123ic,exp1/exp1_cont_92,s3://braingeneers/braindance/25_04_15_busiest_bee/25123ic/exp1/exp1_cont_92.raw.h5,0,0.0,,False,spontaneous,169,True,138.0,25_04_15_busiest_bee,exp1,False,,,1,dorsal ,C57BL6,1/15/25,90.0,2/12/25,77.0,18E
s3://braingeneers/braindance/25_04_15_busiest_bee/,25123ic,exp1/exp1_cont_163,s3://braingeneers/braindance/25_04_15_busiest_bee/25123ic/exp1/exp1_cont_163.raw.h5,2500,1.0,0.9999990329389266,True,stim,169,True,138.0,25_04_15_busiest_bee,exp1,False,,,1,dorsal ,C57BL6,1/15/25,90.0,2/12/25,77.0,18E
s3://braingeneers/braindance/25_04_15_busiest_bee/,25123ic,exp1/exp1_cont_57,s3://braingeneers/braindance/25_04_15_busiest_bee/25123ic/exp1/exp1_cont_57.raw.h5,10000,4.0,3.999998990888168,True,stim,169,True,138.0,25_04_15_busiest_bee,exp1,False,,,1,dorsal ,C57BL6,1/15/25,90.0,2/12/25,77.0,18E
s3://braingeneers/braindance/25_04_15_busiest_bee/,25123ic,exp1/exp1_cont_52,s3://braingeneers/braindance/25_04_15_busiest_bee/25123ic/exp1/exp1_cont_52.raw.h5,0,0.0,,False,spontaneous,169,True,138.0,25_04_15_busiest_bee,exp1,False,,,1,dorsal ,C57BL6,1/15/25,90.0,2/12/25,77.0,18E
s3://braingeneers/braindance/25_04_15_busiest_bee/,25123ic,exp1/exp1_cont_42,s3://braingeneers/braindance/25_04_15_busiest_bee/25123ic/exp1/exp1_cont_42.raw.h5,0,0.0,,False,spontaneous,169,True,138.0,25_04_15_busiest_bee,exp1,False,,,1,dorsal ,C57BL6,1/15/25,90.0,2/12/25,77.0,18E
s3://braingeneers/braindance/25_04_15_busiest_bee/,25123ic,exp1/exp1_cont_127,s3://braingeneers/braindance/25_04_15_busiest_bee/25123ic/exp1/exp1_cont_127.raw.h5,10000,4.0,3.9999992553304793,True,stim,169,True,138.0,25_04_15_busiest_bee,exp1,False,,,1,dorsal ,C57BL6,1/15/25,90.0,2/12/25,77.0,18E
s3://braingeneers/braindance/25_04_15_busiest_bee/,25123ic,exp1/exp1_cont_128,s3://braingeneers/braindance/25_04_15_busiest_bee/25123ic/exp1/exp1_cont_128.raw.h5,0,0.0,,False,spontaneous,169,True,138.0,25_04_15_busiest_bee,exp1,False,,,1,dorsal ,C57BL6,1/15/25,90.0,2/12/25,77.0,18E
s3://braingeneers/braindance/25_04_15_busiest_bee/,25123ic,exp1/exp1_cont_12,s3://braingeneers/braindance/25_04_15_busiest_bee/25123ic/exp1/exp1_cont_12.raw.h5,0,0.0,,False,spontaneous,169,True,138.0,25_04_15_busiest_bee,exp1,False,,,1,dorsal ,C57BL6,1/15/25,90.0,2/12/25,77.0,18E
s3://braingeneers/braindance/25_04_15_busiest_bee/,25123ic,exp1/exp1_cont_115,s3://braingeneers/braindance/25_04_15_busiest_bee/25123ic/exp1/exp1_cont_115.raw.h5,5000,2.0,2.000000284288911,True,stim,169,True,138.0,25_04_15_busiest_bee,exp1,False,,,1,dorsal ,C57BL6,1/15/25,90.0,2/12/25,77.0,18E
s3://braingeneers/braindance/25_04_15_busiest_bee/,25123ic,exp1/exp1_cont_132,s3://braingeneers/braindance/25_04_15_busiest_bee/25123ic/exp1/exp1_cont_132.raw.h5,0,0.0,,False,spontaneous,169,True,138.0,25_04_15_busiest_bee,exp1,False,,,1,dorsal ,C57BL6,1/15/25,90.0,2/12/25,77.0,18E
s3://braingeneers/braindance/25_04_15_busiest_bee/,25123ic,exp1/exp1_cont_158,s3://braingeneers/braindance/25_04_15_busiest_bee/25123ic/exp1/exp1_cont_158.raw.h5,0,0.0,,False,spontaneous,169,True,138.0,25_04_15_busiest_bee,exp1,False,,,1,dorsal ,C57BL6,1/15/25,90.0,2/12/25,77.0,18E
s3://braingeneers/braindance/25_04_15_busiest_bee/,25123ic,exp1/exp1_cont_66,s3://braingeneers/braindance/25_04_15_busiest_bee/25123ic/exp1/exp1_cont_66.raw.h5,0,0.0,,False,spontaneous,169,True,138.0,25_04_15_busiest_bee,exp1,False,,,1,dorsal ,C57BL6,1/15/25,90.0,2/12/25,77.0,18E
s3://braingeneers/braindance/25_04_15_busiest_bee/,25123ic,exp1/exp1_cont_85,s3://braingeneers/braindance/25_04_15_busiest_bee/25123ic/exp1/exp1_cont_85.raw.h5,5000,2.0,1.9999962887470215,True,stim,169,True,138.0,25_04_15_busiest_bee,exp1,False,,,1,dorsal ,C57BL6,1/15/25,90.0,2/12/25,77.0,18E
s3://braingeneers/braindance/25_04_15_busiest_bee/,25123ic,exp1/exp1_cont_151,s3://braingeneers/braindance/25_04_15_busiest_bee/25123ic/exp1/exp1_cont_151.raw.h5,1250,0.5,0.4999997723950189,True,stim,169,True,138.0,25_04_15_busiest_bee,exp1,False,,,1,dorsal ,C57BL6,1/15/25,90.0,2/12/25,77.0,18E
s3://braingeneers/braindance/25_04_15_busiest_bee/,25123ic,exp1/exp1_cont_16,s3://braingeneers/braindance/25_04_15_busiest_bee/25123ic/exp1/exp1_cont_16.raw.h5,0,0.0,,False,spontaneous,169,True,138.0,25_04_15_busiest_bee,exp1,False,,,1,dorsal ,C57BL6,1/15/25,90.0,2/12/25,77.0,18E
s3://braingeneers/braindance/25_04_15_busiest_bee/,25123ic,exp1/exp1_cont_110,s3://braingeneers/braindance/25_04_15_busiest_bee/25123ic/exp1/exp1_cont_110.raw.h5,0,0.0,,False,spontaneous,169,True,138.0,25_04_15_busiest_bee,exp1,False,,,1,dorsal ,C57BL6,1/15/25,90.0,2/12/25,77.0,18E
s3://braingeneers/braindance/25_04_15_busiest_bee/,25123ic,exp1/exp1_cont_5,s3://braingeneers/braindance/25_04_15_busiest_bee/25123ic/exp1/exp1_cont_5.raw.h5,5000,2.0,2.000002212921833,True,stim,169,True,138.0,25_04_15_busiest_bee,exp1,False,,,1,dorsal ,C57BL6,1/15/25,90.0,2/12/25,77.0,18E
s3://braingeneers/braindance/25_04_15_busiest_bee/,25123ic,exp1/exp1_cont_18,s3://braingeneers/braindance/25_04_15_busiest_bee/25123ic/exp1/exp1_cont_18.raw.h5,0,0.0,,False,spontaneous,169,True,138.0,25_04_15_busiest_bee,exp1,False,,,1,dorsal ,C57BL6,1/15/25,90.0,2/12/25,77.0,18E
s3://braingeneers/braindance/25_04_15_busiest_bee/,25123ic,exp1/exp1_cont_109,s3://braingeneers/braindance/25_04_15_busiest_bee/25123ic/exp1/exp1_cont_109.raw.h5,20000,8.0,7.999990169738059,True,stim,169,True,138.0,25_04_15_busiest_bee,exp1,False,,,1,dorsal ,C57BL6,1/15/25,90.0,2/12/25,77.0,18E
s3://braingeneers/braindance/25_04_15_busiest_bee/,25123ic,exp1/exp1_cont_136,s3://braingeneers/braindance/25_04_15_busiest_bee/25123ic/exp1/exp1_cont_136.raw.h5,0,0.0,,False,spontaneous,169,True,138.0,25_04_15_busiest_bee,exp1,False,,,1,dorsal ,C57BL6,1/15/25,90.0,2/12/25,77.0,18E
s3://braingeneers/braindance/25_04_15_busiest_bee/,25123ic,exp1/exp1_cont_68,s3://braingeneers/braindance/25_04_15_busiest_bee/25123ic/exp1/exp1_cont_68.raw.h5,0,0.0,,False,spontaneous,169,True,138.0,25_04_15_busiest_bee,exp1,False,,,1,dorsal ,C57BL6,1/15/25,90.0,2/12/25,77.0,18E
s3://braingeneers/braindance/25_04_15_busiest_bee/,25123ic,exp1/exp1_cont_87,s3://braingeneers/braindance/25_04_15_busiest_bee/25123ic/exp1/exp1_cont_87.raw.h5,10000,4.0,3.999996945477675,True,stim,169,True,138.0,25_04_15_busiest_bee,exp1,False,,,1,dorsal ,C57BL6,1/15/25,90.0,2/12/25,77.0,18E
s3://braingeneers/braindance/25_04_15_busiest_bee/,25123ic,exp1/exp1_cont_102,s3://braingeneers/braindance/25_04_15_busiest_bee/25123ic/exp1/exp1_cont_102.raw.h5,0,0.0,,False,spontaneous,169,True,138.0,25_04_15_busiest_bee,exp1,False,,,1,dorsal ,C57BL6,1/15/25,90.0,2/12/25,77.0,18E
s3://braingeneers/braindance/25_04_15_busiest_bee/,25123ic,exp1/exp1_cont_21,s3://braingeneers/braindance/25_04_15_busiest_bee/25123ic/exp1/exp1_cont_21.raw.h5,1250,0.5,0.4999998726811784,True,stim,169,True,138.0,25_04_15_busiest_bee,exp1,False,,,1,dorsal ,C57BL6,1/15/25,90.0,2/12/25,77.0,18E
s3://braingeneers/braindance/25_04_15_busiest_bee/,25123ic,exp1/exp1_cont_35,s3://braingeneers/braindance/25_04_15_busiest_bee/25123ic/exp1/exp1_cont_35.raw.h5,5000,2.0,1.9999971261117797,True,stim,169,True,138.0,25_04_15_busiest_bee,exp1,False,,,1,dorsal ,C57BL6,1/15/25,90.0,2/12/25,77.0,18E
s3://braingeneers/braindance/25_04_15_busiest_bee/,25123ic,exp1/exp1_cont_27,s3://braingeneers/braindance/25_04_15_busiest_bee/25123ic/exp1/exp1_cont_27.raw.h5,10000,4.0,3.9999974498521778,True,stim,169,True,138.0,25_04_15_busiest_bee,exp1,False,,,1,dorsal ,C57BL6,1/15/25,90.0,2/12/25,77.0,18E
s3://braingeneers/braindance/25_04_15_busiest_bee/,25123ic,exp1/exp1_cont_28,s3://braingeneers/braindance/25_04_15_busiest_bee/25123ic/exp1/exp1_cont_28.raw.h5,0,0.0,,False,spontaneous,169,True,138.0,25_04_15_busiest_bee,exp1,False,,,1,dorsal ,C57BL6,1/15/25,90.0,2/12/25,77.0,18E
s3://braingeneers/braindance/25_04_15_busiest_bee/,25178ic,exp1/exp1_cont_124,s3://braingeneers/braindance/25_04_15_busiest_bee/25178ic/exp1/exp1_cont_124.raw.h5,0,0.0,,False,spontaneous,284,True,180.0,25_04_15_busiest_bee,exp1,False,,,1,dorsal ,C57BL6,1/15/25,90.0,2/12/25,77.0,25D
s3://braingeneers/braindance/25_04_15_busiest_bee/,25178ic,exp1/exp1_cont_107,s3://braingeneers/braindance/25_04_15_busiest_bee/25178ic/exp1/exp1_cont_107.raw.h5,8400,4.0,3.99999655421944,True,stim,284,True,180.0,25_04_15_busiest_bee,exp1,False,,,1,dorsal ,C57BL6,1/15/25,90.0,2/12/25,77.0,25D
s3://braingeneers/braindance/25_04_15_busiest_bee/,25178ic,exp1/exp1_cont_245,s3://braingeneers/braindance/25_04_15_busiest_bee/25178ic/exp1/exp1_cont_245.raw.h5,4200,2.0,1.9999990787476227,True,stim,284,True,180.0,25_04_15_busiest_bee,exp1,False,,,1,dorsal ,C57BL6,1/15/25,90.0,2/12/25,77.0,25D
s3://braingeneers/braindance/25_04_15_busiest_bee/,25178ic,exp1/exp1_cont_111,s3://braingeneers/braindance/25_04_15_busiest_bee/25178ic/exp1/exp1_cont_111.raw.h5,1050,0.5,0.4999999437111728,True,stim,284,True,180.0,25_04_15_busiest_bee,exp1,False,,,1,dorsal ,C57BL6,1/15/25,90.0,2/12/25,77.0,25D
s3://braingeneers/braindance/25_04_15_busiest_bee/,25178ic,exp1/exp1_cont_70,s3://braingeneers/braindance/25_04_15_busiest_bee/25178ic/exp1/exp1_cont_70.raw.h5,0,0.0,,False,spontaneous,284,True,180.0,25_04_15_busiest_bee,exp1,False,,,1,dorsal ,C57BL6,1/15/25,90.0,2/12/25,77.0,25D
s3://braingeneers/braindance/25_04_15_busiest_bee/,25178ic,exp1/exp1_cont_270,s3://braingeneers/braindance/25_04_15_busiest_bee/25178ic/exp1/exp1_cont_270.raw.h5,0,0.0,,False,spontaneous,284,True,180.0,25_04_15_busiest_bee,exp1,False,,,1,dorsal ,C57BL6,1/15/25,90.0,2/12/25,77.0,25D
s3://braingeneers/braindance/25_04_15_busiest_bee/,25178ic,exp1/exp1_cont_246,s3://braingeneers/braindance/25_04_15_busiest_bee/25178ic/exp1/exp1_cont_246.raw.h5,0,0.0,,False,spontaneous,284,True,180.0,25_04_15_busiest_bee,exp1,False,,,1,dorsal ,C57BL6,1/15/25,90.0,2/12/25,77.0,25D
s3://braingeneers/braindance/25_04_15_busiest_bee/,25178ic,exp1/exp1_cont_103,s3://braingeneers/braindance/25_04_15_busiest_bee/25178ic/exp1/exp1_cont_103.raw.h5,2100,1.0,0.9999995943336436,True,stim,284,True,180.0,25_04_15_busiest_bee,exp1,False,,,1,dorsal ,C57BL6,1/15/25,90.0,2/12/25,77.0,25D
s3://braingeneers/braindance/25_04_15_busiest_bee/,25178ic,exp1/exp1_cont_74,s3://braingeneers/braindance/25_04_15_busiest_bee/25178ic/exp1/exp1_cont_74.raw.h5,0,0.0,,False,spontaneous,284,True,180.0,25_04_15_busiest_bee,exp1,False,,,1,dorsal ,C57BL6,1/15/25,90.0,2/12/25,77.0,25D
s3://braingeneers/braindance/25_04_15_busiest_bee/,25178ic,exp1/exp1_cont_244,s3://braingeneers/braindance/25_04_15_busiest_bee/25178ic/exp1/exp1_cont_244.raw.h5,0,0.0,,False,spontaneous,284,True,180.0,25_04_15_busiest_bee,exp1,False,,,1,dorsal ,C57BL6,1/15/25,90.0,2/12/25,77.0,25D
s3://braingeneers/braindance/25_04_15_busiest_bee/,25178ic,exp1/exp1_cont_241,s3://braingeneers/braindance/25_04_15_busiest_bee/25178ic/exp1/exp1_cont_241.raw.h5,1050,0.5,0.4999994696399896,True,stim,284,True,180.0,25_04_15_busiest_bee,exp1,False,,,1,dorsal ,C57BL6,1/15/25,90.0,2/12/25,77.0,25D
s3://braingeneers/braindance/25_04_15_busiest_bee/,25178ic,exp1/exp1_cont_121,s3://braingeneers/braindance/25_04_15_busiest_bee/25178ic/exp1/exp1_cont_121.raw.h5,1050,0.5,0.5000007136702505,True,stim,284,True,180.0,25_04_15_busiest_bee,exp1,False,,,1,dorsal ,C57BL6,1/15/25,90.0,2/12/25,77.0,25D
s3://braingeneers/braindance/25_04_15_busiest_bee/,25178ic,exp1/exp1_cont_6,s3://braingeneers/braindance/25_04_15_busiest_bee/25178ic/exp1/exp1_cont_6.raw.h5,0,0.0,,False,spontaneous,284,True,180.0,25_04_15_busiest_bee,exp1,False,,,1,dorsal ,C57BL6,1/15/25,90.0,2/12/25,77.0,25D
s3://braingeneers/braindance/25_04_15_busiest_bee/,25178ic,exp1/exp1_cont_126,s3://braingeneers/braindance/25_04_15_busiest_bee/25178ic/exp1/exp1_cont_126.raw.h5,0,0.0,,False,spontaneous,284,True,180.0,25_04_15_busiest_bee,exp1,False,,,1,dorsal ,C57BL6,1/15/25,90.0,2/12/25,77.0,25D
s3://braingeneers/braindance/25_04_15_busiest_bee/,25178ic,exp1/exp1_cont_72,s3://braingeneers/braindance/25_04_15_busiest_bee/25178ic/exp1/exp1_cont_72.raw.h5,0,0.0,,False,spontaneous,284,True,180.0,25_04_15_busiest_bee,exp1,False,,,1,dorsal ,C57BL6,1/15/25,90.0,2/12/25,77.0,25D
s3://braingeneers/braindance/25_04_15_busiest_bee/,25178ic,exp1/exp1_cont_271,s3://braingeneers/braindance/25_04_15_busiest_bee/25178ic/exp1/exp1_cont_271.raw.h5,1050,0.5,0.4999985404735201,True,stim,284,True,180.0,25_04_15_busiest_bee,exp1,False,,,1,dorsal ,C57BL6,1/15/25,90.0,2/12/25,77.0,25D
s3://braingeneers/braindance/25_04_15_busiest_bee/,25178ic,exp1/exp1_cont_275,s3://braingeneers/braindance/25_04_15_busiest_bee/25178ic/exp1/exp1_cont_275.raw.h5,4200,2.0,1.9999969822765444,True,stim,284,True,180.0,25_04_15_busiest_bee,exp1,False,,,1,dorsal ,C57BL6,1/15/25,90.0,2/12/25,77.0,25D
s3://braingeneers/braindance/25_04_15_busiest_bee/,25178ic,exp1/exp1_cont_274,s3://braingeneers/braindance/25_04_15_busiest_bee/25178ic/exp1/exp1_cont_274.raw.h5,0,0.0,,False,spontaneous,284,True,180.0,25_04_15_busiest_bee,exp1,False,,,1,dorsal ,C57BL6,1/15/25,90.0,2/12/25,77.0,25D
s3://braingeneers/braindance/25_04_15_busiest_bee/,25178ic,exp1/exp1_cont_116,s3://braingeneers/braindance/25_04_15_busiest_bee/25178ic/exp1/exp1_cont_116.raw.h5,0,0.0,,False,spontaneous,284,True,180.0,25_04_15_busiest_bee,exp1,False,,,1,dorsal ,C57BL6,1/15/25,90.0,2/12/25,77.0,25D
s3://braingeneers/braindance/25_04_15_busiest_bee/,25178ic,exp1/exp1_cont_4,s3://braingeneers/braindance/25_04_15_busiest_bee/25178ic/exp1/exp1_cont_4.raw.h5,0,0.0,,False,spontaneous,284,True,180.0,25_04_15_busiest_bee,exp1,False,,,1,dorsal ,C57BL6,1/15/25,90.0,2/12/25,77.0,25D
s3://braingeneers/braindance/25_04_15_busiest_bee/,25178ic,exp1/exp1_cont_119,s3://braingeneers/braindance/25_04_15_busiest_bee/25178ic/exp1/exp1_cont_119.raw.h5,16800,8.0,8.00000377008914,True,stim,284,True,180.0,25_04_15_busiest_bee,exp1,False,,,1,dorsal ,C57BL6,1/15/25,90.0,2/12/25,77.0,25D
s3://braingeneers/braindance/25_04_15_busiest_bee/,25178ic,exp1/exp1_cont_112,s3://braingeneers/braindance/25_04_15_busiest_bee/25178ic/exp1/exp1_cont_112.raw.h5,0,0.0,,False,spontaneous,284,True,180.0,25_04_15_busiest_bee,exp1,False,,,1,dorsal ,C57BL6,1/15/25,90.0,2/12/25,77.0,25D
s3://braingeneers/braindance/25_04_15_busiest_bee/,25178ic,exp1/exp1_cont_24,s3://braingeneers/braindance/25_04_15_busiest_bee/25178ic/exp1/exp1_cont_24.raw.h5,0,0.0,,False,spontaneous,284,True,180.0,25_04_15_busiest_bee,exp1,False,,,1,dorsal ,C57BL6,1/15/25,90.0,2/12/25,77.0,25D
s3://braingeneers/braindance/25_04_15_busiest_bee/,25178ic,exp1/exp1_cont_101,s3://braingeneers/braindance/25_04_15_busiest_bee/25178ic/exp1/exp1_cont_101.raw.h5,1050,0.5,0.5000010850626537,True,stim,284,True,180.0,25_04_15_busiest_bee,exp1,False,,,1,dorsal ,C57BL6,1/15/25,90.0,2/12/25,77.0,25D
s3://braingeneers/braindance/25_04_15_busiest_bee/,25178ic,exp1/exp1_cont_273,s3://braingeneers/braindance/25_04_15_busiest_bee/25178ic/exp1/exp1_cont_273.raw.h5,2100,1.0,0.9999992131292152,True,stim,284,True,180.0,25_04_15_busiest_bee,exp1,False,,,1,dorsal ,C57BL6,1/15/25,90.0,2/12/25,77.0,25D
s3://braingeneers/braindance/25_04_15_busiest_bee/,25178ic,exp1/exp1_cont_3,s3://braingeneers/braindance/25_04_15_busiest_bee/25178ic/exp1/exp1_cont_3.raw.h5,2100,1.0,0.999998583214008,True,stim,284,True,180.0,25_04_15_busiest_bee,exp1,False,,,1,dorsal ,C57BL6,1/15/25,90.0,2/12/25,77.0,25D
s3://braingeneers/braindance/25_04_15_busiest_bee/,25178ic,exp1/exp1_cont_123,s3://braingeneers/braindance/25_04_15_busiest_bee/25178ic/exp1/exp1_cont_123.raw.h5,2100,1.0,1.000003703931296,True,stim,284,True,180.0,25_04_15_busiest_bee,exp1,False,,,1,dorsal ,C57BL6,1/15/25,90.0,2/12/25,77.0,25D
s3://braingeneers/braindance/25_04_15_busiest_bee/,25178ic,exp1/exp1,s3://braingeneers/braindance/25_04_15_busiest_bee/25178ic/exp1/exp1.raw.h5,0,0.0,,False,spontaneous,284,True,180.0,25_04_15_busiest_bee,exp1,True,,,1,dorsal ,C57BL6,1/15/25,90.0,2/12/25,77.0,25D
s3://braingeneers/braindance/25_04_15_busiest_bee/,25178ic,exp1/exp1_cont_240,s3://braingeneers/braindance/25_04_15_busiest_bee/25178ic/exp1/exp1_cont_240.raw.h5,0,0.0,,False,spontaneous,284,True,180.0,25_04_15_busiest_bee,exp1,False,,,1,dorsal ,C57BL6,1/15/25,90.0,2/12/25,77.0,25D
s3://braingeneers/braindance/25_04_15_busiest_bee/,25178ic,exp1/exp1_cont_69,s3://braingeneers/braindance/25_04_15_busiest_bee/25178ic/exp1/exp1_cont_69.raw.h5,16800,8.0,7.99999553860556,True,stim,284,True,180.0,25_04_15_busiest_bee,exp1,False,,,1,dorsal ,C57BL6,1/15/25,90.0,2/12/25,77.0,25D
s3://braingeneers/braindance/25_04_15_busiest_bee/,25178ic,exp1/exp1_cont_11,s3://braingeneers/braindance/25_04_15_busiest_bee/25178ic/exp1/exp1_cont_11.raw.h5,1050,0.5,0.4999989736937295,True,stim,284,True,180.0,25_04_15_busiest_bee,exp1,False,,,1,dorsal ,C57BL6,1/15/25,90.0,2/12/25,77.0,25D
s3://braingeneers/braindance/25_04_15_busiest_bee/,25178ic,exp1/exp1_cont_122,s3://braingeneers/braindance/25_04_15_busiest_bee/25178ic/exp1/exp1_cont_122.raw.h5,0,0.0,,False,spontaneous,284,True,180.0,25_04_15_busiest_bee,exp1,False,,,1,dorsal ,C57BL6,1/15/25,90.0,2/12/25,77.0,25D
s3://braingeneers/braindance/25_04_15_busiest_bee/,25178ic,exp1/exp1_cont_106,s3://braingeneers/braindance/25_04_15_busiest_bee/25178ic/exp1/exp1_cont_106.raw.h5,0,0.0,,False,spontaneous,284,True,180.0,25_04_15_busiest_bee,exp1,False,,,1,dorsal ,C57BL6,1/15/25,90.0,2/12/25,77.0,25D
s3://braingeneers/braindance/25_04_15_busiest_bee/,25178ic,exp1/exp1_cont_76,s3://braingeneers/braindance/25_04_15_busiest_bee/25178ic/exp1/exp1_cont_76.raw.h5,0,0.0,,False,spontaneous,284,True,180.0,25_04_15_busiest_bee,exp1,False,,,1,dorsal ,C57BL6,1/15/25,90.0,2/12/25,77.0,25D
s3://braingeneers/braindance/25_04_15_busiest_bee/,25178ic,exp1/exp1_cont_120,s3://braingeneers/braindance/25_04_15_busiest_bee/25178ic/exp1/exp1_cont_120.raw.h5,0,0.0,,False,spontaneous,284,True,180.0,25_04_15_busiest_bee,exp1,False,,,1,dorsal ,C57BL6,1/15/25,90.0,2/12/25,77.0,25D
s3://braingeneers/braindance/25_04_15_busiest_bee/,25178ic,exp1/exp1_cont_272,s3://braingeneers/braindance/25_04_15_busiest_bee/25178ic/exp1/exp1_cont_272.raw.h5,0,0.0,,False,spontaneous,284,True,180.0,25_04_15_busiest_bee,exp1,False,,,1,dorsal ,C57BL6,1/15/25,90.0,2/12/25,77.0,25D
s3://braingeneers/braindance/25_04_15_busiest_bee/,25178ic,exp1/exp1_cont_10,s3://braingeneers/braindance/25_04_15_busiest_bee/25178ic/exp1/exp1_cont_10.raw.h5,0,0.0,,False,spontaneous,284,True,180.0,25_04_15_busiest_bee,exp1,False,,,1,dorsal ,C57BL6,1/15/25,90.0,2/12/25,77.0,25D
s3://braingeneers/braindance/25_04_15_busiest_bee/,25178ic,exp1/exp1_cont_129,s3://braingeneers/braindance/25_04_15_busiest_bee/25178ic/exp1/exp1_cont_129.raw.h5,16800,8.0,8.000022821640977,True,stim,284,True,180.0,25_04_15_busiest_bee,exp1,False,,,1,dorsal ,C57BL6,1/15/25,90.0,2/12/25,77.0,25D
s3://braingeneers/braindance/25_04_15_busiest_bee/,25178ic,exp1/exp1_cont_113,s3://braingeneers/braindance/25_04_15_busiest_bee/25178ic/exp1/exp1_cont_113.raw.h5,2100,1.0,0.9999995255085667,True,stim,284,True,180.0,25_04_15_busiest_bee,exp1,False,,,1,dorsal ,C57BL6,1/15/25,90.0,2/12/25,77.0,25D
s3://braingeneers/braindance/25_04_15_busiest_bee/,25178ic,exp1/exp1_cont_248,s3://braingeneers/braindance/25_04_15_busiest_bee/25178ic/exp1/exp1_cont_248.raw.h5,0,0.0,,False,spontaneous,284,True,180.0,25_04_15_busiest_bee,exp1,False,,,1,dorsal ,C57BL6,1/15/25,90.0,2/12/25,77.0,25D
s3://braingeneers/braindance/25_04_15_busiest_bee/,25178ic,exp1/exp1_cont_125,s3://braingeneers/braindance/25_04_15_busiest_bee/25178ic/exp1/exp1_cont_125.raw.h5,4200,2.0,1.9999993346637288,True,stim,284,True,180.0,25_04_15_busiest_bee,exp1,False,,,1,dorsal ,C57BL6,1/15/25,90.0,2/12/25,77.0,25D
s3://braingeneers/braindance/25_04_15_busiest_bee/,25178ic,exp1/exp1_cont_117,s3://braingeneers/braindance/25_04_15_busiest_bee/25178ic/exp1/exp1_cont_117.raw.h5,8400,4.0,3.999989254898263,True,stim,284,True,180.0,25_04_15_busiest_bee,exp1,False,,,1,dorsal ,C57BL6,1/15/25,90.0,2/12/25,77.0,25D
s3://braingeneers/braindance/25_04_15_busiest_bee/,25178ic,exp1/exp1_cont_108,s3://braingeneers/braindance/25_04_15_busiest_bee/25178ic/exp1/exp1_cont_108.raw.h5,0,0.0,,False,spontaneous,284,True,180.0,25_04_15_busiest_bee,exp1,False,,,1,dorsal ,C57BL6,1/15/25,90.0,2/12/25,77.0,25D
s3://braingeneers/braindance/25_04_15_busiest_bee/,25178ic,exp1/exp1_cont_2,s3://braingeneers/braindance/25_04_15_busiest_bee/25178ic/exp1/exp1_cont_2.raw.h5,0,0.0,,False,spontaneous,284,True,180.0,25_04_15_busiest_bee,exp1,False,,,1,dorsal ,C57BL6,1/15/25,90.0,2/12/25,77.0,25D
s3://braingeneers/braindance/25_04_15_busiest_bee/,25178ic,exp1/exp1_cont_114,s3://braingeneers/braindance/25_04_15_busiest_bee/25178ic/exp1/exp1_cont_114.raw.h5,0,0.0,,False,spontaneous,284,True,180.0,25_04_15_busiest_bee,exp1,False,,,1,dorsal ,C57BL6,1/15/25,90.0,2/12/25,77.0,25D
s3://braingeneers/braindance/25_04_15_busiest_bee/,25178ic,exp1/exp1_cont_100,s3://braingeneers/braindance/25_04_15_busiest_bee/25178ic/exp1/exp1_cont_100.raw.h5,0,0.0,,False,spontaneous,284,True,180.0,25_04_15_busiest_bee,exp1,False,,,1,dorsal ,C57BL6,1/15/25,90.0,2/12/25,77.0,25D
s3://braingeneers/braindance/25_04_15_busiest_bee/,25178ic,exp1/exp1_cont_247,s3://braingeneers/braindance/25_04_15_busiest_bee/25178ic/exp1/exp1_cont_247.raw.h5,8400,4.0,4.000001003889033,True,stim,284,True,180.0,25_04_15_busiest_bee,exp1,False,,,1,dorsal ,C57BL6,1/15/25,90.0,2/12/25,77.0,25D
s3://braingeneers/braindance/25_04_15_busiest_bee/,25178ic,exp1/exp1_cont_118,s3://braingeneers/braindance/25_04_15_busiest_bee/25178ic/exp1/exp1_cont_118.raw.h5,0,0.0,,False,spontaneous,284,True,180.0,25_04_15_busiest_bee,exp1,False,,,1,dorsal ,C57BL6,1/15/25,90.0,2/12/25,77.0,25D
s3://braingeneers/braindance/25_04_15_busiest_bee/,25178ic,exp1/exp1_cont_67,s3://braingeneers/braindance/25_04_15_busiest_bee/25178ic/exp1/exp1_cont_67.raw.h5,8400,4.0,3.9999991254866303,True,stim,284,True,180.0,25_04_15_busiest_bee,exp1,False,,,1,dorsal ,C57BL6,1/15/25,90.0,2/12/25,77.0,25D
s3://braingeneers/braindance/25_04_15_busiest_bee/,25178ic,exp1/exp1_cont_243,s3://braingeneers/braindance/25_04_15_busiest_bee/25178ic/exp1/exp1_cont_243.raw.h5,2100,1.0,0.9999993043325812,True,stim,284,True,180.0,25_04_15_busiest_bee,exp1,False,,,1,dorsal ,C57BL6,1/15/25,90.0,2/12/25,77.0,25D
s3://braingeneers/braindance/25_04_15_busiest_bee/,25178ic,exp1/exp1_cont,s3://braingeneers/braindance/25_04_15_busiest_bee/25178ic/exp1/exp1_cont.raw.h5,0,0.0,,False,spontaneous,284,True,180.0,25_04_15_busiest_bee,exp1,False,,,1,dorsal ,C57BL6,1/15/25,90.0,2/12/25,77.0,25D
s3://braingeneers/braindance/25_04_15_busiest_bee/,25178ic,exp1/exp1_cont_1,s3://braingeneers/braindance/25_04_15_busiest_bee/25178ic/exp1/exp1_cont_1.raw.h5,1050,0.5,0.5000010078666816,True,stim,284,True,180.0,25_04_15_busiest_bee,exp1,False,,,1,dorsal ,C57BL6,1/15/25,90.0,2/12/25,77.0,25D
s3://braingeneers/braindance/25_04_15_busiest_bee/,25178ic,exp1/exp1_cont_242,s3://braingeneers/braindance/25_04_15_busiest_bee/25178ic/exp1/exp1_cont_242.raw.h5,0,0.0,,False,spontaneous,284,True,180.0,25_04_15_busiest_bee,exp1,False,,,1,dorsal ,C57BL6,1/15/25,90.0,2/12/25,77.0,25D
s3://braingeneers/braindance/25_04_15_busiest_bee/,25178ic,exp1/exp1_cont_7,s3://braingeneers/braindance/25_04_15_busiest_bee/25178ic/exp1/exp1_cont_7.raw.h5,0,0.0,,False,spontaneous,284,True,180.0,25_04_15_busiest_bee,exp1,False,,,1,dorsal ,C57BL6,1/15/25,90.0,2/12/25,77.0,25D
s3://braingeneers/braindance/25_04_15_busiest_bee/,25178ic,exp1/exp1_cont_276,s3://braingeneers/braindance/25_04_15_busiest_bee/25178ic/exp1/exp1_cont_276.raw.h5,0,0.0,,False,spontaneous,284,True,180.0,25_04_15_busiest_bee,exp1,False,,,1,dorsal ,C57BL6,1/15/25,90.0,2/12/25,77.0,25D
s3://braingeneers/braindance/25_04_15_busiest_bee/,25178ic,exp1/exp1_cont_105,s3://braingeneers/braindance/25_04_15_busiest_bee/25178ic/exp1/exp1_cont_105.raw.h5,4200,2.0,1.9999950183052997,True,stim,284,True,180.0,25_04_15_busiest_bee,exp1,False,,,1,dorsal ,C57BL6,1/15/25,90.0,2/12/25,77.0,25D
s3://braingeneers/braindance/25_04_15_busiest_bee/,25178ic,exp1/exp1_cont_104,s3://braingeneers/braindance/25_04_15_busiest_bee/25178ic/exp1/exp1_cont_104.raw.h5,0,0.0,,False,spontaneous,284,True,180.0,25_04_15_busiest_bee,exp1,False,,,1,dorsal ,C57BL6,1/15/25,90.0,2/12/25,77.0,25D
s3://braingeneers/braindance/25_04_15_busiest_bee/,25178ic,exp1/exp1_cont_279,s3://braingeneers/braindance/25_04_15_busiest_bee/25178ic/exp1/exp1_cont_279.raw.h5,16800,8.0,7.999999487695113,True,stim,284,True,180.0,25_04_15_busiest_bee,exp1,False,,,1,dorsal ,C57BL6,1/15/25,90.0,2/12/25,77.0,25D
s3://braingeneers/braindance/25_04_15_busiest_bee/,25178ic,exp1/exp1_cont_249,s3://braingeneers/braindance/25_04_15_busiest_bee/25178ic/exp1/exp1_cont_249.raw.h5,16800,8.0,7.999984293934619,True,stim,284,True,180.0,25_04_15_busiest_bee,exp1,False,,,1,dorsal ,C57BL6,1/15/25,90.0,2/12/25,77.0,25D
s3://braingeneers/braindance/25_04_15_busiest_bee/,25178ic,exp1/exp1_cont_127,s3://braingeneers/braindance/25_04_15_busiest_bee/25178ic/exp1/exp1_cont_127.raw.h5,8400,4.0,3.999997793622303,True,stim,284,True,180.0,25_04_15_busiest_bee,exp1,False,,,1,dorsal ,C57BL6,1/15/25,90.0,2/12/25,77.0,25D
s3://braingeneers/braindance/25_04_15_busiest_bee/,25178ic,exp1/exp1_cont_128,s3://braingeneers/braindance/25_04_15_busiest_bee/25178ic/exp1/exp1_cont_128.raw.h5,0,0.0,,False,spontaneous,284,True,180.0,25_04_15_busiest_bee,exp1,False,,,1,dorsal ,C57BL6,1/15/25,90.0,2/12/25,77.0,25D
s3://braingeneers/braindance/25_04_15_busiest_bee/,25178ic,exp1/exp1_cont_12,s3://braingeneers/braindance/25_04_15_busiest_bee/25178ic/exp1/exp1_cont_12.raw.h5,0,0.0,,False,spontaneous,284,True,180.0,25_04_15_busiest_bee,exp1,False,,,1,dorsal ,C57BL6,1/15/25,90.0,2/12/25,77.0,25D
s3://braingeneers/braindance/25_04_15_busiest_bee/,25178ic,exp1/exp1_cont_278,s3://braingeneers/braindance/25_04_15_busiest_bee/25178ic/exp1/exp1_cont_278.raw.h5,0,0.0,,False,spontaneous,284,True,180.0,25_04_15_busiest_bee,exp1,False,,,1,dorsal ,C57BL6,1/15/25,90.0,2/12/25,77.0,25D
s3://braingeneers/braindance/25_04_15_busiest_bee/,25178ic,exp1/exp1_cont_115,s3://braingeneers/braindance/25_04_15_busiest_bee/25178ic/exp1/exp1_cont_115.raw.h5,4200,2.0,1.9999997364686828,True,stim,284,True,180.0,25_04_15_busiest_bee,exp1,False,,,1,dorsal ,C57BL6,1/15/25,90.0,2/12/25,77.0,25D
s3://braingeneers/braindance/25_04_15_busiest_bee/,25178ic,exp1/exp1_cont_110,s3://braingeneers/braindance/25_04_15_busiest_bee/25178ic/exp1/exp1_cont_110.raw.h5,0,0.0,,False,spontaneous,284,True,180.0,25_04_15_busiest_bee,exp1,False,,,1,dorsal ,C57BL6,1/15/25,90.0,2/12/25,77.0,25D
s3://braingeneers/braindance/25_04_15_busiest_bee/,25178ic,exp1/exp1_cont_277,s3://braingeneers/braindance/25_04_15_busiest_bee/25178ic/exp1/exp1_cont_277.raw.h5,8400,4.0,3.9999956269734778,True,stim,284,True,180.0,25_04_15_busiest_bee,exp1,False,,,1,dorsal ,C57BL6,1/15/25,90.0,2/12/25,77.0,25D
s3://braingeneers/braindance/25_04_15_busiest_bee/,25178ic,exp1/exp1_cont_5,s3://braingeneers/braindance/25_04_15_busiest_bee/25178ic/exp1/exp1_cont_5.raw.h5,4200,2.0,2.0000002073855305,True,stim,284,True,180.0,25_04_15_busiest_bee,exp1,False,,,1,dorsal ,C57BL6,1/15/25,90.0,2/12/25,77.0,25D
s3://braingeneers/braindance/25_04_15_busiest_bee/,25178ic,exp1/exp1_cont_109,s3://braingeneers/braindance/25_04_15_busiest_bee/25178ic/exp1/exp1_cont_109.raw.h5,16800,8.0,7.9999696657646755,True,stim,284,True,180.0,25_04_15_busiest_bee,exp1,False,,,1,dorsal ,C57BL6,1/15/25,90.0,2/12/25,77.0,25D
s3://braingeneers/braindance/25_04_15_busiest_bee/,25178ic,exp1/exp1_cont_68,s3://braingeneers/braindance/25_04_15_busiest_bee/25178ic/exp1/exp1_cont_68.raw.h5,0,0.0,,False,spontaneous,284,True,180.0,25_04_15_busiest_bee,exp1,False,,,1,dorsal ,C57BL6,1/15/25,90.0,2/12/25,77.0,25D
s3://braingeneers/braindance/25_04_15_busiest_bee/,25178ic,exp1/exp1_cont_102,s3://braingeneers/braindance/25_04_15_busiest_bee/25178ic/exp1/exp1_cont_102.raw.h5,0,0.0,,False,spontaneous,284,True,180.0,25_04_15_busiest_bee,exp1,False,,,1,dorsal ,C57BL6,1/15/25,90.0,2/12/25,77.0,25D
s3://braingeneers/braindance/25_04_15_busiest_bee/,25178ic,exp1/exp1_cont_27,s3://braingeneers/braindance/25_04_15_busiest_bee/25178ic/exp1/exp1_cont_27.raw.h5,8400,4.0,3.999993348463097,True,stim,284,True,180.0,25_04_15_busiest_bee,exp1,False,,,1,dorsal ,C57BL6,1/15/25,90.0,2/12/25,77.0,25D
s3://braingeneers/braindance/25_04_15_busiest_bee/,25244ic,exp1/exp1_cont_46,s3://braingeneers/braindance/25_04_15_busiest_bee/25244ic/exp1/exp1_cont_46.raw.h5,0,0.0,,False,spontaneous,190,True,65.0,25_04_15_busiest_bee,exp1,False,,,1,dorsal ,C57BL6,1/15/25,90.0,2/17/25,72.0,28A
s3://braingeneers/braindance/25_04_15_busiest_bee/,25244ic,exp1/exp1_cont_39,s3://braingeneers/braindance/25_04_15_busiest_bee/25244ic/exp1/exp1_cont_39.raw.h5,9600,8.0,8.00000167569484,True,stim,190,True,65.0,25_04_15_busiest_bee,exp1,False,,,1,dorsal ,C57BL6,1/15/25,90.0,2/17/25,72.0,28A
s3://braingeneers/braindance/25_04_15_busiest_bee/,25244ic,exp1/exp1_cont_62,s3://braingeneers/braindance/25_04_15_busiest_bee/25244ic/exp1/exp1_cont_62.raw.h5,0,0.0,,False,spontaneous,190,True,65.0,25_04_15_busiest_bee,exp1,False,,,1,dorsal ,C57BL6,1/15/25,90.0,2/17/25,72.0,28A
s3://braingeneers/braindance/25_04_15_busiest_bee/,25244ic,exp1/exp1_cont_37,s3://braingeneers/braindance/25_04_15_busiest_bee/25244ic/exp1/exp1_cont_37.raw.h5,4800,4.0,4.000003752991982,True,stim,190,True,65.0,25_04_15_busiest_bee,exp1,False,,,1,dorsal ,C57BL6,1/15/25,90.0,2/17/25,72.0,28A
s3://braingeneers/braindance/25_04_15_busiest_bee/,25244ic,exp1/exp1_cont_61,s3://braingeneers/braindance/25_04_15_busiest_bee/25244ic/exp1/exp1_cont_61.raw.h5,600,0.5,0.4999978940001026,True,stim,190,True,65.0,25_04_15_busiest_bee,exp1,False,,,1,dorsal ,C57BL6,1/15/25,90.0,2/17/25,72.0,28A
s3://braingeneers/braindance/25_04_15_busiest_bee/,25244ic,exp1/exp1_cont_89,s3://braingeneers/braindance/25_04_15_busiest_bee/25244ic/exp1/exp1_cont_89.raw.h5,9600,8.0,8.000008692001412,True,stim,190,True,65.0,25_04_15_busiest_bee,exp1,False,,,1,dorsal ,C57BL6,1/15/25,90.0,2/17/25,72.0,28A
s3://braingeneers/braindance/25_04_15_busiest_bee/,25244ic,exp1/exp1_cont_31,s3://braingeneers/braindance/25_04_15_busiest_bee/25244ic/exp1/exp1_cont_31.raw.h5,600,0.5,0.4999982699972196,True,stim,190,True,65.0,25_04_15_busiest_bee,exp1,False,,,1,dorsal ,C57BL6,1/15/25,90.0,2/17/25,72.0,28A
s3://braingeneers/braindance/25_04_15_busiest_bee/,25244ic,exp1/exp1_cont_78,s3://braingeneers/braindance/25_04_15_busiest_bee/25244ic/exp1/exp1_cont_78.raw.h5,0,0.0,,False,spontaneous,190,True,65.0,25_04_15_busiest_bee,exp1,False,,,1,dorsal ,C57BL6,1/15/25,90.0,2/17/25,72.0,28A
s3://braingeneers/braindance/25_04_15_busiest_bee/,25244ic,exp1/exp1_cont_70,s3://braingeneers/braindance/25_04_15_busiest_bee/25244ic/exp1/exp1_cont_70.raw.h5,0,0.0,,False,spontaneous,190,True,65.0,25_04_15_busiest_bee,exp1,False,,,1,dorsal ,C57BL6,1/15/25,90.0,2/17/25,72.0,28A
s3://braingeneers/braindance/25_04_15_busiest_bee/,25244ic,exp1/exp1_cont_13,s3://braingeneers/braindance/25_04_15_busiest_bee/25244ic/exp1/exp1_cont_13.raw.h5,0,0.0,,False,spontaneous,190,True,65.0,25_04_15_busiest_bee,exp1,False,,,1,dorsal ,C57BL6,1/15/25,90.0,2/17/25,72.0,28A
s3://braingeneers/braindance/25_04_15_busiest_bee/,25244ic,exp1/exp1_cont_74,s3://braingeneers/braindance/25_04_15_busiest_bee/25244ic/exp1/exp1_cont_74.raw.h5,0,0.0,,False,spontaneous,190,True,65.0,25_04_15_busiest_bee,exp1,False,,,1,dorsal ,C57BL6,1/15/25,90.0,2/17/25,72.0,28A
s3://braingeneers/braindance/25_04_15_busiest_bee/,25244ic,exp1/exp1_cont_65,s3://braingeneers/braindance/25_04_15_busiest_bee/25244ic/exp1/exp1_cont_65.raw.h5,2400,2.0,1.9999961242676112,True,stim,190,True,65.0,25_04_15_busiest_bee,exp1,False,,,1,dorsal ,C57BL6,1/15/25,90.0,2/17/25,72.0,28A
s3://braingeneers/braindance/25_04_15_busiest_bee/,25244ic,exp1/exp1_cont_6,s3://braingeneers/braindance/25_04_15_busiest_bee/25244ic/exp1/exp1_cont_6.raw.h5,0,0.0,,False,spontaneous,190,True,65.0,25_04_15_busiest_bee,exp1,False,,,1,dorsal ,C57BL6,1/15/25,90.0,2/17/25,72.0,28A
s3://braingeneers/braindance/25_04_15_busiest_bee/,25244ic,exp1/exp1_cont_72,s3://braingeneers/braindance/25_04_15_busiest_bee/25244ic/exp1/exp1_cont_72.raw.h5,0,0.0,,False,spontaneous,190,True,65.0,25_04_15_busiest_bee,exp1,False,,,1,dorsal ,C57BL6,1/15/25,90.0,2/17/25,72.0,28A
s3://braingeneers/braindance/25_04_15_busiest_bee/,25244ic,exp1/exp1_cont_29,s3://braingeneers/braindance/25_04_15_busiest_bee/25244ic/exp1/exp1_cont_29.raw.h5,9600,8.0,7.999969339130457,True,stim,190,True,65.0,25_04_15_busiest_bee,exp1,False,,,1,dorsal ,C57BL6,1/15/25,90.0,2/17/25,72.0,28A
s3://braingeneers/braindance/25_04_15_busiest_bee/,25244ic,exp1/exp1_cont_32,s3://braingeneers/braindance/25_04_15_busiest_bee/25244ic/exp1/exp1_cont_32.raw.h5,0,0.0,,False,spontaneous,190,True,65.0,25_04_15_busiest_bee,exp1,False,,,1,dorsal ,C57BL6,1/15/25,90.0,2/17/25,72.0,28A
s3://braingeneers/braindance/25_04_15_busiest_bee/,25244ic,exp1/exp1_cont_27,s3://braingeneers/braindance/25_04_15_busiest_bee/25244ic/exp1/exp1_cont_27.raw.h5,4800,4.0,3.999993276900661,True,stim,190,True,65.0,25_04_15_busiest_bee,exp1,False,,,1,dorsal ,C57BL6,1/15/25,90.0,2/17/25,72.0,28A
s3://braingeneers/braindance/25_04_15_busiest_bee/,25244ic,exp1/exp1_cont_17,s3://braingeneers/braindance/25_04_15_busiest_bee/25244ic/exp1/exp1_cont_17.raw.h5,4800,4.0,4.00000032239386,True,stim,190,True,65.0,25_04_15_busiest_bee,exp1,False,,,1,dorsal ,C57BL6,1/15/25,90.0,2/17/25,72.0,28A
s3://braingeneers/braindance/25_04_15_busiest_bee/,25244ic,exp1/exp1_cont_4,s3://braingeneers/braindance/25_04_15_busiest_bee/25244ic/exp1/exp1_cont_4.raw.h5,0,0.0,,False,spontaneous,190,True,65.0,25_04_15_busiest_bee,exp1,False,,,1,dorsal ,C57BL6,1/15/25,90.0,2/17/25,72.0,28A
s3://braingeneers/braindance/25_04_15_busiest_bee/,25244ic,exp1/exp1_cont_86,s3://braingeneers/braindance/25_04_15_busiest_bee/25244ic/exp1/exp1_cont_86.raw.h5,0,0.0,,False,spontaneous,190,True,65.0,25_04_15_busiest_bee,exp1,False,,,1,dorsal ,C57BL6,1/15/25,90.0,2/17/25,72.0,28A
s3://braingeneers/braindance/25_04_15_busiest_bee/,25244ic,exp1/exp1_cont_60,s3://braingeneers/braindance/25_04_15_busiest_bee/25244ic/exp1/exp1_cont_60.raw.h5,0,0.0,,False,spontaneous,190,True,65.0,25_04_15_busiest_bee,exp1,False,,,1,dorsal ,C57BL6,1/15/25,90.0,2/17/25,72.0,28A
s3://braingeneers/braindance/25_04_15_busiest_bee/,25244ic,exp1/exp1_cont_75,s3://braingeneers/braindance/25_04_15_busiest_bee/25244ic/exp1/exp1_cont_75.raw.h5,2400,2.0,1.999998315906364,True,stim,190,True,65.0,25_04_15_busiest_bee,exp1,False,,,1,dorsal ,C57BL6,1/15/25,90.0,2/17/25,72.0,28A
s3://braingeneers/braindance/25_04_15_busiest_bee/,25244ic,exp1/exp1_cont_77,s3://braingeneers/braindance/25_04_15_busiest_bee/25244ic/exp1/exp1_cont_77.raw.h5,4800,4.0,3.99997903948966,True,stim,190,True,65.0,25_04_15_busiest_bee,exp1,False,,,1,dorsal ,C57BL6,1/15/25,90.0,2/17/25,72.0,28A
s3://braingeneers/braindance/25_04_15_busiest_bee/,25244ic,exp1/exp1_cont_55,s3://braingeneers/braindance/25_04_15_busiest_bee/25244ic/exp1/exp1_cont_55.raw.h5,2400,2.0,1.999993952990352,True,stim,190,True,65.0,25_04_15_busiest_bee,exp1,False,,,1,dorsal ,C57BL6,1/15/25,90.0,2/17/25,72.0,28A
s3://braingeneers/braindance/25_04_15_busiest_bee/,25244ic,exp1/exp1_cont_24,s3://braingeneers/braindance/25_04_15_busiest_bee/25244ic/exp1/exp1_cont_24.raw.h5,0,0.0,,False,spontaneous,190,True,65.0,25_04_15_busiest_bee,exp1,False,,,1,dorsal ,C57BL6,1/15/25,90.0,2/17/25,72.0,28A
s3://braingeneers/braindance/25_04_15_busiest_bee/,25244ic,exp1/exp1_cont_3,s3://braingeneers/braindance/25_04_15_busiest_bee/25244ic/exp1/exp1_cont_3.raw.h5,1200,1.0,0.9999961002954344,True,stim,190,True,65.0,25_04_15_busiest_bee,exp1,False,,,1,dorsal ,C57BL6,1/15/25,90.0,2/17/25,72.0,28A
s3://braingeneers/braindance/25_04_15_busiest_bee/,25244ic,exp1/exp1_cont_59,s3://braingeneers/braindance/25_04_15_busiest_bee/25244ic/exp1/exp1_cont_59.raw.h5,9600,8.0,8.000013488594528,True,stim,190,True,65.0,25_04_15_busiest_bee,exp1,False,,,1,dorsal ,C57BL6,1/15/25,90.0,2/17/25,72.0,28A
s3://braingeneers/braindance/25_04_15_busiest_bee/,25244ic,exp1/exp1_cont_40,s3://braingeneers/braindance/25_04_15_busiest_bee/25244ic/exp1/exp1_cont_40.raw.h5,0,0.0,,False,spontaneous,190,True,65.0,25_04_15_busiest_bee,exp1,False,,,1,dorsal ,C57BL6,1/15/25,90.0,2/17/25,72.0,28A
s3://braingeneers/braindance/25_04_15_busiest_bee/,25244ic,exp1/exp1_cont_73,s3://braingeneers/braindance/25_04_15_busiest_bee/25244ic/exp1/exp1_cont_73.raw.h5,1200,1.0,0.9999983985238302,True,stim,190,True,65.0,25_04_15_busiest_bee,exp1,False,,,1,dorsal ,C57BL6,1/15/25,90.0,2/17/25,72.0,28A
s3://braingeneers/braindance/25_04_15_busiest_bee/,25244ic,exp1/exp1,s3://braingeneers/braindance/25_04_15_busiest_bee/25244ic/exp1/exp1.raw.h5,0,0.0,,False,spontaneous,190,True,65.0,25_04_15_busiest_bee,exp1,True,,,1,dorsal ,C57BL6,1/15/25,90.0,2/17/25,72.0,28A
s3://braingeneers/braindance/25_04_15_busiest_bee/,25244ic,exp1/exp1_cont_9,s3://braingeneers/braindance/25_04_15_busiest_bee/25244ic/exp1/exp1_cont_9.raw.h5,9600,8.0,7.999943042018912,True,stim,190,True,65.0,25_04_15_busiest_bee,exp1,False,,,1,dorsal ,C57BL6,1/15/25,90.0,2/17/25,72.0,28A
s3://braingeneers/braindance/25_04_15_busiest_bee/,25244ic,exp1/exp1_cont_43,s3://braingeneers/braindance/25_04_15_busiest_bee/25244ic/exp1/exp1_cont_43.raw.h5,1200,1.0,0.9999970366676632,True,stim,190,True,65.0,25_04_15_busiest_bee,exp1,False,,,1,dorsal ,C57BL6,1/15/25,90.0,2/17/25,72.0,28A
s3://braingeneers/braindance/25_04_15_busiest_bee/,25244ic,exp1/exp1_cont_90,s3://braingeneers/braindance/25_04_15_busiest_bee/25244ic/exp1/exp1_cont_90.raw.h5,0,0.0,,False,spontaneous,190,True,65.0,25_04_15_busiest_bee,exp1,False,,,1,dorsal ,C57BL6,1/15/25,90.0,2/17/25,72.0,28A
s3://braingeneers/braindance/25_04_15_busiest_bee/,25244ic,exp1/exp1_cont_69,s3://braingeneers/braindance/25_04_15_busiest_bee/25244ic/exp1/exp1_cont_69.raw.h5,9600,8.0,7.999982695388134,True,stim,190,True,65.0,25_04_15_busiest_bee,exp1,False,,,1,dorsal ,C57BL6,1/15/25,90.0,2/17/25,72.0,28A
s3://braingeneers/braindance/25_04_15_busiest_bee/,25244ic,exp1/exp1_cont_19,s3://braingeneers/braindance/25_04_15_busiest_bee/25244ic/exp1/exp1_cont_19.raw.h5,9600,8.0,8.000009494913511,True,stim,190,True,65.0,25_04_15_busiest_bee,exp1,False,,,1,dorsal ,C57BL6,1/15/25,90.0,2/17/25,72.0,28A
s3://braingeneers/braindance/25_04_15_busiest_bee/,25244ic,exp1/exp1_cont_34,s3://braingeneers/braindance/25_04_15_busiest_bee/25244ic/exp1/exp1_cont_34.raw.h5,0,0.0,,False,spontaneous,190,True,65.0,25_04_15_busiest_bee,exp1,False,,,1,dorsal ,C57BL6,1/15/25,90.0,2/17/25,72.0,28A
s3://braingeneers/braindance/25_04_15_busiest_bee/,25244ic,exp1/exp1_cont_64,s3://braingeneers/braindance/25_04_15_busiest_bee/25244ic/exp1/exp1_cont_64.raw.h5,0,0.0,,False,spontaneous,190,True,65.0,25_04_15_busiest_bee,exp1,False,,,1,dorsal ,C57BL6,1/15/25,90.0,2/17/25,72.0,28A
s3://braingeneers/braindance/25_04_15_busiest_bee/,25244ic,exp1/exp1_cont_11,s3://braingeneers/braindance/25_04_15_busiest_bee/25244ic/exp1/exp1_cont_11.raw.h5,600,0.5,0.500001032479175,True,stim,190,True,65.0,25_04_15_busiest_bee,exp1,False,,,1,dorsal ,C57BL6,1/15/25,90.0,2/17/25,72.0,28A
s3://braingeneers/braindance/25_04_15_busiest_bee/,25244ic,exp1/exp1_cont_80,s3://braingeneers/braindance/25_04_15_busiest_bee/25244ic/exp1/exp1_cont_80.raw.h5,0,0.0,,False,spontaneous,190,True,65.0,25_04_15_busiest_bee,exp1,False,,,1,dorsal ,C57BL6,1/15/25,90.0,2/17/25,72.0,28A
s3://braingeneers/braindance/25_04_15_busiest_bee/,25244ic,exp1/exp1_cont_8,s3://braingeneers/braindance/25_04_15_busiest_bee/25244ic/exp1/exp1_cont_8.raw.h5,0,0.0,,False,spontaneous,190,True,65.0,25_04_15_busiest_bee,exp1,False,,,1,dorsal ,C57BL6,1/15/25,90.0,2/17/25,72.0,28A
s3://braingeneers/braindance/25_04_15_busiest_bee/,25244ic,exp1/exp1_cont_63,s3://braingeneers/braindance/25_04_15_busiest_bee/25244ic/exp1/exp1_cont_63.raw.h5,1200,1.0,1.0000030781195703,True,stim,190,True,65.0,25_04_15_busiest_bee,exp1,False,,,1,dorsal ,C57BL6,1/15/25,90.0,2/17/25,72.0,28A
s3://braingeneers/braindance/25_04_15_busiest_bee/,25244ic,exp1/exp1_cont_76,s3://braingeneers/braindance/25_04_15_busiest_bee/25244ic/exp1/exp1_cont_76.raw.h5,0,0.0,,False,spontaneous,190,True,65.0,25_04_15_busiest_bee,exp1,False,,,1,dorsal ,C57BL6,1/15/25,90.0,2/17/25,72.0,28A
s3://braingeneers/braindance/25_04_15_busiest_bee/,25244ic,exp1/exp1_cont_79,s3://braingeneers/braindance/25_04_15_busiest_bee/25244ic/exp1/exp1_cont_79.raw.h5,9600,8.0,7.999975098850309,True,stim,190,True,65.0,25_04_15_busiest_bee,exp1,False,,,1,dorsal ,C57BL6,1/15/25,90.0,2/17/25,72.0,28A
s3://braingeneers/braindance/25_04_15_busiest_bee/,25244ic,exp1/exp1_cont_71,s3://braingeneers/braindance/25_04_15_busiest_bee/25244ic/exp1/exp1_cont_71.raw.h5,600,0.5,0.4999961591033842,True,stim,190,True,65.0,25_04_15_busiest_bee,exp1,False,,,1,dorsal ,C57BL6,1/15/25,90.0,2/17/25,72.0,28A
s3://braingeneers/braindance/25_04_15_busiest_bee/,25244ic,exp1/exp1_cont_20,s3://braingeneers/braindance/25_04_15_busiest_bee/25244ic/exp1/exp1_cont_20.raw.h5,0,0.0,,False,spontaneous,190,True,65.0,25_04_15_busiest_bee,exp1,False,,,1,dorsal ,C57BL6,1/15/25,90.0,2/17/25,72.0,28A
s3://braingeneers/braindance/25_04_15_busiest_bee/,25244ic,exp1/exp1_cont_88,s3://braingeneers/braindance/25_04_15_busiest_bee/25244ic/exp1/exp1_cont_88.raw.h5,0,0.0,,False,spontaneous,190,True,65.0,25_04_15_busiest_bee,exp1,False,,,1,dorsal ,C57BL6,1/15/25,90.0,2/17/25,72.0,28A
s3://braingeneers/braindance/25_04_15_busiest_bee/,25244ic,exp1/exp1_cont_10,s3://braingeneers/braindance/25_04_15_busiest_bee/25244ic/exp1/exp1_cont_10.raw.h5,0,0.0,,False,spontaneous,190,True,65.0,25_04_15_busiest_bee,exp1,False,,,1,dorsal ,C57BL6,1/15/25,90.0,2/17/25,72.0,28A
s3://braingeneers/braindance/25_04_15_busiest_bee/,25244ic,exp1/exp1_cont_47,s3://braingeneers/braindance/25_04_15_busiest_bee/25244ic/exp1/exp1_cont_47.raw.h5,4800,4.0,3.9999961197353935,True,stim,190,True,65.0,25_04_15_busiest_bee,exp1,False,,,1,dorsal ,C57BL6,1/15/25,90.0,2/17/25,72.0,28A
s3://braingeneers/braindance/25_04_15_busiest_bee/,25244ic,exp1/exp1_cont_49,s3://braingeneers/braindance/25_04_15_busiest_bee/25244ic/exp1/exp1_cont_49.raw.h5,9600,8.0,7.999961687372538,True,stim,190,True,65.0,25_04_15_busiest_bee,exp1,False,,,1,dorsal ,C57BL6,1/15/25,90.0,2/17/25,72.0,28A
s3://braingeneers/braindance/25_04_15_busiest_bee/,25244ic,exp1/exp1_cont_15,s3://braingeneers/braindance/25_04_15_busiest_bee/25244ic/exp1/exp1_cont_15.raw.h5,2400,2.0,1.999993564534258,True,stim,190,True,65.0,25_04_15_busiest_bee,exp1,False,,,1,dorsal ,C57BL6,1/15/25,90.0,2/17/25,72.0,28A
s3://braingeneers/braindance/25_04_15_busiest_bee/,25244ic,exp1/exp1_cont_56,s3://braingeneers/braindance/25_04_15_busiest_bee/25244ic/exp1/exp1_cont_56.raw.h5,0,0.0,,False,spontaneous,190,True,65.0,25_04_15_busiest_bee,exp1,False,,,1,dorsal ,C57BL6,1/15/25,90.0,2/17/25,72.0,28A
s3://braingeneers/braindance/25_04_15_busiest_bee/,25244ic,exp1/exp1_cont_58,s3://braingeneers/braindance/25_04_15_busiest_bee/25244ic/exp1/exp1_cont_58.raw.h5,0,0.0,,False,spontaneous,190,True,65.0,25_04_15_busiest_bee,exp1,False,,,1,dorsal ,C57BL6,1/15/25,90.0,2/17/25,72.0,28A
s3://braingeneers/braindance/25_04_15_busiest_bee/,25244ic,exp1/exp1_cont_48,s3://braingeneers/braindance/25_04_15_busiest_bee/25244ic/exp1/exp1_cont_48.raw.h5,0,0.0,,False,spontaneous,190,True,65.0,25_04_15_busiest_bee,exp1,False,,,1,dorsal ,C57BL6,1/15/25,90.0,2/17/25,72.0,28A
s3://braingeneers/braindance/25_04_15_busiest_bee/,25244ic,exp1/exp1_cont_14,s3://braingeneers/braindance/25_04_15_busiest_bee/25244ic/exp1/exp1_cont_14.raw.h5,0,0.0,,False,spontaneous,190,True,65.0,25_04_15_busiest_bee,exp1,False,,,1,dorsal ,C57BL6,1/15/25,90.0,2/17/25,72.0,28A
s3://braingeneers/braindance/25_04_15_busiest_bee/,25244ic,exp1/exp1_cont_81,s3://braingeneers/braindance/25_04_15_busiest_bee/25244ic/exp1/exp1_cont_81.raw.h5,600,0.5,0.4999990449041654,True,stim,190,True,65.0,25_04_15_busiest_bee,exp1,False,,,1,dorsal ,C57BL6,1/15/25,90.0,2/17/25,72.0,28A
s3://braingeneers/braindance/25_04_15_busiest_bee/,25244ic,exp1/exp1_cont_41,s3://braingeneers/braindance/25_04_15_busiest_bee/25244ic/exp1/exp1_cont_41.raw.h5,600,0.5,0.5000009614930825,True,stim,190,True,65.0,25_04_15_busiest_bee,exp1,False,,,1,dorsal ,C57BL6,1/15/25,90.0,2/17/25,72.0,28A
s3://braingeneers/braindance/25_04_15_busiest_bee/,25244ic,exp1/exp1_cont_2,s3://braingeneers/braindance/25_04_15_busiest_bee/25244ic/exp1/exp1_cont_2.raw.h5,0,0.0,,False,spontaneous,190,True,65.0,25_04_15_busiest_bee,exp1,False,,,1,dorsal ,C57BL6,1/15/25,90.0,2/17/25,72.0,28A
s3://braingeneers/braindance/25_04_15_busiest_bee/,25244ic,exp1/exp1_cont_82,s3://braingeneers/braindance/25_04_15_busiest_bee/25244ic/exp1/exp1_cont_82.raw.h5,0,0.0,,False,spontaneous,190,True,65.0,25_04_15_busiest_bee,exp1,False,,,1,dorsal ,C57BL6,1/15/25,90.0,2/17/25,72.0,28A
s3://braingeneers/braindance/25_04_15_busiest_bee/,25244ic,exp1/exp1_cont_36,s3://braingeneers/braindance/25_04_15_busiest_bee/25244ic/exp1/exp1_cont_36.raw.h5,0,0.0,,False,spontaneous,190,True,65.0,25_04_15_busiest_bee,exp1,False,,,1,dorsal ,C57BL6,1/15/25,90.0,2/17/25,72.0,28A
s3://braingeneers/braindance/25_04_15_busiest_bee/,25244ic,exp1/exp1_cont_54,s3://braingeneers/braindance/25_04_15_busiest_bee/25244ic/exp1/exp1_cont_54.raw.h5,0,0.0,,False,spontaneous,190,True,65.0,25_04_15_busiest_bee,exp1,False,,,1,dorsal ,C57BL6,1/15/25,90.0,2/17/25,72.0,28A
s3://braingeneers/braindance/25_04_15_busiest_bee/,25244ic,exp1/exp1_cont_83,s3://braingeneers/braindance/25_04_15_busiest_bee/25244ic/exp1/exp1_cont_83.raw.h5,1200,1.0,0.999996082618333,True,stim,190,True,65.0,25_04_15_busiest_bee,exp1,False,,,1,dorsal ,C57BL6,1/15/25,90.0,2/17/25,72.0,28A
s3://braingeneers/braindance/25_04_15_busiest_bee/,25244ic,exp1/exp1_cont_93,s3://braingeneers/braindance/25_04_15_busiest_bee/25244ic/exp1/exp1_cont_93.raw.h5,201,1.0,0.9999539708538424,True,stim,190,True,65.0,25_04_15_busiest_bee,exp1,False,,,1,dorsal ,C57BL6,1/15/25,90.0,2/17/25,72.0,28A
s3://braingeneers/braindance/25_04_15_busiest_bee/,25244ic,exp1/exp1_cont_51,s3://braingeneers/braindance/25_04_15_busiest_bee/25244ic/exp1/exp1_cont_51.raw.h5,600,0.5,0.4999994712593187,True,stim,190,True,65.0,25_04_15_busiest_bee,exp1,False,,,1,dorsal ,C57BL6,1/15/25,90.0,2/17/25,72.0,28A
s3://braingeneers/braindance/25_04_15_busiest_bee/,25244ic,exp1/exp1_cont_53,s3://braingeneers/braindance/25_04_15_busiest_bee/25244ic/exp1/exp1_cont_53.raw.h5,1200,1.0,0.9999952144649372,True,stim,190,True,65.0,25_04_15_busiest_bee,exp1,False,,,1,dorsal ,C57BL6,1/15/25,90.0,2/17/25,72.0,28A
s3://braingeneers/braindance/25_04_15_busiest_bee/,25244ic,exp1/exp1_cont_30,s3://braingeneers/braindance/25_04_15_busiest_bee/25244ic/exp1/exp1_cont_30.raw.h5,0,0.0,,False,spontaneous,190,True,65.0,25_04_15_busiest_bee,exp1,False,,,1,dorsal ,C57BL6,1/15/25,90.0,2/17/25,72.0,28A
s3://braingeneers/braindance/25_04_15_busiest_bee/,25244ic,exp1/exp1_cont_67,s3://braingeneers/braindance/25_04_15_busiest_bee/25244ic/exp1/exp1_cont_67.raw.h5,4800,4.0,3.9999960759229514,True,stim,190,True,65.0,25_04_15_busiest_bee,exp1,False,,,1,dorsal ,C57BL6,1/15/25,90.0,2/17/25,72.0,28A
s3://braingeneers/braindance/25_04_15_busiest_bee/,25244ic,exp1/exp1_cont_22,s3://braingeneers/braindance/25_04_15_busiest_bee/25244ic/exp1/exp1_cont_22.raw.h5,0,0.0,,False,spontaneous,190,True,65.0,25_04_15_busiest_bee,exp1,False,,,1,dorsal ,C57BL6,1/15/25,90.0,2/17/25,72.0,28A
s3://braingeneers/braindance/25_04_15_busiest_bee/,25244ic,exp1/exp1_cont,s3://braingeneers/braindance/25_04_15_busiest_bee/25244ic/exp1/exp1_cont.raw.h5,0,0.0,,False,spontaneous,190,True,65.0,25_04_15_busiest_bee,exp1,False,,,1,dorsal ,C57BL6,1/15/25,90.0,2/17/25,72.0,28A
s3://braingeneers/braindance/25_04_15_busiest_bee/,25244ic,exp1/exp1_cont_1,s3://braingeneers/braindance/25_04_15_busiest_bee/25244ic/exp1/exp1_cont_1.raw.h5,600,0.5,0.4999990374634524,True,stim,190,True,65.0,25_04_15_busiest_bee,exp1,False,,,1,dorsal ,C57BL6,1/15/25,90.0,2/17/25,72.0,28A
s3://braingeneers/braindance/25_04_15_busiest_bee/,25244ic,exp1/exp1_cont_23,s3://braingeneers/braindance/25_04_15_busiest_bee/25244ic/exp1/exp1_cont_23.raw.h5,1200,1.0,0.9999972070853628,True,stim,190,True,65.0,25_04_15_busiest_bee,exp1,False,,,1,dorsal ,C57BL6,1/15/25,90.0,2/17/25,72.0,28A
s3://braingeneers/braindance/25_04_15_busiest_bee/,25244ic,exp1/exp1_cont_7,s3://braingeneers/braindance/25_04_15_busiest_bee/25244ic/exp1/exp1_cont_7.raw.h5,4800,4.0,4.000014471963989,True,stim,190,True,65.0,25_04_15_busiest_bee,exp1,False,,,1,dorsal ,C57BL6,1/15/25,90.0,2/17/25,72.0,28A
s3://braingeneers/braindance/25_04_15_busiest_bee/,25244ic,exp1/exp1_cont_26,s3://braingeneers/braindance/25_04_15_busiest_bee/25244ic/exp1/exp1_cont_26.raw.h5,0,0.0,,False,spontaneous,190,True,65.0,25_04_15_busiest_bee,exp1,False,,,1,dorsal ,C57BL6,1/15/25,90.0,2/17/25,72.0,28A
s3://braingeneers/braindance/25_04_15_busiest_bee/,25244ic,exp1/exp1_cont_50,s3://braingeneers/braindance/25_04_15_busiest_bee/25244ic/exp1/exp1_cont_50.raw.h5,0,0.0,,False,spontaneous,190,True,65.0,25_04_15_busiest_bee,exp1,False,,,1,dorsal ,C57BL6,1/15/25,90.0,2/17/25,72.0,28A
s3://braingeneers/braindance/25_04_15_busiest_bee/,25244ic,exp1/exp1_cont_91,s3://braingeneers/braindance/25_04_15_busiest_bee/25244ic/exp1/exp1_cont_91.raw.h5,600,0.5,0.4999987351747422,True,stim,190,True,65.0,25_04_15_busiest_bee,exp1,False,,,1,dorsal ,C57BL6,1/15/25,90.0,2/17/25,72.0,28A
s3://braingeneers/braindance/25_04_15_busiest_bee/,25244ic,exp1/exp1_cont_44,s3://braingeneers/braindance/25_04_15_busiest_bee/25244ic/exp1/exp1_cont_44.raw.h5,0,0.0,,False,spontaneous,190,True,65.0,25_04_15_busiest_bee,exp1,False,,,1,dorsal ,C57BL6,1/15/25,90.0,2/17/25,72.0,28A
s3://braingeneers/braindance/25_04_15_busiest_bee/,25244ic,exp1/exp1_cont_45,s3://braingeneers/braindance/25_04_15_busiest_bee/25244ic/exp1/exp1_cont_45.raw.h5,2400,2.0,1.9999986873739488,True,stim,190,True,65.0,25_04_15_busiest_bee,exp1,False,,,1,dorsal ,C57BL6,1/15/25,90.0,2/17/25,72.0,28A
s3://braingeneers/braindance/25_04_15_busiest_bee/,25244ic,exp1/exp1_cont_84,s3://braingeneers/braindance/25_04_15_busiest_bee/25244ic/exp1/exp1_cont_84.raw.h5,0,0.0,,False,spontaneous,190,True,65.0,25_04_15_busiest_bee,exp1,False,,,1,dorsal ,C57BL6,1/15/25,90.0,2/17/25,72.0,28A
s3://braingeneers/braindance/25_04_15_busiest_bee/,25244ic,exp1/exp1_cont_25,s3://braingeneers/braindance/25_04_15_busiest_bee/25244ic/exp1/exp1_cont_25.raw.h5,2400,2.0,1.9999951479167557,True,stim,190,True,65.0,25_04_15_busiest_bee,exp1,False,,,1,dorsal ,C57BL6,1/15/25,90.0,2/17/25,72.0,28A
s3://braingeneers/braindance/25_04_15_busiest_bee/,25244ic,exp1/exp1_cont_38,s3://braingeneers/braindance/25_04_15_busiest_bee/25244ic/exp1/exp1_cont_38.raw.h5,0,0.0,,False,spontaneous,190,True,65.0,25_04_15_busiest_bee,exp1,False,,,1,dorsal ,C57BL6,1/15/25,90.0,2/17/25,72.0,28A
s3://braingeneers/braindance/25_04_15_busiest_bee/,25244ic,exp1/exp1_cont_92,s3://braingeneers/braindance/25_04_15_busiest_bee/25244ic/exp1/exp1_cont_92.raw.h5,0,0.0,,False,spontaneous,190,True,65.0,25_04_15_busiest_bee,exp1,False,,,1,dorsal ,C57BL6,1/15/25,90.0,2/17/25,72.0,28A
s3://braingeneers/braindance/25_04_15_busiest_bee/,25244ic,exp1/exp1_cont_57,s3://braingeneers/braindance/25_04_15_busiest_bee/25244ic/exp1/exp1_cont_57.raw.h5,4800,4.0,4.000012987274436,True,stim,190,True,65.0,25_04_15_busiest_bee,exp1,False,,,1,dorsal ,C57BL6,1/15/25,90.0,2/17/25,72.0,28A
s3://braingeneers/braindance/25_04_15_busiest_bee/,25244ic,exp1/exp1_cont_52,s3://braingeneers/braindance/25_04_15_busiest_bee/25244ic/exp1/exp1_cont_52.raw.h5,0,0.0,,False,spontaneous,190,True,65.0,25_04_15_busiest_bee,exp1,False,,,1,dorsal ,C57BL6,1/15/25,90.0,2/17/25,72.0,28A
s3://braingeneers/braindance/25_04_15_busiest_bee/,25244ic,exp1/exp1_cont_42,s3://braingeneers/braindance/25_04_15_busiest_bee/25244ic/exp1/exp1_cont_42.raw.h5,0,0.0,,False,spontaneous,190,True,65.0,25_04_15_busiest_bee,exp1,False,,,1,dorsal ,C57BL6,1/15/25,90.0,2/17/25,72.0,28A
s3://braingeneers/braindance/25_04_15_busiest_bee/,25244ic,exp1/exp1_cont_12,s3://braingeneers/braindance/25_04_15_busiest_bee/25244ic/exp1/exp1_cont_12.raw.h5,0,0.0,,False,spontaneous,190,True,65.0,25_04_15_busiest_bee,exp1,False,,,1,dorsal ,C57BL6,1/15/25,90.0,2/17/25,72.0,28A
s3://braingeneers/braindance/25_04_15_busiest_bee/,25244ic,exp1/exp1_cont_66,s3://braingeneers/braindance/25_04_15_busiest_bee/25244ic/exp1/exp1_cont_66.raw.h5,0,0.0,,False,spontaneous,190,True,65.0,25_04_15_busiest_bee,exp1,False,,,1,dorsal ,C57BL6,1/15/25,90.0,2/17/25,72.0,28A
s3://braingeneers/braindance/25_04_15_busiest_bee/,25244ic,exp1/exp1_cont_85,s3://braingeneers/braindance/25_04_15_busiest_bee/25244ic/exp1/exp1_cont_85.raw.h5,2400,2.0,1.9999938363958536,True,stim,190,True,65.0,25_04_15_busiest_bee,exp1,False,,,1,dorsal ,C57BL6,1/15/25,90.0,2/17/25,72.0,28A
s3://braingeneers/braindance/25_04_15_busiest_bee/,25244ic,exp1/exp1_cont_16,s3://braingeneers/braindance/25_04_15_busiest_bee/25244ic/exp1/exp1_cont_16.raw.h5,0,0.0,,False,spontaneous,190,True,65.0,25_04_15_busiest_bee,exp1,False,,,1,dorsal ,C57BL6,1/15/25,90.0,2/17/25,72.0,28A
s3://braingeneers/braindance/25_04_15_busiest_bee/,25244ic,exp1/exp1_cont_5,s3://braingeneers/braindance/25_04_15_busiest_bee/25244ic/exp1/exp1_cont_5.raw.h5,2400,2.0,2.000000947385232,True,stim,190,True,65.0,25_04_15_busiest_bee,exp1,False,,,1,dorsal ,C57BL6,1/15/25,90.0,2/17/25,72.0,28A
s3://braingeneers/braindance/25_04_15_busiest_bee/,25244ic,exp1/exp1_cont_18,s3://braingeneers/braindance/25_04_15_busiest_bee/25244ic/exp1/exp1_cont_18.raw.h5,0,0.0,,False,spontaneous,190,True,65.0,25_04_15_busiest_bee,exp1,False,,,1,dorsal ,C57BL6,1/15/25,90.0,2/17/25,72.0,28A
s3://braingeneers/braindance/25_04_15_busiest_bee/,25244ic,exp1/exp1_cont_68,s3://braingeneers/braindance/25_04_15_busiest_bee/25244ic/exp1/exp1_cont_68.raw.h5,0,0.0,,False,spontaneous,190,True,65.0,25_04_15_busiest_bee,exp1,False,,,1,dorsal ,C57BL6,1/15/25,90.0,2/17/25,72.0,28A
s3://braingeneers/braindance/25_04_15_busiest_bee/,25244ic,exp1/exp1_cont_87,s3://braingeneers/braindance/25_04_15_busiest_bee/25244ic/exp1/exp1_cont_87.raw.h5,4800,4.0,3.9999767710921894,True,stim,190,True,65.0,25_04_15_busiest_bee,exp1,False,,,1,dorsal ,C57BL6,1/15/25,90.0,2/17/25,72.0,28A
s3://braingeneers/braindance/25_04_15_busiest_bee/,25244ic,exp1/exp1_cont_21,s3://braingeneers/braindance/25_04_15_busiest_bee/25244ic/exp1/exp1_cont_21.raw.h5,600,0.5,0.4999987331275847,True,stim,190,True,65.0,25_04_15_busiest_bee,exp1,False,,,1,dorsal ,C57BL6,1/15/25,90.0,2/17/25,72.0,28A
s3://braingeneers/braindance/25_04_15_busiest_bee/,25244ic,exp1/exp1_cont_35,s3://braingeneers/braindance/25_04_15_busiest_bee/25244ic/exp1/exp1_cont_35.raw.h5,2400,2.0,1.9999873368438457,True,stim,190,True,65.0,25_04_15_busiest_bee,exp1,False,,,1,dorsal ,C57BL6,1/15/25,90.0,2/17/25,72.0,28A
s3://braingeneers/braindance/25_04_15_busiest_bee/,25244ic,exp1/exp1_cont_33,s3://braingeneers/braindance/25_04_15_busiest_bee/25244ic/exp1/exp1_cont_33.raw.h5,1200,1.0,0.9999927607529971,True,stim,190,True,65.0,25_04_15_busiest_bee,exp1,False,,,1,dorsal ,C57BL6,1/15/25,90.0,2/17/25,72.0,28A
s3://braingeneers/braindance/25_04_15_busiest_bee/,25244ic,exp1/exp1_cont_28,s3://braingeneers/braindance/25_04_15_busiest_bee/25244ic/exp1/exp1_cont_28.raw.h5,0,0.0,,False,spontaneous,190,True,65.0,25_04_15_busiest_bee,exp1,False,,,1,dorsal ,C57BL6,1/15/25,90.0,2/17/25,72.0,28A
s3://braingeneers/braindance/2025-05-14busy_drugs/,25123ic,gabazine1/gabazine1_cont_17,s3://braingeneers/braindance/2025-05-14busy_drugs/25123ic/gabazine1/gabazine1_cont_17.raw.h5,6400,4.0,3.999988268031277,True,stim,71,True,105.0,2025-05-14busy_drugs,gabazine1,False,,gabazine,1,dorsal ,C57BL6,1/15/25,119.0,2/12/25,77.0,18A
s3://braingeneers/braindance/2025-05-14busy_drugs/,25123ic,gabazine1/gabazine1_cont_25,s3://braingeneers/braindance/2025-05-14busy_drugs/25123ic/gabazine1/gabazine1_cont_25.raw.h5,3200,2.0,1.9999951712039028,True,stim,71,True,105.0,2025-05-14busy_drugs,gabazine1,False,,gabazine,1,dorsal ,C57BL6,1/15/25,119.0,2/12/25,77.0,18A
s3://braingeneers/braindance/2025-05-14busy_drugs/,25123ic,gabazine1/gabazine1_cont,s3://braingeneers/braindance/2025-05-14busy_drugs/25123ic/gabazine1/gabazine1_cont.raw.h5,0,0.0,,False,spontaneous,71,True,105.0,2025-05-14busy_drugs,gabazine1,False,,gabazine,1,dorsal ,C57BL6,1/15/25,119.0,2/12/25,77.0,18A
s3://braingeneers/braindance/2025-05-14busy_drugs/,25123ic,gabazine1/gabazine1_cont_55,s3://braingeneers/braindance/2025-05-14busy_drugs/25123ic/gabazine1/gabazine1_cont_55.raw.h5,3200,2.0,2.0000034929376573,True,stim,71,True,105.0,2025-05-14busy_drugs,gabazine1,False,,gabazine,1,dorsal ,C57BL6,1/15/25,119.0,2/12/25,77.0,18A
s3://braingeneers/braindance/2025-05-14busy_drugs/,25123ic,gabazine1/gabazine1_cont_31,s3://braingeneers/braindance/2025-05-14busy_drugs/25123ic/gabazine1/gabazine1_cont_31.raw.h5,800,0.5,0.4999988261804773,True,stim,71,True,105.0,2025-05-14busy_drugs,gabazine1,False,,gabazine,1,dorsal ,C57BL6,1/15/25,119.0,2/12/25,77.0,18A
s3://braingeneers/braindance/2025-05-14busy_drugs/,25123ic,gabazine1/gabazine1_cont_66,s3://braingeneers/braindance/2025-05-14busy_drugs/25123ic/gabazine1/gabazine1_cont_66.raw.h5,0,0.0,,False,spontaneous,71,True,105.0,2025-05-14busy_drugs,gabazine1,False,,gabazine,1,dorsal ,C57BL6,1/15/25,119.0,2/12/25,77.0,18A
s3://braingeneers/braindance/2025-05-14busy_drugs/,25123ic,gabazine1/gabazine1_cont_61,s3://braingeneers/braindance/2025-05-14busy_drugs/25123ic/gabazine1/gabazine1_cont_61.raw.h5,800,0.5,0.4999997967513335,True,stim,71,True,105.0,2025-05-14busy_drugs,gabazine1,False,,gabazine,1,dorsal ,C57BL6,1/15/25,119.0,2/12/25,77.0,18A
s3://braingeneers/braindance/2025-05-14busy_drugs/,25123ic,gabazine1/gabazine1_cont_15,s3://braingeneers/braindance/2025-05-14busy_drugs/25123ic/gabazine1/gabazine1_cont_15.raw.h5,3200,2.0,1.9999962184091464,True,stim,71,True,105.0,2025-05-14busy_drugs,gabazine1,False,,gabazine,1,dorsal ,C57BL6,1/15/25,119.0,2/12/25,77.0,18A
s3://braingeneers/braindance/2025-05-14busy_drugs/,25123ic,gabazine1/gabazine1_cont_13,s3://braingeneers/braindance/2025-05-14busy_drugs/25123ic/gabazine1/gabazine1_cont_13.raw.h5,1600,1.0,0.9999961248211487,True,stim,71,True,105.0,2025-05-14busy_drugs,gabazine1,False,,gabazine,1,dorsal ,C57BL6,1/15/25,119.0,2/12/25,77.0,18A
s3://braingeneers/braindance/2025-05-14busy_drugs/,25123ic,gabazine1/gabazine1_cont_7,s3://braingeneers/braindance/2025-05-14busy_drugs/25123ic/gabazine1/gabazine1_cont_7.raw.h5,6400,4.0,3.9999975210867103,True,stim,71,True,105.0,2025-05-14busy_drugs,gabazine1,False,,gabazine,1,dorsal ,C57BL6,1/15/25,119.0,2/12/25,77.0,18A
s3://braingeneers/braindance/2025-05-14busy_drugs/,25123ic,gabazine1/gabazine1_cont_48,s3://braingeneers/braindance/2025-05-14busy_drugs/25123ic/gabazine1/gabazine1_cont_48.raw.h5,0,0.0,,False,spontaneous,71,True,105.0,2025-05-14busy_drugs,gabazine1,False,,gabazine,1,dorsal ,C57BL6,1/15/25,119.0,2/12/25,77.0,18A
s3://braingeneers/braindance/2025-05-14busy_drugs/,25123ic,gabazine1/gabazine1_cont_12,s3://braingeneers/braindance/2025-05-14busy_drugs/25123ic/gabazine1/gabazine1_cont_12.raw.h5,0,0.0,,False,spontaneous,71,True,105.0,2025-05-14busy_drugs,gabazine1,False,,gabazine,1,dorsal ,C57BL6,1/15/25,119.0,2/12/25,77.0,18A
s3://braingeneers/braindance/2025-05-14busy_drugs/,25123ic,gabazine1/gabazine1_cont_30,s3://braingeneers/braindance/2025-05-14busy_drugs/25123ic/gabazine1/gabazine1_cont_30.raw.h5,0,0.0,,False,spontaneous,71,True,105.0,2025-05-14busy_drugs,gabazine1,False,,gabazine,1,dorsal ,C57BL6,1/15/25,119.0,2/12/25,77.0,18A
s3://braingeneers/braindance/2025-05-14busy_drugs/,25123ic,gabazine1/gabazine1_cont_19,s3://braingeneers/braindance/2025-05-14busy_drugs/25123ic/gabazine1/gabazine1_cont_19.raw.h5,12800,8.0,8.000024334540159,True,stim,71,True,105.0,2025-05-14busy_drugs,gabazine1,False,,gabazine,1,dorsal ,C57BL6,1/15/25,119.0,2/12/25,77.0,18A
s3://braingeneers/braindance/2025-05-14busy_drugs/,25123ic,gabazine1/gabazine1_cont_6,s3://braingeneers/braindance/2025-05-14busy_drugs/25123ic/gabazine1/gabazine1_cont_6.raw.h5,0,0.0,,False,spontaneous,71,True,105.0,2025-05-14busy_drugs,gabazine1,False,,gabazine,1,dorsal ,C57BL6,1/15/25,119.0,2/12/25,77.0,18A
s3://braingeneers/braindance/2025-05-14busy_drugs/,25123ic,gabazine1/gabazine1_cont_43,s3://braingeneers/braindance/2025-05-14busy_drugs/25123ic/gabazine1/gabazine1_cont_43.raw.h5,1600,1.0,0.9999985650164396,True,stim,71,True,105.0,2025-05-14busy_drugs,gabazine1,False,,gabazine,1,dorsal ,C57BL6,1/15/25,119.0,2/12/25,77.0,18A
s3://braingeneers/braindance/2025-05-14busy_drugs/,25123ic,gabazine1/gabazine1_cont_2,s3://braingeneers/braindance/2025-05-14busy_drugs/25123ic/gabazine1/gabazine1_cont_2.raw.h5,0,0.0,,False,spontaneous,71,True,105.0,2025-05-14busy_drugs,gabazine1,False,,gabazine,1,dorsal ,C57BL6,1/15/25,119.0,2/12/25,77.0,18A
s3://braingeneers/braindance/2025-05-14busy_drugs/,25123ic,gabazine1/gabazine1_cont_33,s3://braingeneers/braindance/2025-05-14busy_drugs/25123ic/gabazine1/gabazine1_cont_33.raw.h5,1600,1.0,0.9999968557247064,True,stim,71,True,105.0,2025-05-14busy_drugs,gabazine1,False,,gabazine,1,dorsal ,C57BL6,1/15/25,119.0,2/12/25,77.0,18A
s3://braingeneers/braindance/2025-05-14busy_drugs/,25123ic,gabazine1/gabazine1_cont_35,s3://braingeneers/braindance/2025-05-14busy_drugs/25123ic/gabazine1/gabazine1_cont_35.raw.h5,3200,2.0,1.9999958798734447,True,stim,71,True,105.0,2025-05-14busy_drugs,gabazine1,False,,gabazine,1,dorsal ,C57BL6,1/15/25,119.0,2/12/25,77.0,18A
s3://braingeneers/braindance/2025-05-14busy_drugs/,25123ic,gabazine1/gabazine1_cont_11,s3://braingeneers/braindance/2025-05-14busy_drugs/25123ic/gabazine1/gabazine1_cont_11.raw.h5,800,0.5,0.500000284258922,True,stim,71,True,105.0,2025-05-14busy_drugs,gabazine1,False,,gabazine,1,dorsal ,C57BL6,1/15/25,119.0,2/12/25,77.0,18A
s3://braingeneers/braindance/2025-05-14busy_drugs/,25123ic,gabazine1/gabazine1_cont_34,s3://braingeneers/braindance/2025-05-14busy_drugs/25123ic/gabazine1/gabazine1_cont_34.raw.h5,0,0.0,,False,spontaneous,71,True,105.0,2025-05-14busy_drugs,gabazine1,False,,gabazine,1,dorsal ,C57BL6,1/15/25,119.0,2/12/25,77.0,18A
s3://braingeneers/braindance/2025-05-14busy_drugs/,25123ic,gabazine1/gabazine1_cont_59,s3://braingeneers/braindance/2025-05-14busy_drugs/25123ic/gabazine1/gabazine1_cont_59.raw.h5,12800,8.0,8.000001989660973,True,stim,71,True,105.0,2025-05-14busy_drugs,gabazine1,False,,gabazine,1,dorsal ,C57BL6,1/15/25,119.0,2/12/25,77.0,18A
s3://braingeneers/braindance/2025-05-14busy_drugs/,25123ic,gabazine1/gabazine1_cont_58,s3://braingeneers/braindance/2025-05-14busy_drugs/25123ic/gabazine1/gabazine1_cont_58.raw.h5,0,0.0,,False,spontaneous,71,True,105.0,2025-05-14busy_drugs,gabazine1,False,,gabazine,1,dorsal ,C57BL6,1/15/25,119.0,2/12/25,77.0,18A
s3://braingeneers/braindance/2025-05-14busy_drugs/,25123ic,gabazine1/gabazine1_cont_41,s3://braingeneers/braindance/2025-05-14busy_drugs/25123ic/gabazine1/gabazine1_cont_41.raw.h5,800,0.5,0.5000004992260925,True,stim,71,True,105.0,2025-05-14busy_drugs,gabazine1,False,,gabazine,1,dorsal ,C57BL6,1/15/25,119.0,2/12/25,77.0,18A
s3://braingeneers/braindance/2025-05-14busy_drugs/,25123ic,gabazine1/gabazine1_cont_14,s3://braingeneers/braindance/2025-05-14busy_drugs/25123ic/gabazine1/gabazine1_cont_14.raw.h5,0,0.0,,False,spontaneous,71,True,105.0,2025-05-14busy_drugs,gabazine1,False,,gabazine,1,dorsal ,C57BL6,1/15/25,119.0,2/12/25,77.0,18A
s3://braingeneers/braindance/2025-05-14busy_drugs/,25123ic,gabazine1/gabazine1_cont_36,s3://braingeneers/braindance/2025-05-14busy_drugs/25123ic/gabazine1/gabazine1_cont_36.raw.h5,0,0.0,,False,spontaneous,71,True,105.0,2025-05-14busy_drugs,gabazine1,False,,gabazine,1,dorsal ,C57BL6,1/15/25,119.0,2/12/25,77.0,18A
s3://braingeneers/braindance/2025-05-14busy_drugs/,25123ic,gabazine1/gabazine1_cont_44,s3://braingeneers/braindance/2025-05-14busy_drugs/25123ic/gabazine1/gabazine1_cont_44.raw.h5,0,0.0,,False,spontaneous,71,True,105.0,2025-05-14busy_drugs,gabazine1,False,,gabazine,1,dorsal ,C57BL6,1/15/25,119.0,2/12/25,77.0,18A
s3://braingeneers/braindance/2025-05-14busy_drugs/,25123ic,gabazine1/gabazine1_cont_16,s3://braingeneers/braindance/2025-05-14busy_drugs/25123ic/gabazine1/gabazine1_cont_16.raw.h5,0,0.0,,False,spontaneous,71,True,105.0,2025-05-14busy_drugs,gabazine1,False,,gabazine,1,dorsal ,C57BL6,1/15/25,119.0,2/12/25,77.0,18A
s3://braingeneers/braindance/2025-05-14busy_drugs/,25123ic,gabazine1/gabazine1_cont_8,s3://braingeneers/braindance/2025-05-14busy_drugs/25123ic/gabazine1/gabazine1_cont_8.raw.h5,0,0.0,,False,spontaneous,71,True,105.0,2025-05-14busy_drugs,gabazine1,False,,gabazine,1,dorsal ,C57BL6,1/15/25,119.0,2/12/25,77.0,18A
s3://braingeneers/braindance/2025-05-14busy_drugs/,25123ic,gabazine1/gabazine1_cont_3,s3://braingeneers/braindance/2025-05-14busy_drugs/25123ic/gabazine1/gabazine1_cont_3.raw.h5,1600,1.0,0.999995034161619,True,stim,71,True,105.0,2025-05-14busy_drugs,gabazine1,False,,gabazine,1,dorsal ,C57BL6,1/15/25,119.0,2/12/25,77.0,18A
s3://braingeneers/braindance/2025-05-14busy_drugs/,25123ic,gabazine1/gabazine1_cont_26,s3://braingeneers/braindance/2025-05-14busy_drugs/25123ic/gabazine1/gabazine1_cont_26.raw.h5,0,0.0,,False,spontaneous,71,True,105.0,2025-05-14busy_drugs,gabazine1,False,,gabazine,1,dorsal ,C57BL6,1/15/25,119.0,2/12/25,77.0,18A
s3://braingeneers/braindance/2025-05-14busy_drugs/,25123ic,gabazine1/gabazine1_cont_29,s3://braingeneers/braindance/2025-05-14busy_drugs/25123ic/gabazine1/gabazine1_cont_29.raw.h5,12800,8.0,8.000002921164285,True,stim,71,True,105.0,2025-05-14busy_drugs,gabazine1,False,,gabazine,1,dorsal ,C57BL6,1/15/25,119.0,2/12/25,77.0,18A
s3://braingeneers/braindance/2025-05-14busy_drugs/,25123ic,gabazine1/gabazine1_cont_39,s3://braingeneers/braindance/2025-05-14busy_drugs/25123ic/gabazine1/gabazine1_cont_39.raw.h5,12800,8.0,7.9999591669633165,True,stim,71,True,105.0,2025-05-14busy_drugs,gabazine1,False,,gabazine,1,dorsal ,C57BL6,1/15/25,119.0,2/12/25,77.0,18A
s3://braingeneers/braindance/2025-05-14busy_drugs/,25123ic,gabazine1/gabazine1_cont_69,s3://braingeneers/braindance/2025-05-14busy_drugs/25123ic/gabazine1/gabazine1_cont_69.raw.h5,1078,8.0,8.000114854431974,True,stim,71,True,105.0,2025-05-14busy_drugs,gabazine1,False,,gabazine,1,dorsal ,C57BL6,1/15/25,119.0,2/12/25,77.0,18A
s3://braingeneers/braindance/2025-05-14busy_drugs/,25123ic,gabazine1/gabazine1_cont_49,s3://braingeneers/braindance/2025-05-14busy_drugs/25123ic/gabazine1/gabazine1_cont_49.raw.h5,12800,8.0,7.999987362482638,True,stim,71,True,105.0,2025-05-14busy_drugs,gabazine1,False,,gabazine,1,dorsal ,C57BL6,1/15/25,119.0,2/12/25,77.0,18A
s3://braingeneers/braindance/2025-05-14busy_drugs/,25123ic,gabazine1/gabazine1_cont_22,s3://braingeneers/braindance/2025-05-14busy_drugs/25123ic/gabazine1/gabazine1_cont_22.raw.h5,0,0.0,,False,spontaneous,71,True,105.0,2025-05-14busy_drugs,gabazine1,False,,gabazine,1,dorsal ,C57BL6,1/15/25,119.0,2/12/25,77.0,18A
s3://braingeneers/braindance/2025-05-14busy_drugs/,25123ic,gabazine1/gabazine1_cont_38,s3://braingeneers/braindance/2025-05-14busy_drugs/25123ic/gabazine1/gabazine1_cont_38.raw.h5,0,0.0,,False,spontaneous,71,True,105.0,2025-05-14busy_drugs,gabazine1,False,,gabazine,1,dorsal ,C57BL6,1/15/25,119.0,2/12/25,77.0,18A
s3://braingeneers/braindance/2025-05-14busy_drugs/,25123ic,gabazine1/gabazine1_cont_60,s3://braingeneers/braindance/2025-05-14busy_drugs/25123ic/gabazine1/gabazine1_cont_60.raw.h5,0,0.0,,False,spontaneous,71,True,105.0,2025-05-14busy_drugs,gabazine1,False,,gabazine,1,dorsal ,C57BL6,1/15/25,119.0,2/12/25,77.0,18A
s3://braingeneers/braindance/2025-05-14busy_drugs/,25123ic,gabazine1/gabazine1_cont_52,s3://braingeneers/braindance/2025-05-14busy_drugs/25123ic/gabazine1/gabazine1_cont_52.raw.h5,0,0.0,,False,spontaneous,71,True,105.0,2025-05-14busy_drugs,gabazine1,False,,gabazine,1,dorsal ,C57BL6,1/15/25,119.0,2/12/25,77.0,18A
s3://braingeneers/braindance/2025-05-14busy_drugs/,25123ic,gabazine1/gabazine1_cont_67,s3://braingeneers/braindance/2025-05-14busy_drugs/25123ic/gabazine1/gabazine1_cont_67.raw.h5,6400,4.0,3.999993543951673,True,stim,71,True,105.0,2025-05-14busy_drugs,gabazine1,False,,gabazine,1,dorsal ,C57BL6,1/15/25,119.0,2/12/25,77.0,18A
s3://braingeneers/braindance/2025-05-14busy_drugs/,25123ic,gabazine1/gabazine1_cont_5,s3://braingeneers/braindance/2025-05-14busy_drugs/25123ic/gabazine1/gabazine1_cont_5.raw.h5,3200,2.0,1.9999945880896652,True,stim,71,True,105.0,2025-05-14busy_drugs,gabazine1,False,,gabazine,1,dorsal ,C57BL6,1/15/25,119.0,2/12/25,77.0,18A
s3://braingeneers/braindance/2025-05-14busy_drugs/,25123ic,gabazine1/gabazine1_cont_47,s3://braingeneers/braindance/2025-05-14busy_drugs/25123ic/gabazine1/gabazine1_cont_47.raw.h5,6400,4.0,3.999986818261304,True,stim,71,True,105.0,2025-05-14busy_drugs,gabazine1,False,,gabazine,1,dorsal ,C57BL6,1/15/25,119.0,2/12/25,77.0,18A
s3://braingeneers/braindance/2025-05-14busy_drugs/,25123ic,gabazine1/gabazine1_cont_51,s3://braingeneers/braindance/2025-05-14busy_drugs/25123ic/gabazine1/gabazine1_cont_51.raw.h5,800,0.5,0.499998462291649,True,stim,71,True,105.0,2025-05-14busy_drugs,gabazine1,False,,gabazine,1,dorsal ,C57BL6,1/15/25,119.0,2/12/25,77.0,18A
s3://braingeneers/braindance/2025-05-14busy_drugs/,25123ic,gabazine1/gabazine1_cont_53,s3://braingeneers/braindance/2025-05-14busy_drugs/25123ic/gabazine1/gabazine1_cont_53.raw.h5,1600,1.0,0.9999993790185256,True,stim,71,True,105.0,2025-05-14busy_drugs,gabazine1,False,,gabazine,1,dorsal ,C57BL6,1/15/25,119.0,2/12/25,77.0,18A
s3://braingeneers/braindance/2025-05-14busy_drugs/,25123ic,gabazine1/gabazine1_cont_42,s3://braingeneers/braindance/2025-05-14busy_drugs/25123ic/gabazine1/gabazine1_cont_42.raw.h5,0,0.0,,False,spontaneous,71,True,105.0,2025-05-14busy_drugs,gabazine1,False,,gabazine,1,dorsal ,C57BL6,1/15/25,119.0,2/12/25,77.0,18A
s3://braingeneers/braindance/2025-05-14busy_drugs/,25123ic,gabazine1/gabazine1_cont_62,s3://braingeneers/braindance/2025-05-14busy_drugs/25123ic/gabazine1/gabazine1_cont_62.raw.h5,0,0.0,,False,spontaneous,71,True,105.0,2025-05-14busy_drugs,gabazine1,False,,gabazine,1,dorsal ,C57BL6,1/15/25,119.0,2/12/25,77.0,18A
s3://braingeneers/braindance/2025-05-14busy_drugs/,25123ic,gabazine1/gabazine1_cont_23,s3://braingeneers/braindance/2025-05-14busy_drugs/25123ic/gabazine1/gabazine1_cont_23.raw.h5,1600,1.0,0.9999953584217932,True,stim,71,True,105.0,2025-05-14busy_drugs,gabazine1,False,,gabazine,1,dorsal ,C57BL6,1/15/25,119.0,2/12/25,77.0,18A
s3://braingeneers/braindance/2025-05-14busy_drugs/,25123ic,gabazine1/gabazine1_cont_9,s3://braingeneers/braindance/2025-05-14busy_drugs/25123ic/gabazine1/gabazine1_cont_9.raw.h5,12800,8.0,7.999973148582345,True,stim,71,True,105.0,2025-05-14busy_drugs,gabazine1,False,,gabazine,1,dorsal ,C57BL6,1/15/25,119.0,2/12/25,77.0,18A
s3://braingeneers/braindance/2025-05-14busy_drugs/,25123ic,gabazine1/gabazine1,s3://braingeneers/braindance/2025-05-14busy_drugs/25123ic/gabazine1/gabazine1.raw.h5,0,0.0,,False,spontaneous,71,True,105.0,2025-05-14busy_drugs,gabazine1,True,,gabazine,1,dorsal ,C57BL6,1/15/25,119.0,2/12/25,77.0,18A
s3://braingeneers/braindance/2025-05-14busy_drugs/,25123ic,gabazine1/gabazine1_cont_45,s3://braingeneers/braindance/2025-05-14busy_drugs/25123ic/gabazine1/gabazine1_cont_45.raw.h5,3200,2.0,1.9999964141070847,True,stim,71,True,105.0,2025-05-14busy_drugs,gabazine1,False,,gabazine,1,dorsal ,C57BL6,1/15/25,119.0,2/12/25,77.0,18A
s3://braingeneers/braindance/2025-05-14busy_drugs/,25123ic,gabazine1/gabazine1_cont_64,s3://braingeneers/braindance/2025-05-14busy_drugs/25123ic/gabazine1/gabazine1_cont_64.raw.h5,0,0.0,,False,spontaneous,71,True,105.0,2025-05-14busy_drugs,gabazine1,False,,gabazine,1,dorsal ,C57BL6,1/15/25,119.0,2/12/25,77.0,18A
s3://braingeneers/braindance/2025-05-14busy_drugs/,25123ic,gabazine1/gabazine1_cont_46,s3://braingeneers/braindance/2025-05-14busy_drugs/25123ic/gabazine1/gabazine1_cont_46.raw.h5,0,0.0,,False,spontaneous,71,True,105.0,2025-05-14busy_drugs,gabazine1,False,,gabazine,1,dorsal ,C57BL6,1/15/25,119.0,2/12/25,77.0,18A
s3://braingeneers/braindance/2025-05-14busy_drugs/,25123ic,gabazine1/gabazine1_cont_32,s3://braingeneers/braindance/2025-05-14busy_drugs/25123ic/gabazine1/gabazine1_cont_32.raw.h5,0,0.0,,False,spontaneous,71,True,105.0,2025-05-14busy_drugs,gabazine1,False,,gabazine,1,dorsal ,C57BL6,1/15/25,119.0,2/12/25,77.0,18A
s3://braingeneers/braindance/2025-05-14busy_drugs/,25123ic,gabazine1/gabazine1_cont_50,s3://braingeneers/braindance/2025-05-14busy_drugs/25123ic/gabazine1/gabazine1_cont_50.raw.h5,0,0.0,,False,spontaneous,71,True,105.0,2025-05-14busy_drugs,gabazine1,False,,gabazine,1,dorsal ,C57BL6,1/15/25,119.0,2/12/25,77.0,18A
s3://braingeneers/braindance/2025-05-14busy_drugs/,25123ic,gabazine1/gabazine1_cont_4,s3://braingeneers/braindance/2025-05-14busy_drugs/25123ic/gabazine1/gabazine1_cont_4.raw.h5,0,0.0,,False,spontaneous,71,True,105.0,2025-05-14busy_drugs,gabazine1,False,,gabazine,1,dorsal ,C57BL6,1/15/25,119.0,2/12/25,77.0,18A
s3://braingeneers/braindance/2025-05-14busy_drugs/,25123ic,gabazine1/gabazine1_cont_27,s3://braingeneers/braindance/2025-05-14busy_drugs/25123ic/gabazine1/gabazine1_cont_27.raw.h5,6400,4.0,3.999989979844454,True,stim,71,True,105.0,2025-05-14busy_drugs,gabazine1,False,,gabazine,1,dorsal ,C57BL6,1/15/25,119.0,2/12/25,77.0,18A
s3://braingeneers/braindance/2025-05-14busy_drugs/,25123ic,gabazine1/gabazine1_cont_20,s3://braingeneers/braindance/2025-05-14busy_drugs/25123ic/gabazine1/gabazine1_cont_20.raw.h5,0,0.0,,False,spontaneous,71,True,105.0,2025-05-14busy_drugs,gabazine1,False,,gabazine,1,dorsal ,C57BL6,1/15/25,119.0,2/12/25,77.0,18A
s3://braingeneers/braindance/2025-05-14busy_drugs/,25123ic,gabazine1/gabazine1_cont_21,s3://braingeneers/braindance/2025-05-14busy_drugs/25123ic/gabazine1/gabazine1_cont_21.raw.h5,800,0.5,0.4999988433146288,True,stim,71,True,105.0,2025-05-14busy_drugs,gabazine1,False,,gabazine,1,dorsal ,C57BL6,1/15/25,119.0,2/12/25,77.0,18A
s3://braingeneers/braindance/2025-05-14busy_drugs/,25123ic,gabazine1/gabazine1_cont_40,s3://braingeneers/braindance/2025-05-14busy_drugs/25123ic/gabazine1/gabazine1_cont_40.raw.h5,0,0.0,,False,spontaneous,71,True,105.0,2025-05-14busy_drugs,gabazine1,False,,gabazine,1,dorsal ,C57BL6,1/15/25,119.0,2/12/25,77.0,18A
s3://braingeneers/braindance/2025-05-14busy_drugs/,25123ic,gabazine1/gabazine1_cont_10,s3://braingeneers/braindance/2025-05-14busy_drugs/25123ic/gabazine1/gabazine1_cont_10.raw.h5,0,0.0,,False,spontaneous,71,True,105.0,2025-05-14busy_drugs,gabazine1,False,,gabazine,1,dorsal ,C57BL6,1/15/25,119.0,2/12/25,77.0,18A
s3://braingeneers/braindance/2025-05-14busy_drugs/,25123ic,gabazine1/gabazine1_cont_28,s3://braingeneers/braindance/2025-05-14busy_drugs/25123ic/gabazine1/gabazine1_cont_28.raw.h5,0,0.0,,False,spontaneous,71,True,105.0,2025-05-14busy_drugs,gabazine1,False,,gabazine,1,dorsal ,C57BL6,1/15/25,119.0,2/12/25,77.0,18A
s3://braingeneers/braindance/2025-05-14busy_drugs/,25123ic,gabazine1/gabazine1_cont_37,s3://braingeneers/braindance/2025-05-14busy_drugs/25123ic/gabazine1/gabazine1_cont_37.raw.h5,6400,4.0,3.999987849113342,True,stim,71,True,105.0,2025-05-14busy_drugs,gabazine1,False,,gabazine,1,dorsal ,C57BL6,1/15/25,119.0,2/12/25,77.0,18A
s3://braingeneers/braindance/2025-05-14busy_drugs/,25123ic,gabazine1/gabazine1_cont_54,s3://braingeneers/braindance/2025-05-14busy_drugs/25123ic/gabazine1/gabazine1_cont_54.raw.h5,0,0.0,,False,spontaneous,71,True,105.0,2025-05-14busy_drugs,gabazine1,False,,gabazine,1,dorsal ,C57BL6,1/15/25,119.0,2/12/25,77.0,18A
s3://braingeneers/braindance/2025-05-14busy_drugs/,25123ic,gabazine1/gabazine1_cont_56,s3://braingeneers/braindance/2025-05-14busy_drugs/25123ic/gabazine1/gabazine1_cont_56.raw.h5,0,0.0,,False,spontaneous,71,True,105.0,2025-05-14busy_drugs,gabazine1,False,,gabazine,1,dorsal ,C57BL6,1/15/25,119.0,2/12/25,77.0,18A
s3://braingeneers/braindance/2025-05-14busy_drugs/,25123ic,gabazine1/gabazine1_cont_57,s3://braingeneers/braindance/2025-05-14busy_drugs/25123ic/gabazine1/gabazine1_cont_57.raw.h5,6400,4.0,3.9999986646167898,True,stim,71,True,105.0,2025-05-14busy_drugs,gabazine1,False,,gabazine,1,dorsal ,C57BL6,1/15/25,119.0,2/12/25,77.0,18A
s3://braingeneers/braindance/2025-05-14busy_drugs/,25123ic,gabazine1/gabazine1_cont_63,s3://braingeneers/braindance/2025-05-14busy_drugs/25123ic/gabazine1/gabazine1_cont_63.raw.h5,1600,1.0,1.0000007087109446,True,stim,71,True,105.0,2025-05-14busy_drugs,gabazine1,False,,gabazine,1,dorsal ,C57BL6,1/15/25,119.0,2/12/25,77.0,18A
s3://braingeneers/braindance/2025-05-14busy_drugs/,25123ic,gabazine1/gabazine1_cont_24,s3://braingeneers/braindance/2025-05-14busy_drugs/25123ic/gabazine1/gabazine1_cont_24.raw.h5,0,0.0,,False,spontaneous,71,True,105.0,2025-05-14busy_drugs,gabazine1,False,,gabazine,1,dorsal ,C57BL6,1/15/25,119.0,2/12/25,77.0,18A
s3://braingeneers/braindance/2025-05-14busy_drugs/,25123ic,gabazine1/gabazine1_cont_18,s3://braingeneers/braindance/2025-05-14busy_drugs/25123ic/gabazine1/gabazine1_cont_18.raw.h5,0,0.0,,False,spontaneous,71,True,105.0,2025-05-14busy_drugs,gabazine1,False,,gabazine,1,dorsal ,C57BL6,1/15/25,119.0,2/12/25,77.0,18A
s3://braingeneers/braindance/2025-05-14busy_drugs/,25123ic,gabazine1/gabazine1_cont_65,s3://braingeneers/braindance/2025-05-14busy_drugs/25123ic/gabazine1/gabazine1_cont_65.raw.h5,3200,2.0,1.9999988319531732,True,stim,71,True,105.0,2025-05-14busy_drugs,gabazine1,False,,gabazine,1,dorsal ,C57BL6,1/15/25,119.0,2/12/25,77.0,18A
s3://braingeneers/braindance/2025-05-14busy_drugs/,25123ic,gabazine1/gabazine1_cont_68,s3://braingeneers/braindance/2025-05-14busy_drugs/25123ic/gabazine1/gabazine1_cont_68.raw.h5,0,0.0,,False,spontaneous,71,True,105.0,2025-05-14busy_drugs,gabazine1,False,,gabazine,1,dorsal ,C57BL6,1/15/25,119.0,2/12/25,77.0,18A
s3://braingeneers/braindance/2025-05-14busy_drugs/,25123ic,gabazine1/gabazine1_cont_1,s3://braingeneers/braindance/2025-05-14busy_drugs/25123ic/gabazine1/gabazine1_cont_1.raw.h5,800,0.5,0.4999991412039157,True,stim,71,True,105.0,2025-05-14busy_drugs,gabazine1,False,,gabazine,1,dorsal ,C57BL6,1/15/25,119.0,2/12/25,77.0,18A
s3://braingeneers/braindance/25-05-08_bee_drugs/,25123ic,k252a1/k252a1_cont_1,s3://braingeneers/braindance/25-05-08_bee_drugs/25123ic/k252a1/k252a1_cont_1.raw.h5,850,0.5,0.5000001090353606,True,stim,262,True,77.0,25-05-08_bee_drugs,k252a1,False,,k252a,1,dorsal ,C57BL6,1/15/25,113.0,2/12/25,77.0,18D
s3://braingeneers/braindance/25-05-08_bee_drugs/,25123ic,k252a1/k252a1_cont_254,s3://braingeneers/braindance/25-05-08_bee_drugs/25123ic/k252a1/k252a1_cont_254.raw.h5,0,0.0,,False,spontaneous,262,True,77.0,25-05-08_bee_drugs,k252a1,False,,k252a,1,dorsal ,C57BL6,1/15/25,113.0,2/12/25,77.0,18D
s3://braingeneers/braindance/25-05-08_bee_drugs/,25123ic,k252a1/k252a1_cont_41,s3://braingeneers/braindance/25-05-08_bee_drugs/25123ic/k252a1/k252a1_cont_41.raw.h5,850,0.5,0.4999985057900964,True,stim,262,True,77.0,25-05-08_bee_drugs,k252a1,False,,k252a,1,dorsal ,C57BL6,1/15/25,113.0,2/12/25,77.0,18D
s3://braingeneers/braindance/25-05-08_bee_drugs/,25123ic,k252a1/k252a1_cont_36,s3://braingeneers/braindance/25-05-08_bee_drugs/25123ic/k252a1/k252a1_cont_36.raw.h5,0,0.0,,False,spontaneous,262,True,77.0,25-05-08_bee_drugs,k252a1,False,,k252a,1,dorsal ,C57BL6,1/15/25,113.0,2/12/25,77.0,18D
s3://braingeneers/braindance/25-05-08_bee_drugs/,25123ic,k252a1/k252a1_cont_222,s3://braingeneers/braindance/25-05-08_bee_drugs/25123ic/k252a1/k252a1_cont_222.raw.h5,0,0.0,,False,spontaneous,262,True,77.0,25-05-08_bee_drugs,k252a1,False,,k252a,1,dorsal ,C57BL6,1/15/25,113.0,2/12/25,77.0,18D
s3://braingeneers/braindance/25-05-08_bee_drugs/,25123ic,k252a1/k252a1_cont_219,s3://braingeneers/braindance/25-05-08_bee_drugs/25123ic/k252a1/k252a1_cont_219.raw.h5,3400,2.0,2.0000005135629504,True,stim,262,True,77.0,25-05-08_bee_drugs,k252a1,False,,k252a,1,dorsal ,C57BL6,1/15/25,113.0,2/12/25,77.0,18D
s3://braingeneers/braindance/25-05-08_bee_drugs/,25123ic,k252a1/k252a1_cont_15,s3://braingeneers/braindance/25-05-08_bee_drugs/25123ic/k252a1/k252a1_cont_15.raw.h5,3400,2.0,1.999998914537809,True,stim,262,True,77.0,25-05-08_bee_drugs,k252a1,False,,k252a,1,dorsal ,C57BL6,1/15/25,113.0,2/12/25,77.0,18D
s3://braingeneers/braindance/25-05-08_bee_drugs/,25123ic,k252a1/k252a1_cont_26,s3://braingeneers/braindance/25-05-08_bee_drugs/25123ic/k252a1/k252a1_cont_26.raw.h5,0,0.0,,False,spontaneous,262,True,77.0,25-05-08_bee_drugs,k252a1,False,,k252a,1,dorsal ,C57BL6,1/15/25,113.0,2/12/25,77.0,18D
s3://braingeneers/braindance/25-05-08_bee_drugs/,25123ic,k252a1/k252a1_cont_135,s3://braingeneers/braindance/25-05-08_bee_drugs/25123ic/k252a1/k252a1_cont_135.raw.h5,850,0.5,0.4999996710602873,True,stim,262,True,77.0,25-05-08_bee_drugs,k252a1,False,,k252a,1,dorsal ,C57BL6,1/15/25,113.0,2/12/25,77.0,18D
s3://braingeneers/braindance/25-05-08_bee_drugs/,25123ic,k252a1/k252a1_cont_182,s3://braingeneers/braindance/25-05-08_bee_drugs/25123ic/k252a1/k252a1_cont_182.raw.h5,0,0.0,,False,spontaneous,262,True,77.0,25-05-08_bee_drugs,k252a1,False,,k252a,1,dorsal ,C57BL6,1/15/25,113.0,2/12/25,77.0,18D
s3://braingeneers/braindance/25-05-08_bee_drugs/,25123ic,k252a1/k252a1_cont_4,s3://braingeneers/braindance/25-05-08_bee_drugs/25123ic/k252a1/k252a1_cont_4.raw.h5,0,0.0,,False,spontaneous,262,True,77.0,25-05-08_bee_drugs,k252a1,False,,k252a,1,dorsal ,C57BL6,1/15/25,113.0,2/12/25,77.0,18D
s3://braingeneers/braindance/25-05-08_bee_drugs/,25123ic,k252a1/k252a1_cont_53,s3://braingeneers/braindance/25-05-08_bee_drugs/25123ic/k252a1/k252a1_cont_53.raw.h5,1700,1.0,0.9999978477674452,True,stim,262,True,77.0,25-05-08_bee_drugs,k252a1,False,,k252a,1,dorsal ,C57BL6,1/15/25,113.0,2/12/25,77.0,18D
s3://braingeneers/braindance/25-05-08_bee_drugs/,25123ic,k252a1/k252a1_cont_107,s3://braingeneers/braindance/25-05-08_bee_drugs/25123ic/k252a1/k252a1_cont_107.raw.h5,1700,1.0,0.9999984833219006,True,stim,262,True,77.0,25-05-08_bee_drugs,k252a1,False,,k252a,1,dorsal ,C57BL6,1/15/25,113.0,2/12/25,77.0,18D
s3://braingeneers/braindance/25-05-08_bee_drugs/,25123ic,k252a1/k252a1_cont_89,s3://braingeneers/braindance/25-05-08_bee_drugs/25123ic/k252a1/k252a1_cont_89.raw.h5,13600,8.0,7.99996383844564,True,stim,262,True,77.0,25-05-08_bee_drugs,k252a1,False,,k252a,1,dorsal ,C57BL6,1/15/25,113.0,2/12/25,77.0,18D
s3://braingeneers/braindance/25-05-08_bee_drugs/,25123ic,k252a1/k252a1_cont_105,s3://braingeneers/braindance/25-05-08_bee_drugs/25123ic/k252a1/k252a1_cont_105.raw.h5,850,0.5,0.4999997529323951,True,stim,262,True,77.0,25-05-08_bee_drugs,k252a1,False,,k252a,1,dorsal ,C57BL6,1/15/25,113.0,2/12/25,77.0,18D
s3://braingeneers/braindance/25-05-08_bee_drugs/,25123ic,k252a1/k252a1_cont_42,s3://braingeneers/braindance/25-05-08_bee_drugs/25123ic/k252a1/k252a1_cont_42.raw.h5,0,0.0,,False,spontaneous,262,True,77.0,25-05-08_bee_drugs,k252a1,False,,k252a,1,dorsal ,C57BL6,1/15/25,113.0,2/12/25,77.0,18D
s3://braingeneers/braindance/25-05-08_bee_drugs/,25123ic,k252a1/k252a1_cont_114,s3://braingeneers/braindance/25-05-08_bee_drugs/25123ic/k252a1/k252a1_cont_114.raw.h5,0,0.0,,False,spontaneous,262,True,77.0,25-05-08_bee_drugs,k252a1,False,,k252a,1,dorsal ,C57BL6,1/15/25,113.0,2/12/25,77.0,18D
s3://braingeneers/braindance/25-05-08_bee_drugs/,25123ic,k252a1/k252a1_cont_158,s3://braingeneers/braindance/25-05-08_bee_drugs/25123ic/k252a1/k252a1_cont_158.raw.h5,0,0.0,,False,spontaneous,262,True,77.0,25-05-08_bee_drugs,k252a1,False,,k252a,1,dorsal ,C57BL6,1/15/25,113.0,2/12/25,77.0,18D
s3://braingeneers/braindance/25-05-08_bee_drugs/,25123ic,k252a1/k252a1_cont_174,s3://braingeneers/braindance/25-05-08_bee_drugs/25123ic/k252a1/k252a1_cont_174.raw.h5,0,0.0,,False,spontaneous,262,True,77.0,25-05-08_bee_drugs,k252a1,False,,k252a,1,dorsal ,C57BL6,1/15/25,113.0,2/12/25,77.0,18D
s3://braingeneers/braindance/25-05-08_bee_drugs/,25123ic,k252a1/k252a1_cont_32,s3://braingeneers/braindance/25-05-08_bee_drugs/25123ic/k252a1/k252a1_cont_32.raw.h5,0,0.0,,False,spontaneous,262,True,77.0,25-05-08_bee_drugs,k252a1,False,,k252a,1,dorsal ,C57BL6,1/15/25,113.0,2/12/25,77.0,18D
s3://braingeneers/braindance/25-05-08_bee_drugs/,25123ic,k252a1/k252a1_cont_202,s3://braingeneers/braindance/25-05-08_bee_drugs/25123ic/k252a1/k252a1_cont_202.raw.h5,0,0.0,,False,spontaneous,262,True,77.0,25-05-08_bee_drugs,k252a1,False,,k252a,1,dorsal ,C57BL6,1/15/25,113.0,2/12/25,77.0,18D
s3://braingeneers/braindance/25-05-08_bee_drugs/,25123ic,k252a1/k252a1_cont_210,s3://braingeneers/braindance/25-05-08_bee_drugs/25123ic/k252a1/k252a1_cont_210.raw.h5,0,0.0,,False,spontaneous,262,True,77.0,25-05-08_bee_drugs,k252a1,False,,k252a,1,dorsal ,C57BL6,1/15/25,113.0,2/12/25,77.0,18D
s3://braingeneers/braindance/25-05-08_bee_drugs/,25123ic,k252a1/k252a1_cont_242,s3://braingeneers/braindance/25-05-08_bee_drugs/25123ic/k252a1/k252a1_cont_242.raw.h5,0,0.0,,False,spontaneous,262,True,77.0,25-05-08_bee_drugs,k252a1,False,,k252a,1,dorsal ,C57BL6,1/15/25,113.0,2/12/25,77.0,18D
s3://braingeneers/braindance/25-05-08_bee_drugs/,25123ic,k252a1/k252a1_cont_251,s3://braingeneers/braindance/25-05-08_bee_drugs/25123ic/k252a1/k252a1_cont_251.raw.h5,6800,4.0,3.999997593551102,True,stim,262,True,77.0,25-05-08_bee_drugs,k252a1,False,,k252a,1,dorsal ,C57BL6,1/15/25,113.0,2/12/25,77.0,18D
s3://braingeneers/braindance/25-05-08_bee_drugs/,25123ic,k252a1/k252a1_cont_2,s3://braingeneers/braindance/25-05-08_bee_drugs/25123ic/k252a1/k252a1_cont_2.raw.h5,0,0.0,,False,spontaneous,262,True,77.0,25-05-08_bee_drugs,k252a1,False,,k252a,1,dorsal ,C57BL6,1/15/25,113.0,2/12/25,77.0,18D
s3://braingeneers/braindance/25-05-08_bee_drugs/,25123ic,k252a1/k252a1_cont_115,s3://braingeneers/braindance/25-05-08_bee_drugs/25123ic/k252a1/k252a1_cont_115.raw.h5,850,0.5,0.499996845080272,True,stim,262,True,77.0,25-05-08_bee_drugs,k252a1,False,,k252a,1,dorsal ,C57BL6,1/15/25,113.0,2/12/25,77.0,18D
s3://braingeneers/braindance/25-05-08_bee_drugs/,25123ic,k252a1/k252a1_cont_7,s3://braingeneers/braindance/25-05-08_bee_drugs/25123ic/k252a1/k252a1_cont_7.raw.h5,6800,4.0,3.999994786162388,True,stim,262,True,77.0,25-05-08_bee_drugs,k252a1,False,,k252a,1,dorsal ,C57BL6,1/15/25,113.0,2/12/25,77.0,18D
s3://braingeneers/braindance/25-05-08_bee_drugs/,25123ic,k252a1/k252a1_cont_214,s3://braingeneers/braindance/25-05-08_bee_drugs/25123ic/k252a1/k252a1_cont_214.raw.h5,0,0.0,,False,spontaneous,262,True,77.0,25-05-08_bee_drugs,k252a1,False,,k252a,1,dorsal ,C57BL6,1/15/25,113.0,2/12/25,77.0,18D
s3://braingeneers/braindance/25-05-08_bee_drugs/,25123ic,k252a1/k252a1_cont_143,s3://braingeneers/braindance/25-05-08_bee_drugs/25123ic/k252a1/k252a1_cont_143.raw.h5,13600,8.0,8.000002978671898,True,stim,262,True,77.0,25-05-08_bee_drugs,k252a1,False,,k252a,1,dorsal ,C57BL6,1/15/25,113.0,2/12/25,77.0,18D
s3://braingeneers/braindance/25-05-08_bee_drugs/,25123ic,k252a1/k252a1_cont_38,s3://braingeneers/braindance/25-05-08_bee_drugs/25123ic/k252a1/k252a1_cont_38.raw.h5,0,0.0,,False,spontaneous,262,True,77.0,25-05-08_bee_drugs,k252a1,False,,k252a,1,dorsal ,C57BL6,1/15/25,113.0,2/12/25,77.0,18D
s3://braingeneers/braindance/25-05-08_bee_drugs/,25123ic,k252a1/k252a1_cont_19,s3://braingeneers/braindance/25-05-08_bee_drugs/25123ic/k252a1/k252a1_cont_19.raw.h5,13600,8.0,7.999969714264227,True,stim,262,True,77.0,25-05-08_bee_drugs,k252a1,False,,k252a,1,dorsal ,C57BL6,1/15/25,113.0,2/12/25,77.0,18D
s3://braingeneers/braindance/25-05-08_bee_drugs/,25123ic,k252a1/k252a1_cont_17,s3://braingeneers/braindance/25-05-08_bee_drugs/25123ic/k252a1/k252a1_cont_17.raw.h5,6800,4.0,3.9999876336667226,True,stim,262,True,77.0,25-05-08_bee_drugs,k252a1,False,,k252a,1,dorsal ,C57BL6,1/15/25,113.0,2/12/25,77.0,18D
s3://braingeneers/braindance/25-05-08_bee_drugs/,25123ic,k252a1/k252a1_cont_98,s3://braingeneers/braindance/25-05-08_bee_drugs/25123ic/k252a1/k252a1_cont_98.raw.h5,0,0.0,,False,spontaneous,262,True,77.0,25-05-08_bee_drugs,k252a1,False,,k252a,1,dorsal ,C57BL6,1/15/25,113.0,2/12/25,77.0,18D
s3://braingeneers/braindance/25-05-08_bee_drugs/,25123ic,k252a1/k252a1_cont_48,s3://braingeneers/braindance/25-05-08_bee_drugs/25123ic/k252a1/k252a1_cont_48.raw.h5,0,0.0,,False,spontaneous,262,True,77.0,25-05-08_bee_drugs,k252a1,False,,k252a,1,dorsal ,C57BL6,1/15/25,113.0,2/12/25,77.0,18D
s3://braingeneers/braindance/25-05-08_bee_drugs/,25123ic,k252a1/k252a1_cont_22,s3://braingeneers/braindance/25-05-08_bee_drugs/25123ic/k252a1/k252a1_cont_22.raw.h5,0,0.0,,False,spontaneous,262,True,77.0,25-05-08_bee_drugs,k252a1,False,,k252a,1,dorsal ,C57BL6,1/15/25,113.0,2/12/25,77.0,18D
s3://braingeneers/braindance/25-05-08_bee_drugs/,25123ic,k252a1/k252a1_cont_168,s3://braingeneers/braindance/25-05-08_bee_drugs/25123ic/k252a1/k252a1_cont_168.raw.h5,0,0.0,,False,spontaneous,262,True,77.0,25-05-08_bee_drugs,k252a1,False,,k252a,1,dorsal ,C57BL6,1/15/25,113.0,2/12/25,77.0,18D
s3://braingeneers/braindance/25-05-08_bee_drugs/,25123ic,k252a1/k252a1_cont_232,s3://braingeneers/braindance/25-05-08_bee_drugs/25123ic/k252a1/k252a1_cont_232.raw.h5,0,0.0,,False,spontaneous,262,True,77.0,25-05-08_bee_drugs,k252a1,False,,k252a,1,dorsal ,C57BL6,1/15/25,113.0,2/12/25,77.0,18D
s3://braingeneers/braindance/25-05-08_bee_drugs/,25123ic,k252a1/k252a1_cont_200,s3://braingeneers/braindance/25-05-08_bee_drugs/25123ic/k252a1/k252a1_cont_200.raw.h5,0,0.0,,False,spontaneous,262,True,77.0,25-05-08_bee_drugs,k252a1,False,,k252a,1,dorsal ,C57BL6,1/15/25,113.0,2/12/25,77.0,18D
s3://braingeneers/braindance/25-05-08_bee_drugs/,25123ic,k252a1/k252a1_cont_62,s3://braingeneers/braindance/25-05-08_bee_drugs/25123ic/k252a1/k252a1_cont_62.raw.h5,0,0.0,,False,spontaneous,262,True,77.0,25-05-08_bee_drugs,k252a1,False,,k252a,1,dorsal ,C57BL6,1/15/25,113.0,2/12/25,77.0,18D
s3://braingeneers/braindance/25-05-08_bee_drugs/,25123ic,k252a1/k252a1_cont_187,s3://braingeneers/braindance/25-05-08_bee_drugs/25123ic/k252a1/k252a1_cont_187.raw.h5,1700,1.0,0.999997726320062,True,stim,262,True,77.0,25-05-08_bee_drugs,k252a1,False,,k252a,1,dorsal ,C57BL6,1/15/25,113.0,2/12/25,77.0,18D
s3://braingeneers/braindance/25-05-08_bee_drugs/,25123ic,k252a1/k252a1_cont_209,s3://braingeneers/braindance/25-05-08_bee_drugs/25123ic/k252a1/k252a1_cont_209.raw.h5,3400,2.0,2.0000012105756135,True,stim,262,True,77.0,25-05-08_bee_drugs,k252a1,False,,k252a,1,dorsal ,C57BL6,1/15/25,113.0,2/12/25,77.0,18D
s3://braingeneers/braindance/25-05-08_bee_drugs/,25123ic,k252a1/k252a1_cont_69,s3://braingeneers/braindance/25-05-08_bee_drugs/25123ic/k252a1/k252a1_cont_69.raw.h5,13600,8.0,8.000009459662015,True,stim,262,True,77.0,25-05-08_bee_drugs,k252a1,False,,k252a,1,dorsal ,C57BL6,1/15/25,113.0,2/12/25,77.0,18D
s3://braingeneers/braindance/25-05-08_bee_drugs/,25123ic,k252a1/k252a1_cont_125,s3://braingeneers/braindance/25-05-08_bee_drugs/25123ic/k252a1/k252a1_cont_125.raw.h5,850,0.5,0.4999992826853645,True,stim,262,True,77.0,25-05-08_bee_drugs,k252a1,False,,k252a,1,dorsal ,C57BL6,1/15/25,113.0,2/12/25,77.0,18D
s3://braingeneers/braindance/25-05-08_bee_drugs/,25123ic,k252a1/k252a1_cont_138,s3://braingeneers/braindance/25-05-08_bee_drugs/25123ic/k252a1/k252a1_cont_138.raw.h5,0,0.0,,False,spontaneous,262,True,77.0,25-05-08_bee_drugs,k252a1,False,,k252a,1,dorsal ,C57BL6,1/15/25,113.0,2/12/25,77.0,18D
s3://braingeneers/braindance/25-05-08_bee_drugs/,25123ic,k252a1/k252a1_cont_159,s3://braingeneers/braindance/25-05-08_bee_drugs/25123ic/k252a1/k252a1_cont_159.raw.h5,3400,2.0,1.9999995963990176,True,stim,262,True,77.0,25-05-08_bee_drugs,k252a1,False,,k252a,1,dorsal ,C57BL6,1/15/25,113.0,2/12/25,77.0,18D
s3://braingeneers/braindance/25-05-08_bee_drugs/,25123ic,k252a1/k252a1_cont_85,s3://braingeneers/braindance/25-05-08_bee_drugs/25123ic/k252a1/k252a1_cont_85.raw.h5,3400,2.0,2.000009313899215,True,stim,262,True,77.0,25-05-08_bee_drugs,k252a1,False,,k252a,1,dorsal ,C57BL6,1/15/25,113.0,2/12/25,77.0,18D
s3://braingeneers/braindance/25-05-08_bee_drugs/,25123ic,k252a1/k252a1_cont_180,s3://braingeneers/braindance/25-05-08_bee_drugs/25123ic/k252a1/k252a1_cont_180.raw.h5,0,0.0,,False,spontaneous,262,True,77.0,25-05-08_bee_drugs,k252a1,False,,k252a,1,dorsal ,C57BL6,1/15/25,113.0,2/12/25,77.0,18D
s3://braingeneers/braindance/25-05-08_bee_drugs/,25123ic,k252a1/k252a1_cont_64,s3://braingeneers/braindance/25-05-08_bee_drugs/25123ic/k252a1/k252a1_cont_64.raw.h5,0,0.0,,False,spontaneous,262,True,77.0,25-05-08_bee_drugs,k252a1,False,,k252a,1,dorsal ,C57BL6,1/15/25,113.0,2/12/25,77.0,18D
s3://braingeneers/braindance/25-05-08_bee_drugs/,25123ic,k252a1/k252a1_cont_79,s3://braingeneers/braindance/25-05-08_bee_drugs/25123ic/k252a1/k252a1_cont_79.raw.h5,13600,8.0,8.00000157838943,True,stim,262,True,77.0,25-05-08_bee_drugs,k252a1,False,,k252a,1,dorsal ,C57BL6,1/15/25,113.0,2/12/25,77.0,18D
s3://braingeneers/braindance/25-05-08_bee_drugs/,25123ic,k252a1/k252a1_cont_90,s3://braingeneers/braindance/25-05-08_bee_drugs/25123ic/k252a1/k252a1_cont_90.raw.h5,0,0.0,,False,spontaneous,262,True,77.0,25-05-08_bee_drugs,k252a1,False,,k252a,1,dorsal ,C57BL6,1/15/25,113.0,2/12/25,77.0,18D
s3://braingeneers/braindance/25-05-08_bee_drugs/,25123ic,k252a1/k252a1_cont_173,s3://braingeneers/braindance/25-05-08_bee_drugs/25123ic/k252a1/k252a1_cont_173.raw.h5,13600,8.0,8.000002245149254,True,stim,262,True,77.0,25-05-08_bee_drugs,k252a1,False,,k252a,1,dorsal ,C57BL6,1/15/25,113.0,2/12/25,77.0,18D
s3://braingeneers/braindance/25-05-08_bee_drugs/,25123ic,k252a1/k252a1_cont_181,s3://braingeneers/braindance/25-05-08_bee_drugs/25123ic/k252a1/k252a1_cont_181.raw.h5,6800,4.0,4.0000109357557605,True,stim,262,True,77.0,25-05-08_bee_drugs,k252a1,False,,k252a,1,dorsal ,C57BL6,1/15/25,113.0,2/12/25,77.0,18D
s3://braingeneers/braindance/25-05-08_bee_drugs/,25123ic,k252a1/k252a1_cont_212,s3://braingeneers/braindance/25-05-08_bee_drugs/25123ic/k252a1/k252a1_cont_212.raw.h5,0,0.0,,False,spontaneous,262,True,77.0,25-05-08_bee_drugs,k252a1,False,,k252a,1,dorsal ,C57BL6,1/15/25,113.0,2/12/25,77.0,18D
s3://braingeneers/braindance/25-05-08_bee_drugs/,25123ic,k252a1/k252a1_cont_253,s3://braingeneers/braindance/25-05-08_bee_drugs/25123ic/k252a1/k252a1_cont_253.raw.h5,13600,8.0,7.999980638914918,True,stim,262,True,77.0,25-05-08_bee_drugs,k252a1,False,,k252a,1,dorsal ,C57BL6,1/15/25,113.0,2/12/25,77.0,18D
s3://braingeneers/braindance/25-05-08_bee_drugs/,25123ic,k252a1/k252a1_cont_116,s3://braingeneers/braindance/25-05-08_bee_drugs/25123ic/k252a1/k252a1_cont_116.raw.h5,0,0.0,,False,spontaneous,262,True,77.0,25-05-08_bee_drugs,k252a1,False,,k252a,1,dorsal ,C57BL6,1/15/25,113.0,2/12/25,77.0,18D
s3://braingeneers/braindance/25-05-08_bee_drugs/,25123ic,k252a1/k252a1_cont_258,s3://braingeneers/braindance/25-05-08_bee_drugs/25123ic/k252a1/k252a1_cont_258.raw.h5,0,0.0,,False,spontaneous,262,True,77.0,25-05-08_bee_drugs,k252a1,False,,k252a,1,dorsal ,C57BL6,1/15/25,113.0,2/12/25,77.0,18D
s3://braingeneers/braindance/25-05-08_bee_drugs/,25123ic,k252a1/k252a1_cont_25,s3://braingeneers/braindance/25-05-08_bee_drugs/25123ic/k252a1/k252a1_cont_25.raw.h5,3400,2.0,1.9999917648870975,True,stim,262,True,77.0,25-05-08_bee_drugs,k252a1,False,,k252a,1,dorsal ,C57BL6,1/15/25,113.0,2/12/25,77.0,18D
s3://braingeneers/braindance/25-05-08_bee_drugs/,25123ic,k252a1/k252a1_cont_120,s3://braingeneers/braindance/25-05-08_bee_drugs/25123ic/k252a1/k252a1_cont_120.raw.h5,0,0.0,,False,spontaneous,262,True,77.0,25-05-08_bee_drugs,k252a1,False,,k252a,1,dorsal ,C57BL6,1/15/25,113.0,2/12/25,77.0,18D
s3://braingeneers/braindance/25-05-08_bee_drugs/,25123ic,k252a1/k252a1_cont_252,s3://braingeneers/braindance/25-05-08_bee_drugs/25123ic/k252a1/k252a1_cont_252.raw.h5,0,0.0,,False,spontaneous,262,True,77.0,25-05-08_bee_drugs,k252a1,False,,k252a,1,dorsal ,C57BL6,1/15/25,113.0,2/12/25,77.0,18D
s3://braingeneers/braindance/25-05-08_bee_drugs/,25123ic,k252a1/k252a1_cont_207,s3://braingeneers/braindance/25-05-08_bee_drugs/25123ic/k252a1/k252a1_cont_207.raw.h5,1700,1.0,1.0000037767223198,True,stim,262,True,77.0,25-05-08_bee_drugs,k252a1,False,,k252a,1,dorsal ,C57BL6,1/15/25,113.0,2/12/25,77.0,18D
s3://braingeneers/braindance/25-05-08_bee_drugs/,25123ic,k252a1/k252a1_cont_49,s3://braingeneers/braindance/25-05-08_bee_drugs/25123ic/k252a1/k252a1_cont_49.raw.h5,13600,8.0,7.999968958026164,True,stim,262,True,77.0,25-05-08_bee_drugs,k252a1,False,,k252a,1,dorsal ,C57BL6,1/15/25,113.0,2/12/25,77.0,18D
s3://braingeneers/braindance/25-05-08_bee_drugs/,25123ic,k252a1/k252a1_cont_122,s3://braingeneers/braindance/25-05-08_bee_drugs/25123ic/k252a1/k252a1_cont_122.raw.h5,0,0.0,,False,spontaneous,262,True,77.0,25-05-08_bee_drugs,k252a1,False,,k252a,1,dorsal ,C57BL6,1/15/25,113.0,2/12/25,77.0,18D
s3://braingeneers/braindance/25-05-08_bee_drugs/,25123ic,k252a1/k252a1_cont_47,s3://braingeneers/braindance/25-05-08_bee_drugs/25123ic/k252a1/k252a1_cont_47.raw.h5,6800,4.0,3.999994294070224,True,stim,262,True,77.0,25-05-08_bee_drugs,k252a1,False,,k252a,1,dorsal ,C57BL6,1/15/25,113.0,2/12/25,77.0,18D
s3://braingeneers/braindance/25-05-08_bee_drugs/,25123ic,k252a1/k252a1_cont_57,s3://braingeneers/braindance/25-05-08_bee_drugs/25123ic/k252a1/k252a1_cont_57.raw.h5,6800,4.0,3.9999917771982574,True,stim,262,True,77.0,25-05-08_bee_drugs,k252a1,False,,k252a,1,dorsal ,C57BL6,1/15/25,113.0,2/12/25,77.0,18D
s3://braingeneers/braindance/25-05-08_bee_drugs/,25123ic,k252a1/k252a1_cont_88,s3://braingeneers/braindance/25-05-08_bee_drugs/25123ic/k252a1/k252a1_cont_88.raw.h5,0,0.0,,False,spontaneous,262,True,77.0,25-05-08_bee_drugs,k252a1,False,,k252a,1,dorsal ,C57BL6,1/15/25,113.0,2/12/25,77.0,18D
s3://braingeneers/braindance/25-05-08_bee_drugs/,25123ic,k252a1/k252a1_cont_176,s3://braingeneers/braindance/25-05-08_bee_drugs/25123ic/k252a1/k252a1_cont_176.raw.h5,0,0.0,,False,spontaneous,262,True,77.0,25-05-08_bee_drugs,k252a1,False,,k252a,1,dorsal ,C57BL6,1/15/25,113.0,2/12/25,77.0,18D
s3://braingeneers/braindance/25-05-08_bee_drugs/,25123ic,k252a1/k252a1_cont_188,s3://braingeneers/braindance/25-05-08_bee_drugs/25123ic/k252a1/k252a1_cont_188.raw.h5,0,0.0,,False,spontaneous,262,True,77.0,25-05-08_bee_drugs,k252a1,False,,k252a,1,dorsal ,C57BL6,1/15/25,113.0,2/12/25,77.0,18D
s3://braingeneers/braindance/25-05-08_bee_drugs/,25123ic,k252a1/k252a1_cont_204,s3://braingeneers/braindance/25-05-08_bee_drugs/25123ic/k252a1/k252a1_cont_204.raw.h5,0,0.0,,False,spontaneous,262,True,77.0,25-05-08_bee_drugs,k252a1,False,,k252a,1,dorsal ,C57BL6,1/15/25,113.0,2/12/25,77.0,18D
s3://braingeneers/braindance/25-05-08_bee_drugs/,25123ic,k252a1/k252a1_cont_14,s3://braingeneers/braindance/25-05-08_bee_drugs/25123ic/k252a1/k252a1_cont_14.raw.h5,0,0.0,,False,spontaneous,262,True,77.0,25-05-08_bee_drugs,k252a1,False,,k252a,1,dorsal ,C57BL6,1/15/25,113.0,2/12/25,77.0,18D
s3://braingeneers/braindance/25-05-08_bee_drugs/,25123ic,k252a1/k252a1_cont_34,s3://braingeneers/braindance/25-05-08_bee_drugs/25123ic/k252a1/k252a1_cont_34.raw.h5,0,0.0,,False,spontaneous,262,True,77.0,25-05-08_bee_drugs,k252a1,False,,k252a,1,dorsal ,C57BL6,1/15/25,113.0,2/12/25,77.0,18D
s3://braingeneers/braindance/25-05-08_bee_drugs/,25123ic,k252a1/k252a1_cont_68,s3://braingeneers/braindance/25-05-08_bee_drugs/25123ic/k252a1/k252a1_cont_68.raw.h5,0,0.0,,False,spontaneous,262,True,77.0,25-05-08_bee_drugs,k252a1,False,,k252a,1,dorsal ,C57BL6,1/15/25,113.0,2/12/25,77.0,18D
s3://braingeneers/braindance/25-05-08_bee_drugs/,25123ic,k252a1/k252a1_cont_75,s3://braingeneers/braindance/25-05-08_bee_drugs/25123ic/k252a1/k252a1_cont_75.raw.h5,3400,2.0,1.9999951979238235,True,stim,262,True,77.0,25-05-08_bee_drugs,k252a1,False,,k252a,1,dorsal ,C57BL6,1/15/25,113.0,2/12/25,77.0,18D
s3://braingeneers/braindance/25-05-08_bee_drugs/,25123ic,k252a1/k252a1_cont_259,s3://braingeneers/braindance/25-05-08_bee_drugs/25123ic/k252a1/k252a1_cont_259.raw.h5,3400,2.0,1.999997458274492,True,stim,262,True,77.0,25-05-08_bee_drugs,k252a1,False,,k252a,1,dorsal ,C57BL6,1/15/25,113.0,2/12/25,77.0,18D
s3://braingeneers/braindance/25-05-08_bee_drugs/,25123ic,k252a1/k252a1_cont_104,s3://braingeneers/braindance/25-05-08_bee_drugs/25123ic/k252a1/k252a1_cont_104.raw.h5,0,0.0,,False,spontaneous,262,True,77.0,25-05-08_bee_drugs,k252a1,False,,k252a,1,dorsal ,C57BL6,1/15/25,113.0,2/12/25,77.0,18D
s3://braingeneers/braindance/25-05-08_bee_drugs/,25123ic,k252a1/k252a1_cont_128,s3://braingeneers/braindance/25-05-08_bee_drugs/25123ic/k252a1/k252a1_cont_128.raw.h5,0,0.0,,False,spontaneous,262,True,77.0,25-05-08_bee_drugs,k252a1,False,,k252a,1,dorsal ,C57BL6,1/15/25,113.0,2/12/25,77.0,18D
s3://braingeneers/braindance/25-05-08_bee_drugs/,25123ic,k252a1/k252a1_cont_50,s3://braingeneers/braindance/25-05-08_bee_drugs/25123ic/k252a1/k252a1_cont_50.raw.h5,0,0.0,,False,spontaneous,262,True,77.0,25-05-08_bee_drugs,k252a1,False,,k252a,1,dorsal ,C57BL6,1/15/25,113.0,2/12/25,77.0,18D
s3://braingeneers/braindance/25-05-08_bee_drugs/,25123ic,k252a1/k252a1_cont_43,s3://braingeneers/braindance/25-05-08_bee_drugs/25123ic/k252a1/k252a1_cont_43.raw.h5,1700,1.0,0.9999977158651367,True,stim,262,True,77.0,25-05-08_bee_drugs,k252a1,False,,k252a,1,dorsal ,C57BL6,1/15/25,113.0,2/12/25,77.0,18D
s3://braingeneers/braindance/25-05-08_bee_drugs/,25123ic,k252a1/k252a1_cont_165,s3://braingeneers/braindance/25-05-08_bee_drugs/25123ic/k252a1/k252a1_cont_165.raw.h5,850,0.5,0.4999996320247135,True,stim,262,True,77.0,25-05-08_bee_drugs,k252a1,False,,k252a,1,dorsal ,C57BL6,1/15/25,113.0,2/12/25,77.0,18D
s3://braingeneers/braindance/25-05-08_bee_drugs/,25123ic,k252a1/k252a1_cont_194,s3://braingeneers/braindance/25-05-08_bee_drugs/25123ic/k252a1/k252a1_cont_194.raw.h5,0,0.0,,False,spontaneous,262,True,77.0,25-05-08_bee_drugs,k252a1,False,,k252a,1,dorsal ,C57BL6,1/15/25,113.0,2/12/25,77.0,18D
s3://braingeneers/braindance/25-05-08_bee_drugs/,25123ic,k252a1/k252a1_cont_215,s3://braingeneers/braindance/25-05-08_bee_drugs/25123ic/k252a1/k252a1_cont_215.raw.h5,850,0.5,0.4999991552134363,True,stim,262,True,77.0,25-05-08_bee_drugs,k252a1,False,,k252a,1,dorsal ,C57BL6,1/15/25,113.0,2/12/25,77.0,18D
s3://braingeneers/braindance/25-05-08_bee_drugs/,25123ic,k252a1/k252a1_cont_83,s3://braingeneers/braindance/25-05-08_bee_drugs/25123ic/k252a1/k252a1_cont_83.raw.h5,1700,1.0,0.9999998212813744,True,stim,262,True,77.0,25-05-08_bee_drugs,k252a1,False,,k252a,1,dorsal ,C57BL6,1/15/25,113.0,2/12/25,77.0,18D
s3://braingeneers/braindance/25-05-08_bee_drugs/,25123ic,k252a1/k252a1_cont_152,s3://braingeneers/braindance/25-05-08_bee_drugs/25123ic/k252a1/k252a1_cont_152.raw.h5,0,0.0,,False,spontaneous,262,True,77.0,25-05-08_bee_drugs,k252a1,False,,k252a,1,dorsal ,C57BL6,1/15/25,113.0,2/12/25,77.0,18D
s3://braingeneers/braindance/25-05-08_bee_drugs/,25123ic,k252a1/k252a1_cont_5,s3://braingeneers/braindance/25-05-08_bee_drugs/25123ic/k252a1/k252a1_cont_5.raw.h5,3400,2.0,2.000001099822901,True,stim,262,True,77.0,25-05-08_bee_drugs,k252a1,False,,k252a,1,dorsal ,C57BL6,1/15/25,113.0,2/12/25,77.0,18D
s3://braingeneers/braindance/25-05-08_bee_drugs/,25123ic,k252a1/k252a1_cont_92,s3://braingeneers/braindance/25-05-08_bee_drugs/25123ic/k252a1/k252a1_cont_92.raw.h5,0,0.0,,False,spontaneous,262,True,77.0,25-05-08_bee_drugs,k252a1,False,,k252a,1,dorsal ,C57BL6,1/15/25,113.0,2/12/25,77.0,18D
s3://braingeneers/braindance/25-05-08_bee_drugs/,25123ic,k252a1/k252a1_cont,s3://braingeneers/braindance/25-05-08_bee_drugs/25123ic/k252a1/k252a1_cont.raw.h5,0,0.0,,False,spontaneous,262,True,77.0,25-05-08_bee_drugs,k252a1,False,,k252a,1,dorsal ,C57BL6,1/15/25,113.0,2/12/25,77.0,18D
s3://braingeneers/braindance/25-05-08_bee_drugs/,25123ic,k252a1/k252a1_cont_155,s3://braingeneers/braindance/25-05-08_bee_drugs/25123ic/k252a1/k252a1_cont_155.raw.h5,850,0.5,0.5000029011994012,True,stim,262,True,77.0,25-05-08_bee_drugs,k252a1,False,,k252a,1,dorsal ,C57BL6,1/15/25,113.0,2/12/25,77.0,18D
s3://braingeneers/braindance/25-05-08_bee_drugs/,25123ic,k252a1/k252a1_cont_240,s3://braingeneers/braindance/25-05-08_bee_drugs/25123ic/k252a1/k252a1_cont_240.raw.h5,0,0.0,,False,spontaneous,262,True,77.0,25-05-08_bee_drugs,k252a1,False,,k252a,1,dorsal ,C57BL6,1/15/25,113.0,2/12/25,77.0,18D
s3://braingeneers/braindance/25-05-08_bee_drugs/,25123ic,k252a1/k252a1_cont_153,s3://braingeneers/braindance/25-05-08_bee_drugs/25123ic/k252a1/k252a1_cont_153.raw.h5,13600,8.0,7.999984143844305,True,stim,262,True,77.0,25-05-08_bee_drugs,k252a1,False,,k252a,1,dorsal ,C57BL6,1/15/25,113.0,2/12/25,77.0,18D
s3://braingeneers/braindance/25-05-08_bee_drugs/,25123ic,k252a1/k252a1_cont_95,s3://braingeneers/braindance/25-05-08_bee_drugs/25123ic/k252a1/k252a1_cont_95.raw.h5,850,0.5,0.4999981756011799,True,stim,262,True,77.0,25-05-08_bee_drugs,k252a1,False,,k252a,1,dorsal ,C57BL6,1/15/25,113.0,2/12/25,77.0,18D
s3://braingeneers/braindance/25-05-08_bee_drugs/,25123ic,k252a1/k252a1_cont_220,s3://braingeneers/braindance/25-05-08_bee_drugs/25123ic/k252a1/k252a1_cont_220.raw.h5,0,0.0,,False,spontaneous,262,True,77.0,25-05-08_bee_drugs,k252a1,False,,k252a,1,dorsal ,C57BL6,1/15/25,113.0,2/12/25,77.0,18D
s3://braingeneers/braindance/25-05-08_bee_drugs/,25123ic,k252a1/k252a1_cont_203,s3://braingeneers/braindance/25-05-08_bee_drugs/25123ic/k252a1/k252a1_cont_203.raw.h5,13600,8.0,8.000027317711348,True,stim,262,True,77.0,25-05-08_bee_drugs,k252a1,False,,k252a,1,dorsal ,C57BL6,1/15/25,113.0,2/12/25,77.0,18D
s3://braingeneers/braindance/25-05-08_bee_drugs/,25123ic,k252a1/k252a1_cont_118,s3://braingeneers/braindance/25-05-08_bee_drugs/25123ic/k252a1/k252a1_cont_118.raw.h5,0,0.0,,False,spontaneous,262,True,77.0,25-05-08_bee_drugs,k252a1,False,,k252a,1,dorsal ,C57BL6,1/15/25,113.0,2/12/25,77.0,18D
s3://braingeneers/braindance/25-05-08_bee_drugs/,25123ic,k252a1/k252a1_cont_65,s3://braingeneers/braindance/25-05-08_bee_drugs/25123ic/k252a1/k252a1_cont_65.raw.h5,3400,2.0,1.9999950088774323,True,stim,262,True,77.0,25-05-08_bee_drugs,k252a1,False,,k252a,1,dorsal ,C57BL6,1/15/25,113.0,2/12/25,77.0,18D
s3://braingeneers/braindance/25-05-08_bee_drugs/,25123ic,k252a1/k252a1_cont_35,s3://braingeneers/braindance/25-05-08_bee_drugs/25123ic/k252a1/k252a1_cont_35.raw.h5,3400,2.0,1.9999934943912667,True,stim,262,True,77.0,25-05-08_bee_drugs,k252a1,False,,k252a,1,dorsal ,C57BL6,1/15/25,113.0,2/12/25,77.0,18D
s3://braingeneers/braindance/25-05-08_bee_drugs/,25123ic,k252a1/k252a1_cont_127,s3://braingeneers/braindance/25-05-08_bee_drugs/25123ic/k252a1/k252a1_cont_127.raw.h5,1700,1.0,0.9999963221500782,True,stim,262,True,77.0,25-05-08_bee_drugs,k252a1,False,,k252a,1,dorsal ,C57BL6,1/15/25,113.0,2/12/25,77.0,18D
s3://braingeneers/braindance/25-05-08_bee_drugs/,25123ic,k252a1/k252a1_cont_156,s3://braingeneers/braindance/25-05-08_bee_drugs/25123ic/k252a1/k252a1_cont_156.raw.h5,0,0.0,,False,spontaneous,262,True,77.0,25-05-08_bee_drugs,k252a1,False,,k252a,1,dorsal ,C57BL6,1/15/25,113.0,2/12/25,77.0,18D
s3://braingeneers/braindance/25-05-08_bee_drugs/,25123ic,k252a1/k252a1_cont_166,s3://braingeneers/braindance/25-05-08_bee_drugs/25123ic/k252a1/k252a1_cont_166.raw.h5,0,0.0,,False,spontaneous,262,True,77.0,25-05-08_bee_drugs,k252a1,False,,k252a,1,dorsal ,C57BL6,1/15/25,113.0,2/12/25,77.0,18D
s3://braingeneers/braindance/25-05-08_bee_drugs/,25123ic,k252a1/k252a1_cont_39,s3://braingeneers/braindance/25-05-08_bee_drugs/25123ic/k252a1/k252a1_cont_39.raw.h5,13600,8.0,7.999972917201424,True,stim,262,True,77.0,25-05-08_bee_drugs,k252a1,False,,k252a,1,dorsal ,C57BL6,1/15/25,113.0,2/12/25,77.0,18D
s3://braingeneers/braindance/25-05-08_bee_drugs/,25123ic,k252a1/k252a1_cont_52,s3://braingeneers/braindance/25-05-08_bee_drugs/25123ic/k252a1/k252a1_cont_52.raw.h5,0,0.0,,False,spontaneous,262,True,77.0,25-05-08_bee_drugs,k252a1,False,,k252a,1,dorsal ,C57BL6,1/15/25,113.0,2/12/25,77.0,18D
s3://braingeneers/braindance/25-05-08_bee_drugs/,25123ic,k252a1/k252a1_cont_117,s3://braingeneers/braindance/25-05-08_bee_drugs/25123ic/k252a1/k252a1_cont_117.raw.h5,1700,1.0,1.0000004674186989,True,stim,262,True,77.0,25-05-08_bee_drugs,k252a1,False,,k252a,1,dorsal ,C57BL6,1/15/25,113.0,2/12/25,77.0,18D
s3://braingeneers/braindance/25-05-08_bee_drugs/,25123ic,k252a1/k252a1_cont_24,s3://braingeneers/braindance/25-05-08_bee_drugs/25123ic/k252a1/k252a1_cont_24.raw.h5,0,0.0,,False,spontaneous,262,True,77.0,25-05-08_bee_drugs,k252a1,False,,k252a,1,dorsal ,C57BL6,1/15/25,113.0,2/12/25,77.0,18D
s3://braingeneers/braindance/25-05-08_bee_drugs/,25123ic,k252a1/k252a1_cont_186,s3://braingeneers/braindance/25-05-08_bee_drugs/25123ic/k252a1/k252a1_cont_186.raw.h5,0,0.0,,False,spontaneous,262,True,77.0,25-05-08_bee_drugs,k252a1,False,,k252a,1,dorsal ,C57BL6,1/15/25,113.0,2/12/25,77.0,18D
s3://braingeneers/braindance/25-05-08_bee_drugs/,25123ic,k252a1/k252a1_cont_123,s3://braingeneers/braindance/25-05-08_bee_drugs/25123ic/k252a1/k252a1_cont_123.raw.h5,13600,8.0,7.999995989085919,True,stim,262,True,77.0,25-05-08_bee_drugs,k252a1,False,,k252a,1,dorsal ,C57BL6,1/15/25,113.0,2/12/25,77.0,18D
s3://braingeneers/braindance/25-05-08_bee_drugs/,25123ic,k252a1/k252a1_cont_193,s3://braingeneers/braindance/25-05-08_bee_drugs/25123ic/k252a1/k252a1_cont_193.raw.h5,13600,8.0,7.999976609619155,True,stim,262,True,77.0,25-05-08_bee_drugs,k252a1,False,,k252a,1,dorsal ,C57BL6,1/15/25,113.0,2/12/25,77.0,18D
s3://braingeneers/braindance/25-05-08_bee_drugs/,25123ic,k252a1/k252a1_cont_81,s3://braingeneers/braindance/25-05-08_bee_drugs/25123ic/k252a1/k252a1_cont_81.raw.h5,850,0.5,0.4999996862334204,True,stim,262,True,77.0,25-05-08_bee_drugs,k252a1,False,,k252a,1,dorsal ,C57BL6,1/15/25,113.0,2/12/25,77.0,18D
s3://braingeneers/braindance/25-05-08_bee_drugs/,25123ic,k252a1/k252a1_cont_102,s3://braingeneers/braindance/25-05-08_bee_drugs/25123ic/k252a1/k252a1_cont_102.raw.h5,0,0.0,,False,spontaneous,262,True,77.0,25-05-08_bee_drugs,k252a1,False,,k252a,1,dorsal ,C57BL6,1/15/25,113.0,2/12/25,77.0,18D
s3://braingeneers/braindance/25-05-08_bee_drugs/,25123ic,k252a1/k252a1_cont_108,s3://braingeneers/braindance/25-05-08_bee_drugs/25123ic/k252a1/k252a1_cont_108.raw.h5,0,0.0,,False,spontaneous,262,True,77.0,25-05-08_bee_drugs,k252a1,False,,k252a,1,dorsal ,C57BL6,1/15/25,113.0,2/12/25,77.0,18D
s3://braingeneers/braindance/25-05-08_bee_drugs/,25123ic,k252a1/k252a1_cont_235,s3://braingeneers/braindance/25-05-08_bee_drugs/25123ic/k252a1/k252a1_cont_235.raw.h5,850,0.5,0.4999990707387712,True,stim,262,True,77.0,25-05-08_bee_drugs,k252a1,False,,k252a,1,dorsal ,C57BL6,1/15/25,113.0,2/12/25,77.0,18D
s3://braingeneers/braindance/25-05-08_bee_drugs/,25123ic,k252a1/k252a1_cont_44,s3://braingeneers/braindance/25-05-08_bee_drugs/25123ic/k252a1/k252a1_cont_44.raw.h5,0,0.0,,False,spontaneous,262,True,77.0,25-05-08_bee_drugs,k252a1,False,,k252a,1,dorsal ,C57BL6,1/15/25,113.0,2/12/25,77.0,18D
s3://braingeneers/braindance/25-05-08_bee_drugs/,25123ic,k252a1/k252a1_cont_78,s3://braingeneers/braindance/25-05-08_bee_drugs/25123ic/k252a1/k252a1_cont_78.raw.h5,0,0.0,,False,spontaneous,262,True,77.0,25-05-08_bee_drugs,k252a1,False,,k252a,1,dorsal ,C57BL6,1/15/25,113.0,2/12/25,77.0,18D
s3://braingeneers/braindance/25-05-08_bee_drugs/,25123ic,k252a1/k252a1_cont_110,s3://braingeneers/braindance/25-05-08_bee_drugs/25123ic/k252a1/k252a1_cont_110.raw.h5,0,0.0,,False,spontaneous,262,True,77.0,25-05-08_bee_drugs,k252a1,False,,k252a,1,dorsal ,C57BL6,1/15/25,113.0,2/12/25,77.0,18D
s3://braingeneers/braindance/25-05-08_bee_drugs/,25123ic,k252a1/k252a1_cont_146,s3://braingeneers/braindance/25-05-08_bee_drugs/25123ic/k252a1/k252a1_cont_146.raw.h5,0,0.0,,False,spontaneous,262,True,77.0,25-05-08_bee_drugs,k252a1,False,,k252a,1,dorsal ,C57BL6,1/15/25,113.0,2/12/25,77.0,18D
s3://braingeneers/braindance/25-05-08_bee_drugs/,25123ic,k252a1/k252a1_cont_160,s3://braingeneers/braindance/25-05-08_bee_drugs/25123ic/k252a1/k252a1_cont_160.raw.h5,0,0.0,,False,spontaneous,262,True,77.0,25-05-08_bee_drugs,k252a1,False,,k252a,1,dorsal ,C57BL6,1/15/25,113.0,2/12/25,77.0,18D
s3://braingeneers/braindance/25-05-08_bee_drugs/,25123ic,k252a1/k252a1_cont_94,s3://braingeneers/braindance/25-05-08_bee_drugs/25123ic/k252a1/k252a1_cont_94.raw.h5,0,0.0,,False,spontaneous,262,True,77.0,25-05-08_bee_drugs,k252a1,False,,k252a,1,dorsal ,C57BL6,1/15/25,113.0,2/12/25,77.0,18D
s3://braingeneers/braindance/25-05-08_bee_drugs/,25123ic,k252a1/k252a1,s3://braingeneers/braindance/25-05-08_bee_drugs/25123ic/k252a1/k252a1.raw.h5,0,0.0,,False,spontaneous,262,True,77.0,25-05-08_bee_drugs,k252a1,True,,k252a,1,dorsal ,C57BL6,1/15/25,113.0,2/12/25,77.0,18D
s3://braingeneers/braindance/25-05-08_bee_drugs/,25123ic,k252a1/k252a1_cont_76,s3://braingeneers/braindance/25-05-08_bee_drugs/25123ic/k252a1/k252a1_cont_76.raw.h5,0,0.0,,False,spontaneous,262,True,77.0,25-05-08_bee_drugs,k252a1,False,,k252a,1,dorsal ,C57BL6,1/15/25,113.0,2/12/25,77.0,18D
s3://braingeneers/braindance/25-05-08_bee_drugs/,25123ic,k252a1/k252a1_cont_93,s3://braingeneers/braindance/25-05-08_bee_drugs/25123ic/k252a1/k252a1_cont_93.raw.h5,778,1.0,0.9999969072334882,True,stim,262,True,77.0,25-05-08_bee_drugs,k252a1,False,,k252a,1,dorsal ,C57BL6,1/15/25,113.0,2/12/25,77.0,18D
s3://braingeneers/braindance/25-05-08_bee_drugs/,25123ic,k252a1/k252a1_cont_61,s3://braingeneers/braindance/25-05-08_bee_drugs/25123ic/k252a1/k252a1_cont_61.raw.h5,850,0.5,0.4999991693037995,True,stim,262,True,77.0,25-05-08_bee_drugs,k252a1,False,,k252a,1,dorsal ,C57BL6,1/15/25,113.0,2/12/25,77.0,18D
s3://braingeneers/braindance/25-05-08_bee_drugs/,25123ic,k252a1/k252a1_cont_239,s3://braingeneers/braindance/25-05-08_bee_drugs/25123ic/k252a1/k252a1_cont_239.raw.h5,3400,2.0,1.9999996739629669,True,stim,262,True,77.0,25-05-08_bee_drugs,k252a1,False,,k252a,1,dorsal ,C57BL6,1/15/25,113.0,2/12/25,77.0,18D
s3://braingeneers/braindance/25-05-08_bee_drugs/,25123ic,k252a1/k252a1_cont_164,s3://braingeneers/braindance/25-05-08_bee_drugs/25123ic/k252a1/k252a1_cont_164.raw.h5,0,0.0,,False,spontaneous,262,True,77.0,25-05-08_bee_drugs,k252a1,False,,k252a,1,dorsal ,C57BL6,1/15/25,113.0,2/12/25,77.0,18D
s3://braingeneers/braindance/25-05-08_bee_drugs/,25123ic,k252a1/k252a1_cont_142,s3://braingeneers/braindance/25-05-08_bee_drugs/25123ic/k252a1/k252a1_cont_142.raw.h5,0,0.0,,False,spontaneous,262,True,77.0,25-05-08_bee_drugs,k252a1,False,,k252a,1,dorsal ,C57BL6,1/15/25,113.0,2/12/25,77.0,18D
s3://braingeneers/braindance/25-05-08_bee_drugs/,25123ic,k252a1/k252a1_cont_218,s3://braingeneers/braindance/25-05-08_bee_drugs/25123ic/k252a1/k252a1_cont_218.raw.h5,0,0.0,,False,spontaneous,262,True,77.0,25-05-08_bee_drugs,k252a1,False,,k252a,1,dorsal ,C57BL6,1/15/25,113.0,2/12/25,77.0,18D
s3://braingeneers/braindance/25-05-08_bee_drugs/,25123ic,k252a1/k252a1_cont_224,s3://braingeneers/braindance/25-05-08_bee_drugs/25123ic/k252a1/k252a1_cont_224.raw.h5,0,0.0,,False,spontaneous,262,True,77.0,25-05-08_bee_drugs,k252a1,False,,k252a,1,dorsal ,C57BL6,1/15/25,113.0,2/12/25,77.0,18D
s3://braingeneers/braindance/25-05-08_bee_drugs/,25123ic,k252a1/k252a1_cont_257,s3://braingeneers/braindance/25-05-08_bee_drugs/25123ic/k252a1/k252a1_cont_257.raw.h5,1700,1.0,0.9999964158509956,True,stim,262,True,77.0,25-05-08_bee_drugs,k252a1,False,,k252a,1,dorsal ,C57BL6,1/15/25,113.0,2/12/25,77.0,18D
s3://braingeneers/braindance/25-05-08_bee_drugs/,25123ic,k252a1/k252a1_cont_244,s3://braingeneers/braindance/25-05-08_bee_drugs/25123ic/k252a1/k252a1_cont_244.raw.h5,0,0.0,,False,spontaneous,262,True,77.0,25-05-08_bee_drugs,k252a1,False,,k252a,1,dorsal ,C57BL6,1/15/25,113.0,2/12/25,77.0,18D
s3://braingeneers/braindance/25-05-08_bee_drugs/,25123ic,k252a1/k252a1_cont_6,s3://braingeneers/braindance/25-05-08_bee_drugs/25123ic/k252a1/k252a1_cont_6.raw.h5,0,0.0,,False,spontaneous,262,True,77.0,25-05-08_bee_drugs,k252a1,False,,k252a,1,dorsal ,C57BL6,1/15/25,113.0,2/12/25,77.0,18D
s3://braingeneers/braindance/25-05-08_bee_drugs/,25123ic,k252a1/k252a1_cont_134,s3://braingeneers/braindance/25-05-08_bee_drugs/25123ic/k252a1/k252a1_cont_134.raw.h5,0,0.0,,False,spontaneous,262,True,77.0,25-05-08_bee_drugs,k252a1,False,,k252a,1,dorsal ,C57BL6,1/15/25,113.0,2/12/25,77.0,18D
s3://braingeneers/braindance/25-05-08_bee_drugs/,25123ic,k252a1/k252a1_cont_260,s3://braingeneers/braindance/25-05-08_bee_drugs/25123ic/k252a1/k252a1_cont_260.raw.h5,0,0.0,,False,spontaneous,262,True,77.0,25-05-08_bee_drugs,k252a1,False,,k252a,1,dorsal ,C57BL6,1/15/25,113.0,2/12/25,77.0,18D
s3://braingeneers/braindance/25-05-08_bee_drugs/,25123ic,k252a1/k252a1_cont_226,s3://braingeneers/braindance/25-05-08_bee_drugs/25123ic/k252a1/k252a1_cont_226.raw.h5,0,0.0,,False,spontaneous,262,True,77.0,25-05-08_bee_drugs,k252a1,False,,k252a,1,dorsal ,C57BL6,1/15/25,113.0,2/12/25,77.0,18D
s3://braingeneers/braindance/25-05-08_bee_drugs/,25123ic,k252a1/k252a1_cont_3,s3://braingeneers/braindance/25-05-08_bee_drugs/25123ic/k252a1/k252a1_cont_3.raw.h5,1700,1.0,1.0000005716671947,True,stim,262,True,77.0,25-05-08_bee_drugs,k252a1,False,,k252a,1,dorsal ,C57BL6,1/15/25,113.0,2/12/25,77.0,18D
s3://braingeneers/braindance/25-05-08_bee_drugs/,25123ic,k252a1/k252a1_cont_9,s3://braingeneers/braindance/25-05-08_bee_drugs/25123ic/k252a1/k252a1_cont_9.raw.h5,13600,8.0,8.000004127209174,True,stim,262,True,77.0,25-05-08_bee_drugs,k252a1,False,,k252a,1,dorsal ,C57BL6,1/15/25,113.0,2/12/25,77.0,18D
s3://braingeneers/braindance/25-05-08_bee_drugs/,25123ic,k252a1/k252a1_cont_229,s3://braingeneers/braindance/25-05-08_bee_drugs/25123ic/k252a1/k252a1_cont_229.raw.h5,3400,2.0,1.9999961693324368,True,stim,262,True,77.0,25-05-08_bee_drugs,k252a1,False,,k252a,1,dorsal ,C57BL6,1/15/25,113.0,2/12/25,77.0,18D
s3://braingeneers/braindance/25-05-08_bee_drugs/,25123ic,k252a1/k252a1_cont_13,s3://braingeneers/braindance/25-05-08_bee_drugs/25123ic/k252a1/k252a1_cont_13.raw.h5,1700,1.0,0.9999997369070692,True,stim,262,True,77.0,25-05-08_bee_drugs,k252a1,False,,k252a,1,dorsal ,C57BL6,1/15/25,113.0,2/12/25,77.0,18D
s3://braingeneers/braindance/25-05-08_bee_drugs/,25123ic,k252a1/k252a1_cont_136,s3://braingeneers/braindance/25-05-08_bee_drugs/25123ic/k252a1/k252a1_cont_136.raw.h5,0,0.0,,False,spontaneous,262,True,77.0,25-05-08_bee_drugs,k252a1,False,,k252a,1,dorsal ,C57BL6,1/15/25,113.0,2/12/25,77.0,18D
s3://braingeneers/braindance/25-05-08_bee_drugs/,25123ic,k252a1/k252a1_cont_185,s3://braingeneers/braindance/25-05-08_bee_drugs/25123ic/k252a1/k252a1_cont_185.raw.h5,850,0.5,0.5000000107052436,True,stim,262,True,77.0,25-05-08_bee_drugs,k252a1,False,,k252a,1,dorsal ,C57BL6,1/15/25,113.0,2/12/25,77.0,18D
s3://braingeneers/braindance/25-05-08_bee_drugs/,25123ic,k252a1/k252a1_cont_29,s3://braingeneers/braindance/25-05-08_bee_drugs/25123ic/k252a1/k252a1_cont_29.raw.h5,13600,8.0,7.99996617820662,True,stim,262,True,77.0,25-05-08_bee_drugs,k252a1,False,,k252a,1,dorsal ,C57BL6,1/15/25,113.0,2/12/25,77.0,18D
s3://braingeneers/braindance/25-05-08_bee_drugs/,25123ic,k252a1/k252a1_cont_248,s3://braingeneers/braindance/25-05-08_bee_drugs/25123ic/k252a1/k252a1_cont_248.raw.h5,0,0.0,,False,spontaneous,262,True,77.0,25-05-08_bee_drugs,k252a1,False,,k252a,1,dorsal ,C57BL6,1/15/25,113.0,2/12/25,77.0,18D
s3://braingeneers/braindance/25-05-08_bee_drugs/,25123ic,k252a1/k252a1_cont_149,s3://braingeneers/braindance/25-05-08_bee_drugs/25123ic/k252a1/k252a1_cont_149.raw.h5,3400,2.0,2.000001603607051,True,stim,262,True,77.0,25-05-08_bee_drugs,k252a1,False,,k252a,1,dorsal ,C57BL6,1/15/25,113.0,2/12/25,77.0,18D
s3://braingeneers/braindance/25-05-08_bee_drugs/,25123ic,k252a1/k252a1_cont_247,s3://braingeneers/braindance/25-05-08_bee_drugs/25123ic/k252a1/k252a1_cont_247.raw.h5,1700,1.0,0.9999999429046604,True,stim,262,True,77.0,25-05-08_bee_drugs,k252a1,False,,k252a,1,dorsal ,C57BL6,1/15/25,113.0,2/12/25,77.0,18D
s3://braingeneers/braindance/25-05-08_bee_drugs/,25123ic,k252a1/k252a1_cont_241,s3://braingeneers/braindance/25-05-08_bee_drugs/25123ic/k252a1/k252a1_cont_241.raw.h5,6800,4.0,3.9999978738578537,True,stim,262,True,77.0,25-05-08_bee_drugs,k252a1,False,,k252a,1,dorsal ,C57BL6,1/15/25,113.0,2/12/25,77.0,18D
s3://braingeneers/braindance/25-05-08_bee_drugs/,25123ic,k252a1/k252a1_cont_112,s3://braingeneers/braindance/25-05-08_bee_drugs/25123ic/k252a1/k252a1_cont_112.raw.h5,0,0.0,,False,spontaneous,262,True,77.0,25-05-08_bee_drugs,k252a1,False,,k252a,1,dorsal ,C57BL6,1/15/25,113.0,2/12/25,77.0,18D
s3://braingeneers/braindance/25-05-08_bee_drugs/,25123ic,k252a1/k252a1_cont_144,s3://braingeneers/braindance/25-05-08_bee_drugs/25123ic/k252a1/k252a1_cont_144.raw.h5,0,0.0,,False,spontaneous,262,True,77.0,25-05-08_bee_drugs,k252a1,False,,k252a,1,dorsal ,C57BL6,1/15/25,113.0,2/12/25,77.0,18D
s3://braingeneers/braindance/25-05-08_bee_drugs/,25123ic,k252a1/k252a1_cont_141,s3://braingeneers/braindance/25-05-08_bee_drugs/25123ic/k252a1/k252a1_cont_141.raw.h5,6800,4.0,3.9999915702016153,True,stim,262,True,77.0,25-05-08_bee_drugs,k252a1,False,,k252a,1,dorsal ,C57BL6,1/15/25,113.0,2/12/25,77.0,18D
s3://braingeneers/braindance/25-05-08_bee_drugs/,25123ic,k252a1/k252a1_cont_243,s3://braingeneers/braindance/25-05-08_bee_drugs/25123ic/k252a1/k252a1_cont_243.raw.h5,13600,8.0,7.999996304035845,True,stim,262,True,77.0,25-05-08_bee_drugs,k252a1,False,,k252a,1,dorsal ,C57BL6,1/15/25,113.0,2/12/25,77.0,18D
s3://braingeneers/braindance/25-05-08_bee_drugs/,25123ic,k252a1/k252a1_cont_147,s3://braingeneers/braindance/25-05-08_bee_drugs/25123ic/k252a1/k252a1_cont_147.raw.h5,1700,1.0,0.9999992089794338,True,stim,262,True,77.0,25-05-08_bee_drugs,k252a1,False,,k252a,1,dorsal ,C57BL6,1/15/25,113.0,2/12/25,77.0,18D
s3://braingeneers/braindance/25-05-08_bee_drugs/,25123ic,k252a1/k252a1_cont_103,s3://braingeneers/braindance/25-05-08_bee_drugs/25123ic/k252a1/k252a1_cont_103.raw.h5,13600,8.0,7.99998116878203,True,stim,262,True,77.0,25-05-08_bee_drugs,k252a1,False,,k252a,1,dorsal ,C57BL6,1/15/25,113.0,2/12/25,77.0,18D
s3://braingeneers/braindance/25-05-08_bee_drugs/,25123ic,k252a1/k252a1_cont_172,s3://braingeneers/braindance/25-05-08_bee_drugs/25123ic/k252a1/k252a1_cont_172.raw.h5,0,0.0,,False,spontaneous,262,True,77.0,25-05-08_bee_drugs,k252a1,False,,k252a,1,dorsal ,C57BL6,1/15/25,113.0,2/12/25,77.0,18D
s3://braingeneers/braindance/25-05-08_bee_drugs/,25123ic,k252a1/k252a1_cont_175,s3://braingeneers/braindance/25-05-08_bee_drugs/25123ic/k252a1/k252a1_cont_175.raw.h5,850,0.5,0.4999998285083046,True,stim,262,True,77.0,25-05-08_bee_drugs,k252a1,False,,k252a,1,dorsal ,C57BL6,1/15/25,113.0,2/12/25,77.0,18D
s3://braingeneers/braindance/25-05-08_bee_drugs/,25123ic,k252a1/k252a1_cont_140,s3://braingeneers/braindance/25-05-08_bee_drugs/25123ic/k252a1/k252a1_cont_140.raw.h5,0,0.0,,False,spontaneous,262,True,77.0,25-05-08_bee_drugs,k252a1,False,,k252a,1,dorsal ,C57BL6,1/15/25,113.0,2/12/25,77.0,18D
s3://braingeneers/braindance/25-05-08_bee_drugs/,25123ic,k252a1/k252a1_cont_233,s3://braingeneers/braindance/25-05-08_bee_drugs/25123ic/k252a1/k252a1_cont_233.raw.h5,13600,8.0,7.999975980277698,True,stim,262,True,77.0,25-05-08_bee_drugs,k252a1,False,,k252a,1,dorsal ,C57BL6,1/15/25,113.0,2/12/25,77.0,18D
s3://braingeneers/braindance/25-05-08_bee_drugs/,25123ic,k252a1/k252a1_cont_217,s3://braingeneers/braindance/25-05-08_bee_drugs/25123ic/k252a1/k252a1_cont_217.raw.h5,1700,1.0,0.9999980066955584,True,stim,262,True,77.0,25-05-08_bee_drugs,k252a1,False,,k252a,1,dorsal ,C57BL6,1/15/25,113.0,2/12/25,77.0,18D
s3://braingeneers/braindance/25-05-08_bee_drugs/,25123ic,k252a1/k252a1_cont_228,s3://braingeneers/braindance/25-05-08_bee_drugs/25123ic/k252a1/k252a1_cont_228.raw.h5,0,0.0,,False,spontaneous,262,True,77.0,25-05-08_bee_drugs,k252a1,False,,k252a,1,dorsal ,C57BL6,1/15/25,113.0,2/12/25,77.0,18D
s3://braingeneers/braindance/25-05-08_bee_drugs/,25123ic,k252a1/k252a1_cont_129,s3://braingeneers/braindance/25-05-08_bee_drugs/25123ic/k252a1/k252a1_cont_129.raw.h5,0,0.0,,False,spontaneous,262,True,77.0,25-05-08_bee_drugs,k252a1,False,,k252a,1,dorsal ,C57BL6,1/15/25,113.0,2/12/25,77.0,18D
s3://braingeneers/braindance/25-05-08_bee_drugs/,25123ic,k252a1/k252a1_cont_87,s3://braingeneers/braindance/25-05-08_bee_drugs/25123ic/k252a1/k252a1_cont_87.raw.h5,6800,4.0,4.000002126316179,True,stim,262,True,77.0,25-05-08_bee_drugs,k252a1,False,,k252a,1,dorsal ,C57BL6,1/15/25,113.0,2/12/25,77.0,18D
s3://braingeneers/braindance/25-05-08_bee_drugs/,25123ic,k252a1/k252a1_cont_199,s3://braingeneers/braindance/25-05-08_bee_drugs/25123ic/k252a1/k252a1_cont_199.raw.h5,3400,2.0,2.000000118566649,True,stim,262,True,77.0,25-05-08_bee_drugs,k252a1,False,,k252a,1,dorsal ,C57BL6,1/15/25,113.0,2/12/25,77.0,18D
s3://braingeneers/braindance/25-05-08_bee_drugs/,25123ic,k252a1/k252a1_cont_66,s3://braingeneers/braindance/25-05-08_bee_drugs/25123ic/k252a1/k252a1_cont_66.raw.h5,0,0.0,,False,spontaneous,262,True,77.0,25-05-08_bee_drugs,k252a1,False,,k252a,1,dorsal ,C57BL6,1/15/25,113.0,2/12/25,77.0,18D
s3://braingeneers/braindance/25-05-08_bee_drugs/,25123ic,k252a1/k252a1_cont_171,s3://braingeneers/braindance/25-05-08_bee_drugs/25123ic/k252a1/k252a1_cont_171.raw.h5,6800,4.0,3.9999798175244226,True,stim,262,True,77.0,25-05-08_bee_drugs,k252a1,False,,k252a,1,dorsal ,C57BL6,1/15/25,113.0,2/12/25,77.0,18D
s3://braingeneers/braindance/25-05-08_bee_drugs/,25123ic,k252a1/k252a1_cont_20,s3://braingeneers/braindance/25-05-08_bee_drugs/25123ic/k252a1/k252a1_cont_20.raw.h5,0,0.0,,False,spontaneous,262,True,77.0,25-05-08_bee_drugs,k252a1,False,,k252a,1,dorsal ,C57BL6,1/15/25,113.0,2/12/25,77.0,18D
s3://braingeneers/braindance/25-05-08_bee_drugs/,25123ic,k252a1/k252a1_cont_8,s3://braingeneers/braindance/25-05-08_bee_drugs/25123ic/k252a1/k252a1_cont_8.raw.h5,0,0.0,,False,spontaneous,262,True,77.0,25-05-08_bee_drugs,k252a1,False,,k252a,1,dorsal ,C57BL6,1/15/25,113.0,2/12/25,77.0,18D
s3://braingeneers/braindance/25-05-08_bee_drugs/,25123ic,k252a1/k252a1_cont_12,s3://braingeneers/braindance/25-05-08_bee_drugs/25123ic/k252a1/k252a1_cont_12.raw.h5,0,0.0,,False,spontaneous,262,True,77.0,25-05-08_bee_drugs,k252a1,False,,k252a,1,dorsal ,C57BL6,1/15/25,113.0,2/12/25,77.0,18D
s3://braingeneers/braindance/25-05-08_bee_drugs/,25123ic,k252a1/k252a1_cont_198,s3://braingeneers/braindance/25-05-08_bee_drugs/25123ic/k252a1/k252a1_cont_198.raw.h5,0,0.0,,False,spontaneous,262,True,77.0,25-05-08_bee_drugs,k252a1,False,,k252a,1,dorsal ,C57BL6,1/15/25,113.0,2/12/25,77.0,18D
s3://braingeneers/braindance/25-05-08_bee_drugs/,25123ic,k252a1/k252a1_cont_221,s3://braingeneers/braindance/25-05-08_bee_drugs/25123ic/k252a1/k252a1_cont_221.raw.h5,6800,4.0,3.9999922398362058,True,stim,262,True,77.0,25-05-08_bee_drugs,k252a1,False,,k252a,1,dorsal ,C57BL6,1/15/25,113.0,2/12/25,77.0,18D
s3://braingeneers/braindance/25-05-08_bee_drugs/,25123ic,k252a1/k252a1_cont_113,s3://braingeneers/braindance/25-05-08_bee_drugs/25123ic/k252a1/k252a1_cont_113.raw.h5,13600,8.0,8.000010033931543,True,stim,262,True,77.0,25-05-08_bee_drugs,k252a1,False,,k252a,1,dorsal ,C57BL6,1/15/25,113.0,2/12/25,77.0,18D
s3://braingeneers/braindance/25-05-08_bee_drugs/,25123ic,k252a1/k252a1_cont_84,s3://braingeneers/braindance/25-05-08_bee_drugs/25123ic/k252a1/k252a1_cont_84.raw.h5,0,0.0,,False,spontaneous,262,True,77.0,25-05-08_bee_drugs,k252a1,False,,k252a,1,dorsal ,C57BL6,1/15/25,113.0,2/12/25,77.0,18D
s3://braingeneers/braindance/25-05-08_bee_drugs/,25123ic,k252a1/k252a1_cont_195,s3://braingeneers/braindance/25-05-08_bee_drugs/25123ic/k252a1/k252a1_cont_195.raw.h5,850,0.5,0.4999985271392019,True,stim,262,True,77.0,25-05-08_bee_drugs,k252a1,False,,k252a,1,dorsal ,C57BL6,1/15/25,113.0,2/12/25,77.0,18D
s3://braingeneers/braindance/25-05-08_bee_drugs/,25123ic,k252a1/k252a1_cont_73,s3://braingeneers/braindance/25-05-08_bee_drugs/25123ic/k252a1/k252a1_cont_73.raw.h5,1700,1.0,1.0000011398194155,True,stim,262,True,77.0,25-05-08_bee_drugs,k252a1,False,,k252a,1,dorsal ,C57BL6,1/15/25,113.0,2/12/25,77.0,18D
s3://braingeneers/braindance/25-05-08_bee_drugs/,25123ic,k252a1/k252a1_cont_245,s3://braingeneers/braindance/25-05-08_bee_drugs/25123ic/k252a1/k252a1_cont_245.raw.h5,850,0.5,0.499999447323344,True,stim,262,True,77.0,25-05-08_bee_drugs,k252a1,False,,k252a,1,dorsal ,C57BL6,1/15/25,113.0,2/12/25,77.0,18D
s3://braingeneers/braindance/25-05-08_bee_drugs/,25123ic,k252a1/k252a1_cont_18,s3://braingeneers/braindance/25-05-08_bee_drugs/25123ic/k252a1/k252a1_cont_18.raw.h5,0,0.0,,False,spontaneous,262,True,77.0,25-05-08_bee_drugs,k252a1,False,,k252a,1,dorsal ,C57BL6,1/15/25,113.0,2/12/25,77.0,18D
s3://braingeneers/braindance/25-05-08_bee_drugs/,25123ic,k252a1/k252a1_cont_227,s3://braingeneers/braindance/25-05-08_bee_drugs/25123ic/k252a1/k252a1_cont_227.raw.h5,1700,1.0,0.9999974945671964,True,stim,262,True,77.0,25-05-08_bee_drugs,k252a1,False,,k252a,1,dorsal ,C57BL6,1/15/25,113.0,2/12/25,77.0,18D
s3://braingeneers/braindance/25-05-08_bee_drugs/,25123ic,k252a1/k252a1_cont_28,s3://braingeneers/braindance/25-05-08_bee_drugs/25123ic/k252a1/k252a1_cont_28.raw.h5,0,0.0,,False,spontaneous,262,True,77.0,25-05-08_bee_drugs,k252a1,False,,k252a,1,dorsal ,C57BL6,1/15/25,113.0,2/12/25,77.0,18D
s3://braingeneers/braindance/25-05-08_bee_drugs/,25123ic,k252a1/k252a1_cont_148,s3://braingeneers/braindance/25-05-08_bee_drugs/25123ic/k252a1/k252a1_cont_148.raw.h5,0,0.0,,False,spontaneous,262,True,77.0,25-05-08_bee_drugs,k252a1,False,,k252a,1,dorsal ,C57BL6,1/15/25,113.0,2/12/25,77.0,18D
s3://braingeneers/braindance/25-05-08_bee_drugs/,25123ic,k252a1/k252a1_cont_183,s3://braingeneers/braindance/25-05-08_bee_drugs/25123ic/k252a1/k252a1_cont_183.raw.h5,13600,8.0,7.999934680841031,True,stim,262,True,77.0,25-05-08_bee_drugs,k252a1,False,,k252a,1,dorsal ,C57BL6,1/15/25,113.0,2/12/25,77.0,18D
s3://braingeneers/braindance/25-05-08_bee_drugs/,25123ic,k252a1/k252a1_cont_30,s3://braingeneers/braindance/25-05-08_bee_drugs/25123ic/k252a1/k252a1_cont_30.raw.h5,0,0.0,,False,spontaneous,262,True,77.0,25-05-08_bee_drugs,k252a1,False,,k252a,1,dorsal ,C57BL6,1/15/25,113.0,2/12/25,77.0,18D
s3://braingeneers/braindance/25-05-08_bee_drugs/,25123ic,k252a1/k252a1_cont_255,s3://braingeneers/braindance/25-05-08_bee_drugs/25123ic/k252a1/k252a1_cont_255.raw.h5,850,0.5,0.4999979148384956,True,stim,262,True,77.0,25-05-08_bee_drugs,k252a1,False,,k252a,1,dorsal ,C57BL6,1/15/25,113.0,2/12/25,77.0,18D
s3://braingeneers/braindance/25-05-08_bee_drugs/,25123ic,k252a1/k252a1_cont_58,s3://braingeneers/braindance/25-05-08_bee_drugs/25123ic/k252a1/k252a1_cont_58.raw.h5,0,0.0,,False,spontaneous,262,True,77.0,25-05-08_bee_drugs,k252a1,False,,k252a,1,dorsal ,C57BL6,1/15/25,113.0,2/12/25,77.0,18D
s3://braingeneers/braindance/25-05-08_bee_drugs/,25123ic,k252a1/k252a1_cont_133,s3://braingeneers/braindance/25-05-08_bee_drugs/25123ic/k252a1/k252a1_cont_133.raw.h5,13600,8.0,7.99999585332078,True,stim,262,True,77.0,25-05-08_bee_drugs,k252a1,False,,k252a,1,dorsal ,C57BL6,1/15/25,113.0,2/12/25,77.0,18D
s3://braingeneers/braindance/25-05-08_bee_drugs/,25123ic,k252a1/k252a1_cont_40,s3://braingeneers/braindance/25-05-08_bee_drugs/25123ic/k252a1/k252a1_cont_40.raw.h5,0,0.0,,False,spontaneous,262,True,77.0,25-05-08_bee_drugs,k252a1,False,,k252a,1,dorsal ,C57BL6,1/15/25,113.0,2/12/25,77.0,18D
s3://braingeneers/braindance/25-05-08_bee_drugs/,25123ic,k252a1/k252a1_cont_51,s3://braingeneers/braindance/25-05-08_bee_drugs/25123ic/k252a1/k252a1_cont_51.raw.h5,850,0.5,0.4999983950970244,True,stim,262,True,77.0,25-05-08_bee_drugs,k252a1,False,,k252a,1,dorsal ,C57BL6,1/15/25,113.0,2/12/25,77.0,18D
s3://braingeneers/braindance/25-05-08_bee_drugs/,25123ic,k252a1/k252a1_cont_201,s3://braingeneers/braindance/25-05-08_bee_drugs/25123ic/k252a1/k252a1_cont_201.raw.h5,6800,4.0,3.999994043930607,True,stim,262,True,77.0,25-05-08_bee_drugs,k252a1,False,,k252a,1,dorsal ,C57BL6,1/15/25,113.0,2/12/25,77.0,18D
s3://braingeneers/braindance/25-05-08_bee_drugs/,25123ic,k252a1/k252a1_cont_150,s3://braingeneers/braindance/25-05-08_bee_drugs/25123ic/k252a1/k252a1_cont_150.raw.h5,0,0.0,,False,spontaneous,262,True,77.0,25-05-08_bee_drugs,k252a1,False,,k252a,1,dorsal ,C57BL6,1/15/25,113.0,2/12/25,77.0,18D
s3://braingeneers/braindance/25-05-08_bee_drugs/,25123ic,k252a1/k252a1_cont_213,s3://braingeneers/braindance/25-05-08_bee_drugs/25123ic/k252a1/k252a1_cont_213.raw.h5,13600,8.0,7.99998505574318,True,stim,262,True,77.0,25-05-08_bee_drugs,k252a1,False,,k252a,1,dorsal ,C57BL6,1/15/25,113.0,2/12/25,77.0,18D
s3://braingeneers/braindance/25-05-08_bee_drugs/,25123ic,k252a1/k252a1_cont_139,s3://braingeneers/braindance/25-05-08_bee_drugs/25123ic/k252a1/k252a1_cont_139.raw.h5,3400,2.0,1.999998413719413,True,stim,262,True,77.0,25-05-08_bee_drugs,k252a1,False,,k252a,1,dorsal ,C57BL6,1/15/25,113.0,2/12/25,77.0,18D
s3://braingeneers/braindance/25-05-08_bee_drugs/,25123ic,k252a1/k252a1_cont_27,s3://braingeneers/braindance/25-05-08_bee_drugs/25123ic/k252a1/k252a1_cont_27.raw.h5,6800,4.0,3.999998198566492,True,stim,262,True,77.0,25-05-08_bee_drugs,k252a1,False,,k252a,1,dorsal ,C57BL6,1/15/25,113.0,2/12/25,77.0,18D
s3://braingeneers/braindance/25-05-08_bee_drugs/,25123ic,k252a1/k252a1_cont_71,s3://braingeneers/braindance/25-05-08_bee_drugs/25123ic/k252a1/k252a1_cont_71.raw.h5,850,0.5,0.4999986160571307,True,stim,262,True,77.0,25-05-08_bee_drugs,k252a1,False,,k252a,1,dorsal ,C57BL6,1/15/25,113.0,2/12/25,77.0,18D
s3://braingeneers/braindance/25-05-08_bee_drugs/,25123ic,k252a1/k252a1_cont_157,s3://braingeneers/braindance/25-05-08_bee_drugs/25123ic/k252a1/k252a1_cont_157.raw.h5,1700,1.0,0.9999978194438366,True,stim,262,True,77.0,25-05-08_bee_drugs,k252a1,False,,k252a,1,dorsal ,C57BL6,1/15/25,113.0,2/12/25,77.0,18D
s3://braingeneers/braindance/25-05-08_bee_drugs/,25123ic,k252a1/k252a1_cont_67,s3://braingeneers/braindance/25-05-08_bee_drugs/25123ic/k252a1/k252a1_cont_67.raw.h5,6800,4.0,3.9999944407172623,True,stim,262,True,77.0,25-05-08_bee_drugs,k252a1,False,,k252a,1,dorsal ,C57BL6,1/15/25,113.0,2/12/25,77.0,18D
s3://braingeneers/braindance/25-05-08_bee_drugs/,25123ic,k252a1/k252a1_cont_60,s3://braingeneers/braindance/25-05-08_bee_drugs/25123ic/k252a1/k252a1_cont_60.raw.h5,0,0.0,,False,spontaneous,262,True,77.0,25-05-08_bee_drugs,k252a1,False,,k252a,1,dorsal ,C57BL6,1/15/25,113.0,2/12/25,77.0,18D
s3://braingeneers/braindance/25-05-08_bee_drugs/,25123ic,k252a1/k252a1_cont_249,s3://braingeneers/braindance/25-05-08_bee_drugs/25123ic/k252a1/k252a1_cont_249.raw.h5,3400,2.0,2.000001417187257,True,stim,262,True,77.0,25-05-08_bee_drugs,k252a1,False,,k252a,1,dorsal ,C57BL6,1/15/25,113.0,2/12/25,77.0,18D
s3://braingeneers/braindance/25-05-08_bee_drugs/,25123ic,k252a1/k252a1_cont_100,s3://braingeneers/braindance/25-05-08_bee_drugs/25123ic/k252a1/k252a1_cont_100.raw.h5,0,0.0,,False,spontaneous,262,True,77.0,25-05-08_bee_drugs,k252a1,False,,k252a,1,dorsal ,C57BL6,1/15/25,113.0,2/12/25,77.0,18D
s3://braingeneers/braindance/25-05-08_bee_drugs/,25123ic,k252a1/k252a1_cont_56,s3://braingeneers/braindance/25-05-08_bee_drugs/25123ic/k252a1/k252a1_cont_56.raw.h5,0,0.0,,False,spontaneous,262,True,77.0,25-05-08_bee_drugs,k252a1,False,,k252a,1,dorsal ,C57BL6,1/15/25,113.0,2/12/25,77.0,18D
s3://braingeneers/braindance/25-05-08_bee_drugs/,25123ic,k252a1/k252a1_cont_97,s3://braingeneers/braindance/25-05-08_bee_drugs/25123ic/k252a1/k252a1_cont_97.raw.h5,1700,1.0,0.9999993528432678,True,stim,262,True,77.0,25-05-08_bee_drugs,k252a1,False,,k252a,1,dorsal ,C57BL6,1/15/25,113.0,2/12/25,77.0,18D
s3://braingeneers/braindance/25-05-08_bee_drugs/,25123ic,k252a1/k252a1_cont_111,s3://braingeneers/braindance/25-05-08_bee_drugs/25123ic/k252a1/k252a1_cont_111.raw.h5,6800,4.0,3.999980575835465,True,stim,262,True,77.0,25-05-08_bee_drugs,k252a1,False,,k252a,1,dorsal ,C57BL6,1/15/25,113.0,2/12/25,77.0,18D
s3://braingeneers/braindance/25-05-08_bee_drugs/,25123ic,k252a1/k252a1_cont_238,s3://braingeneers/braindance/25-05-08_bee_drugs/25123ic/k252a1/k252a1_cont_238.raw.h5,0,0.0,,False,spontaneous,262,True,77.0,25-05-08_bee_drugs,k252a1,False,,k252a,1,dorsal ,C57BL6,1/15/25,113.0,2/12/25,77.0,18D
s3://braingeneers/braindance/25-05-08_bee_drugs/,25123ic,k252a1/k252a1_cont_46,s3://braingeneers/braindance/25-05-08_bee_drugs/25123ic/k252a1/k252a1_cont_46.raw.h5,0,0.0,,False,spontaneous,262,True,77.0,25-05-08_bee_drugs,k252a1,False,,k252a,1,dorsal ,C57BL6,1/15/25,113.0,2/12/25,77.0,18D
s3://braingeneers/braindance/25-05-08_bee_drugs/,25123ic,k252a1/k252a1_cont_74,s3://braingeneers/braindance/25-05-08_bee_drugs/25123ic/k252a1/k252a1_cont_74.raw.h5,0,0.0,,False,spontaneous,262,True,77.0,25-05-08_bee_drugs,k252a1,False,,k252a,1,dorsal ,C57BL6,1/15/25,113.0,2/12/25,77.0,18D
s3://braingeneers/braindance/25-05-08_bee_drugs/,25123ic,k252a1/k252a1_cont_205,s3://braingeneers/braindance/25-05-08_bee_drugs/25123ic/k252a1/k252a1_cont_205.raw.h5,850,0.5,0.5000007603768937,True,stim,262,True,77.0,25-05-08_bee_drugs,k252a1,False,,k252a,1,dorsal ,C57BL6,1/15/25,113.0,2/12/25,77.0,18D
s3://braingeneers/braindance/25-05-08_bee_drugs/,25123ic,k252a1/k252a1_cont_216,s3://braingeneers/braindance/25-05-08_bee_drugs/25123ic/k252a1/k252a1_cont_216.raw.h5,0,0.0,,False,spontaneous,262,True,77.0,25-05-08_bee_drugs,k252a1,False,,k252a,1,dorsal ,C57BL6,1/15/25,113.0,2/12/25,77.0,18D
s3://braingeneers/braindance/25-05-08_bee_drugs/,25123ic,k252a1/k252a1_cont_178,s3://braingeneers/braindance/25-05-08_bee_drugs/25123ic/k252a1/k252a1_cont_178.raw.h5,0,0.0,,False,spontaneous,262,True,77.0,25-05-08_bee_drugs,k252a1,False,,k252a,1,dorsal ,C57BL6,1/15/25,113.0,2/12/25,77.0,18D
s3://braingeneers/braindance/25-05-08_bee_drugs/,25123ic,k252a1/k252a1_cont_55,s3://braingeneers/braindance/25-05-08_bee_drugs/25123ic/k252a1/k252a1_cont_55.raw.h5,3400,2.0,1.9999941405773165,True,stim,262,True,77.0,25-05-08_bee_drugs,k252a1,False,,k252a,1,dorsal ,C57BL6,1/15/25,113.0,2/12/25,77.0,18D
s3://braingeneers/braindance/25-05-08_bee_drugs/,25123ic,k252a1/k252a1_cont_137,s3://braingeneers/braindance/25-05-08_bee_drugs/25123ic/k252a1/k252a1_cont_137.raw.h5,1700,1.0,0.999999834484428,True,stim,262,True,77.0,25-05-08_bee_drugs,k252a1,False,,k252a,1,dorsal ,C57BL6,1/15/25,113.0,2/12/25,77.0,18D
s3://braingeneers/braindance/25-05-08_bee_drugs/,25123ic,k252a1/k252a1_cont_109,s3://braingeneers/braindance/25-05-08_bee_drugs/25123ic/k252a1/k252a1_cont_109.raw.h5,3400,2.0,2.000000099124453,True,stim,262,True,77.0,25-05-08_bee_drugs,k252a1,False,,k252a,1,dorsal ,C57BL6,1/15/25,113.0,2/12/25,77.0,18D
s3://braingeneers/braindance/25-05-08_bee_drugs/,25123ic,k252a1/k252a1_cont_101,s3://braingeneers/braindance/25-05-08_bee_drugs/25123ic/k252a1/k252a1_cont_101.raw.h5,6800,4.0,4.000002448799262,True,stim,262,True,77.0,25-05-08_bee_drugs,k252a1,False,,k252a,1,dorsal ,C57BL6,1/15/25,113.0,2/12/25,77.0,18D
s3://braingeneers/braindance/25-05-08_bee_drugs/,25123ic,k252a1/k252a1_cont_59,s3://braingeneers/braindance/25-05-08_bee_drugs/25123ic/k252a1/k252a1_cont_59.raw.h5,13600,8.0,7.999976284801722,True,stim,262,True,77.0,25-05-08_bee_drugs,k252a1,False,,k252a,1,dorsal ,C57BL6,1/15/25,113.0,2/12/25,77.0,18D
s3://braingeneers/braindance/25-05-08_bee_drugs/,25123ic,k252a1/k252a1_cont_80,s3://braingeneers/braindance/25-05-08_bee_drugs/25123ic/k252a1/k252a1_cont_80.raw.h5,0,0.0,,False,spontaneous,262,True,77.0,25-05-08_bee_drugs,k252a1,False,,k252a,1,dorsal ,C57BL6,1/15/25,113.0,2/12/25,77.0,18D
s3://braingeneers/braindance/25-05-08_bee_drugs/,25123ic,k252a1/k252a1_cont_223,s3://braingeneers/braindance/25-05-08_bee_drugs/25123ic/k252a1/k252a1_cont_223.raw.h5,13600,8.0,7.999989022483209,True,stim,262,True,77.0,25-05-08_bee_drugs,k252a1,False,,k252a,1,dorsal ,C57BL6,1/15/25,113.0,2/12/25,77.0,18D
s3://braingeneers/braindance/25-05-08_bee_drugs/,25123ic,k252a1/k252a1_cont_119,s3://braingeneers/braindance/25-05-08_bee_drugs/25123ic/k252a1/k252a1_cont_119.raw.h5,3400,2.0,1.999993547934908,True,stim,262,True,77.0,25-05-08_bee_drugs,k252a1,False,,k252a,1,dorsal ,C57BL6,1/15/25,113.0,2/12/25,77.0,18D
s3://braingeneers/braindance/25-05-08_bee_drugs/,25123ic,k252a1/k252a1_cont_33,s3://braingeneers/braindance/25-05-08_bee_drugs/25123ic/k252a1/k252a1_cont_33.raw.h5,1700,1.0,0.9999988595739908,True,stim,262,True,77.0,25-05-08_bee_drugs,k252a1,False,,k252a,1,dorsal ,C57BL6,1/15/25,113.0,2/12/25,77.0,18D
s3://braingeneers/braindance/25-05-08_bee_drugs/,25123ic,k252a1/k252a1_cont_184,s3://braingeneers/braindance/25-05-08_bee_drugs/25123ic/k252a1/k252a1_cont_184.raw.h5,0,0.0,,False,spontaneous,262,True,77.0,25-05-08_bee_drugs,k252a1,False,,k252a,1,dorsal ,C57BL6,1/15/25,113.0,2/12/25,77.0,18D
s3://braingeneers/braindance/25-05-08_bee_drugs/,25123ic,k252a1/k252a1_cont_231,s3://braingeneers/braindance/25-05-08_bee_drugs/25123ic/k252a1/k252a1_cont_231.raw.h5,6800,4.0,4.000003509262703,True,stim,262,True,77.0,25-05-08_bee_drugs,k252a1,False,,k252a,1,dorsal ,C57BL6,1/15/25,113.0,2/12/25,77.0,18D
s3://braingeneers/braindance/25-05-08_bee_drugs/,25123ic,k252a1/k252a1_cont_192,s3://braingeneers/braindance/25-05-08_bee_drugs/25123ic/k252a1/k252a1_cont_192.raw.h5,0,0.0,,False,spontaneous,262,True,77.0,25-05-08_bee_drugs,k252a1,False,,k252a,1,dorsal ,C57BL6,1/15/25,113.0,2/12/25,77.0,18D
s3://braingeneers/braindance/25-05-08_bee_drugs/,25123ic,k252a1/k252a1_cont_250,s3://braingeneers/braindance/25-05-08_bee_drugs/25123ic/k252a1/k252a1_cont_250.raw.h5,0,0.0,,False,spontaneous,262,True,77.0,25-05-08_bee_drugs,k252a1,False,,k252a,1,dorsal ,C57BL6,1/15/25,113.0,2/12/25,77.0,18D
s3://braingeneers/braindance/25-05-08_bee_drugs/,25123ic,k252a1/k252a1_cont_162,s3://braingeneers/braindance/25-05-08_bee_drugs/25123ic/k252a1/k252a1_cont_162.raw.h5,0,0.0,,False,spontaneous,262,True,77.0,25-05-08_bee_drugs,k252a1,False,,k252a,1,dorsal ,C57BL6,1/15/25,113.0,2/12/25,77.0,18D
s3://braingeneers/braindance/25-05-08_bee_drugs/,25123ic,k252a1/k252a1_cont_163,s3://braingeneers/braindance/25-05-08_bee_drugs/25123ic/k252a1/k252a1_cont_163.raw.h5,13600,8.0,7.999979374517742,True,stim,262,True,77.0,25-05-08_bee_drugs,k252a1,False,,k252a,1,dorsal ,C57BL6,1/15/25,113.0,2/12/25,77.0,18D
s3://braingeneers/braindance/25-05-08_bee_drugs/,25123ic,k252a1/k252a1_cont_130,s3://braingeneers/braindance/25-05-08_bee_drugs/25123ic/k252a1/k252a1_cont_130.raw.h5,0,0.0,,False,spontaneous,262,True,77.0,25-05-08_bee_drugs,k252a1,False,,k252a,1,dorsal ,C57BL6,1/15/25,113.0,2/12/25,77.0,18D
s3://braingeneers/braindance/25-05-08_bee_drugs/,25123ic,k252a1/k252a1_cont_208,s3://braingeneers/braindance/25-05-08_bee_drugs/25123ic/k252a1/k252a1_cont_208.raw.h5,0,0.0,,False,spontaneous,262,True,77.0,25-05-08_bee_drugs,k252a1,False,,k252a,1,dorsal ,C57BL6,1/15/25,113.0,2/12/25,77.0,18D
s3://braingeneers/braindance/25-05-08_bee_drugs/,25123ic,k252a1/k252a1_cont_190,s3://braingeneers/braindance/25-05-08_bee_drugs/25123ic/k252a1/k252a1_cont_190.raw.h5,0,0.0,,False,spontaneous,262,True,77.0,25-05-08_bee_drugs,k252a1,False,,k252a,1,dorsal ,C57BL6,1/15/25,113.0,2/12/25,77.0,18D
s3://braingeneers/braindance/25-05-08_bee_drugs/,25123ic,k252a1/k252a1_cont_54,s3://braingeneers/braindance/25-05-08_bee_drugs/25123ic/k252a1/k252a1_cont_54.raw.h5,0,0.0,,False,spontaneous,262,True,77.0,25-05-08_bee_drugs,k252a1,False,,k252a,1,dorsal ,C57BL6,1/15/25,113.0,2/12/25,77.0,18D
s3://braingeneers/braindance/25-05-08_bee_drugs/,25123ic,k252a1/k252a1_cont_151,s3://braingeneers/braindance/25-05-08_bee_drugs/25123ic/k252a1/k252a1_cont_151.raw.h5,6800,4.0,3.9999965353335103,True,stim,262,True,77.0,25-05-08_bee_drugs,k252a1,False,,k252a,1,dorsal ,C57BL6,1/15/25,113.0,2/12/25,77.0,18D
s3://braingeneers/braindance/25-05-08_bee_drugs/,25123ic,k252a1/k252a1_cont_70,s3://braingeneers/braindance/25-05-08_bee_drugs/25123ic/k252a1/k252a1_cont_70.raw.h5,0,0.0,,False,spontaneous,262,True,77.0,25-05-08_bee_drugs,k252a1,False,,k252a,1,dorsal ,C57BL6,1/15/25,113.0,2/12/25,77.0,18D
s3://braingeneers/braindance/25-05-08_bee_drugs/,25123ic,k252a1/k252a1_cont_237,s3://braingeneers/braindance/25-05-08_bee_drugs/25123ic/k252a1/k252a1_cont_237.raw.h5,1700,1.0,1.0000638887201043,True,stim,262,True,77.0,25-05-08_bee_drugs,k252a1,False,,k252a,1,dorsal ,C57BL6,1/15/25,113.0,2/12/25,77.0,18D
s3://braingeneers/braindance/25-05-08_bee_drugs/,25123ic,k252a1/k252a1_cont_124,s3://braingeneers/braindance/25-05-08_bee_drugs/25123ic/k252a1/k252a1_cont_124.raw.h5,0,0.0,,False,spontaneous,262,True,77.0,25-05-08_bee_drugs,k252a1,False,,k252a,1,dorsal ,C57BL6,1/15/25,113.0,2/12/25,77.0,18D
s3://braingeneers/braindance/25-05-08_bee_drugs/,25123ic,k252a1/k252a1_cont_132,s3://braingeneers/braindance/25-05-08_bee_drugs/25123ic/k252a1/k252a1_cont_132.raw.h5,0,0.0,,False,spontaneous,262,True,77.0,25-05-08_bee_drugs,k252a1,False,,k252a,1,dorsal ,C57BL6,1/15/25,113.0,2/12/25,77.0,18D
s3://braingeneers/braindance/25-05-08_bee_drugs/,25123ic,k252a1/k252a1_cont_11,s3://braingeneers/braindance/25-05-08_bee_drugs/25123ic/k252a1/k252a1_cont_11.raw.h5,850,0.5,0.500000658784436,True,stim,262,True,77.0,25-05-08_bee_drugs,k252a1,False,,k252a,1,dorsal ,C57BL6,1/15/25,113.0,2/12/25,77.0,18D
s3://braingeneers/braindance/25-05-08_bee_drugs/,25123ic,k252a1/k252a1_cont_72,s3://braingeneers/braindance/25-05-08_bee_drugs/25123ic/k252a1/k252a1_cont_72.raw.h5,0,0.0,,False,spontaneous,262,True,77.0,25-05-08_bee_drugs,k252a1,False,,k252a,1,dorsal ,C57BL6,1/15/25,113.0,2/12/25,77.0,18D
s3://braingeneers/braindance/25-05-08_bee_drugs/,25123ic,k252a1/k252a1_cont_246,s3://braingeneers/braindance/25-05-08_bee_drugs/25123ic/k252a1/k252a1_cont_246.raw.h5,0,0.0,,False,spontaneous,262,True,77.0,25-05-08_bee_drugs,k252a1,False,,k252a,1,dorsal ,C57BL6,1/15/25,113.0,2/12/25,77.0,18D
s3://braingeneers/braindance/25-05-08_bee_drugs/,25123ic,k252a1/k252a1_cont_77,s3://braingeneers/braindance/25-05-08_bee_drugs/25123ic/k252a1/k252a1_cont_77.raw.h5,6800,4.0,3.999972875985627,True,stim,262,True,77.0,25-05-08_bee_drugs,k252a1,False,,k252a,1,dorsal ,C57BL6,1/15/25,113.0,2/12/25,77.0,18D
s3://braingeneers/braindance/25-05-08_bee_drugs/,25123ic,k252a1/k252a1_cont_225,s3://braingeneers/braindance/25-05-08_bee_drugs/25123ic/k252a1/k252a1_cont_225.raw.h5,850,0.5,0.5000001836372931,True,stim,262,True,77.0,25-05-08_bee_drugs,k252a1,False,,k252a,1,dorsal ,C57BL6,1/15/25,113.0,2/12/25,77.0,18D
s3://braingeneers/braindance/25-05-08_bee_drugs/,25123ic,k252a1/k252a1_cont_131,s3://braingeneers/braindance/25-05-08_bee_drugs/25123ic/k252a1/k252a1_cont_131.raw.h5,6800,4.0,3.999988730887455,True,stim,262,True,77.0,25-05-08_bee_drugs,k252a1,False,,k252a,1,dorsal ,C57BL6,1/15/25,113.0,2/12/25,77.0,18D
s3://braingeneers/braindance/25-05-08_bee_drugs/,25123ic,k252a1/k252a1_cont_196,s3://braingeneers/braindance/25-05-08_bee_drugs/25123ic/k252a1/k252a1_cont_196.raw.h5,0,0.0,,False,spontaneous,262,True,77.0,25-05-08_bee_drugs,k252a1,False,,k252a,1,dorsal ,C57BL6,1/15/25,113.0,2/12/25,77.0,18D
s3://braingeneers/braindance/25-05-08_bee_drugs/,25123ic,k252a1/k252a1_cont_37,s3://braingeneers/braindance/25-05-08_bee_drugs/25123ic/k252a1/k252a1_cont_37.raw.h5,6800,4.0,3.99999846603149,True,stim,262,True,77.0,25-05-08_bee_drugs,k252a1,False,,k252a,1,dorsal ,C57BL6,1/15/25,113.0,2/12/25,77.0,18D
s3://braingeneers/braindance/25-05-08_bee_drugs/,25123ic,k252a1/k252a1_cont_206,s3://braingeneers/braindance/25-05-08_bee_drugs/25123ic/k252a1/k252a1_cont_206.raw.h5,0,0.0,,False,spontaneous,262,True,77.0,25-05-08_bee_drugs,k252a1,False,,k252a,1,dorsal ,C57BL6,1/15/25,113.0,2/12/25,77.0,18D
s3://braingeneers/braindance/25-05-08_bee_drugs/,25123ic,k252a1/k252a1_cont_154,s3://braingeneers/braindance/25-05-08_bee_drugs/25123ic/k252a1/k252a1_cont_154.raw.h5,0,0.0,,False,spontaneous,262,True,77.0,25-05-08_bee_drugs,k252a1,False,,k252a,1,dorsal ,C57BL6,1/15/25,113.0,2/12/25,77.0,18D
s3://braingeneers/braindance/25-05-08_bee_drugs/,25123ic,k252a1/k252a1_cont_189,s3://braingeneers/braindance/25-05-08_bee_drugs/25123ic/k252a1/k252a1_cont_189.raw.h5,3400,2.0,1.9999919350428184,True,stim,262,True,77.0,25-05-08_bee_drugs,k252a1,False,,k252a,1,dorsal ,C57BL6,1/15/25,113.0,2/12/25,77.0,18D
s3://braingeneers/braindance/25-05-08_bee_drugs/,25123ic,k252a1/k252a1_cont_63,s3://braingeneers/braindance/25-05-08_bee_drugs/25123ic/k252a1/k252a1_cont_63.raw.h5,1700,1.0,1.0000000721589186,True,stim,262,True,77.0,25-05-08_bee_drugs,k252a1,False,,k252a,1,dorsal ,C57BL6,1/15/25,113.0,2/12/25,77.0,18D
s3://braingeneers/braindance/25-05-08_bee_drugs/,25123ic,k252a1/k252a1_cont_10,s3://braingeneers/braindance/25-05-08_bee_drugs/25123ic/k252a1/k252a1_cont_10.raw.h5,0,0.0,,False,spontaneous,262,True,77.0,25-05-08_bee_drugs,k252a1,False,,k252a,1,dorsal ,C57BL6,1/15/25,113.0,2/12/25,77.0,18D
s3://braingeneers/braindance/25-05-08_bee_drugs/,25123ic,k252a1/k252a1_cont_82,s3://braingeneers/braindance/25-05-08_bee_drugs/25123ic/k252a1/k252a1_cont_82.raw.h5,0,0.0,,False,spontaneous,262,True,77.0,25-05-08_bee_drugs,k252a1,False,,k252a,1,dorsal ,C57BL6,1/15/25,113.0,2/12/25,77.0,18D
s3://braingeneers/braindance/25-05-08_bee_drugs/,25123ic,k252a1/k252a1_cont_86,s3://braingeneers/braindance/25-05-08_bee_drugs/25123ic/k252a1/k252a1_cont_86.raw.h5,0,0.0,,False,spontaneous,262,True,77.0,25-05-08_bee_drugs,k252a1,False,,k252a,1,dorsal ,C57BL6,1/15/25,113.0,2/12/25,77.0,18D
s3://braingeneers/braindance/25-05-08_bee_drugs/,25123ic,k252a1/k252a1_cont_16,s3://braingeneers/braindance/25-05-08_bee_drugs/25123ic/k252a1/k252a1_cont_16.raw.h5,0,0.0,,False,spontaneous,262,True,77.0,25-05-08_bee_drugs,k252a1,False,,k252a,1,dorsal ,C57BL6,1/15/25,113.0,2/12/25,77.0,18D
s3://braingeneers/braindance/25-05-08_bee_drugs/,25123ic,k252a1/k252a1_cont_91,s3://braingeneers/braindance/25-05-08_bee_drugs/25123ic/k252a1/k252a1_cont_91.raw.h5,850,0.5,0.5000001075512661,True,stim,262,True,77.0,25-05-08_bee_drugs,k252a1,False,,k252a,1,dorsal ,C57BL6,1/15/25,113.0,2/12/25,77.0,18D
s3://braingeneers/braindance/25-05-08_bee_drugs/,25123ic,k252a1/k252a1_cont_106,s3://braingeneers/braindance/25-05-08_bee_drugs/25123ic/k252a1/k252a1_cont_106.raw.h5,0,0.0,,False,spontaneous,262,True,77.0,25-05-08_bee_drugs,k252a1,False,,k252a,1,dorsal ,C57BL6,1/15/25,113.0,2/12/25,77.0,18D
s3://braingeneers/braindance/25-05-08_bee_drugs/,25123ic,k252a1/k252a1_cont_167,s3://braingeneers/braindance/25-05-08_bee_drugs/25123ic/k252a1/k252a1_cont_167.raw.h5,1700,1.0,0.999998258226692,True,stim,262,True,77.0,25-05-08_bee_drugs,k252a1,False,,k252a,1,dorsal ,C57BL6,1/15/25,113.0,2/12/25,77.0,18D
s3://braingeneers/braindance/25-05-08_bee_drugs/,25123ic,k252a1/k252a1_cont_197,s3://braingeneers/braindance/25-05-08_bee_drugs/25123ic/k252a1/k252a1_cont_197.raw.h5,1700,1.0,0.9999974299577488,True,stim,262,True,77.0,25-05-08_bee_drugs,k252a1,False,,k252a,1,dorsal ,C57BL6,1/15/25,113.0,2/12/25,77.0,18D
s3://braingeneers/braindance/25-05-08_bee_drugs/,25123ic,k252a1/k252a1_cont_161,s3://braingeneers/braindance/25-05-08_bee_drugs/25123ic/k252a1/k252a1_cont_161.raw.h5,6800,4.0,3.999998835845614,True,stim,262,True,77.0,25-05-08_bee_drugs,k252a1,False,,k252a,1,dorsal ,C57BL6,1/15/25,113.0,2/12/25,77.0,18D
s3://braingeneers/braindance/25-05-08_bee_drugs/,25123ic,k252a1/k252a1_cont_45,s3://braingeneers/braindance/25-05-08_bee_drugs/25123ic/k252a1/k252a1_cont_45.raw.h5,3400,2.0,2.000000176564898,True,stim,262,True,77.0,25-05-08_bee_drugs,k252a1,False,,k252a,1,dorsal ,C57BL6,1/15/25,113.0,2/12/25,77.0,18D
s3://braingeneers/braindance/25-05-08_bee_drugs/,25123ic,k252a1/k252a1_cont_230,s3://braingeneers/braindance/25-05-08_bee_drugs/25123ic/k252a1/k252a1_cont_230.raw.h5,0,0.0,,False,spontaneous,262,True,77.0,25-05-08_bee_drugs,k252a1,False,,k252a,1,dorsal ,C57BL6,1/15/25,113.0,2/12/25,77.0,18D
s3://braingeneers/braindance/25-05-08_bee_drugs/,25123ic,k252a1/k252a1_cont_31,s3://braingeneers/braindance/25-05-08_bee_drugs/25123ic/k252a1/k252a1_cont_31.raw.h5,850,0.5,0.4999983758536248,True,stim,262,True,77.0,25-05-08_bee_drugs,k252a1,False,,k252a,1,dorsal ,C57BL6,1/15/25,113.0,2/12/25,77.0,18D
s3://braingeneers/braindance/25-05-08_bee_drugs/,25123ic,k252a1/k252a1_cont_177,s3://braingeneers/braindance/25-05-08_bee_drugs/25123ic/k252a1/k252a1_cont_177.raw.h5,1700,1.0,0.9999970255827112,True,stim,262,True,77.0,25-05-08_bee_drugs,k252a1,False,,k252a,1,dorsal ,C57BL6,1/15/25,113.0,2/12/25,77.0,18D
s3://braingeneers/braindance/25-05-08_bee_drugs/,25123ic,k252a1/k252a1_cont_179,s3://braingeneers/braindance/25-05-08_bee_drugs/25123ic/k252a1/k252a1_cont_179.raw.h5,3400,2.0,1.999990653824204,True,stim,262,True,77.0,25-05-08_bee_drugs,k252a1,False,,k252a,1,dorsal ,C57BL6,1/15/25,113.0,2/12/25,77.0,18D
s3://braingeneers/braindance/25-05-08_bee_drugs/,25123ic,k252a1/k252a1_cont_211,s3://braingeneers/braindance/25-05-08_bee_drugs/25123ic/k252a1/k252a1_cont_211.raw.h5,6800,4.0,3.999983252779032,True,stim,262,True,77.0,25-05-08_bee_drugs,k252a1,False,,k252a,1,dorsal ,C57BL6,1/15/25,113.0,2/12/25,77.0,18D
s3://braingeneers/braindance/25-05-08_bee_drugs/,25123ic,k252a1/k252a1_cont_99,s3://braingeneers/braindance/25-05-08_bee_drugs/25123ic/k252a1/k252a1_cont_99.raw.h5,3400,2.0,1.9999947788780024,True,stim,262,True,77.0,25-05-08_bee_drugs,k252a1,False,,k252a,1,dorsal ,C57BL6,1/15/25,113.0,2/12/25,77.0,18D
s3://braingeneers/braindance/25-05-08_bee_drugs/,25123ic,k252a1/k252a1_cont_234,s3://braingeneers/braindance/25-05-08_bee_drugs/25123ic/k252a1/k252a1_cont_234.raw.h5,0,0.0,,False,spontaneous,262,True,77.0,25-05-08_bee_drugs,k252a1,False,,k252a,1,dorsal ,C57BL6,1/15/25,113.0,2/12/25,77.0,18D
s3://braingeneers/braindance/25-05-08_bee_drugs/,25123ic,k252a1/k252a1_cont_121,s3://braingeneers/braindance/25-05-08_bee_drugs/25123ic/k252a1/k252a1_cont_121.raw.h5,6800,4.0,4.000008479789706,True,stim,262,True,77.0,25-05-08_bee_drugs,k252a1,False,,k252a,1,dorsal ,C57BL6,1/15/25,113.0,2/12/25,77.0,18D
s3://braingeneers/braindance/25-05-08_bee_drugs/,25123ic,k252a1/k252a1_cont_256,s3://braingeneers/braindance/25-05-08_bee_drugs/25123ic/k252a1/k252a1_cont_256.raw.h5,0,0.0,,False,spontaneous,262,True,77.0,25-05-08_bee_drugs,k252a1,False,,k252a,1,dorsal ,C57BL6,1/15/25,113.0,2/12/25,77.0,18D
s3://braingeneers/braindance/25-05-08_bee_drugs/,25123ic,k252a1/k252a1_cont_145,s3://braingeneers/braindance/25-05-08_bee_drugs/25123ic/k252a1/k252a1_cont_145.raw.h5,850,0.5,0.5000001613451641,True,stim,262,True,77.0,25-05-08_bee_drugs,k252a1,False,,k252a,1,dorsal ,C57BL6,1/15/25,113.0,2/12/25,77.0,18D
s3://braingeneers/braindance/25-05-08_bee_drugs/,25123ic,k252a1/k252a1_cont_96,s3://braingeneers/braindance/25-05-08_bee_drugs/25123ic/k252a1/k252a1_cont_96.raw.h5,0,0.0,,False,spontaneous,262,True,77.0,25-05-08_bee_drugs,k252a1,False,,k252a,1,dorsal ,C57BL6,1/15/25,113.0,2/12/25,77.0,18D
s3://braingeneers/braindance/25-05-08_bee_drugs/,25123ic,k252a1/k252a1_cont_236,s3://braingeneers/braindance/25-05-08_bee_drugs/25123ic/k252a1/k252a1_cont_236.raw.h5,0,0.0,,False,spontaneous,262,True,77.0,25-05-08_bee_drugs,k252a1,False,,k252a,1,dorsal ,C57BL6,1/15/25,113.0,2/12/25,77.0,18D
s3://braingeneers/braindance/25-05-08_bee_drugs/,25123ic,k252a1/k252a1_cont_170,s3://braingeneers/braindance/25-05-08_bee_drugs/25123ic/k252a1/k252a1_cont_170.raw.h5,0,0.0,,False,spontaneous,262,True,77.0,25-05-08_bee_drugs,k252a1,False,,k252a,1,dorsal ,C57BL6,1/15/25,113.0,2/12/25,77.0,18D
s3://braingeneers/braindance/25-05-08_bee_drugs/,25123ic,k252a1/k252a1_cont_23,s3://braingeneers/braindance/25-05-08_bee_drugs/25123ic/k252a1/k252a1_cont_23.raw.h5,1700,1.0,0.999997108693462,True,stim,262,True,77.0,25-05-08_bee_drugs,k252a1,False,,k252a,1,dorsal ,C57BL6,1/15/25,113.0,2/12/25,77.0,18D
s3://braingeneers/braindance/25-05-08_bee_drugs/,25123ic,k252a1/k252a1_cont_169,s3://braingeneers/braindance/25-05-08_bee_drugs/25123ic/k252a1/k252a1_cont_169.raw.h5,3400,2.0,1.999996485384233,True,stim,262,True,77.0,25-05-08_bee_drugs,k252a1,False,,k252a,1,dorsal ,C57BL6,1/15/25,113.0,2/12/25,77.0,18D
s3://braingeneers/braindance/25-05-08_bee_drugs/,25123ic,k252a1/k252a1_cont_126,s3://braingeneers/braindance/25-05-08_bee_drugs/25123ic/k252a1/k252a1_cont_126.raw.h5,0,0.0,,False,spontaneous,262,True,77.0,25-05-08_bee_drugs,k252a1,False,,k252a,1,dorsal ,C57BL6,1/15/25,113.0,2/12/25,77.0,18D
s3://braingeneers/braindance/25-05-08_bee_drugs/,25123ic,k252a1/k252a1_cont_21,s3://braingeneers/braindance/25-05-08_bee_drugs/25123ic/k252a1/k252a1_cont_21.raw.h5,850,0.5,0.4999992341322077,True,stim,262,True,77.0,25-05-08_bee_drugs,k252a1,False,,k252a,1,dorsal ,C57BL6,1/15/25,113.0,2/12/25,77.0,18D
s3://braingeneers/braindance/25-05-08_bee_drugs/,25123ic,k252a1/k252a1_cont_191,s3://braingeneers/braindance/25-05-08_bee_drugs/25123ic/k252a1/k252a1_cont_191.raw.h5,6800,4.0,3.999986743051999,True,stim,262,True,77.0,25-05-08_bee_drugs,k252a1,False,,k252a,1,dorsal ,C57BL6,1/15/25,113.0,2/12/25,77.0,18D
s3://braingeneers/braindance/25-05-08_bee_drugs/,25178ic,k252a1/k252a1_cont_254,s3://braingeneers/braindance/25-05-08_bee_drugs/25178ic/k252a1/k252a1_cont_254.raw.h5,0,0.0,,False,spontaneous,338,True,43.0,25-05-08_bee_drugs,k252a1,False,,k252a,1,dorsal ,C57BL6,1/15/25,113.0,2/12/25,77.0,25C
s3://braingeneers/braindance/25-05-08_bee_drugs/,25178ic,k252a1/k252a1_cont_222,s3://braingeneers/braindance/25-05-08_bee_drugs/25178ic/k252a1/k252a1_cont_222.raw.h5,0,0.0,,False,spontaneous,338,True,43.0,25-05-08_bee_drugs,k252a1,False,,k252a,1,dorsal ,C57BL6,1/15/25,113.0,2/12/25,77.0,25C
s3://braingeneers/braindance/25-05-08_bee_drugs/,25178ic,k252a1/k252a1_cont_15,s3://braingeneers/braindance/25-05-08_bee_drugs/25178ic/k252a1/k252a1_cont_15.raw.h5,1400,2.0,1.9999952587560597,True,stim,338,True,43.0,25-05-08_bee_drugs,k252a1,False,,k252a,1,dorsal ,C57BL6,1/15/25,113.0,2/12/25,77.0,25C
s3://braingeneers/braindance/25-05-08_bee_drugs/,25178ic,k252a1/k252a1_cont_26,s3://braingeneers/braindance/25-05-08_bee_drugs/25178ic/k252a1/k252a1_cont_26.raw.h5,0,0.0,,False,spontaneous,338,True,43.0,25-05-08_bee_drugs,k252a1,False,,k252a,1,dorsal ,C57BL6,1/15/25,113.0,2/12/25,77.0,25C
s3://braingeneers/braindance/25-05-08_bee_drugs/,25178ic,k252a1/k252a1_cont_135,s3://braingeneers/braindance/25-05-08_bee_drugs/25178ic/k252a1/k252a1_cont_135.raw.h5,1400,2.0,1.9999855341203452,True,stim,338,True,43.0,25-05-08_bee_drugs,k252a1,False,,k252a,1,dorsal ,C57BL6,1/15/25,113.0,2/12/25,77.0,25C
s3://braingeneers/braindance/25-05-08_bee_drugs/,25178ic,k252a1/k252a1_cont_158,s3://braingeneers/braindance/25-05-08_bee_drugs/25178ic/k252a1/k252a1_cont_158.raw.h5,0,0.0,,False,spontaneous,338,True,43.0,25-05-08_bee_drugs,k252a1,False,,k252a,1,dorsal ,C57BL6,1/15/25,113.0,2/12/25,77.0,25C
s3://braingeneers/braindance/25-05-08_bee_drugs/,25178ic,k252a1/k252a1_cont_251,s3://braingeneers/braindance/25-05-08_bee_drugs/25178ic/k252a1/k252a1_cont_251.raw.h5,350,0.5,0.4999975741944289,True,stim,338,True,43.0,25-05-08_bee_drugs,k252a1,False,,k252a,1,dorsal ,C57BL6,1/15/25,113.0,2/12/25,77.0,25C
s3://braingeneers/braindance/25-05-08_bee_drugs/,25178ic,k252a1/k252a1_cont_210,s3://braingeneers/braindance/25-05-08_bee_drugs/25178ic/k252a1/k252a1_cont_210.raw.h5,0,0.0,,False,spontaneous,338,True,43.0,25-05-08_bee_drugs,k252a1,False,,k252a,1,dorsal ,C57BL6,1/15/25,113.0,2/12/25,77.0,25C
s3://braingeneers/braindance/25-05-08_bee_drugs/,25178ic,k252a1/k252a1_cont_32,s3://braingeneers/braindance/25-05-08_bee_drugs/25178ic/k252a1/k252a1_cont_32.raw.h5,0,0.0,,False,spontaneous,338,True,43.0,25-05-08_bee_drugs,k252a1,False,,k252a,1,dorsal ,C57BL6,1/15/25,113.0,2/12/25,77.0,25C
s3://braingeneers/braindance/25-05-08_bee_drugs/,25178ic,k252a1/k252a1_cont_214,s3://braingeneers/braindance/25-05-08_bee_drugs/25178ic/k252a1/k252a1_cont_214.raw.h5,0,0.0,,False,spontaneous,338,True,43.0,25-05-08_bee_drugs,k252a1,False,,k252a,1,dorsal ,C57BL6,1/15/25,113.0,2/12/25,77.0,25C
s3://braingeneers/braindance/25-05-08_bee_drugs/,25178ic,k252a1/k252a1_cont_298,s3://braingeneers/braindance/25-05-08_bee_drugs/25178ic/k252a1/k252a1_cont_298.raw.h5,0,0.0,,False,spontaneous,338,True,43.0,25-05-08_bee_drugs,k252a1,False,,k252a,1,dorsal ,C57BL6,1/15/25,113.0,2/12/25,77.0,25C
s3://braingeneers/braindance/25-05-08_bee_drugs/,25178ic,k252a1/k252a1_cont_38,s3://braingeneers/braindance/25-05-08_bee_drugs/25178ic/k252a1/k252a1_cont_38.raw.h5,0,0.0,,False,spontaneous,338,True,43.0,25-05-08_bee_drugs,k252a1,False,,k252a,1,dorsal ,C57BL6,1/15/25,113.0,2/12/25,77.0,25C
s3://braingeneers/braindance/25-05-08_bee_drugs/,25178ic,k252a1/k252a1_cont_19,s3://braingeneers/braindance/25-05-08_bee_drugs/25178ic/k252a1/k252a1_cont_19.raw.h5,5600,8.0,7.999951890246807,True,stim,338,True,43.0,25-05-08_bee_drugs,k252a1,False,,k252a,1,dorsal ,C57BL6,1/15/25,113.0,2/12/25,77.0,25C
s3://braingeneers/braindance/25-05-08_bee_drugs/,25178ic,k252a1/k252a1_cont_17,s3://braingeneers/braindance/25-05-08_bee_drugs/25178ic/k252a1/k252a1_cont_17.raw.h5,2800,4.0,3.999959530641666,True,stim,338,True,43.0,25-05-08_bee_drugs,k252a1,False,,k252a,1,dorsal ,C57BL6,1/15/25,113.0,2/12/25,77.0,25C
s3://braingeneers/braindance/25-05-08_bee_drugs/,25178ic,k252a1/k252a1_cont_48,s3://braingeneers/braindance/25-05-08_bee_drugs/25178ic/k252a1/k252a1_cont_48.raw.h5,0,0.0,,False,spontaneous,338,True,43.0,25-05-08_bee_drugs,k252a1,False,,k252a,1,dorsal ,C57BL6,1/15/25,113.0,2/12/25,77.0,25C
s3://braingeneers/braindance/25-05-08_bee_drugs/,25178ic,k252a1/k252a1_cont_168,s3://braingeneers/braindance/25-05-08_bee_drugs/25178ic/k252a1/k252a1_cont_168.raw.h5,0,0.0,,False,spontaneous,338,True,43.0,25-05-08_bee_drugs,k252a1,False,,k252a,1,dorsal ,C57BL6,1/15/25,113.0,2/12/25,77.0,25C
s3://braingeneers/braindance/25-05-08_bee_drugs/,25178ic,k252a1/k252a1_cont_159,s3://braingeneers/braindance/25-05-08_bee_drugs/25178ic/k252a1/k252a1_cont_159.raw.h5,5600,8.0,7.999877366072139,True,stim,338,True,43.0,25-05-08_bee_drugs,k252a1,False,,k252a,1,dorsal ,C57BL6,1/15/25,113.0,2/12/25,77.0,25C
s3://braingeneers/braindance/25-05-08_bee_drugs/,25178ic,k252a1/k252a1_cont_288,s3://braingeneers/braindance/25-05-08_bee_drugs/25178ic/k252a1/k252a1_cont_288.raw.h5,0,0.0,,False,spontaneous,338,True,43.0,25-05-08_bee_drugs,k252a1,False,,k252a,1,dorsal ,C57BL6,1/15/25,113.0,2/12/25,77.0,25C
s3://braingeneers/braindance/25-05-08_bee_drugs/,25178ic,k252a1/k252a1_cont_293,s3://braingeneers/braindance/25-05-08_bee_drugs/25178ic/k252a1/k252a1_cont_293.raw.h5,700,1.0,0.9999986599231256,True,stim,338,True,43.0,25-05-08_bee_drugs,k252a1,False,,k252a,1,dorsal ,C57BL6,1/15/25,113.0,2/12/25,77.0,25C
s3://braingeneers/braindance/25-05-08_bee_drugs/,25178ic,k252a1/k252a1_cont_316,s3://braingeneers/braindance/25-05-08_bee_drugs/25178ic/k252a1/k252a1_cont_316.raw.h5,0,0.0,,False,spontaneous,338,True,43.0,25-05-08_bee_drugs,k252a1,False,,k252a,1,dorsal ,C57BL6,1/15/25,113.0,2/12/25,77.0,25C
s3://braingeneers/braindance/25-05-08_bee_drugs/,25178ic,k252a1/k252a1_cont_285,s3://braingeneers/braindance/25-05-08_bee_drugs/25178ic/k252a1/k252a1_cont_285.raw.h5,1400,2.0,1.999986440935356,True,stim,338,True,43.0,25-05-08_bee_drugs,k252a1,False,,k252a,1,dorsal ,C57BL6,1/15/25,113.0,2/12/25,77.0,25C
s3://braingeneers/braindance/25-05-08_bee_drugs/,25178ic,k252a1/k252a1_cont_207,s3://braingeneers/braindance/25-05-08_bee_drugs/25178ic/k252a1/k252a1_cont_207.raw.h5,2800,4.0,3.999957617420738,True,stim,338,True,43.0,25-05-08_bee_drugs,k252a1,False,,k252a,1,dorsal ,C57BL6,1/15/25,113.0,2/12/25,77.0,25C
s3://braingeneers/braindance/25-05-08_bee_drugs/,25178ic,k252a1/k252a1_cont_88,s3://braingeneers/braindance/25-05-08_bee_drugs/25178ic/k252a1/k252a1_cont_88.raw.h5,0,0.0,,False,spontaneous,338,True,43.0,25-05-08_bee_drugs,k252a1,False,,k252a,1,dorsal ,C57BL6,1/15/25,113.0,2/12/25,77.0,25C
s3://braingeneers/braindance/25-05-08_bee_drugs/,25178ic,k252a1/k252a1_cont_188,s3://braingeneers/braindance/25-05-08_bee_drugs/25178ic/k252a1/k252a1_cont_188.raw.h5,0,0.0,,False,spontaneous,338,True,43.0,25-05-08_bee_drugs,k252a1,False,,k252a,1,dorsal ,C57BL6,1/15/25,113.0,2/12/25,77.0,25C
s3://braingeneers/braindance/25-05-08_bee_drugs/,25178ic,k252a1/k252a1_cont_14,s3://braingeneers/braindance/25-05-08_bee_drugs/25178ic/k252a1/k252a1_cont_14.raw.h5,0,0.0,,False,spontaneous,338,True,43.0,25-05-08_bee_drugs,k252a1,False,,k252a,1,dorsal ,C57BL6,1/15/25,113.0,2/12/25,77.0,25C
s3://braingeneers/braindance/25-05-08_bee_drugs/,25178ic,k252a1/k252a1_cont_104,s3://braingeneers/braindance/25-05-08_bee_drugs/25178ic/k252a1/k252a1_cont_104.raw.h5,0,0.0,,False,spontaneous,338,True,43.0,25-05-08_bee_drugs,k252a1,False,,k252a,1,dorsal ,C57BL6,1/15/25,113.0,2/12/25,77.0,25C
s3://braingeneers/braindance/25-05-08_bee_drugs/,25178ic,k252a1/k252a1_cont_295,s3://braingeneers/braindance/25-05-08_bee_drugs/25178ic/k252a1/k252a1_cont_295.raw.h5,1400,2.0,1.9999861221291728,True,stim,338,True,43.0,25-05-08_bee_drugs,k252a1,False,,k252a,1,dorsal ,C57BL6,1/15/25,113.0,2/12/25,77.0,25C
s3://braingeneers/braindance/25-05-08_bee_drugs/,25178ic,k252a1/k252a1_cont_50,s3://braingeneers/braindance/25-05-08_bee_drugs/25178ic/k252a1/k252a1_cont_50.raw.h5,0,0.0,,False,spontaneous,338,True,43.0,25-05-08_bee_drugs,k252a1,False,,k252a,1,dorsal ,C57BL6,1/15/25,113.0,2/12/25,77.0,25C
s3://braingeneers/braindance/25-05-08_bee_drugs/,25178ic,k252a1/k252a1_cont_83,s3://braingeneers/braindance/25-05-08_bee_drugs/25178ic/k252a1/k252a1_cont_83.raw.h5,700,1.0,0.999997925001444,True,stim,338,True,43.0,25-05-08_bee_drugs,k252a1,False,,k252a,1,dorsal ,C57BL6,1/15/25,113.0,2/12/25,77.0,25C
s3://braingeneers/braindance/25-05-08_bee_drugs/,25178ic,k252a1/k252a1_cont_155,s3://braingeneers/braindance/25-05-08_bee_drugs/25178ic/k252a1/k252a1_cont_155.raw.h5,1400,2.0,1.9999935395004929,True,stim,338,True,43.0,25-05-08_bee_drugs,k252a1,False,,k252a,1,dorsal ,C57BL6,1/15/25,113.0,2/12/25,77.0,25C
s3://braingeneers/braindance/25-05-08_bee_drugs/,25178ic,k252a1/k252a1_cont_297,s3://braingeneers/braindance/25-05-08_bee_drugs/25178ic/k252a1/k252a1_cont_297.raw.h5,2800,4.0,3.9999674484792993,True,stim,338,True,43.0,25-05-08_bee_drugs,k252a1,False,,k252a,1,dorsal ,C57BL6,1/15/25,113.0,2/12/25,77.0,25C
s3://braingeneers/braindance/25-05-08_bee_drugs/,25178ic,k252a1/k252a1_cont_270,s3://braingeneers/braindance/25-05-08_bee_drugs/25178ic/k252a1/k252a1_cont_270.raw.h5,0,0.0,,False,spontaneous,338,True,43.0,25-05-08_bee_drugs,k252a1,False,,k252a,1,dorsal ,C57BL6,1/15/25,113.0,2/12/25,77.0,25C
s3://braingeneers/braindance/25-05-08_bee_drugs/,25178ic,k252a1/k252a1_cont_186,s3://braingeneers/braindance/25-05-08_bee_drugs/25178ic/k252a1/k252a1_cont_186.raw.h5,0,0.0,,False,spontaneous,338,True,43.0,25-05-08_bee_drugs,k252a1,False,,k252a,1,dorsal ,C57BL6,1/15/25,113.0,2/12/25,77.0,25C
s3://braingeneers/braindance/25-05-08_bee_drugs/,25178ic,k252a1/k252a1_cont_24,s3://braingeneers/braindance/25-05-08_bee_drugs/25178ic/k252a1/k252a1_cont_24.raw.h5,0,0.0,,False,spontaneous,338,True,43.0,25-05-08_bee_drugs,k252a1,False,,k252a,1,dorsal ,C57BL6,1/15/25,113.0,2/12/25,77.0,25C
s3://braingeneers/braindance/25-05-08_bee_drugs/,25178ic,k252a1/k252a1_cont_102,s3://braingeneers/braindance/25-05-08_bee_drugs/25178ic/k252a1/k252a1_cont_102.raw.h5,0,0.0,,False,spontaneous,338,True,43.0,25-05-08_bee_drugs,k252a1,False,,k252a,1,dorsal ,C57BL6,1/15/25,113.0,2/12/25,77.0,25C
s3://braingeneers/braindance/25-05-08_bee_drugs/,25178ic,k252a1/k252a1_cont_108,s3://braingeneers/braindance/25-05-08_bee_drugs/25178ic/k252a1/k252a1_cont_108.raw.h5,0,0.0,,False,spontaneous,338,True,43.0,25-05-08_bee_drugs,k252a1,False,,k252a,1,dorsal ,C57BL6,1/15/25,113.0,2/12/25,77.0,25C
s3://braingeneers/braindance/25-05-08_bee_drugs/,25178ic,k252a1/k252a1_cont_235,s3://braingeneers/braindance/25-05-08_bee_drugs/25178ic/k252a1/k252a1_cont_235.raw.h5,1400,2.0,1.99997455688976,True,stim,338,True,43.0,25-05-08_bee_drugs,k252a1,False,,k252a,1,dorsal ,C57BL6,1/15/25,113.0,2/12/25,77.0,25C
s3://braingeneers/braindance/25-05-08_bee_drugs/,25178ic,k252a1/k252a1_cont_44,s3://braingeneers/braindance/25-05-08_bee_drugs/25178ic/k252a1/k252a1_cont_44.raw.h5,0,0.0,,False,spontaneous,338,True,43.0,25-05-08_bee_drugs,k252a1,False,,k252a,1,dorsal ,C57BL6,1/15/25,113.0,2/12/25,77.0,25C
s3://braingeneers/braindance/25-05-08_bee_drugs/,25178ic,k252a1/k252a1_cont_78,s3://braingeneers/braindance/25-05-08_bee_drugs/25178ic/k252a1/k252a1_cont_78.raw.h5,0,0.0,,False,spontaneous,338,True,43.0,25-05-08_bee_drugs,k252a1,False,,k252a,1,dorsal ,C57BL6,1/15/25,113.0,2/12/25,77.0,25C
s3://braingeneers/braindance/25-05-08_bee_drugs/,25178ic,k252a1/k252a1_cont_301,s3://braingeneers/braindance/25-05-08_bee_drugs/25178ic/k252a1/k252a1_cont_301.raw.h5,350,0.5,0.4999986799340005,True,stim,338,True,43.0,25-05-08_bee_drugs,k252a1,False,,k252a,1,dorsal ,C57BL6,1/15/25,113.0,2/12/25,77.0,25C
s3://braingeneers/braindance/25-05-08_bee_drugs/,25178ic,k252a1/k252a1_cont_93,s3://braingeneers/braindance/25-05-08_bee_drugs/25178ic/k252a1/k252a1_cont_93.raw.h5,700,1.0,0.9999987300402428,True,stim,338,True,43.0,25-05-08_bee_drugs,k252a1,False,,k252a,1,dorsal ,C57BL6,1/15/25,113.0,2/12/25,77.0,25C
s3://braingeneers/braindance/25-05-08_bee_drugs/,25178ic,k252a1/k252a1_cont_61,s3://braingeneers/braindance/25-05-08_bee_drugs/25178ic/k252a1/k252a1_cont_61.raw.h5,350,0.5,0.4999974538073811,True,stim,338,True,43.0,25-05-08_bee_drugs,k252a1,False,,k252a,1,dorsal ,C57BL6,1/15/25,113.0,2/12/25,77.0,25C
s3://braingeneers/braindance/25-05-08_bee_drugs/,25178ic,k252a1/k252a1_cont_226,s3://braingeneers/braindance/25-05-08_bee_drugs/25178ic/k252a1/k252a1_cont_226.raw.h5,0,0.0,,False,spontaneous,338,True,43.0,25-05-08_bee_drugs,k252a1,False,,k252a,1,dorsal ,C57BL6,1/15/25,113.0,2/12/25,77.0,25C
s3://braingeneers/braindance/25-05-08_bee_drugs/,25178ic,k252a1/k252a1_cont_291,s3://braingeneers/braindance/25-05-08_bee_drugs/25178ic/k252a1/k252a1_cont_291.raw.h5,350,0.5,0.5000003059256848,True,stim,338,True,43.0,25-05-08_bee_drugs,k252a1,False,,k252a,1,dorsal ,C57BL6,1/15/25,113.0,2/12/25,77.0,25C
s3://braingeneers/braindance/25-05-08_bee_drugs/,25178ic,k252a1/k252a1_cont_9,s3://braingeneers/braindance/25-05-08_bee_drugs/25178ic/k252a1/k252a1_cont_9.raw.h5,5600,8.0,8.000015371700188,True,stim,338,True,43.0,25-05-08_bee_drugs,k252a1,False,,k252a,1,dorsal ,C57BL6,1/15/25,113.0,2/12/25,77.0,25C
s3://braingeneers/braindance/25-05-08_bee_drugs/,25178ic,k252a1/k252a1_cont_247,s3://braingeneers/braindance/25-05-08_bee_drugs/25178ic/k252a1/k252a1_cont_247.raw.h5,2800,4.0,3.999986085707491,True,stim,338,True,43.0,25-05-08_bee_drugs,k252a1,False,,k252a,1,dorsal ,C57BL6,1/15/25,113.0,2/12/25,77.0,25C
s3://braingeneers/braindance/25-05-08_bee_drugs/,25178ic,k252a1/k252a1_cont_243,s3://braingeneers/braindance/25-05-08_bee_drugs/25178ic/k252a1/k252a1_cont_243.raw.h5,700,1.0,0.9999955150473108,True,stim,338,True,43.0,25-05-08_bee_drugs,k252a1,False,,k252a,1,dorsal ,C57BL6,1/15/25,113.0,2/12/25,77.0,25C
s3://braingeneers/braindance/25-05-08_bee_drugs/,25178ic,k252a1/k252a1_cont_103,s3://braingeneers/braindance/25-05-08_bee_drugs/25178ic/k252a1/k252a1_cont_103.raw.h5,700,1.0,0.9999878971736692,True,stim,338,True,43.0,25-05-08_bee_drugs,k252a1,False,,k252a,1,dorsal ,C57BL6,1/15/25,113.0,2/12/25,77.0,25C
s3://braingeneers/braindance/25-05-08_bee_drugs/,25178ic,k252a1/k252a1_cont_171,s3://braingeneers/braindance/25-05-08_bee_drugs/25178ic/k252a1/k252a1_cont_171.raw.h5,350,0.5,0.4999956196565762,True,stim,338,True,43.0,25-05-08_bee_drugs,k252a1,False,,k252a,1,dorsal ,C57BL6,1/15/25,113.0,2/12/25,77.0,25C
s3://braingeneers/braindance/25-05-08_bee_drugs/,25178ic,k252a1/k252a1_cont_20,s3://braingeneers/braindance/25-05-08_bee_drugs/25178ic/k252a1/k252a1_cont_20.raw.h5,0,0.0,,False,spontaneous,338,True,43.0,25-05-08_bee_drugs,k252a1,False,,k252a,1,dorsal ,C57BL6,1/15/25,113.0,2/12/25,77.0,25C
s3://braingeneers/braindance/25-05-08_bee_drugs/,25178ic,k252a1/k252a1_cont_12,s3://braingeneers/braindance/25-05-08_bee_drugs/25178ic/k252a1/k252a1_cont_12.raw.h5,0,0.0,,False,spontaneous,338,True,43.0,25-05-08_bee_drugs,k252a1,False,,k252a,1,dorsal ,C57BL6,1/15/25,113.0,2/12/25,77.0,25C
s3://braingeneers/braindance/25-05-08_bee_drugs/,25178ic,k252a1/k252a1_cont_113,s3://braingeneers/braindance/25-05-08_bee_drugs/25178ic/k252a1/k252a1_cont_113.raw.h5,700,1.0,0.999995865590788,True,stim,338,True,43.0,25-05-08_bee_drugs,k252a1,False,,k252a,1,dorsal ,C57BL6,1/15/25,113.0,2/12/25,77.0,25C
s3://braingeneers/braindance/25-05-08_bee_drugs/,25178ic,k252a1/k252a1_cont_148,s3://braingeneers/braindance/25-05-08_bee_drugs/25178ic/k252a1/k252a1_cont_148.raw.h5,0,0.0,,False,spontaneous,338,True,43.0,25-05-08_bee_drugs,k252a1,False,,k252a,1,dorsal ,C57BL6,1/15/25,113.0,2/12/25,77.0,25C
s3://braingeneers/braindance/25-05-08_bee_drugs/,25178ic,k252a1/k252a1_cont_58,s3://braingeneers/braindance/25-05-08_bee_drugs/25178ic/k252a1/k252a1_cont_58.raw.h5,0,0.0,,False,spontaneous,338,True,43.0,25-05-08_bee_drugs,k252a1,False,,k252a,1,dorsal ,C57BL6,1/15/25,113.0,2/12/25,77.0,25C
s3://braingeneers/braindance/25-05-08_bee_drugs/,25178ic,k252a1/k252a1_cont_201,s3://braingeneers/braindance/25-05-08_bee_drugs/25178ic/k252a1/k252a1_cont_201.raw.h5,350,0.5,0.499998733141469,True,stim,338,True,43.0,25-05-08_bee_drugs,k252a1,False,,k252a,1,dorsal ,C57BL6,1/15/25,113.0,2/12/25,77.0,25C
s3://braingeneers/braindance/25-05-08_bee_drugs/,25178ic,k252a1/k252a1_cont_71,s3://braingeneers/braindance/25-05-08_bee_drugs/25178ic/k252a1/k252a1_cont_71.raw.h5,350,0.5,0.4999970231939418,True,stim,338,True,43.0,25-05-08_bee_drugs,k252a1,False,,k252a,1,dorsal ,C57BL6,1/15/25,113.0,2/12/25,77.0,25C
s3://braingeneers/braindance/25-05-08_bee_drugs/,25178ic,k252a1/k252a1_cont_157,s3://braingeneers/braindance/25-05-08_bee_drugs/25178ic/k252a1/k252a1_cont_157.raw.h5,2800,4.0,4.000001494408531,True,stim,338,True,43.0,25-05-08_bee_drugs,k252a1,False,,k252a,1,dorsal ,C57BL6,1/15/25,113.0,2/12/25,77.0,25C
s3://braingeneers/braindance/25-05-08_bee_drugs/,25178ic,k252a1/k252a1_cont_67,s3://braingeneers/braindance/25-05-08_bee_drugs/25178ic/k252a1/k252a1_cont_67.raw.h5,2800,4.0,3.999992649559778,True,stim,338,True,43.0,25-05-08_bee_drugs,k252a1,False,,k252a,1,dorsal ,C57BL6,1/15/25,113.0,2/12/25,77.0,25C
s3://braingeneers/braindance/25-05-08_bee_drugs/,25178ic,k252a1/k252a1_cont_262,s3://braingeneers/braindance/25-05-08_bee_drugs/25178ic/k252a1/k252a1_cont_262.raw.h5,0,0.0,,False,spontaneous,338,True,43.0,25-05-08_bee_drugs,k252a1,False,,k252a,1,dorsal ,C57BL6,1/15/25,113.0,2/12/25,77.0,25C
s3://braingeneers/braindance/25-05-08_bee_drugs/,25178ic,k252a1/k252a1_cont_60,s3://braingeneers/braindance/25-05-08_bee_drugs/25178ic/k252a1/k252a1_cont_60.raw.h5,0,0.0,,False,spontaneous,338,True,43.0,25-05-08_bee_drugs,k252a1,False,,k252a,1,dorsal ,C57BL6,1/15/25,113.0,2/12/25,77.0,25C
s3://braingeneers/braindance/25-05-08_bee_drugs/,25178ic,k252a1/k252a1_cont_280,s3://braingeneers/braindance/25-05-08_bee_drugs/25178ic/k252a1/k252a1_cont_280.raw.h5,0,0.0,,False,spontaneous,338,True,43.0,25-05-08_bee_drugs,k252a1,False,,k252a,1,dorsal ,C57BL6,1/15/25,113.0,2/12/25,77.0,25C
s3://braingeneers/braindance/25-05-08_bee_drugs/,25178ic,k252a1/k252a1_cont_238,s3://braingeneers/braindance/25-05-08_bee_drugs/25178ic/k252a1/k252a1_cont_238.raw.h5,0,0.0,,False,spontaneous,338,True,43.0,25-05-08_bee_drugs,k252a1,False,,k252a,1,dorsal ,C57BL6,1/15/25,113.0,2/12/25,77.0,25C
s3://braingeneers/braindance/25-05-08_bee_drugs/,25178ic,k252a1/k252a1_cont_111,s3://braingeneers/braindance/25-05-08_bee_drugs/25178ic/k252a1/k252a1_cont_111.raw.h5,350,0.5,0.4999993688897578,True,stim,338,True,43.0,25-05-08_bee_drugs,k252a1,False,,k252a,1,dorsal ,C57BL6,1/15/25,113.0,2/12/25,77.0,25C
s3://braingeneers/braindance/25-05-08_bee_drugs/,25178ic,k252a1/k252a1_cont_178,s3://braingeneers/braindance/25-05-08_bee_drugs/25178ic/k252a1/k252a1_cont_178.raw.h5,0,0.0,,False,spontaneous,338,True,43.0,25-05-08_bee_drugs,k252a1,False,,k252a,1,dorsal ,C57BL6,1/15/25,113.0,2/12/25,77.0,25C
s3://braingeneers/braindance/25-05-08_bee_drugs/,25178ic,k252a1/k252a1_cont_137,s3://braingeneers/braindance/25-05-08_bee_drugs/25178ic/k252a1/k252a1_cont_137.raw.h5,2800,4.0,3.9999620090839145,True,stim,338,True,43.0,25-05-08_bee_drugs,k252a1,False,,k252a,1,dorsal ,C57BL6,1/15/25,113.0,2/12/25,77.0,25C
s3://braingeneers/braindance/25-05-08_bee_drugs/,25178ic,k252a1/k252a1_cont_80,s3://braingeneers/braindance/25-05-08_bee_drugs/25178ic/k252a1/k252a1_cont_80.raw.h5,0,0.0,,False,spontaneous,338,True,43.0,25-05-08_bee_drugs,k252a1,False,,k252a,1,dorsal ,C57BL6,1/15/25,113.0,2/12/25,77.0,25C
s3://braingeneers/braindance/25-05-08_bee_drugs/,25178ic,k252a1/k252a1_cont_307,s3://braingeneers/braindance/25-05-08_bee_drugs/25178ic/k252a1/k252a1_cont_307.raw.h5,2800,4.0,3.999976959018076,True,stim,338,True,43.0,25-05-08_bee_drugs,k252a1,False,,k252a,1,dorsal ,C57BL6,1/15/25,113.0,2/12/25,77.0,25C
s3://braingeneers/braindance/25-05-08_bee_drugs/,25178ic,k252a1/k252a1_cont_315,s3://braingeneers/braindance/25-05-08_bee_drugs/25178ic/k252a1/k252a1_cont_315.raw.h5,1400,2.0,1.999997162854621,True,stim,338,True,43.0,25-05-08_bee_drugs,k252a1,False,,k252a,1,dorsal ,C57BL6,1/15/25,113.0,2/12/25,77.0,25C
s3://braingeneers/braindance/25-05-08_bee_drugs/,25178ic,k252a1/k252a1_cont_208,s3://braingeneers/braindance/25-05-08_bee_drugs/25178ic/k252a1/k252a1_cont_208.raw.h5,0,0.0,,False,spontaneous,338,True,43.0,25-05-08_bee_drugs,k252a1,False,,k252a,1,dorsal ,C57BL6,1/15/25,113.0,2/12/25,77.0,25C
s3://braingeneers/braindance/25-05-08_bee_drugs/,25178ic,k252a1/k252a1_cont_190,s3://braingeneers/braindance/25-05-08_bee_drugs/25178ic/k252a1/k252a1_cont_190.raw.h5,0,0.0,,False,spontaneous,338,True,43.0,25-05-08_bee_drugs,k252a1,False,,k252a,1,dorsal ,C57BL6,1/15/25,113.0,2/12/25,77.0,25C
s3://braingeneers/braindance/25-05-08_bee_drugs/,25178ic,k252a1/k252a1_cont_11,s3://braingeneers/braindance/25-05-08_bee_drugs/25178ic/k252a1/k252a1_cont_11.raw.h5,350,0.5,0.5000005240141592,True,stim,338,True,43.0,25-05-08_bee_drugs,k252a1,False,,k252a,1,dorsal ,C57BL6,1/15/25,113.0,2/12/25,77.0,25C
s3://braingeneers/braindance/25-05-08_bee_drugs/,25178ic,k252a1/k252a1_cont_131,s3://braingeneers/braindance/25-05-08_bee_drugs/25178ic/k252a1/k252a1_cont_131.raw.h5,350,0.5,0.4999993568718871,True,stim,338,True,43.0,25-05-08_bee_drugs,k252a1,False,,k252a,1,dorsal ,C57BL6,1/15/25,113.0,2/12/25,77.0,25C
s3://braingeneers/braindance/25-05-08_bee_drugs/,25178ic,k252a1/k252a1_cont_311,s3://braingeneers/braindance/25-05-08_bee_drugs/25178ic/k252a1/k252a1_cont_311.raw.h5,350,0.5,0.4999955524593427,True,stim,338,True,43.0,25-05-08_bee_drugs,k252a1,False,,k252a,1,dorsal ,C57BL6,1/15/25,113.0,2/12/25,77.0,25C
s3://braingeneers/braindance/25-05-08_bee_drugs/,25178ic,k252a1/k252a1_cont_37,s3://braingeneers/braindance/25-05-08_bee_drugs/25178ic/k252a1/k252a1_cont_37.raw.h5,2800,4.0,3.999978806686065,True,stim,338,True,43.0,25-05-08_bee_drugs,k252a1,False,,k252a,1,dorsal ,C57BL6,1/15/25,113.0,2/12/25,77.0,25C
s3://braingeneers/braindance/25-05-08_bee_drugs/,25178ic,k252a1/k252a1_cont_154,s3://braingeneers/braindance/25-05-08_bee_drugs/25178ic/k252a1/k252a1_cont_154.raw.h5,0,0.0,,False,spontaneous,338,True,43.0,25-05-08_bee_drugs,k252a1,False,,k252a,1,dorsal ,C57BL6,1/15/25,113.0,2/12/25,77.0,25C
s3://braingeneers/braindance/25-05-08_bee_drugs/,25178ic,k252a1/k252a1_cont_189,s3://braingeneers/braindance/25-05-08_bee_drugs/25178ic/k252a1/k252a1_cont_189.raw.h5,5600,8.0,7.999992263517509,True,stim,338,True,43.0,25-05-08_bee_drugs,k252a1,False,,k252a,1,dorsal ,C57BL6,1/15/25,113.0,2/12/25,77.0,25C
s3://braingeneers/braindance/25-05-08_bee_drugs/,25178ic,k252a1/k252a1_cont_86,s3://braingeneers/braindance/25-05-08_bee_drugs/25178ic/k252a1/k252a1_cont_86.raw.h5,0,0.0,,False,spontaneous,338,True,43.0,25-05-08_bee_drugs,k252a1,False,,k252a,1,dorsal ,C57BL6,1/15/25,113.0,2/12/25,77.0,25C
s3://braingeneers/braindance/25-05-08_bee_drugs/,25178ic,k252a1/k252a1_cont_45,s3://braingeneers/braindance/25-05-08_bee_drugs/25178ic/k252a1/k252a1_cont_45.raw.h5,1400,2.0,1.9999834986579403,True,stim,338,True,43.0,25-05-08_bee_drugs,k252a1,False,,k252a,1,dorsal ,C57BL6,1/15/25,113.0,2/12/25,77.0,25C
s3://braingeneers/braindance/25-05-08_bee_drugs/,25178ic,k252a1/k252a1_cont_31,s3://braingeneers/braindance/25-05-08_bee_drugs/25178ic/k252a1/k252a1_cont_31.raw.h5,350,0.5,0.4999987841569678,True,stim,338,True,43.0,25-05-08_bee_drugs,k252a1,False,,k252a,1,dorsal ,C57BL6,1/15/25,113.0,2/12/25,77.0,25C
s3://braingeneers/braindance/25-05-08_bee_drugs/,25178ic,k252a1/k252a1_cont_211,s3://braingeneers/braindance/25-05-08_bee_drugs/25178ic/k252a1/k252a1_cont_211.raw.h5,350,0.5,0.4999993724821747,True,stim,338,True,43.0,25-05-08_bee_drugs,k252a1,False,,k252a,1,dorsal ,C57BL6,1/15/25,113.0,2/12/25,77.0,25C
s3://braingeneers/braindance/25-05-08_bee_drugs/,25178ic,k252a1/k252a1_cont_99,s3://braingeneers/braindance/25-05-08_bee_drugs/25178ic/k252a1/k252a1_cont_99.raw.h5,5600,8.0,7.99996793090481,True,stim,338,True,43.0,25-05-08_bee_drugs,k252a1,False,,k252a,1,dorsal ,C57BL6,1/15/25,113.0,2/12/25,77.0,25C
s3://braingeneers/braindance/25-05-08_bee_drugs/,25178ic,k252a1/k252a1_cont_279,s3://braingeneers/braindance/25-05-08_bee_drugs/25178ic/k252a1/k252a1_cont_279.raw.h5,5600,8.0,7.999942409513439,True,stim,338,True,43.0,25-05-08_bee_drugs,k252a1,False,,k252a,1,dorsal ,C57BL6,1/15/25,113.0,2/12/25,77.0,25C
s3://braingeneers/braindance/25-05-08_bee_drugs/,25178ic,k252a1/k252a1_cont_236,s3://braingeneers/braindance/25-05-08_bee_drugs/25178ic/k252a1/k252a1_cont_236.raw.h5,0,0.0,,False,spontaneous,338,True,43.0,25-05-08_bee_drugs,k252a1,False,,k252a,1,dorsal ,C57BL6,1/15/25,113.0,2/12/25,77.0,25C
s3://braingeneers/braindance/25-05-08_bee_drugs/,25178ic,k252a1/k252a1_cont_126,s3://braingeneers/braindance/25-05-08_bee_drugs/25178ic/k252a1/k252a1_cont_126.raw.h5,0,0.0,,False,spontaneous,338,True,43.0,25-05-08_bee_drugs,k252a1,False,,k252a,1,dorsal ,C57BL6,1/15/25,113.0,2/12/25,77.0,25C
s3://braingeneers/braindance/25-05-08_bee_drugs/,25178ic,k252a1/k252a1_cont_191,s3://braingeneers/braindance/25-05-08_bee_drugs/25178ic/k252a1/k252a1_cont_191.raw.h5,350,0.5,0.4999980695439893,True,stim,338,True,43.0,25-05-08_bee_drugs,k252a1,False,,k252a,1,dorsal ,C57BL6,1/15/25,113.0,2/12/25,77.0,25C
s3://braingeneers/braindance/25-05-08_bee_drugs/,25178ic,k252a1/k252a1_cont_312,s3://braingeneers/braindance/25-05-08_bee_drugs/25178ic/k252a1/k252a1_cont_312.raw.h5,0,0.0,,False,spontaneous,338,True,43.0,25-05-08_bee_drugs,k252a1,False,,k252a,1,dorsal ,C57BL6,1/15/25,113.0,2/12/25,77.0,25C
s3://braingeneers/braindance/25-05-08_bee_drugs/,25178ic,k252a1/k252a1_cont_182,s3://braingeneers/braindance/25-05-08_bee_drugs/25178ic/k252a1/k252a1_cont_182.raw.h5,0,0.0,,False,spontaneous,338,True,43.0,25-05-08_bee_drugs,k252a1,False,,k252a,1,dorsal ,C57BL6,1/15/25,113.0,2/12/25,77.0,25C
s3://braingeneers/braindance/25-05-08_bee_drugs/,25178ic,k252a1/k252a1_cont_4,s3://braingeneers/braindance/25-05-08_bee_drugs/25178ic/k252a1/k252a1_cont_4.raw.h5,0,0.0,,False,spontaneous,338,True,43.0,25-05-08_bee_drugs,k252a1,False,,k252a,1,dorsal ,C57BL6,1/15/25,113.0,2/12/25,77.0,25C
s3://braingeneers/braindance/25-05-08_bee_drugs/,25178ic,k252a1/k252a1_cont_313,s3://braingeneers/braindance/25-05-08_bee_drugs/25178ic/k252a1/k252a1_cont_313.raw.h5,700,1.0,1.0000031035103325,True,stim,338,True,43.0,25-05-08_bee_drugs,k252a1,False,,k252a,1,dorsal ,C57BL6,1/15/25,113.0,2/12/25,77.0,25C
s3://braingeneers/braindance/25-05-08_bee_drugs/,25178ic,k252a1/k252a1_cont_174,s3://braingeneers/braindance/25-05-08_bee_drugs/25178ic/k252a1/k252a1_cont_174.raw.h5,0,0.0,,False,spontaneous,338,True,43.0,25-05-08_bee_drugs,k252a1,False,,k252a,1,dorsal ,C57BL6,1/15/25,113.0,2/12/25,77.0,25C
s3://braingeneers/braindance/25-05-08_bee_drugs/,25178ic,k252a1/k252a1_cont_287,s3://braingeneers/braindance/25-05-08_bee_drugs/25178ic/k252a1/k252a1_cont_287.raw.h5,2800,4.0,3.999993696272899,True,stim,338,True,43.0,25-05-08_bee_drugs,k252a1,False,,k252a,1,dorsal ,C57BL6,1/15/25,113.0,2/12/25,77.0,25C
s3://braingeneers/braindance/25-05-08_bee_drugs/,25178ic,k252a1/k252a1_cont_98,s3://braingeneers/braindance/25-05-08_bee_drugs/25178ic/k252a1/k252a1_cont_98.raw.h5,0,0.0,,False,spontaneous,338,True,43.0,25-05-08_bee_drugs,k252a1,False,,k252a,1,dorsal ,C57BL6,1/15/25,113.0,2/12/25,77.0,25C
s3://braingeneers/braindance/25-05-08_bee_drugs/,25178ic,k252a1/k252a1_cont_22,s3://braingeneers/braindance/25-05-08_bee_drugs/25178ic/k252a1/k252a1_cont_22.raw.h5,0,0.0,,False,spontaneous,338,True,43.0,25-05-08_bee_drugs,k252a1,False,,k252a,1,dorsal ,C57BL6,1/15/25,113.0,2/12/25,77.0,25C
s3://braingeneers/braindance/25-05-08_bee_drugs/,25178ic,k252a1/k252a1_cont_232,s3://braingeneers/braindance/25-05-08_bee_drugs/25178ic/k252a1/k252a1_cont_232.raw.h5,0,0.0,,False,spontaneous,338,True,43.0,25-05-08_bee_drugs,k252a1,False,,k252a,1,dorsal ,C57BL6,1/15/25,113.0,2/12/25,77.0,25C
s3://braingeneers/braindance/25-05-08_bee_drugs/,25178ic,k252a1/k252a1_cont_302,s3://braingeneers/braindance/25-05-08_bee_drugs/25178ic/k252a1/k252a1_cont_302.raw.h5,0,0.0,,False,spontaneous,338,True,43.0,25-05-08_bee_drugs,k252a1,False,,k252a,1,dorsal ,C57BL6,1/15/25,113.0,2/12/25,77.0,25C
s3://braingeneers/braindance/25-05-08_bee_drugs/,25178ic,k252a1/k252a1_cont_200,s3://braingeneers/braindance/25-05-08_bee_drugs/25178ic/k252a1/k252a1_cont_200.raw.h5,0,0.0,,False,spontaneous,338,True,43.0,25-05-08_bee_drugs,k252a1,False,,k252a,1,dorsal ,C57BL6,1/15/25,113.0,2/12/25,77.0,25C
s3://braingeneers/braindance/25-05-08_bee_drugs/,25178ic,k252a1/k252a1_cont_267,s3://braingeneers/braindance/25-05-08_bee_drugs/25178ic/k252a1/k252a1_cont_267.raw.h5,2800,4.0,3.9999883874234383,True,stim,338,True,43.0,25-05-08_bee_drugs,k252a1,False,,k252a,1,dorsal ,C57BL6,1/15/25,113.0,2/12/25,77.0,25C
s3://braingeneers/braindance/25-05-08_bee_drugs/,25178ic,k252a1/k252a1_cont_62,s3://braingeneers/braindance/25-05-08_bee_drugs/25178ic/k252a1/k252a1_cont_62.raw.h5,0,0.0,,False,spontaneous,338,True,43.0,25-05-08_bee_drugs,k252a1,False,,k252a,1,dorsal ,C57BL6,1/15/25,113.0,2/12/25,77.0,25C
s3://braingeneers/braindance/25-05-08_bee_drugs/,25178ic,k252a1/k252a1_cont_209,s3://braingeneers/braindance/25-05-08_bee_drugs/25178ic/k252a1/k252a1_cont_209.raw.h5,5600,8.0,7.999939713769026,True,stim,338,True,43.0,25-05-08_bee_drugs,k252a1,False,,k252a,1,dorsal ,C57BL6,1/15/25,113.0,2/12/25,77.0,25C
s3://braingeneers/braindance/25-05-08_bee_drugs/,25178ic,k252a1/k252a1_cont_69,s3://braingeneers/braindance/25-05-08_bee_drugs/25178ic/k252a1/k252a1_cont_69.raw.h5,5600,8.0,7.999979197745052,True,stim,338,True,43.0,25-05-08_bee_drugs,k252a1,False,,k252a,1,dorsal ,C57BL6,1/15/25,113.0,2/12/25,77.0,25C
s3://braingeneers/braindance/25-05-08_bee_drugs/,25178ic,k252a1/k252a1_cont_138,s3://braingeneers/braindance/25-05-08_bee_drugs/25178ic/k252a1/k252a1_cont_138.raw.h5,0,0.0,,False,spontaneous,338,True,43.0,25-05-08_bee_drugs,k252a1,False,,k252a,1,dorsal ,C57BL6,1/15/25,113.0,2/12/25,77.0,25C
s3://braingeneers/braindance/25-05-08_bee_drugs/,25178ic,k252a1/k252a1_cont_212,s3://braingeneers/braindance/25-05-08_bee_drugs/25178ic/k252a1/k252a1_cont_212.raw.h5,0,0.0,,False,spontaneous,338,True,43.0,25-05-08_bee_drugs,k252a1,False,,k252a,1,dorsal ,C57BL6,1/15/25,113.0,2/12/25,77.0,25C
s3://braingeneers/braindance/25-05-08_bee_drugs/,25178ic,k252a1/k252a1_cont_271,s3://braingeneers/braindance/25-05-08_bee_drugs/25178ic/k252a1/k252a1_cont_271.raw.h5,350,0.5,0.5000003175116714,True,stim,338,True,43.0,25-05-08_bee_drugs,k252a1,False,,k252a,1,dorsal ,C57BL6,1/15/25,113.0,2/12/25,77.0,25C
s3://braingeneers/braindance/25-05-08_bee_drugs/,25178ic,k252a1/k252a1_cont_327,s3://braingeneers/braindance/25-05-08_bee_drugs/25178ic/k252a1/k252a1_cont_327.raw.h5,2800,4.0,3.9999865362367775,True,stim,338,True,43.0,25-05-08_bee_drugs,k252a1,False,,k252a,1,dorsal ,C57BL6,1/15/25,113.0,2/12/25,77.0,25C
s3://braingeneers/braindance/25-05-08_bee_drugs/,25178ic,k252a1/k252a1_cont_277,s3://braingeneers/braindance/25-05-08_bee_drugs/25178ic/k252a1/k252a1_cont_277.raw.h5,2800,4.0,3.999964462469388,True,stim,338,True,43.0,25-05-08_bee_drugs,k252a1,False,,k252a,1,dorsal ,C57BL6,1/15/25,113.0,2/12/25,77.0,25C
s3://braingeneers/braindance/25-05-08_bee_drugs/,25178ic,k252a1/k252a1_cont_122,s3://braingeneers/braindance/25-05-08_bee_drugs/25178ic/k252a1/k252a1_cont_122.raw.h5,0,0.0,,False,spontaneous,338,True,43.0,25-05-08_bee_drugs,k252a1,False,,k252a,1,dorsal ,C57BL6,1/15/25,113.0,2/12/25,77.0,25C
s3://braingeneers/braindance/25-05-08_bee_drugs/,25178ic,k252a1/k252a1_cont_47,s3://braingeneers/braindance/25-05-08_bee_drugs/25178ic/k252a1/k252a1_cont_47.raw.h5,2800,4.0,3.9999509653285217,True,stim,338,True,43.0,25-05-08_bee_drugs,k252a1,False,,k252a,1,dorsal ,C57BL6,1/15/25,113.0,2/12/25,77.0,25C
s3://braingeneers/braindance/25-05-08_bee_drugs/,25178ic,k252a1/k252a1_cont_57,s3://braingeneers/braindance/25-05-08_bee_drugs/25178ic/k252a1/k252a1_cont_57.raw.h5,2800,4.0,3.999984131881477,True,stim,338,True,43.0,25-05-08_bee_drugs,k252a1,False,,k252a,1,dorsal ,C57BL6,1/15/25,113.0,2/12/25,77.0,25C
s3://braingeneers/braindance/25-05-08_bee_drugs/,25178ic,k252a1/k252a1_cont_322,s3://braingeneers/braindance/25-05-08_bee_drugs/25178ic/k252a1/k252a1_cont_322.raw.h5,0,0.0,,False,spontaneous,338,True,43.0,25-05-08_bee_drugs,k252a1,False,,k252a,1,dorsal ,C57BL6,1/15/25,113.0,2/12/25,77.0,25C
s3://braingeneers/braindance/25-05-08_bee_drugs/,25178ic,k252a1/k252a1_cont_283,s3://braingeneers/braindance/25-05-08_bee_drugs/25178ic/k252a1/k252a1_cont_283.raw.h5,700,1.0,0.999989558153386,True,stim,338,True,43.0,25-05-08_bee_drugs,k252a1,False,,k252a,1,dorsal ,C57BL6,1/15/25,113.0,2/12/25,77.0,25C
s3://braingeneers/braindance/25-05-08_bee_drugs/,25178ic,k252a1/k252a1_cont_165,s3://braingeneers/braindance/25-05-08_bee_drugs/25178ic/k252a1/k252a1_cont_165.raw.h5,1400,2.0,1.9999944692390212,True,stim,338,True,43.0,25-05-08_bee_drugs,k252a1,False,,k252a,1,dorsal ,C57BL6,1/15/25,113.0,2/12/25,77.0,25C
s3://braingeneers/braindance/25-05-08_bee_drugs/,25178ic,k252a1/k252a1_cont_194,s3://braingeneers/braindance/25-05-08_bee_drugs/25178ic/k252a1/k252a1_cont_194.raw.h5,0,0.0,,False,spontaneous,338,True,43.0,25-05-08_bee_drugs,k252a1,False,,k252a,1,dorsal ,C57BL6,1/15/25,113.0,2/12/25,77.0,25C
s3://braingeneers/braindance/25-05-08_bee_drugs/,25178ic,k252a1/k252a1_cont_304,s3://braingeneers/braindance/25-05-08_bee_drugs/25178ic/k252a1/k252a1_cont_304.raw.h5,0,0.0,,False,spontaneous,338,True,43.0,25-05-08_bee_drugs,k252a1,False,,k252a,1,dorsal ,C57BL6,1/15/25,113.0,2/12/25,77.0,25C
s3://braingeneers/braindance/25-05-08_bee_drugs/,25178ic,k252a1/k252a1_cont_324,s3://braingeneers/braindance/25-05-08_bee_drugs/25178ic/k252a1/k252a1_cont_324.raw.h5,0,0.0,,False,spontaneous,338,True,43.0,25-05-08_bee_drugs,k252a1,False,,k252a,1,dorsal ,C57BL6,1/15/25,113.0,2/12/25,77.0,25C
s3://braingeneers/braindance/25-05-08_bee_drugs/,25178ic,k252a1/k252a1_cont,s3://braingeneers/braindance/25-05-08_bee_drugs/25178ic/k252a1/k252a1_cont.raw.h5,0,0.0,,False,spontaneous,338,True,43.0,25-05-08_bee_drugs,k252a1,False,,k252a,1,dorsal ,C57BL6,1/15/25,113.0,2/12/25,77.0,25C
s3://braingeneers/braindance/25-05-08_bee_drugs/,25178ic,k252a1/k252a1_cont_203,s3://braingeneers/braindance/25-05-08_bee_drugs/25178ic/k252a1/k252a1_cont_203.raw.h5,700,1.0,0.9999993622293086,True,stim,338,True,43.0,25-05-08_bee_drugs,k252a1,False,,k252a,1,dorsal ,C57BL6,1/15/25,113.0,2/12/25,77.0,25C
s3://braingeneers/braindance/25-05-08_bee_drugs/,25178ic,k252a1/k252a1_cont_286,s3://braingeneers/braindance/25-05-08_bee_drugs/25178ic/k252a1/k252a1_cont_286.raw.h5,0,0.0,,False,spontaneous,338,True,43.0,25-05-08_bee_drugs,k252a1,False,,k252a,1,dorsal ,C57BL6,1/15/25,113.0,2/12/25,77.0,25C
s3://braingeneers/braindance/25-05-08_bee_drugs/,25178ic,k252a1/k252a1_cont_127,s3://braingeneers/braindance/25-05-08_bee_drugs/25178ic/k252a1/k252a1_cont_127.raw.h5,2800,4.0,3.999990104736182,True,stim,338,True,43.0,25-05-08_bee_drugs,k252a1,False,,k252a,1,dorsal ,C57BL6,1/15/25,113.0,2/12/25,77.0,25C
s3://braingeneers/braindance/25-05-08_bee_drugs/,25178ic,k252a1/k252a1_cont_39,s3://braingeneers/braindance/25-05-08_bee_drugs/25178ic/k252a1/k252a1_cont_39.raw.h5,5600,8.0,7.9999544161654175,True,stim,338,True,43.0,25-05-08_bee_drugs,k252a1,False,,k252a,1,dorsal ,C57BL6,1/15/25,113.0,2/12/25,77.0,25C
s3://braingeneers/braindance/25-05-08_bee_drugs/,25178ic,k252a1/k252a1_cont_52,s3://braingeneers/braindance/25-05-08_bee_drugs/25178ic/k252a1/k252a1_cont_52.raw.h5,0,0.0,,False,spontaneous,338,True,43.0,25-05-08_bee_drugs,k252a1,False,,k252a,1,dorsal ,C57BL6,1/15/25,113.0,2/12/25,77.0,25C
s3://braingeneers/braindance/25-05-08_bee_drugs/,25178ic,k252a1/k252a1_cont_117,s3://braingeneers/braindance/25-05-08_bee_drugs/25178ic/k252a1/k252a1_cont_117.raw.h5,2800,4.0,3.999969265945348,True,stim,338,True,43.0,25-05-08_bee_drugs,k252a1,False,,k252a,1,dorsal ,C57BL6,1/15/25,113.0,2/12/25,77.0,25C
s3://braingeneers/braindance/25-05-08_bee_drugs/,25178ic,k252a1/k252a1_cont_81,s3://braingeneers/braindance/25-05-08_bee_drugs/25178ic/k252a1/k252a1_cont_81.raw.h5,350,0.5,0.4999945168230241,True,stim,338,True,43.0,25-05-08_bee_drugs,k252a1,False,,k252a,1,dorsal ,C57BL6,1/15/25,113.0,2/12/25,77.0,25C
s3://braingeneers/braindance/25-05-08_bee_drugs/,25178ic,k252a1/k252a1_cont_110,s3://braingeneers/braindance/25-05-08_bee_drugs/25178ic/k252a1/k252a1_cont_110.raw.h5,0,0.0,,False,spontaneous,338,True,43.0,25-05-08_bee_drugs,k252a1,False,,k252a,1,dorsal ,C57BL6,1/15/25,113.0,2/12/25,77.0,25C
s3://braingeneers/braindance/25-05-08_bee_drugs/,25178ic,k252a1/k252a1_cont_94,s3://braingeneers/braindance/25-05-08_bee_drugs/25178ic/k252a1/k252a1_cont_94.raw.h5,0,0.0,,False,spontaneous,338,True,43.0,25-05-08_bee_drugs,k252a1,False,,k252a,1,dorsal ,C57BL6,1/15/25,113.0,2/12/25,77.0,25C
s3://braingeneers/braindance/25-05-08_bee_drugs/,25178ic,k252a1/k252a1_cont_164,s3://braingeneers/braindance/25-05-08_bee_drugs/25178ic/k252a1/k252a1_cont_164.raw.h5,0,0.0,,False,spontaneous,338,True,43.0,25-05-08_bee_drugs,k252a1,False,,k252a,1,dorsal ,C57BL6,1/15/25,113.0,2/12/25,77.0,25C
s3://braingeneers/braindance/25-05-08_bee_drugs/,25178ic,k252a1/k252a1_cont_244,s3://braingeneers/braindance/25-05-08_bee_drugs/25178ic/k252a1/k252a1_cont_244.raw.h5,0,0.0,,False,spontaneous,338,True,43.0,25-05-08_bee_drugs,k252a1,False,,k252a,1,dorsal ,C57BL6,1/15/25,113.0,2/12/25,77.0,25C
s3://braingeneers/braindance/25-05-08_bee_drugs/,25178ic,k252a1/k252a1_cont_134,s3://braingeneers/braindance/25-05-08_bee_drugs/25178ic/k252a1/k252a1_cont_134.raw.h5,0,0.0,,False,spontaneous,338,True,43.0,25-05-08_bee_drugs,k252a1,False,,k252a,1,dorsal ,C57BL6,1/15/25,113.0,2/12/25,77.0,25C
s3://braingeneers/braindance/25-05-08_bee_drugs/,25178ic,k252a1/k252a1_cont_260,s3://braingeneers/braindance/25-05-08_bee_drugs/25178ic/k252a1/k252a1_cont_260.raw.h5,0,0.0,,False,spontaneous,338,True,43.0,25-05-08_bee_drugs,k252a1,False,,k252a,1,dorsal ,C57BL6,1/15/25,113.0,2/12/25,77.0,25C
s3://braingeneers/braindance/25-05-08_bee_drugs/,25178ic,k252a1/k252a1_cont_229,s3://braingeneers/braindance/25-05-08_bee_drugs/25178ic/k252a1/k252a1_cont_229.raw.h5,5600,8.0,7.9999249795469805,True,stim,338,True,43.0,25-05-08_bee_drugs,k252a1,False,,k252a,1,dorsal ,C57BL6,1/15/25,113.0,2/12/25,77.0,25C
s3://braingeneers/braindance/25-05-08_bee_drugs/,25178ic,k252a1/k252a1_cont_185,s3://braingeneers/braindance/25-05-08_bee_drugs/25178ic/k252a1/k252a1_cont_185.raw.h5,1400,2.0,2.000002315001988,True,stim,338,True,43.0,25-05-08_bee_drugs,k252a1,False,,k252a,1,dorsal ,C57BL6,1/15/25,113.0,2/12/25,77.0,25C
s3://braingeneers/braindance/25-05-08_bee_drugs/,25178ic,k252a1/k252a1_cont_276,s3://braingeneers/braindance/25-05-08_bee_drugs/25178ic/k252a1/k252a1_cont_276.raw.h5,0,0.0,,False,spontaneous,338,True,43.0,25-05-08_bee_drugs,k252a1,False,,k252a,1,dorsal ,C57BL6,1/15/25,113.0,2/12/25,77.0,25C
s3://braingeneers/braindance/25-05-08_bee_drugs/,25178ic,k252a1/k252a1_cont_149,s3://braingeneers/braindance/25-05-08_bee_drugs/25178ic/k252a1/k252a1_cont_149.raw.h5,5600,8.0,7.999970387564617,True,stim,338,True,43.0,25-05-08_bee_drugs,k252a1,False,,k252a,1,dorsal ,C57BL6,1/15/25,113.0,2/12/25,77.0,25C
s3://braingeneers/braindance/25-05-08_bee_drugs/,25178ic,k252a1/k252a1_cont_241,s3://braingeneers/braindance/25-05-08_bee_drugs/25178ic/k252a1/k252a1_cont_241.raw.h5,350,0.5,0.4999986738394905,True,stim,338,True,43.0,25-05-08_bee_drugs,k252a1,False,,k252a,1,dorsal ,C57BL6,1/15/25,113.0,2/12/25,77.0,25C
s3://braingeneers/braindance/25-05-08_bee_drugs/,25178ic,k252a1/k252a1_cont_144,s3://braingeneers/braindance/25-05-08_bee_drugs/25178ic/k252a1/k252a1_cont_144.raw.h5,0,0.0,,False,spontaneous,338,True,43.0,25-05-08_bee_drugs,k252a1,False,,k252a,1,dorsal ,C57BL6,1/15/25,113.0,2/12/25,77.0,25C
s3://braingeneers/braindance/25-05-08_bee_drugs/,25178ic,k252a1/k252a1_cont_175,s3://braingeneers/braindance/25-05-08_bee_drugs/25178ic/k252a1/k252a1_cont_175.raw.h5,1400,2.0,1.9999821053123876,True,stim,338,True,43.0,25-05-08_bee_drugs,k252a1,False,,k252a,1,dorsal ,C57BL6,1/15/25,113.0,2/12/25,77.0,25C
s3://braingeneers/braindance/25-05-08_bee_drugs/,25178ic,k252a1/k252a1_cont_294,s3://braingeneers/braindance/25-05-08_bee_drugs/25178ic/k252a1/k252a1_cont_294.raw.h5,0,0.0,,False,spontaneous,338,True,43.0,25-05-08_bee_drugs,k252a1,False,,k252a,1,dorsal ,C57BL6,1/15/25,113.0,2/12/25,77.0,25C
s3://braingeneers/braindance/25-05-08_bee_drugs/,25178ic,k252a1/k252a1_cont_199,s3://braingeneers/braindance/25-05-08_bee_drugs/25178ic/k252a1/k252a1_cont_199.raw.h5,5600,8.0,7.99994976752829,True,stim,338,True,43.0,25-05-08_bee_drugs,k252a1,False,,k252a,1,dorsal ,C57BL6,1/15/25,113.0,2/12/25,77.0,25C
s3://braingeneers/braindance/25-05-08_bee_drugs/,25178ic,k252a1/k252a1_cont_87,s3://braingeneers/braindance/25-05-08_bee_drugs/25178ic/k252a1/k252a1_cont_87.raw.h5,2800,4.0,3.999991522464574,True,stim,338,True,43.0,25-05-08_bee_drugs,k252a1,False,,k252a,1,dorsal ,C57BL6,1/15/25,113.0,2/12/25,77.0,25C
s3://braingeneers/braindance/25-05-08_bee_drugs/,25178ic,k252a1/k252a1_cont_198,s3://braingeneers/braindance/25-05-08_bee_drugs/25178ic/k252a1/k252a1_cont_198.raw.h5,0,0.0,,False,spontaneous,338,True,43.0,25-05-08_bee_drugs,k252a1,False,,k252a,1,dorsal ,C57BL6,1/15/25,113.0,2/12/25,77.0,25C
s3://braingeneers/braindance/25-05-08_bee_drugs/,25178ic,k252a1/k252a1_cont_221,s3://braingeneers/braindance/25-05-08_bee_drugs/25178ic/k252a1/k252a1_cont_221.raw.h5,350,0.5,0.4999985556116302,True,stim,338,True,43.0,25-05-08_bee_drugs,k252a1,False,,k252a,1,dorsal ,C57BL6,1/15/25,113.0,2/12/25,77.0,25C
s3://braingeneers/braindance/25-05-08_bee_drugs/,25178ic,k252a1/k252a1_cont_28,s3://braingeneers/braindance/25-05-08_bee_drugs/25178ic/k252a1/k252a1_cont_28.raw.h5,0,0.0,,False,spontaneous,338,True,43.0,25-05-08_bee_drugs,k252a1,False,,k252a,1,dorsal ,C57BL6,1/15/25,113.0,2/12/25,77.0,25C
s3://braingeneers/braindance/25-05-08_bee_drugs/,25178ic,k252a1/k252a1_cont_133,s3://braingeneers/braindance/25-05-08_bee_drugs/25178ic/k252a1/k252a1_cont_133.raw.h5,700,1.0,1.00000239758944,True,stim,338,True,43.0,25-05-08_bee_drugs,k252a1,False,,k252a,1,dorsal ,C57BL6,1/15/25,113.0,2/12/25,77.0,25C
s3://braingeneers/braindance/25-05-08_bee_drugs/,25178ic,k252a1/k252a1_cont_40,s3://braingeneers/braindance/25-05-08_bee_drugs/25178ic/k252a1/k252a1_cont_40.raw.h5,0,0.0,,False,spontaneous,338,True,43.0,25-05-08_bee_drugs,k252a1,False,,k252a,1,dorsal ,C57BL6,1/15/25,113.0,2/12/25,77.0,25C
s3://braingeneers/braindance/25-05-08_bee_drugs/,25178ic,k252a1/k252a1_cont_292,s3://braingeneers/braindance/25-05-08_bee_drugs/25178ic/k252a1/k252a1_cont_292.raw.h5,0,0.0,,False,spontaneous,338,True,43.0,25-05-08_bee_drugs,k252a1,False,,k252a,1,dorsal ,C57BL6,1/15/25,113.0,2/12/25,77.0,25C
s3://braingeneers/braindance/25-05-08_bee_drugs/,25178ic,k252a1/k252a1_cont_74,s3://braingeneers/braindance/25-05-08_bee_drugs/25178ic/k252a1/k252a1_cont_74.raw.h5,0,0.0,,False,spontaneous,338,True,43.0,25-05-08_bee_drugs,k252a1,False,,k252a,1,dorsal ,C57BL6,1/15/25,113.0,2/12/25,77.0,25C
s3://braingeneers/braindance/25-05-08_bee_drugs/,25178ic,k252a1/k252a1_cont_205,s3://braingeneers/braindance/25-05-08_bee_drugs/25178ic/k252a1/k252a1_cont_205.raw.h5,1400,2.0,1.999995231408039,True,stim,338,True,43.0,25-05-08_bee_drugs,k252a1,False,,k252a,1,dorsal ,C57BL6,1/15/25,113.0,2/12/25,77.0,25C
s3://braingeneers/braindance/25-05-08_bee_drugs/,25178ic,k252a1/k252a1_cont_216,s3://braingeneers/braindance/25-05-08_bee_drugs/25178ic/k252a1/k252a1_cont_216.raw.h5,0,0.0,,False,spontaneous,338,True,43.0,25-05-08_bee_drugs,k252a1,False,,k252a,1,dorsal ,C57BL6,1/15/25,113.0,2/12/25,77.0,25C
s3://braingeneers/braindance/25-05-08_bee_drugs/,25178ic,k252a1/k252a1_cont_55,s3://braingeneers/braindance/25-05-08_bee_drugs/25178ic/k252a1/k252a1_cont_55.raw.h5,1400,2.0,1.9999954153814776,True,stim,338,True,43.0,25-05-08_bee_drugs,k252a1,False,,k252a,1,dorsal ,C57BL6,1/15/25,113.0,2/12/25,77.0,25C
s3://braingeneers/braindance/25-05-08_bee_drugs/,25178ic,k252a1/k252a1_cont_223,s3://braingeneers/braindance/25-05-08_bee_drugs/25178ic/k252a1/k252a1_cont_223.raw.h5,700,1.0,0.9999941554189986,True,stim,338,True,43.0,25-05-08_bee_drugs,k252a1,False,,k252a,1,dorsal ,C57BL6,1/15/25,113.0,2/12/25,77.0,25C
s3://braingeneers/braindance/25-05-08_bee_drugs/,25178ic,k252a1/k252a1_cont_33,s3://braingeneers/braindance/25-05-08_bee_drugs/25178ic/k252a1/k252a1_cont_33.raw.h5,700,1.0,1.0000023831516018,True,stim,338,True,43.0,25-05-08_bee_drugs,k252a1,False,,k252a,1,dorsal ,C57BL6,1/15/25,113.0,2/12/25,77.0,25C
s3://braingeneers/braindance/25-05-08_bee_drugs/,25178ic,k252a1/k252a1_cont_299,s3://braingeneers/braindance/25-05-08_bee_drugs/25178ic/k252a1/k252a1_cont_299.raw.h5,5600,8.0,7.999926674755504,True,stim,338,True,43.0,25-05-08_bee_drugs,k252a1,False,,k252a,1,dorsal ,C57BL6,1/15/25,113.0,2/12/25,77.0,25C
s3://braingeneers/braindance/25-05-08_bee_drugs/,25178ic,k252a1/k252a1_cont_250,s3://braingeneers/braindance/25-05-08_bee_drugs/25178ic/k252a1/k252a1_cont_250.raw.h5,0,0.0,,False,spontaneous,338,True,43.0,25-05-08_bee_drugs,k252a1,False,,k252a,1,dorsal ,C57BL6,1/15/25,113.0,2/12/25,77.0,25C
s3://braingeneers/braindance/25-05-08_bee_drugs/,25178ic,k252a1/k252a1_cont_162,s3://braingeneers/braindance/25-05-08_bee_drugs/25178ic/k252a1/k252a1_cont_162.raw.h5,0,0.0,,False,spontaneous,338,True,43.0,25-05-08_bee_drugs,k252a1,False,,k252a,1,dorsal ,C57BL6,1/15/25,113.0,2/12/25,77.0,25C
s3://braingeneers/braindance/25-05-08_bee_drugs/,25178ic,k252a1/k252a1_cont_163,s3://braingeneers/braindance/25-05-08_bee_drugs/25178ic/k252a1/k252a1_cont_163.raw.h5,700,1.0,0.9999907555732958,True,stim,338,True,43.0,25-05-08_bee_drugs,k252a1,False,,k252a,1,dorsal ,C57BL6,1/15/25,113.0,2/12/25,77.0,25C
s3://braingeneers/braindance/25-05-08_bee_drugs/,25178ic,k252a1/k252a1_cont_70,s3://braingeneers/braindance/25-05-08_bee_drugs/25178ic/k252a1/k252a1_cont_70.raw.h5,0,0.0,,False,spontaneous,338,True,43.0,25-05-08_bee_drugs,k252a1,False,,k252a,1,dorsal ,C57BL6,1/15/25,113.0,2/12/25,77.0,25C
s3://braingeneers/braindance/25-05-08_bee_drugs/,25178ic,k252a1/k252a1_cont_132,s3://braingeneers/braindance/25-05-08_bee_drugs/25178ic/k252a1/k252a1_cont_132.raw.h5,0,0.0,,False,spontaneous,338,True,43.0,25-05-08_bee_drugs,k252a1,False,,k252a,1,dorsal ,C57BL6,1/15/25,113.0,2/12/25,77.0,25C
s3://braingeneers/braindance/25-05-08_bee_drugs/,25178ic,k252a1/k252a1_cont_77,s3://braingeneers/braindance/25-05-08_bee_drugs/25178ic/k252a1/k252a1_cont_77.raw.h5,2800,4.0,3.9999783432112297,True,stim,338,True,43.0,25-05-08_bee_drugs,k252a1,False,,k252a,1,dorsal ,C57BL6,1/15/25,113.0,2/12/25,77.0,25C
s3://braingeneers/braindance/25-05-08_bee_drugs/,25178ic,k252a1/k252a1_cont_225,s3://braingeneers/braindance/25-05-08_bee_drugs/25178ic/k252a1/k252a1_cont_225.raw.h5,1400,2.0,1.9999975787934896,True,stim,338,True,43.0,25-05-08_bee_drugs,k252a1,False,,k252a,1,dorsal ,C57BL6,1/15/25,113.0,2/12/25,77.0,25C
s3://braingeneers/braindance/25-05-08_bee_drugs/,25178ic,k252a1/k252a1_cont_290,s3://braingeneers/braindance/25-05-08_bee_drugs/25178ic/k252a1/k252a1_cont_290.raw.h5,0,0.0,,False,spontaneous,338,True,43.0,25-05-08_bee_drugs,k252a1,False,,k252a,1,dorsal ,C57BL6,1/15/25,113.0,2/12/25,77.0,25C
s3://braingeneers/braindance/25-05-08_bee_drugs/,25178ic,k252a1/k252a1_cont_82,s3://braingeneers/braindance/25-05-08_bee_drugs/25178ic/k252a1/k252a1_cont_82.raw.h5,0,0.0,,False,spontaneous,338,True,43.0,25-05-08_bee_drugs,k252a1,False,,k252a,1,dorsal ,C57BL6,1/15/25,113.0,2/12/25,77.0,25C
s3://braingeneers/braindance/25-05-08_bee_drugs/,25178ic,k252a1/k252a1_cont_106,s3://braingeneers/braindance/25-05-08_bee_drugs/25178ic/k252a1/k252a1_cont_106.raw.h5,0,0.0,,False,spontaneous,338,True,43.0,25-05-08_bee_drugs,k252a1,False,,k252a,1,dorsal ,C57BL6,1/15/25,113.0,2/12/25,77.0,25C
s3://braingeneers/braindance/25-05-08_bee_drugs/,25178ic,k252a1/k252a1_cont_16,s3://braingeneers/braindance/25-05-08_bee_drugs/25178ic/k252a1/k252a1_cont_16.raw.h5,0,0.0,,False,spontaneous,338,True,43.0,25-05-08_bee_drugs,k252a1,False,,k252a,1,dorsal ,C57BL6,1/15/25,113.0,2/12/25,77.0,25C
s3://braingeneers/braindance/25-05-08_bee_drugs/,25178ic,k252a1/k252a1_cont_91,s3://braingeneers/braindance/25-05-08_bee_drugs/25178ic/k252a1/k252a1_cont_91.raw.h5,350,0.5,0.5000013441132111,True,stim,338,True,43.0,25-05-08_bee_drugs,k252a1,False,,k252a,1,dorsal ,C57BL6,1/15/25,113.0,2/12/25,77.0,25C
s3://braingeneers/braindance/25-05-08_bee_drugs/,25178ic,k252a1/k252a1_cont_167,s3://braingeneers/braindance/25-05-08_bee_drugs/25178ic/k252a1/k252a1_cont_167.raw.h5,2800,4.0,3.999976163577601,True,stim,338,True,43.0,25-05-08_bee_drugs,k252a1,False,,k252a,1,dorsal ,C57BL6,1/15/25,113.0,2/12/25,77.0,25C
s3://braingeneers/braindance/25-05-08_bee_drugs/,25178ic,k252a1/k252a1_cont_325,s3://braingeneers/braindance/25-05-08_bee_drugs/25178ic/k252a1/k252a1_cont_325.raw.h5,1400,2.0,1.9999813692428596,True,stim,338,True,43.0,25-05-08_bee_drugs,k252a1,False,,k252a,1,dorsal ,C57BL6,1/15/25,113.0,2/12/25,77.0,25C
s3://braingeneers/braindance/25-05-08_bee_drugs/,25178ic,k252a1/k252a1_cont_230,s3://braingeneers/braindance/25-05-08_bee_drugs/25178ic/k252a1/k252a1_cont_230.raw.h5,0,0.0,,False,spontaneous,338,True,43.0,25-05-08_bee_drugs,k252a1,False,,k252a,1,dorsal ,C57BL6,1/15/25,113.0,2/12/25,77.0,25C
s3://braingeneers/braindance/25-05-08_bee_drugs/,25178ic,k252a1/k252a1_cont_179,s3://braingeneers/braindance/25-05-08_bee_drugs/25178ic/k252a1/k252a1_cont_179.raw.h5,5600,8.0,7.999973266252606,True,stim,338,True,43.0,25-05-08_bee_drugs,k252a1,False,,k252a,1,dorsal ,C57BL6,1/15/25,113.0,2/12/25,77.0,25C
s3://braingeneers/braindance/25-05-08_bee_drugs/,25178ic,k252a1/k252a1_cont_300,s3://braingeneers/braindance/25-05-08_bee_drugs/25178ic/k252a1/k252a1_cont_300.raw.h5,0,0.0,,False,spontaneous,338,True,43.0,25-05-08_bee_drugs,k252a1,False,,k252a,1,dorsal ,C57BL6,1/15/25,113.0,2/12/25,77.0,25C
s3://braingeneers/braindance/25-05-08_bee_drugs/,25178ic,k252a1/k252a1_cont_96,s3://braingeneers/braindance/25-05-08_bee_drugs/25178ic/k252a1/k252a1_cont_96.raw.h5,0,0.0,,False,spontaneous,338,True,43.0,25-05-08_bee_drugs,k252a1,False,,k252a,1,dorsal ,C57BL6,1/15/25,113.0,2/12/25,77.0,25C
s3://braingeneers/braindance/25-05-08_bee_drugs/,25178ic,k252a1/k252a1_cont_335,s3://braingeneers/braindance/25-05-08_bee_drugs/25178ic/k252a1/k252a1_cont_335.raw.h5,1400,2.0,1.9999992184306064,True,stim,338,True,43.0,25-05-08_bee_drugs,k252a1,False,,k252a,1,dorsal ,C57BL6,1/15/25,113.0,2/12/25,77.0,25C
s3://braingeneers/braindance/25-05-08_bee_drugs/,25178ic,k252a1/k252a1_cont_275,s3://braingeneers/braindance/25-05-08_bee_drugs/25178ic/k252a1/k252a1_cont_275.raw.h5,1400,2.0,1.9999973094303425,True,stim,338,True,43.0,25-05-08_bee_drugs,k252a1,False,,k252a,1,dorsal ,C57BL6,1/15/25,113.0,2/12/25,77.0,25C
s3://braingeneers/braindance/25-05-08_bee_drugs/,25178ic,k252a1/k252a1_cont_21,s3://braingeneers/braindance/25-05-08_bee_drugs/25178ic/k252a1/k252a1_cont_21.raw.h5,350,0.5,0.4999961923312911,True,stim,338,True,43.0,25-05-08_bee_drugs,k252a1,False,,k252a,1,dorsal ,C57BL6,1/15/25,113.0,2/12/25,77.0,25C
s3://braingeneers/braindance/25-05-08_bee_drugs/,25178ic,k252a1/k252a1_cont_1,s3://braingeneers/braindance/25-05-08_bee_drugs/25178ic/k252a1/k252a1_cont_1.raw.h5,350,0.5,0.4999988371474035,True,stim,338,True,43.0,25-05-08_bee_drugs,k252a1,False,,k252a,1,dorsal ,C57BL6,1/15/25,113.0,2/12/25,77.0,25C
s3://braingeneers/braindance/25-05-08_bee_drugs/,25178ic,k252a1/k252a1_cont_105,s3://braingeneers/braindance/25-05-08_bee_drugs/25178ic/k252a1/k252a1_cont_105.raw.h5,1400,2.0,1.999984655239955,True,stim,338,True,43.0,25-05-08_bee_drugs,k252a1,False,,k252a,1,dorsal ,C57BL6,1/15/25,113.0,2/12/25,77.0,25C
s3://braingeneers/braindance/25-05-08_bee_drugs/,25178ic,k252a1/k252a1_cont_114,s3://braingeneers/braindance/25-05-08_bee_drugs/25178ic/k252a1/k252a1_cont_114.raw.h5,0,0.0,,False,spontaneous,338,True,43.0,25-05-08_bee_drugs,k252a1,False,,k252a,1,dorsal ,C57BL6,1/15/25,113.0,2/12/25,77.0,25C
s3://braingeneers/braindance/25-05-08_bee_drugs/,25178ic,k252a1/k252a1_cont_143,s3://braingeneers/braindance/25-05-08_bee_drugs/25178ic/k252a1/k252a1_cont_143.raw.h5,700,1.0,0.9999958004568336,True,stim,338,True,43.0,25-05-08_bee_drugs,k252a1,False,,k252a,1,dorsal ,C57BL6,1/15/25,113.0,2/12/25,77.0,25C
s3://braingeneers/braindance/25-05-08_bee_drugs/,25178ic,k252a1/k252a1_cont_187,s3://braingeneers/braindance/25-05-08_bee_drugs/25178ic/k252a1/k252a1_cont_187.raw.h5,2800,4.0,3.999994708225643,True,stim,338,True,43.0,25-05-08_bee_drugs,k252a1,False,,k252a,1,dorsal ,C57BL6,1/15/25,113.0,2/12/25,77.0,25C
s3://braingeneers/braindance/25-05-08_bee_drugs/,25178ic,k252a1/k252a1_cont_85,s3://braingeneers/braindance/25-05-08_bee_drugs/25178ic/k252a1/k252a1_cont_85.raw.h5,1400,2.0,2.000012474122121,True,stim,338,True,43.0,25-05-08_bee_drugs,k252a1,False,,k252a,1,dorsal ,C57BL6,1/15/25,113.0,2/12/25,77.0,25C
s3://braingeneers/braindance/25-05-08_bee_drugs/,25178ic,k252a1/k252a1_cont_180,s3://braingeneers/braindance/25-05-08_bee_drugs/25178ic/k252a1/k252a1_cont_180.raw.h5,0,0.0,,False,spontaneous,338,True,43.0,25-05-08_bee_drugs,k252a1,False,,k252a,1,dorsal ,C57BL6,1/15/25,113.0,2/12/25,77.0,25C
s3://braingeneers/braindance/25-05-08_bee_drugs/,25178ic,k252a1/k252a1_cont_64,s3://braingeneers/braindance/25-05-08_bee_drugs/25178ic/k252a1/k252a1_cont_64.raw.h5,0,0.0,,False,spontaneous,338,True,43.0,25-05-08_bee_drugs,k252a1,False,,k252a,1,dorsal ,C57BL6,1/15/25,113.0,2/12/25,77.0,25C
s3://braingeneers/braindance/25-05-08_bee_drugs/,25178ic,k252a1/k252a1_cont_336,s3://braingeneers/braindance/25-05-08_bee_drugs/25178ic/k252a1/k252a1_cont_336.raw.h5,0,0.0,,False,spontaneous,338,True,43.0,25-05-08_bee_drugs,k252a1,False,,k252a,1,dorsal ,C57BL6,1/15/25,113.0,2/12/25,77.0,25C
s3://braingeneers/braindance/25-05-08_bee_drugs/,25178ic,k252a1/k252a1_cont_252,s3://braingeneers/braindance/25-05-08_bee_drugs/25178ic/k252a1/k252a1_cont_252.raw.h5,0,0.0,,False,spontaneous,338,True,43.0,25-05-08_bee_drugs,k252a1,False,,k252a,1,dorsal ,C57BL6,1/15/25,113.0,2/12/25,77.0,25C
s3://braingeneers/braindance/25-05-08_bee_drugs/,25178ic,k252a1/k252a1_cont_204,s3://braingeneers/braindance/25-05-08_bee_drugs/25178ic/k252a1/k252a1_cont_204.raw.h5,0,0.0,,False,spontaneous,338,True,43.0,25-05-08_bee_drugs,k252a1,False,,k252a,1,dorsal ,C57BL6,1/15/25,113.0,2/12/25,77.0,25C
s3://braingeneers/braindance/25-05-08_bee_drugs/,25178ic,k252a1/k252a1_cont_259,s3://braingeneers/braindance/25-05-08_bee_drugs/25178ic/k252a1/k252a1_cont_259.raw.h5,5600,8.0,7.999973751433191,True,stim,338,True,43.0,25-05-08_bee_drugs,k252a1,False,,k252a,1,dorsal ,C57BL6,1/15/25,113.0,2/12/25,77.0,25C
s3://braingeneers/braindance/25-05-08_bee_drugs/,25178ic,k252a1/k252a1_cont_68,s3://braingeneers/braindance/25-05-08_bee_drugs/25178ic/k252a1/k252a1_cont_68.raw.h5,0,0.0,,False,spontaneous,338,True,43.0,25-05-08_bee_drugs,k252a1,False,,k252a,1,dorsal ,C57BL6,1/15/25,113.0,2/12/25,77.0,25C
s3://braingeneers/braindance/25-05-08_bee_drugs/,25178ic,k252a1/k252a1_cont_152,s3://braingeneers/braindance/25-05-08_bee_drugs/25178ic/k252a1/k252a1_cont_152.raw.h5,0,0.0,,False,spontaneous,338,True,43.0,25-05-08_bee_drugs,k252a1,False,,k252a,1,dorsal ,C57BL6,1/15/25,113.0,2/12/25,77.0,25C
s3://braingeneers/braindance/25-05-08_bee_drugs/,25178ic,k252a1/k252a1_cont_92,s3://braingeneers/braindance/25-05-08_bee_drugs/25178ic/k252a1/k252a1_cont_92.raw.h5,0,0.0,,False,spontaneous,338,True,43.0,25-05-08_bee_drugs,k252a1,False,,k252a,1,dorsal ,C57BL6,1/15/25,113.0,2/12/25,77.0,25C
s3://braingeneers/braindance/25-05-08_bee_drugs/,25178ic,k252a1/k252a1_cont_153,s3://braingeneers/braindance/25-05-08_bee_drugs/25178ic/k252a1/k252a1_cont_153.raw.h5,700,1.0,0.9999972424940304,True,stim,338,True,43.0,25-05-08_bee_drugs,k252a1,False,,k252a,1,dorsal ,C57BL6,1/15/25,113.0,2/12/25,77.0,25C
s3://braingeneers/braindance/25-05-08_bee_drugs/,25178ic,k252a1/k252a1_cont_333,s3://braingeneers/braindance/25-05-08_bee_drugs/25178ic/k252a1/k252a1_cont_333.raw.h5,700,1.0,0.9999988047539528,True,stim,338,True,43.0,25-05-08_bee_drugs,k252a1,False,,k252a,1,dorsal ,C57BL6,1/15/25,113.0,2/12/25,77.0,25C
s3://braingeneers/braindance/25-05-08_bee_drugs/,25178ic,k252a1/k252a1_cont_118,s3://braingeneers/braindance/25-05-08_bee_drugs/25178ic/k252a1/k252a1_cont_118.raw.h5,0,0.0,,False,spontaneous,338,True,43.0,25-05-08_bee_drugs,k252a1,False,,k252a,1,dorsal ,C57BL6,1/15/25,113.0,2/12/25,77.0,25C
s3://braingeneers/braindance/25-05-08_bee_drugs/,25178ic,k252a1/k252a1_cont_156,s3://braingeneers/braindance/25-05-08_bee_drugs/25178ic/k252a1/k252a1_cont_156.raw.h5,0,0.0,,False,spontaneous,338,True,43.0,25-05-08_bee_drugs,k252a1,False,,k252a,1,dorsal ,C57BL6,1/15/25,113.0,2/12/25,77.0,25C
s3://braingeneers/braindance/25-05-08_bee_drugs/,25178ic,k252a1/k252a1_cont_193,s3://braingeneers/braindance/25-05-08_bee_drugs/25178ic/k252a1/k252a1_cont_193.raw.h5,700,1.0,0.999989584244405,True,stim,338,True,43.0,25-05-08_bee_drugs,k252a1,False,,k252a,1,dorsal ,C57BL6,1/15/25,113.0,2/12/25,77.0,25C
s3://braingeneers/braindance/25-05-08_bee_drugs/,25178ic,k252a1/k252a1_cont_123,s3://braingeneers/braindance/25-05-08_bee_drugs/25178ic/k252a1/k252a1_cont_123.raw.h5,700,1.0,1.0000002879399954,True,stim,338,True,43.0,25-05-08_bee_drugs,k252a1,False,,k252a,1,dorsal ,C57BL6,1/15/25,113.0,2/12/25,77.0,25C
s3://braingeneers/braindance/25-05-08_bee_drugs/,25178ic,k252a1/k252a1_cont_146,s3://braingeneers/braindance/25-05-08_bee_drugs/25178ic/k252a1/k252a1_cont_146.raw.h5,0,0.0,,False,spontaneous,338,True,43.0,25-05-08_bee_drugs,k252a1,False,,k252a,1,dorsal ,C57BL6,1/15/25,113.0,2/12/25,77.0,25C
s3://braingeneers/braindance/25-05-08_bee_drugs/,25178ic,k252a1/k252a1,s3://braingeneers/braindance/25-05-08_bee_drugs/25178ic/k252a1/k252a1.raw.h5,0,0.0,,False,spontaneous,338,True,43.0,25-05-08_bee_drugs,k252a1,True,,k252a,1,dorsal ,C57BL6,1/15/25,113.0,2/12/25,77.0,25C
s3://braingeneers/braindance/25-05-08_bee_drugs/,25178ic,k252a1/k252a1_cont_76,s3://braingeneers/braindance/25-05-08_bee_drugs/25178ic/k252a1/k252a1_cont_76.raw.h5,0,0.0,,False,spontaneous,338,True,43.0,25-05-08_bee_drugs,k252a1,False,,k252a,1,dorsal ,C57BL6,1/15/25,113.0,2/12/25,77.0,25C
s3://braingeneers/braindance/25-05-08_bee_drugs/,25178ic,k252a1/k252a1_cont_239,s3://braingeneers/braindance/25-05-08_bee_drugs/25178ic/k252a1/k252a1_cont_239.raw.h5,5600,8.0,7.999977983546356,True,stim,338,True,43.0,25-05-08_bee_drugs,k252a1,False,,k252a,1,dorsal ,C57BL6,1/15/25,113.0,2/12/25,77.0,25C
s3://braingeneers/braindance/25-05-08_bee_drugs/,25178ic,k252a1/k252a1_cont_142,s3://braingeneers/braindance/25-05-08_bee_drugs/25178ic/k252a1/k252a1_cont_142.raw.h5,0,0.0,,False,spontaneous,338,True,43.0,25-05-08_bee_drugs,k252a1,False,,k252a,1,dorsal ,C57BL6,1/15/25,113.0,2/12/25,77.0,25C
s3://braingeneers/braindance/25-05-08_bee_drugs/,25178ic,k252a1/k252a1_cont_257,s3://braingeneers/braindance/25-05-08_bee_drugs/25178ic/k252a1/k252a1_cont_257.raw.h5,2800,4.0,3.99999553395289,True,stim,338,True,43.0,25-05-08_bee_drugs,k252a1,False,,k252a,1,dorsal ,C57BL6,1/15/25,113.0,2/12/25,77.0,25C
s3://braingeneers/braindance/25-05-08_bee_drugs/,25178ic,k252a1/k252a1_cont_224,s3://braingeneers/braindance/25-05-08_bee_drugs/25178ic/k252a1/k252a1_cont_224.raw.h5,0,0.0,,False,spontaneous,338,True,43.0,25-05-08_bee_drugs,k252a1,False,,k252a,1,dorsal ,C57BL6,1/15/25,113.0,2/12/25,77.0,25C
s3://braingeneers/braindance/25-05-08_bee_drugs/,25178ic,k252a1/k252a1_cont_6,s3://braingeneers/braindance/25-05-08_bee_drugs/25178ic/k252a1/k252a1_cont_6.raw.h5,0,0.0,,False,spontaneous,338,True,43.0,25-05-08_bee_drugs,k252a1,False,,k252a,1,dorsal ,C57BL6,1/15/25,113.0,2/12/25,77.0,25C
s3://braingeneers/braindance/25-05-08_bee_drugs/,25178ic,k252a1/k252a1_cont_3,s3://braingeneers/braindance/25-05-08_bee_drugs/25178ic/k252a1/k252a1_cont_3.raw.h5,700,1.0,0.9999934287627804,True,stim,338,True,43.0,25-05-08_bee_drugs,k252a1,False,,k252a,1,dorsal ,C57BL6,1/15/25,113.0,2/12/25,77.0,25C
s3://braingeneers/braindance/25-05-08_bee_drugs/,25178ic,k252a1/k252a1_cont_269,s3://braingeneers/braindance/25-05-08_bee_drugs/25178ic/k252a1/k252a1_cont_269.raw.h5,5600,8.0,7.999999156706544,True,stim,338,True,43.0,25-05-08_bee_drugs,k252a1,False,,k252a,1,dorsal ,C57BL6,1/15/25,113.0,2/12/25,77.0,25C
s3://braingeneers/braindance/25-05-08_bee_drugs/,25178ic,k252a1/k252a1_cont_136,s3://braingeneers/braindance/25-05-08_bee_drugs/25178ic/k252a1/k252a1_cont_136.raw.h5,0,0.0,,False,spontaneous,338,True,43.0,25-05-08_bee_drugs,k252a1,False,,k252a,1,dorsal ,C57BL6,1/15/25,113.0,2/12/25,77.0,25C
s3://braingeneers/braindance/25-05-08_bee_drugs/,25178ic,k252a1/k252a1_cont_29,s3://braingeneers/braindance/25-05-08_bee_drugs/25178ic/k252a1/k252a1_cont_29.raw.h5,5600,8.0,7.999997812467087,True,stim,338,True,43.0,25-05-08_bee_drugs,k252a1,False,,k252a,1,dorsal ,C57BL6,1/15/25,113.0,2/12/25,77.0,25C
s3://braingeneers/braindance/25-05-08_bee_drugs/,25178ic,k252a1/k252a1_cont_284,s3://braingeneers/braindance/25-05-08_bee_drugs/25178ic/k252a1/k252a1_cont_284.raw.h5,0,0.0,,False,spontaneous,338,True,43.0,25-05-08_bee_drugs,k252a1,False,,k252a,1,dorsal ,C57BL6,1/15/25,113.0,2/12/25,77.0,25C
s3://braingeneers/braindance/25-05-08_bee_drugs/,25178ic,k252a1/k252a1_cont_326,s3://braingeneers/braindance/25-05-08_bee_drugs/25178ic/k252a1/k252a1_cont_326.raw.h5,0,0.0,,False,spontaneous,338,True,43.0,25-05-08_bee_drugs,k252a1,False,,k252a,1,dorsal ,C57BL6,1/15/25,113.0,2/12/25,77.0,25C
s3://braingeneers/braindance/25-05-08_bee_drugs/,25178ic,k252a1/k252a1_cont_172,s3://braingeneers/braindance/25-05-08_bee_drugs/25178ic/k252a1/k252a1_cont_172.raw.h5,0,0.0,,False,spontaneous,338,True,43.0,25-05-08_bee_drugs,k252a1,False,,k252a,1,dorsal ,C57BL6,1/15/25,113.0,2/12/25,77.0,25C
s3://braingeneers/braindance/25-05-08_bee_drugs/,25178ic,k252a1/k252a1_cont_140,s3://braingeneers/braindance/25-05-08_bee_drugs/25178ic/k252a1/k252a1_cont_140.raw.h5,0,0.0,,False,spontaneous,338,True,43.0,25-05-08_bee_drugs,k252a1,False,,k252a,1,dorsal ,C57BL6,1/15/25,113.0,2/12/25,77.0,25C
s3://braingeneers/braindance/25-05-08_bee_drugs/,25178ic,k252a1/k252a1_cont_233,s3://braingeneers/braindance/25-05-08_bee_drugs/25178ic/k252a1/k252a1_cont_233.raw.h5,700,1.0,0.999999925148784,True,stim,338,True,43.0,25-05-08_bee_drugs,k252a1,False,,k252a,1,dorsal ,C57BL6,1/15/25,113.0,2/12/25,77.0,25C
s3://braingeneers/braindance/25-05-08_bee_drugs/,25178ic,k252a1/k252a1_cont_217,s3://braingeneers/braindance/25-05-08_bee_drugs/25178ic/k252a1/k252a1_cont_217.raw.h5,2800,4.0,3.999971340089542,True,stim,338,True,43.0,25-05-08_bee_drugs,k252a1,False,,k252a,1,dorsal ,C57BL6,1/15/25,113.0,2/12/25,77.0,25C
s3://braingeneers/braindance/25-05-08_bee_drugs/,25178ic,k252a1/k252a1_cont_228,s3://braingeneers/braindance/25-05-08_bee_drugs/25178ic/k252a1/k252a1_cont_228.raw.h5,0,0.0,,False,spontaneous,338,True,43.0,25-05-08_bee_drugs,k252a1,False,,k252a,1,dorsal ,C57BL6,1/15/25,113.0,2/12/25,77.0,25C
s3://braingeneers/braindance/25-05-08_bee_drugs/,25178ic,k252a1/k252a1_cont_261,s3://braingeneers/braindance/25-05-08_bee_drugs/25178ic/k252a1/k252a1_cont_261.raw.h5,350,0.5,0.4999941628260343,True,stim,338,True,43.0,25-05-08_bee_drugs,k252a1,False,,k252a,1,dorsal ,C57BL6,1/15/25,113.0,2/12/25,77.0,25C
s3://braingeneers/braindance/25-05-08_bee_drugs/,25178ic,k252a1/k252a1_cont_195,s3://braingeneers/braindance/25-05-08_bee_drugs/25178ic/k252a1/k252a1_cont_195.raw.h5,1400,2.0,1.9999857686073128,True,stim,338,True,43.0,25-05-08_bee_drugs,k252a1,False,,k252a,1,dorsal ,C57BL6,1/15/25,113.0,2/12/25,77.0,25C
s3://braingeneers/braindance/25-05-08_bee_drugs/,25178ic,k252a1/k252a1_cont_84,s3://braingeneers/braindance/25-05-08_bee_drugs/25178ic/k252a1/k252a1_cont_84.raw.h5,0,0.0,,False,spontaneous,338,True,43.0,25-05-08_bee_drugs,k252a1,False,,k252a,1,dorsal ,C57BL6,1/15/25,113.0,2/12/25,77.0,25C
s3://braingeneers/braindance/25-05-08_bee_drugs/,25178ic,k252a1/k252a1_cont_318,s3://braingeneers/braindance/25-05-08_bee_drugs/25178ic/k252a1/k252a1_cont_318.raw.h5,0,0.0,,False,spontaneous,338,True,43.0,25-05-08_bee_drugs,k252a1,False,,k252a,1,dorsal ,C57BL6,1/15/25,113.0,2/12/25,77.0,25C
s3://braingeneers/braindance/25-05-08_bee_drugs/,25178ic,k252a1/k252a1_cont_18,s3://braingeneers/braindance/25-05-08_bee_drugs/25178ic/k252a1/k252a1_cont_18.raw.h5,0,0.0,,False,spontaneous,338,True,43.0,25-05-08_bee_drugs,k252a1,False,,k252a,1,dorsal ,C57BL6,1/15/25,113.0,2/12/25,77.0,25C
s3://braingeneers/braindance/25-05-08_bee_drugs/,25178ic,k252a1/k252a1_cont_306,s3://braingeneers/braindance/25-05-08_bee_drugs/25178ic/k252a1/k252a1_cont_306.raw.h5,0,0.0,,False,spontaneous,338,True,43.0,25-05-08_bee_drugs,k252a1,False,,k252a,1,dorsal ,C57BL6,1/15/25,113.0,2/12/25,77.0,25C
s3://braingeneers/braindance/25-05-08_bee_drugs/,25178ic,k252a1/k252a1_cont_30,s3://braingeneers/braindance/25-05-08_bee_drugs/25178ic/k252a1/k252a1_cont_30.raw.h5,0,0.0,,False,spontaneous,338,True,43.0,25-05-08_bee_drugs,k252a1,False,,k252a,1,dorsal ,C57BL6,1/15/25,113.0,2/12/25,77.0,25C
s3://braingeneers/braindance/25-05-08_bee_drugs/,25178ic,k252a1/k252a1_cont_278,s3://braingeneers/braindance/25-05-08_bee_drugs/25178ic/k252a1/k252a1_cont_278.raw.h5,0,0.0,,False,spontaneous,338,True,43.0,25-05-08_bee_drugs,k252a1,False,,k252a,1,dorsal ,C57BL6,1/15/25,113.0,2/12/25,77.0,25C
s3://braingeneers/braindance/25-05-08_bee_drugs/,25178ic,k252a1/k252a1_cont_255,s3://braingeneers/braindance/25-05-08_bee_drugs/25178ic/k252a1/k252a1_cont_255.raw.h5,1400,2.0,1.9999908243966265,True,stim,338,True,43.0,25-05-08_bee_drugs,k252a1,False,,k252a,1,dorsal ,C57BL6,1/15/25,113.0,2/12/25,77.0,25C
s3://braingeneers/braindance/25-05-08_bee_drugs/,25178ic,k252a1/k252a1_cont_310,s3://braingeneers/braindance/25-05-08_bee_drugs/25178ic/k252a1/k252a1_cont_310.raw.h5,0,0.0,,False,spontaneous,338,True,43.0,25-05-08_bee_drugs,k252a1,False,,k252a,1,dorsal ,C57BL6,1/15/25,113.0,2/12/25,77.0,25C
s3://braingeneers/braindance/25-05-08_bee_drugs/,25178ic,k252a1/k252a1_cont_317,s3://braingeneers/braindance/25-05-08_bee_drugs/25178ic/k252a1/k252a1_cont_317.raw.h5,2800,4.0,3.999970861479838,True,stim,338,True,43.0,25-05-08_bee_drugs,k252a1,False,,k252a,1,dorsal ,C57BL6,1/15/25,113.0,2/12/25,77.0,25C
s3://braingeneers/braindance/25-05-08_bee_drugs/,25178ic,k252a1/k252a1_cont_139,s3://braingeneers/braindance/25-05-08_bee_drugs/25178ic/k252a1/k252a1_cont_139.raw.h5,5600,8.0,7.999948239903454,True,stim,338,True,43.0,25-05-08_bee_drugs,k252a1,False,,k252a,1,dorsal ,C57BL6,1/15/25,113.0,2/12/25,77.0,25C
s3://braingeneers/braindance/25-05-08_bee_drugs/,25178ic,k252a1/k252a1_cont_27,s3://braingeneers/braindance/25-05-08_bee_drugs/25178ic/k252a1/k252a1_cont_27.raw.h5,2800,4.0,4.000018866907135,True,stim,338,True,43.0,25-05-08_bee_drugs,k252a1,False,,k252a,1,dorsal ,C57BL6,1/15/25,113.0,2/12/25,77.0,25C
s3://braingeneers/braindance/25-05-08_bee_drugs/,25178ic,k252a1/k252a1_cont_331,s3://braingeneers/braindance/25-05-08_bee_drugs/25178ic/k252a1/k252a1_cont_331.raw.h5,350,0.5,0.4999959744528962,True,stim,338,True,43.0,25-05-08_bee_drugs,k252a1,False,,k252a,1,dorsal ,C57BL6,1/15/25,113.0,2/12/25,77.0,25C
s3://braingeneers/braindance/25-05-08_bee_drugs/,25178ic,k252a1/k252a1_cont_46,s3://braingeneers/braindance/25-05-08_bee_drugs/25178ic/k252a1/k252a1_cont_46.raw.h5,0,0.0,,False,spontaneous,338,True,43.0,25-05-08_bee_drugs,k252a1,False,,k252a,1,dorsal ,C57BL6,1/15/25,113.0,2/12/25,77.0,25C
s3://braingeneers/braindance/25-05-08_bee_drugs/,25178ic,k252a1/k252a1_cont_101,s3://braingeneers/braindance/25-05-08_bee_drugs/25178ic/k252a1/k252a1_cont_101.raw.h5,350,0.5,0.4999971053913929,True,stim,338,True,43.0,25-05-08_bee_drugs,k252a1,False,,k252a,1,dorsal ,C57BL6,1/15/25,113.0,2/12/25,77.0,25C
s3://braingeneers/braindance/25-05-08_bee_drugs/,25178ic,k252a1/k252a1_cont_192,s3://braingeneers/braindance/25-05-08_bee_drugs/25178ic/k252a1/k252a1_cont_192.raw.h5,0,0.0,,False,spontaneous,338,True,43.0,25-05-08_bee_drugs,k252a1,False,,k252a,1,dorsal ,C57BL6,1/15/25,113.0,2/12/25,77.0,25C
s3://braingeneers/braindance/25-05-08_bee_drugs/,25178ic,k252a1/k252a1_cont_305,s3://braingeneers/braindance/25-05-08_bee_drugs/25178ic/k252a1/k252a1_cont_305.raw.h5,1400,2.0,1.999978179368872,True,stim,338,True,43.0,25-05-08_bee_drugs,k252a1,False,,k252a,1,dorsal ,C57BL6,1/15/25,113.0,2/12/25,77.0,25C
s3://braingeneers/braindance/25-05-08_bee_drugs/,25178ic,k252a1/k252a1_cont_289,s3://braingeneers/braindance/25-05-08_bee_drugs/25178ic/k252a1/k252a1_cont_289.raw.h5,5600,8.0,7.999999973343781,True,stim,338,True,43.0,25-05-08_bee_drugs,k252a1,False,,k252a,1,dorsal ,C57BL6,1/15/25,113.0,2/12/25,77.0,25C
s3://braingeneers/braindance/25-05-08_bee_drugs/,25178ic,k252a1/k252a1_cont_54,s3://braingeneers/braindance/25-05-08_bee_drugs/25178ic/k252a1/k252a1_cont_54.raw.h5,0,0.0,,False,spontaneous,338,True,43.0,25-05-08_bee_drugs,k252a1,False,,k252a,1,dorsal ,C57BL6,1/15/25,113.0,2/12/25,77.0,25C
s3://braingeneers/braindance/25-05-08_bee_drugs/,25178ic,k252a1/k252a1_cont_124,s3://braingeneers/braindance/25-05-08_bee_drugs/25178ic/k252a1/k252a1_cont_124.raw.h5,0,0.0,,False,spontaneous,338,True,43.0,25-05-08_bee_drugs,k252a1,False,,k252a,1,dorsal ,C57BL6,1/15/25,113.0,2/12/25,77.0,25C
s3://braingeneers/braindance/25-05-08_bee_drugs/,25178ic,k252a1/k252a1_cont_72,s3://braingeneers/braindance/25-05-08_bee_drugs/25178ic/k252a1/k252a1_cont_72.raw.h5,0,0.0,,False,spontaneous,338,True,43.0,25-05-08_bee_drugs,k252a1,False,,k252a,1,dorsal ,C57BL6,1/15/25,113.0,2/12/25,77.0,25C
s3://braingeneers/braindance/25-05-08_bee_drugs/,25178ic,k252a1/k252a1_cont_196,s3://braingeneers/braindance/25-05-08_bee_drugs/25178ic/k252a1/k252a1_cont_196.raw.h5,0,0.0,,False,spontaneous,338,True,43.0,25-05-08_bee_drugs,k252a1,False,,k252a,1,dorsal ,C57BL6,1/15/25,113.0,2/12/25,77.0,25C
s3://braingeneers/braindance/25-05-08_bee_drugs/,25178ic,k252a1/k252a1_cont_63,s3://braingeneers/braindance/25-05-08_bee_drugs/25178ic/k252a1/k252a1_cont_63.raw.h5,700,1.0,1.0000020883405556,True,stim,338,True,43.0,25-05-08_bee_drugs,k252a1,False,,k252a,1,dorsal ,C57BL6,1/15/25,113.0,2/12/25,77.0,25C
s3://braingeneers/braindance/25-05-08_bee_drugs/,25178ic,k252a1/k252a1_cont_10,s3://braingeneers/braindance/25-05-08_bee_drugs/25178ic/k252a1/k252a1_cont_10.raw.h5,0,0.0,,False,spontaneous,338,True,43.0,25-05-08_bee_drugs,k252a1,False,,k252a,1,dorsal ,C57BL6,1/15/25,113.0,2/12/25,77.0,25C
s3://braingeneers/braindance/25-05-08_bee_drugs/,25178ic,k252a1/k252a1_cont_197,s3://braingeneers/braindance/25-05-08_bee_drugs/25178ic/k252a1/k252a1_cont_197.raw.h5,2800,4.0,4.000009284194457,True,stim,338,True,43.0,25-05-08_bee_drugs,k252a1,False,,k252a,1,dorsal ,C57BL6,1/15/25,113.0,2/12/25,77.0,25C
s3://braingeneers/braindance/25-05-08_bee_drugs/,25178ic,k252a1/k252a1_cont_121,s3://braingeneers/braindance/25-05-08_bee_drugs/25178ic/k252a1/k252a1_cont_121.raw.h5,350,0.5,0.4999965973741483,True,stim,338,True,43.0,25-05-08_bee_drugs,k252a1,False,,k252a,1,dorsal ,C57BL6,1/15/25,113.0,2/12/25,77.0,25C
s3://braingeneers/braindance/25-05-08_bee_drugs/,25178ic,k252a1/k252a1_cont_256,s3://braingeneers/braindance/25-05-08_bee_drugs/25178ic/k252a1/k252a1_cont_256.raw.h5,0,0.0,,False,spontaneous,338,True,43.0,25-05-08_bee_drugs,k252a1,False,,k252a,1,dorsal ,C57BL6,1/15/25,113.0,2/12/25,77.0,25C
s3://braingeneers/braindance/25-05-08_bee_drugs/,25178ic,k252a1/k252a1_cont_145,s3://braingeneers/braindance/25-05-08_bee_drugs/25178ic/k252a1/k252a1_cont_145.raw.h5,1400,2.0,2.000012570120446,True,stim,338,True,43.0,25-05-08_bee_drugs,k252a1,False,,k252a,1,dorsal ,C57BL6,1/15/25,113.0,2/12/25,77.0,25C
s3://braingeneers/braindance/25-05-08_bee_drugs/,25178ic,k252a1/k252a1_cont_23,s3://braingeneers/braindance/25-05-08_bee_drugs/25178ic/k252a1/k252a1_cont_23.raw.h5,700,1.0,1.0000010531312968,True,stim,338,True,43.0,25-05-08_bee_drugs,k252a1,False,,k252a,1,dorsal ,C57BL6,1/15/25,113.0,2/12/25,77.0,25C
s3://braingeneers/braindance/25-05-08_bee_drugs/,25178ic,k252a1/k252a1_cont_169,s3://braingeneers/braindance/25-05-08_bee_drugs/25178ic/k252a1/k252a1_cont_169.raw.h5,5600,8.0,7.999991661708349,True,stim,338,True,43.0,25-05-08_bee_drugs,k252a1,False,,k252a,1,dorsal ,C57BL6,1/15/25,113.0,2/12/25,77.0,25C
s3://braingeneers/braindance/25-05-08_bee_drugs/,25178ic,k252a1/k252a1_cont_332,s3://braingeneers/braindance/25-05-08_bee_drugs/25178ic/k252a1/k252a1_cont_332.raw.h5,0,0.0,,False,spontaneous,338,True,43.0,25-05-08_bee_drugs,k252a1,False,,k252a,1,dorsal ,C57BL6,1/15/25,113.0,2/12/25,77.0,25C
s3://braingeneers/braindance/25-05-08_bee_drugs/,25178ic,k252a1/k252a1_cont_218,s3://braingeneers/braindance/25-05-08_bee_drugs/25178ic/k252a1/k252a1_cont_218.raw.h5,0,0.0,,False,spontaneous,338,True,43.0,25-05-08_bee_drugs,k252a1,False,,k252a,1,dorsal ,C57BL6,1/15/25,113.0,2/12/25,77.0,25C
s3://braingeneers/braindance/25-05-08_bee_drugs/,25178ic,k252a1/k252a1_cont_296,s3://braingeneers/braindance/25-05-08_bee_drugs/25178ic/k252a1/k252a1_cont_296.raw.h5,0,0.0,,False,spontaneous,338,True,43.0,25-05-08_bee_drugs,k252a1,False,,k252a,1,dorsal ,C57BL6,1/15/25,113.0,2/12/25,77.0,25C
s3://braingeneers/braindance/25-05-08_bee_drugs/,25178ic,k252a1/k252a1_cont_41,s3://braingeneers/braindance/25-05-08_bee_drugs/25178ic/k252a1/k252a1_cont_41.raw.h5,350,0.5,0.4999986916380933,True,stim,338,True,43.0,25-05-08_bee_drugs,k252a1,False,,k252a,1,dorsal ,C57BL6,1/15/25,113.0,2/12/25,77.0,25C
s3://braingeneers/braindance/25-05-08_bee_drugs/,25178ic,k252a1/k252a1_cont_36,s3://braingeneers/braindance/25-05-08_bee_drugs/25178ic/k252a1/k252a1_cont_36.raw.h5,0,0.0,,False,spontaneous,338,True,43.0,25-05-08_bee_drugs,k252a1,False,,k252a,1,dorsal ,C57BL6,1/15/25,113.0,2/12/25,77.0,25C
s3://braingeneers/braindance/25-05-08_bee_drugs/,25178ic,k252a1/k252a1_cont_219,s3://braingeneers/braindance/25-05-08_bee_drugs/25178ic/k252a1/k252a1_cont_219.raw.h5,5600,8.0,7.99996300681083,True,stim,338,True,43.0,25-05-08_bee_drugs,k252a1,False,,k252a,1,dorsal ,C57BL6,1/15/25,113.0,2/12/25,77.0,25C
s3://braingeneers/braindance/25-05-08_bee_drugs/,25178ic,k252a1/k252a1_cont_53,s3://braingeneers/braindance/25-05-08_bee_drugs/25178ic/k252a1/k252a1_cont_53.raw.h5,700,1.0,1.000001218346264,True,stim,338,True,43.0,25-05-08_bee_drugs,k252a1,False,,k252a,1,dorsal ,C57BL6,1/15/25,113.0,2/12/25,77.0,25C
s3://braingeneers/braindance/25-05-08_bee_drugs/,25178ic,k252a1/k252a1_cont_107,s3://braingeneers/braindance/25-05-08_bee_drugs/25178ic/k252a1/k252a1_cont_107.raw.h5,2800,4.0,3.99999151788584,True,stim,338,True,43.0,25-05-08_bee_drugs,k252a1,False,,k252a,1,dorsal ,C57BL6,1/15/25,113.0,2/12/25,77.0,25C
s3://braingeneers/braindance/25-05-08_bee_drugs/,25178ic,k252a1/k252a1_cont_268,s3://braingeneers/braindance/25-05-08_bee_drugs/25178ic/k252a1/k252a1_cont_268.raw.h5,0,0.0,,False,spontaneous,338,True,43.0,25-05-08_bee_drugs,k252a1,False,,k252a,1,dorsal ,C57BL6,1/15/25,113.0,2/12/25,77.0,25C
s3://braingeneers/braindance/25-05-08_bee_drugs/,25178ic,k252a1/k252a1_cont_89,s3://braingeneers/braindance/25-05-08_bee_drugs/25178ic/k252a1/k252a1_cont_89.raw.h5,5600,8.0,7.999916621636949,True,stim,338,True,43.0,25-05-08_bee_drugs,k252a1,False,,k252a,1,dorsal ,C57BL6,1/15/25,113.0,2/12/25,77.0,25C
s3://braingeneers/braindance/25-05-08_bee_drugs/,25178ic,k252a1/k252a1_cont_202,s3://braingeneers/braindance/25-05-08_bee_drugs/25178ic/k252a1/k252a1_cont_202.raw.h5,0,0.0,,False,spontaneous,338,True,43.0,25-05-08_bee_drugs,k252a1,False,,k252a,1,dorsal ,C57BL6,1/15/25,113.0,2/12/25,77.0,25C
s3://braingeneers/braindance/25-05-08_bee_drugs/,25178ic,k252a1/k252a1_cont_42,s3://braingeneers/braindance/25-05-08_bee_drugs/25178ic/k252a1/k252a1_cont_42.raw.h5,0,0.0,,False,spontaneous,338,True,43.0,25-05-08_bee_drugs,k252a1,False,,k252a,1,dorsal ,C57BL6,1/15/25,113.0,2/12/25,77.0,25C
s3://braingeneers/braindance/25-05-08_bee_drugs/,25178ic,k252a1/k252a1_cont_242,s3://braingeneers/braindance/25-05-08_bee_drugs/25178ic/k252a1/k252a1_cont_242.raw.h5,0,0.0,,False,spontaneous,338,True,43.0,25-05-08_bee_drugs,k252a1,False,,k252a,1,dorsal ,C57BL6,1/15/25,113.0,2/12/25,77.0,25C
s3://braingeneers/braindance/25-05-08_bee_drugs/,25178ic,k252a1/k252a1_cont_2,s3://braingeneers/braindance/25-05-08_bee_drugs/25178ic/k252a1/k252a1_cont_2.raw.h5,0,0.0,,False,spontaneous,338,True,43.0,25-05-08_bee_drugs,k252a1,False,,k252a,1,dorsal ,C57BL6,1/15/25,113.0,2/12/25,77.0,25C
s3://braingeneers/braindance/25-05-08_bee_drugs/,25178ic,k252a1/k252a1_cont_115,s3://braingeneers/braindance/25-05-08_bee_drugs/25178ic/k252a1/k252a1_cont_115.raw.h5,1400,2.0,1.9999930515895508,True,stim,338,True,43.0,25-05-08_bee_drugs,k252a1,False,,k252a,1,dorsal ,C57BL6,1/15/25,113.0,2/12/25,77.0,25C
s3://braingeneers/braindance/25-05-08_bee_drugs/,25178ic,k252a1/k252a1_cont_7,s3://braingeneers/braindance/25-05-08_bee_drugs/25178ic/k252a1/k252a1_cont_7.raw.h5,2800,4.0,3.999973378280786,True,stim,338,True,43.0,25-05-08_bee_drugs,k252a1,False,,k252a,1,dorsal ,C57BL6,1/15/25,113.0,2/12/25,77.0,25C
s3://braingeneers/braindance/25-05-08_bee_drugs/,25178ic,k252a1/k252a1_cont_328,s3://braingeneers/braindance/25-05-08_bee_drugs/25178ic/k252a1/k252a1_cont_328.raw.h5,0,0.0,,False,spontaneous,338,True,43.0,25-05-08_bee_drugs,k252a1,False,,k252a,1,dorsal ,C57BL6,1/15/25,113.0,2/12/25,77.0,25C
s3://braingeneers/braindance/25-05-08_bee_drugs/,25178ic,k252a1/k252a1_cont_274,s3://braingeneers/braindance/25-05-08_bee_drugs/25178ic/k252a1/k252a1_cont_274.raw.h5,0,0.0,,False,spontaneous,338,True,43.0,25-05-08_bee_drugs,k252a1,False,,k252a,1,dorsal ,C57BL6,1/15/25,113.0,2/12/25,77.0,25C
s3://braingeneers/braindance/25-05-08_bee_drugs/,25178ic,k252a1/k252a1_cont_282,s3://braingeneers/braindance/25-05-08_bee_drugs/25178ic/k252a1/k252a1_cont_282.raw.h5,0,0.0,,False,spontaneous,338,True,43.0,25-05-08_bee_drugs,k252a1,False,,k252a,1,dorsal ,C57BL6,1/15/25,113.0,2/12/25,77.0,25C
s3://braingeneers/braindance/25-05-08_bee_drugs/,25178ic,k252a1/k252a1_cont_125,s3://braingeneers/braindance/25-05-08_bee_drugs/25178ic/k252a1/k252a1_cont_125.raw.h5,1400,2.0,1.9999894264633336,True,stim,338,True,43.0,25-05-08_bee_drugs,k252a1,False,,k252a,1,dorsal ,C57BL6,1/15/25,113.0,2/12/25,77.0,25C
s3://braingeneers/braindance/25-05-08_bee_drugs/,25178ic,k252a1/k252a1_cont_79,s3://braingeneers/braindance/25-05-08_bee_drugs/25178ic/k252a1/k252a1_cont_79.raw.h5,5600,8.0,7.999963670054547,True,stim,338,True,43.0,25-05-08_bee_drugs,k252a1,False,,k252a,1,dorsal ,C57BL6,1/15/25,113.0,2/12/25,77.0,25C
s3://braingeneers/braindance/25-05-08_bee_drugs/,25178ic,k252a1/k252a1_cont_90,s3://braingeneers/braindance/25-05-08_bee_drugs/25178ic/k252a1/k252a1_cont_90.raw.h5,0,0.0,,False,spontaneous,338,True,43.0,25-05-08_bee_drugs,k252a1,False,,k252a,1,dorsal ,C57BL6,1/15/25,113.0,2/12/25,77.0,25C
s3://braingeneers/braindance/25-05-08_bee_drugs/,25178ic,k252a1/k252a1_cont_173,s3://braingeneers/braindance/25-05-08_bee_drugs/25178ic/k252a1/k252a1_cont_173.raw.h5,700,1.0,0.9999980040197188,True,stim,338,True,43.0,25-05-08_bee_drugs,k252a1,False,,k252a,1,dorsal ,C57BL6,1/15/25,113.0,2/12/25,77.0,25C
s3://braingeneers/braindance/25-05-08_bee_drugs/,25178ic,k252a1/k252a1_cont_181,s3://braingeneers/braindance/25-05-08_bee_drugs/25178ic/k252a1/k252a1_cont_181.raw.h5,350,0.5,0.4999994535399882,True,stim,338,True,43.0,25-05-08_bee_drugs,k252a1,False,,k252a,1,dorsal ,C57BL6,1/15/25,113.0,2/12/25,77.0,25C
s3://braingeneers/braindance/25-05-08_bee_drugs/,25178ic,k252a1/k252a1_cont_314,s3://braingeneers/braindance/25-05-08_bee_drugs/25178ic/k252a1/k252a1_cont_314.raw.h5,0,0.0,,False,spontaneous,338,True,43.0,25-05-08_bee_drugs,k252a1,False,,k252a,1,dorsal ,C57BL6,1/15/25,113.0,2/12/25,77.0,25C
s3://braingeneers/braindance/25-05-08_bee_drugs/,25178ic,k252a1/k252a1_cont_253,s3://braingeneers/braindance/25-05-08_bee_drugs/25178ic/k252a1/k252a1_cont_253.raw.h5,700,1.0,1.0000000191859617,True,stim,338,True,43.0,25-05-08_bee_drugs,k252a1,False,,k252a,1,dorsal ,C57BL6,1/15/25,113.0,2/12/25,77.0,25C
s3://braingeneers/braindance/25-05-08_bee_drugs/,25178ic,k252a1/k252a1_cont_323,s3://braingeneers/braindance/25-05-08_bee_drugs/25178ic/k252a1/k252a1_cont_323.raw.h5,700,1.0,1.0000020832003562,True,stim,338,True,43.0,25-05-08_bee_drugs,k252a1,False,,k252a,1,dorsal ,C57BL6,1/15/25,113.0,2/12/25,77.0,25C
s3://braingeneers/braindance/25-05-08_bee_drugs/,25178ic,k252a1/k252a1_cont_116,s3://braingeneers/braindance/25-05-08_bee_drugs/25178ic/k252a1/k252a1_cont_116.raw.h5,0,0.0,,False,spontaneous,338,True,43.0,25-05-08_bee_drugs,k252a1,False,,k252a,1,dorsal ,C57BL6,1/15/25,113.0,2/12/25,77.0,25C
s3://braingeneers/braindance/25-05-08_bee_drugs/,25178ic,k252a1/k252a1_cont_258,s3://braingeneers/braindance/25-05-08_bee_drugs/25178ic/k252a1/k252a1_cont_258.raw.h5,0,0.0,,False,spontaneous,338,True,43.0,25-05-08_bee_drugs,k252a1,False,,k252a,1,dorsal ,C57BL6,1/15/25,113.0,2/12/25,77.0,25C
s3://braingeneers/braindance/25-05-08_bee_drugs/,25178ic,k252a1/k252a1_cont_273,s3://braingeneers/braindance/25-05-08_bee_drugs/25178ic/k252a1/k252a1_cont_273.raw.h5,700,1.0,0.9999957954425854,True,stim,338,True,43.0,25-05-08_bee_drugs,k252a1,False,,k252a,1,dorsal ,C57BL6,1/15/25,113.0,2/12/25,77.0,25C
s3://braingeneers/braindance/25-05-08_bee_drugs/,25178ic,k252a1/k252a1_cont_25,s3://braingeneers/braindance/25-05-08_bee_drugs/25178ic/k252a1/k252a1_cont_25.raw.h5,1400,2.0,1.9999861538085024,True,stim,338,True,43.0,25-05-08_bee_drugs,k252a1,False,,k252a,1,dorsal ,C57BL6,1/15/25,113.0,2/12/25,77.0,25C
s3://braingeneers/braindance/25-05-08_bee_drugs/,25178ic,k252a1/k252a1_cont_120,s3://braingeneers/braindance/25-05-08_bee_drugs/25178ic/k252a1/k252a1_cont_120.raw.h5,0,0.0,,False,spontaneous,338,True,43.0,25-05-08_bee_drugs,k252a1,False,,k252a,1,dorsal ,C57BL6,1/15/25,113.0,2/12/25,77.0,25C
s3://braingeneers/braindance/25-05-08_bee_drugs/,25178ic,k252a1/k252a1_cont_49,s3://braingeneers/braindance/25-05-08_bee_drugs/25178ic/k252a1/k252a1_cont_49.raw.h5,5600,8.0,8.00003869170205,True,stim,338,True,43.0,25-05-08_bee_drugs,k252a1,False,,k252a,1,dorsal ,C57BL6,1/15/25,113.0,2/12/25,77.0,25C
s3://braingeneers/braindance/25-05-08_bee_drugs/,25178ic,k252a1/k252a1_cont_176,s3://braingeneers/braindance/25-05-08_bee_drugs/25178ic/k252a1/k252a1_cont_176.raw.h5,0,0.0,,False,spontaneous,338,True,43.0,25-05-08_bee_drugs,k252a1,False,,k252a,1,dorsal ,C57BL6,1/15/25,113.0,2/12/25,77.0,25C
s3://braingeneers/braindance/25-05-08_bee_drugs/,25178ic,k252a1/k252a1_cont_34,s3://braingeneers/braindance/25-05-08_bee_drugs/25178ic/k252a1/k252a1_cont_34.raw.h5,0,0.0,,False,spontaneous,338,True,43.0,25-05-08_bee_drugs,k252a1,False,,k252a,1,dorsal ,C57BL6,1/15/25,113.0,2/12/25,77.0,25C
s3://braingeneers/braindance/25-05-08_bee_drugs/,25178ic,k252a1/k252a1_cont_75,s3://braingeneers/braindance/25-05-08_bee_drugs/25178ic/k252a1/k252a1_cont_75.raw.h5,1400,2.0,1.9999852214901972,True,stim,338,True,43.0,25-05-08_bee_drugs,k252a1,False,,k252a,1,dorsal ,C57BL6,1/15/25,113.0,2/12/25,77.0,25C
s3://braingeneers/braindance/25-05-08_bee_drugs/,25178ic,k252a1/k252a1_cont_128,s3://braingeneers/braindance/25-05-08_bee_drugs/25178ic/k252a1/k252a1_cont_128.raw.h5,0,0.0,,False,spontaneous,338,True,43.0,25-05-08_bee_drugs,k252a1,False,,k252a,1,dorsal ,C57BL6,1/15/25,113.0,2/12/25,77.0,25C
s3://braingeneers/braindance/25-05-08_bee_drugs/,25178ic,k252a1/k252a1_cont_43,s3://braingeneers/braindance/25-05-08_bee_drugs/25178ic/k252a1/k252a1_cont_43.raw.h5,700,1.0,0.9999994321119088,True,stim,338,True,43.0,25-05-08_bee_drugs,k252a1,False,,k252a,1,dorsal ,C57BL6,1/15/25,113.0,2/12/25,77.0,25C
s3://braingeneers/braindance/25-05-08_bee_drugs/,25178ic,k252a1/k252a1_cont_215,s3://braingeneers/braindance/25-05-08_bee_drugs/25178ic/k252a1/k252a1_cont_215.raw.h5,1400,2.0,1.9999883249602612,True,stim,338,True,43.0,25-05-08_bee_drugs,k252a1,False,,k252a,1,dorsal ,C57BL6,1/15/25,113.0,2/12/25,77.0,25C
s3://braingeneers/braindance/25-05-08_bee_drugs/,25178ic,k252a1/k252a1_cont_5,s3://braingeneers/braindance/25-05-08_bee_drugs/25178ic/k252a1/k252a1_cont_5.raw.h5,1400,2.0,1.9999933794129117,True,stim,338,True,43.0,25-05-08_bee_drugs,k252a1,False,,k252a,1,dorsal ,C57BL6,1/15/25,113.0,2/12/25,77.0,25C
s3://braingeneers/braindance/25-05-08_bee_drugs/,25178ic,k252a1/k252a1_cont_240,s3://braingeneers/braindance/25-05-08_bee_drugs/25178ic/k252a1/k252a1_cont_240.raw.h5,0,0.0,,False,spontaneous,338,True,43.0,25-05-08_bee_drugs,k252a1,False,,k252a,1,dorsal ,C57BL6,1/15/25,113.0,2/12/25,77.0,25C
s3://braingeneers/braindance/25-05-08_bee_drugs/,25178ic,k252a1/k252a1_cont_95,s3://braingeneers/braindance/25-05-08_bee_drugs/25178ic/k252a1/k252a1_cont_95.raw.h5,1400,2.0,1.999998132367732,True,stim,338,True,43.0,25-05-08_bee_drugs,k252a1,False,,k252a,1,dorsal ,C57BL6,1/15/25,113.0,2/12/25,77.0,25C
s3://braingeneers/braindance/25-05-08_bee_drugs/,25178ic,k252a1/k252a1_cont_220,s3://braingeneers/braindance/25-05-08_bee_drugs/25178ic/k252a1/k252a1_cont_220.raw.h5,0,0.0,,False,spontaneous,338,True,43.0,25-05-08_bee_drugs,k252a1,False,,k252a,1,dorsal ,C57BL6,1/15/25,113.0,2/12/25,77.0,25C
s3://braingeneers/braindance/25-05-08_bee_drugs/,25178ic,k252a1/k252a1_cont_65,s3://braingeneers/braindance/25-05-08_bee_drugs/25178ic/k252a1/k252a1_cont_65.raw.h5,1400,2.0,1.9999953297693056,True,stim,338,True,43.0,25-05-08_bee_drugs,k252a1,False,,k252a,1,dorsal ,C57BL6,1/15/25,113.0,2/12/25,77.0,25C
s3://braingeneers/braindance/25-05-08_bee_drugs/,25178ic,k252a1/k252a1_cont_35,s3://braingeneers/braindance/25-05-08_bee_drugs/25178ic/k252a1/k252a1_cont_35.raw.h5,1400,2.0,1.9999726451775808,True,stim,338,True,43.0,25-05-08_bee_drugs,k252a1,False,,k252a,1,dorsal ,C57BL6,1/15/25,113.0,2/12/25,77.0,25C
s3://braingeneers/braindance/25-05-08_bee_drugs/,25178ic,k252a1/k252a1_cont_166,s3://braingeneers/braindance/25-05-08_bee_drugs/25178ic/k252a1/k252a1_cont_166.raw.h5,0,0.0,,False,spontaneous,338,True,43.0,25-05-08_bee_drugs,k252a1,False,,k252a,1,dorsal ,C57BL6,1/15/25,113.0,2/12/25,77.0,25C
s3://braingeneers/braindance/25-05-08_bee_drugs/,25178ic,k252a1/k252a1_cont_330,s3://braingeneers/braindance/25-05-08_bee_drugs/25178ic/k252a1/k252a1_cont_330.raw.h5,0,0.0,,False,spontaneous,338,True,43.0,25-05-08_bee_drugs,k252a1,False,,k252a,1,dorsal ,C57BL6,1/15/25,113.0,2/12/25,77.0,25C
s3://braingeneers/braindance/25-05-08_bee_drugs/,25178ic,k252a1/k252a1_cont_160,s3://braingeneers/braindance/25-05-08_bee_drugs/25178ic/k252a1/k252a1_cont_160.raw.h5,0,0.0,,False,spontaneous,338,True,43.0,25-05-08_bee_drugs,k252a1,False,,k252a,1,dorsal ,C57BL6,1/15/25,113.0,2/12/25,77.0,25C
s3://braingeneers/braindance/25-05-08_bee_drugs/,25178ic,k252a1/k252a1_cont_13,s3://braingeneers/braindance/25-05-08_bee_drugs/25178ic/k252a1/k252a1_cont_13.raw.h5,700,1.0,0.9999958071763788,True,stim,338,True,43.0,25-05-08_bee_drugs,k252a1,False,,k252a,1,dorsal ,C57BL6,1/15/25,113.0,2/12/25,77.0,25C
s3://braingeneers/braindance/25-05-08_bee_drugs/,25178ic,k252a1/k252a1_cont_248,s3://braingeneers/braindance/25-05-08_bee_drugs/25178ic/k252a1/k252a1_cont_248.raw.h5,0,0.0,,False,spontaneous,338,True,43.0,25-05-08_bee_drugs,k252a1,False,,k252a,1,dorsal ,C57BL6,1/15/25,113.0,2/12/25,77.0,25C
s3://braingeneers/braindance/25-05-08_bee_drugs/,25178ic,k252a1/k252a1_cont_112,s3://braingeneers/braindance/25-05-08_bee_drugs/25178ic/k252a1/k252a1_cont_112.raw.h5,0,0.0,,False,spontaneous,338,True,43.0,25-05-08_bee_drugs,k252a1,False,,k252a,1,dorsal ,C57BL6,1/15/25,113.0,2/12/25,77.0,25C
s3://braingeneers/braindance/25-05-08_bee_drugs/,25178ic,k252a1/k252a1_cont_141,s3://braingeneers/braindance/25-05-08_bee_drugs/25178ic/k252a1/k252a1_cont_141.raw.h5,350,0.5,0.5000008943905588,True,stim,338,True,43.0,25-05-08_bee_drugs,k252a1,False,,k252a,1,dorsal ,C57BL6,1/15/25,113.0,2/12/25,77.0,25C
s3://braingeneers/braindance/25-05-08_bee_drugs/,25178ic,k252a1/k252a1_cont_147,s3://braingeneers/braindance/25-05-08_bee_drugs/25178ic/k252a1/k252a1_cont_147.raw.h5,2800,4.0,3.999996923051996,True,stim,338,True,43.0,25-05-08_bee_drugs,k252a1,False,,k252a,1,dorsal ,C57BL6,1/15/25,113.0,2/12/25,77.0,25C
s3://braingeneers/braindance/25-05-08_bee_drugs/,25178ic,k252a1/k252a1_cont_129,s3://braingeneers/braindance/25-05-08_bee_drugs/25178ic/k252a1/k252a1_cont_129.raw.h5,5600,8.0,7.999923601166756,True,stim,338,True,43.0,25-05-08_bee_drugs,k252a1,False,,k252a,1,dorsal ,C57BL6,1/15/25,113.0,2/12/25,77.0,25C
s3://braingeneers/braindance/25-05-08_bee_drugs/,25178ic,k252a1/k252a1_cont_66,s3://braingeneers/braindance/25-05-08_bee_drugs/25178ic/k252a1/k252a1_cont_66.raw.h5,0,0.0,,False,spontaneous,338,True,43.0,25-05-08_bee_drugs,k252a1,False,,k252a,1,dorsal ,C57BL6,1/15/25,113.0,2/12/25,77.0,25C
s3://braingeneers/braindance/25-05-08_bee_drugs/,25178ic,k252a1/k252a1_cont_266,s3://braingeneers/braindance/25-05-08_bee_drugs/25178ic/k252a1/k252a1_cont_266.raw.h5,0,0.0,,False,spontaneous,338,True,43.0,25-05-08_bee_drugs,k252a1,False,,k252a,1,dorsal ,C57BL6,1/15/25,113.0,2/12/25,77.0,25C
s3://braingeneers/braindance/25-05-08_bee_drugs/,25178ic,k252a1/k252a1_cont_8,s3://braingeneers/braindance/25-05-08_bee_drugs/25178ic/k252a1/k252a1_cont_8.raw.h5,0,0.0,,False,spontaneous,338,True,43.0,25-05-08_bee_drugs,k252a1,False,,k252a,1,dorsal ,C57BL6,1/15/25,113.0,2/12/25,77.0,25C
s3://braingeneers/braindance/25-05-08_bee_drugs/,25178ic,k252a1/k252a1_cont_245,s3://braingeneers/braindance/25-05-08_bee_drugs/25178ic/k252a1/k252a1_cont_245.raw.h5,1400,2.0,1.9999970781115008,True,stim,338,True,43.0,25-05-08_bee_drugs,k252a1,False,,k252a,1,dorsal ,C57BL6,1/15/25,113.0,2/12/25,77.0,25C
s3://braingeneers/braindance/25-05-08_bee_drugs/,25178ic,k252a1/k252a1_cont_320,s3://braingeneers/braindance/25-05-08_bee_drugs/25178ic/k252a1/k252a1_cont_320.raw.h5,0,0.0,,False,spontaneous,338,True,43.0,25-05-08_bee_drugs,k252a1,False,,k252a,1,dorsal ,C57BL6,1/15/25,113.0,2/12/25,77.0,25C
s3://braingeneers/braindance/25-05-08_bee_drugs/,25178ic,k252a1/k252a1_cont_73,s3://braingeneers/braindance/25-05-08_bee_drugs/25178ic/k252a1/k252a1_cont_73.raw.h5,700,1.0,1.0000007756958764,True,stim,338,True,43.0,25-05-08_bee_drugs,k252a1,False,,k252a,1,dorsal ,C57BL6,1/15/25,113.0,2/12/25,77.0,25C
s3://braingeneers/braindance/25-05-08_bee_drugs/,25178ic,k252a1/k252a1_cont_264,s3://braingeneers/braindance/25-05-08_bee_drugs/25178ic/k252a1/k252a1_cont_264.raw.h5,0,0.0,,False,spontaneous,338,True,43.0,25-05-08_bee_drugs,k252a1,False,,k252a,1,dorsal ,C57BL6,1/15/25,113.0,2/12/25,77.0,25C
s3://braingeneers/braindance/25-05-08_bee_drugs/,25178ic,k252a1/k252a1_cont_227,s3://braingeneers/braindance/25-05-08_bee_drugs/25178ic/k252a1/k252a1_cont_227.raw.h5,2800,4.0,3.999983816268468,True,stim,338,True,43.0,25-05-08_bee_drugs,k252a1,False,,k252a,1,dorsal ,C57BL6,1/15/25,113.0,2/12/25,77.0,25C
s3://braingeneers/braindance/25-05-08_bee_drugs/,25178ic,k252a1/k252a1_cont_183,s3://braingeneers/braindance/25-05-08_bee_drugs/25178ic/k252a1/k252a1_cont_183.raw.h5,700,1.0,1.0000066409840116,True,stim,338,True,43.0,25-05-08_bee_drugs,k252a1,False,,k252a,1,dorsal ,C57BL6,1/15/25,113.0,2/12/25,77.0,25C
s3://braingeneers/braindance/25-05-08_bee_drugs/,25178ic,k252a1/k252a1_cont_263,s3://braingeneers/braindance/25-05-08_bee_drugs/25178ic/k252a1/k252a1_cont_263.raw.h5,700,1.0,0.999997672916718,True,stim,338,True,43.0,25-05-08_bee_drugs,k252a1,False,,k252a,1,dorsal ,C57BL6,1/15/25,113.0,2/12/25,77.0,25C
s3://braingeneers/braindance/25-05-08_bee_drugs/,25178ic,k252a1/k252a1_cont_329,s3://braingeneers/braindance/25-05-08_bee_drugs/25178ic/k252a1/k252a1_cont_329.raw.h5,5600,8.0,7.9999766926031874,True,stim,338,True,43.0,25-05-08_bee_drugs,k252a1,False,,k252a,1,dorsal ,C57BL6,1/15/25,113.0,2/12/25,77.0,25C
s3://braingeneers/braindance/25-05-08_bee_drugs/,25178ic,k252a1/k252a1_cont_51,s3://braingeneers/braindance/25-05-08_bee_drugs/25178ic/k252a1/k252a1_cont_51.raw.h5,350,0.5,0.4999964889078924,True,stim,338,True,43.0,25-05-08_bee_drugs,k252a1,False,,k252a,1,dorsal ,C57BL6,1/15/25,113.0,2/12/25,77.0,25C
s3://braingeneers/braindance/25-05-08_bee_drugs/,25178ic,k252a1/k252a1_cont_150,s3://braingeneers/braindance/25-05-08_bee_drugs/25178ic/k252a1/k252a1_cont_150.raw.h5,0,0.0,,False,spontaneous,338,True,43.0,25-05-08_bee_drugs,k252a1,False,,k252a,1,dorsal ,C57BL6,1/15/25,113.0,2/12/25,77.0,25C
s3://braingeneers/braindance/25-05-08_bee_drugs/,25178ic,k252a1/k252a1_cont_213,s3://braingeneers/braindance/25-05-08_bee_drugs/25178ic/k252a1/k252a1_cont_213.raw.h5,0,0.0,,False,spontaneous,338,True,43.0,25-05-08_bee_drugs,k252a1,False,,k252a,1,dorsal ,C57BL6,1/15/25,113.0,2/12/25,77.0,25C
s3://braingeneers/braindance/25-05-08_bee_drugs/,25178ic,k252a1/k252a1_cont_281,s3://braingeneers/braindance/25-05-08_bee_drugs/25178ic/k252a1/k252a1_cont_281.raw.h5,350,0.5,0.4999992064855095,True,stim,338,True,43.0,25-05-08_bee_drugs,k252a1,False,,k252a,1,dorsal ,C57BL6,1/15/25,113.0,2/12/25,77.0,25C
s3://braingeneers/braindance/25-05-08_bee_drugs/,25178ic,k252a1/k252a1_cont_249,s3://braingeneers/braindance/25-05-08_bee_drugs/25178ic/k252a1/k252a1_cont_249.raw.h5,5600,8.0,7.99989250150519,True,stim,338,True,43.0,25-05-08_bee_drugs,k252a1,False,,k252a,1,dorsal ,C57BL6,1/15/25,113.0,2/12/25,77.0,25C
s3://braingeneers/braindance/25-05-08_bee_drugs/,25178ic,k252a1/k252a1_cont_100,s3://braingeneers/braindance/25-05-08_bee_drugs/25178ic/k252a1/k252a1_cont_100.raw.h5,0,0.0,,False,spontaneous,338,True,43.0,25-05-08_bee_drugs,k252a1,False,,k252a,1,dorsal ,C57BL6,1/15/25,113.0,2/12/25,77.0,25C
s3://braingeneers/braindance/25-05-08_bee_drugs/,25178ic,k252a1/k252a1_cont_56,s3://braingeneers/braindance/25-05-08_bee_drugs/25178ic/k252a1/k252a1_cont_56.raw.h5,0,0.0,,False,spontaneous,338,True,43.0,25-05-08_bee_drugs,k252a1,False,,k252a,1,dorsal ,C57BL6,1/15/25,113.0,2/12/25,77.0,25C
s3://braingeneers/braindance/25-05-08_bee_drugs/,25178ic,k252a1/k252a1_cont_97,s3://braingeneers/braindance/25-05-08_bee_drugs/25178ic/k252a1/k252a1_cont_97.raw.h5,2800,4.0,3.999989331881251,True,stim,338,True,43.0,25-05-08_bee_drugs,k252a1,False,,k252a,1,dorsal ,C57BL6,1/15/25,113.0,2/12/25,77.0,25C
s3://braingeneers/braindance/25-05-08_bee_drugs/,25178ic,k252a1/k252a1_cont_321,s3://braingeneers/braindance/25-05-08_bee_drugs/25178ic/k252a1/k252a1_cont_321.raw.h5,350,0.5,0.4999963734604095,True,stim,338,True,43.0,25-05-08_bee_drugs,k252a1,False,,k252a,1,dorsal ,C57BL6,1/15/25,113.0,2/12/25,77.0,25C
s3://braingeneers/braindance/25-05-08_bee_drugs/,25178ic,k252a1/k252a1_cont_334,s3://braingeneers/braindance/25-05-08_bee_drugs/25178ic/k252a1/k252a1_cont_334.raw.h5,0,0.0,,False,spontaneous,338,True,43.0,25-05-08_bee_drugs,k252a1,False,,k252a,1,dorsal ,C57BL6,1/15/25,113.0,2/12/25,77.0,25C
s3://braingeneers/braindance/25-05-08_bee_drugs/,25178ic,k252a1/k252a1_cont_265,s3://braingeneers/braindance/25-05-08_bee_drugs/25178ic/k252a1/k252a1_cont_265.raw.h5,1400,2.0,1.9999829654088384,True,stim,338,True,43.0,25-05-08_bee_drugs,k252a1,False,,k252a,1,dorsal ,C57BL6,1/15/25,113.0,2/12/25,77.0,25C
s3://braingeneers/braindance/25-05-08_bee_drugs/,25178ic,k252a1/k252a1_cont_303,s3://braingeneers/braindance/25-05-08_bee_drugs/25178ic/k252a1/k252a1_cont_303.raw.h5,700,1.0,0.9999965141738052,True,stim,338,True,43.0,25-05-08_bee_drugs,k252a1,False,,k252a,1,dorsal ,C57BL6,1/15/25,113.0,2/12/25,77.0,25C
s3://braingeneers/braindance/25-05-08_bee_drugs/,25178ic,k252a1/k252a1_cont_109,s3://braingeneers/braindance/25-05-08_bee_drugs/25178ic/k252a1/k252a1_cont_109.raw.h5,5600,8.0,7.999959129241871,True,stim,338,True,43.0,25-05-08_bee_drugs,k252a1,False,,k252a,1,dorsal ,C57BL6,1/15/25,113.0,2/12/25,77.0,25C
s3://braingeneers/braindance/25-05-08_bee_drugs/,25178ic,k252a1/k252a1_cont_59,s3://braingeneers/braindance/25-05-08_bee_drugs/25178ic/k252a1/k252a1_cont_59.raw.h5,5600,8.0,7.999973439413827,True,stim,338,True,43.0,25-05-08_bee_drugs,k252a1,False,,k252a,1,dorsal ,C57BL6,1/15/25,113.0,2/12/25,77.0,25C
s3://braingeneers/braindance/25-05-08_bee_drugs/,25178ic,k252a1/k252a1_cont_119,s3://braingeneers/braindance/25-05-08_bee_drugs/25178ic/k252a1/k252a1_cont_119.raw.h5,5600,8.0,7.999983458897621,True,stim,338,True,43.0,25-05-08_bee_drugs,k252a1,False,,k252a,1,dorsal ,C57BL6,1/15/25,113.0,2/12/25,77.0,25C
s3://braingeneers/braindance/25-05-08_bee_drugs/,25178ic,k252a1/k252a1_cont_184,s3://braingeneers/braindance/25-05-08_bee_drugs/25178ic/k252a1/k252a1_cont_184.raw.h5,0,0.0,,False,spontaneous,338,True,43.0,25-05-08_bee_drugs,k252a1,False,,k252a,1,dorsal ,C57BL6,1/15/25,113.0,2/12/25,77.0,25C
s3://braingeneers/braindance/25-05-08_bee_drugs/,25178ic,k252a1/k252a1_cont_231,s3://braingeneers/braindance/25-05-08_bee_drugs/25178ic/k252a1/k252a1_cont_231.raw.h5,350,0.5,0.4999984950031148,True,stim,338,True,43.0,25-05-08_bee_drugs,k252a1,False,,k252a,1,dorsal ,C57BL6,1/15/25,113.0,2/12/25,77.0,25C
s3://braingeneers/braindance/25-05-08_bee_drugs/,25178ic,k252a1/k252a1_cont_130,s3://braingeneers/braindance/25-05-08_bee_drugs/25178ic/k252a1/k252a1_cont_130.raw.h5,0,0.0,,False,spontaneous,338,True,43.0,25-05-08_bee_drugs,k252a1,False,,k252a,1,dorsal ,C57BL6,1/15/25,113.0,2/12/25,77.0,25C
s3://braingeneers/braindance/25-05-08_bee_drugs/,25178ic,k252a1/k252a1_cont_151,s3://braingeneers/braindance/25-05-08_bee_drugs/25178ic/k252a1/k252a1_cont_151.raw.h5,350,0.5,0.4999955160122828,True,stim,338,True,43.0,25-05-08_bee_drugs,k252a1,False,,k252a,1,dorsal ,C57BL6,1/15/25,113.0,2/12/25,77.0,25C
s3://braingeneers/braindance/25-05-08_bee_drugs/,25178ic,k252a1/k252a1_cont_237,s3://braingeneers/braindance/25-05-08_bee_drugs/25178ic/k252a1/k252a1_cont_237.raw.h5,2800,4.0,3.999987103544242,True,stim,338,True,43.0,25-05-08_bee_drugs,k252a1,False,,k252a,1,dorsal ,C57BL6,1/15/25,113.0,2/12/25,77.0,25C
s3://braingeneers/braindance/25-05-08_bee_drugs/,25178ic,k252a1/k252a1_cont_246,s3://braingeneers/braindance/25-05-08_bee_drugs/25178ic/k252a1/k252a1_cont_246.raw.h5,0,0.0,,False,spontaneous,338,True,43.0,25-05-08_bee_drugs,k252a1,False,,k252a,1,dorsal ,C57BL6,1/15/25,113.0,2/12/25,77.0,25C
s3://braingeneers/braindance/25-05-08_bee_drugs/,25178ic,k252a1/k252a1_cont_308,s3://braingeneers/braindance/25-05-08_bee_drugs/25178ic/k252a1/k252a1_cont_308.raw.h5,0,0.0,,False,spontaneous,338,True,43.0,25-05-08_bee_drugs,k252a1,False,,k252a,1,dorsal ,C57BL6,1/15/25,113.0,2/12/25,77.0,25C
s3://braingeneers/braindance/25-05-08_bee_drugs/,25178ic,k252a1/k252a1_cont_272,s3://braingeneers/braindance/25-05-08_bee_drugs/25178ic/k252a1/k252a1_cont_272.raw.h5,0,0.0,,False,spontaneous,338,True,43.0,25-05-08_bee_drugs,k252a1,False,,k252a,1,dorsal ,C57BL6,1/15/25,113.0,2/12/25,77.0,25C
s3://braingeneers/braindance/25-05-08_bee_drugs/,25178ic,k252a1/k252a1_cont_206,s3://braingeneers/braindance/25-05-08_bee_drugs/25178ic/k252a1/k252a1_cont_206.raw.h5,0,0.0,,False,spontaneous,338,True,43.0,25-05-08_bee_drugs,k252a1,False,,k252a,1,dorsal ,C57BL6,1/15/25,113.0,2/12/25,77.0,25C
s3://braingeneers/braindance/25-05-08_bee_drugs/,25178ic,k252a1/k252a1_cont_161,s3://braingeneers/braindance/25-05-08_bee_drugs/25178ic/k252a1/k252a1_cont_161.raw.h5,350,0.5,0.4999970676217847,True,stim,338,True,43.0,25-05-08_bee_drugs,k252a1,False,,k252a,1,dorsal ,C57BL6,1/15/25,113.0,2/12/25,77.0,25C
s3://braingeneers/braindance/25-05-08_bee_drugs/,25178ic,k252a1/k252a1_cont_177,s3://braingeneers/braindance/25-05-08_bee_drugs/25178ic/k252a1/k252a1_cont_177.raw.h5,2800,4.0,3.999987697032468,True,stim,338,True,43.0,25-05-08_bee_drugs,k252a1,False,,k252a,1,dorsal ,C57BL6,1/15/25,113.0,2/12/25,77.0,25C
s3://braingeneers/braindance/25-05-08_bee_drugs/,25178ic,k252a1/k252a1_cont_319,s3://braingeneers/braindance/25-05-08_bee_drugs/25178ic/k252a1/k252a1_cont_319.raw.h5,5600,8.0,7.99998232440254,True,stim,338,True,43.0,25-05-08_bee_drugs,k252a1,False,,k252a,1,dorsal ,C57BL6,1/15/25,113.0,2/12/25,77.0,25C
s3://braingeneers/braindance/25-05-08_bee_drugs/,25178ic,k252a1/k252a1_cont_234,s3://braingeneers/braindance/25-05-08_bee_drugs/25178ic/k252a1/k252a1_cont_234.raw.h5,0,0.0,,False,spontaneous,338,True,43.0,25-05-08_bee_drugs,k252a1,False,,k252a,1,dorsal ,C57BL6,1/15/25,113.0,2/12/25,77.0,25C
s3://braingeneers/braindance/25-05-08_bee_drugs/,25178ic,k252a1/k252a1_cont_170,s3://braingeneers/braindance/25-05-08_bee_drugs/25178ic/k252a1/k252a1_cont_170.raw.h5,0,0.0,,False,spontaneous,338,True,43.0,25-05-08_bee_drugs,k252a1,False,,k252a,1,dorsal ,C57BL6,1/15/25,113.0,2/12/25,77.0,25C
s3://braingeneers/braindance/25-05-08_bee_drugs/,25178ic,k252a1/k252a1_cont_309,s3://braingeneers/braindance/25-05-08_bee_drugs/25178ic/k252a1/k252a1_cont_309.raw.h5,5600,8.0,7.999977075629214,True,stim,338,True,43.0,25-05-08_bee_drugs,k252a1,False,,k252a,1,dorsal ,C57BL6,1/15/25,113.0,2/12/25,77.0,25C
s3://braingeneersdev/asrobbin/braindance_data/23-05-10_drug_causal/,20247,causal_BL1/causal_BL1,s3://braingeneersdev/asrobbin/braindance_data/23-05-10_drug_causal/20247/causal_BL1/causal_BL1.raw.h5,1400,0.5,,False,stim,2,True,87.0,23-05-10_drug_causal,causal_BL1,False,,,,,,,,,,2A
s3://braingeneersdev/asrobbin/braindance_data/23-05-10_drug_causal/,20247,causal_BL1/causal_BL1_causal,s3://braingeneersdev/asrobbin/braindance_data/23-05-10_drug_causal/20247/causal_BL1/causal_BL1_causal.raw.h5,1400,2.0,2.0000033173322436,True,stim,2,True,87.0,23-05-10_drug_causal,causal_BL1,False,,,,,,,,,,2A
s3://braingeneersdev/asrobbin/braindance_data/23-05-10_drug_causal/,20247,causal_BL2/causal_BL2,s3://braingeneersdev/asrobbin/braindance_data/23-05-10_drug_causal/20247/causal_BL2/causal_BL2.raw.h5,1400,0.5,,False,stim,2,True,85.0,23-05-10_drug_causal,causal_BL2,False,,,,,,,,,,2A
s3://braingeneersdev/asrobbin/braindance_data/23-05-10_drug_causal/,20247,causal_BL2/causal_BL2_causal,s3://braingeneersdev/asrobbin/braindance_data/23-05-10_drug_causal/20247/causal_BL2/causal_BL2_causal.raw.h5,1400,2.0,2.000013683201379,True,stim,2,True,85.0,23-05-10_drug_causal,causal_BL2,False,,,,,,,,,,2A
s3://braingeneersdev/asrobbin/braindance_data/23-05-10_drug_causal/,20247,thc2/thc2,s3://braingeneersdev/asrobbin/braindance_data/23-05-10_drug_causal/20247/thc2/thc2.raw.h5,0,0.0,,False,spontaneous,2,True,92.0,23-05-10_drug_causal,thc2,True,,thc,,,,,,,,2A
s3://braingeneersdev/asrobbin/braindance_data/23-05-10_drug_causal/,20247,thc2/thc2_causal,s3://braingeneersdev/asrobbin/braindance_data/23-05-10_drug_causal/20247/thc2/thc2_causal.raw.h5,1400,2.0,2.000017607889064,True,stim,2,True,92.0,23-05-10_drug_causal,thc2,False,,thc,,,,,,,,2A
s3://braingeneersdev/asrobbin/braindance_data/23-05-10_drug_causal/,21985,bl-1/bl-1_causal,s3://braingeneersdev/asrobbin/braindance_data/23-05-10_drug_causal/21985/bl-1/bl-1_causal.raw.h5,1300,2.0,1.9999975318921144,True,stim,2,True,85.0,23-05-10_drug_causal,bl-1,False,,,,,,,,,,4A
s3://braingeneersdev/asrobbin/braindance_data/23-05-10_drug_causal/,21985,bl-1/bl-1,s3://braingeneersdev/asrobbin/braindance_data/23-05-10_drug_causal/21985/bl-1/bl-1.raw.h5,0,0.0,,False,spontaneous,2,True,85.0,23-05-10_drug_causal,bl-1,True,,,,,,,,,,4A
s3://braingeneersdev/asrobbin/braindance_data/23-05-10_drug_causal/,21985,bl-2/bl-2,s3://braingeneersdev/asrobbin/braindance_data/23-05-10_drug_causal/21985/bl-2/bl-2.raw.h5,0,0.0,,False,spontaneous,1,True,118.0,23-05-10_drug_causal,bl-2,False,gaba-1,,,,,,,,,4A
s3://braingeneersdev/asrobbin/braindance_data/23-05-10_drug_causal/,21985,gaba-1/gaba-1_causal,s3://braingeneersdev/asrobbin/braindance_data/23-05-10_drug_causal/21985/gaba-1/gaba-1_causal.raw.h5,1300,2.0,1.9999970199736652,True,stim,2,True,118.0,23-05-10_drug_causal,gaba-1,False,,gaba-1,,,,,,,,4A
s3://braingeneersdev/asrobbin/braindance_data/23-05-10_drug_causal/,21985,gaba-1/gaba-1,s3://braingeneersdev/asrobbin/braindance_data/23-05-10_drug_causal/21985/gaba-1/gaba-1.raw.h5,0,0.0,,False,spontaneous,2,True,118.0,23-05-10_drug_causal,gaba-1,True,,gaba-1,,,,,,,,4A
s3://braingeneersdev/asrobbin/braindance_data/23-05-10_drug_causal/,22097,bl_1/bl_1,s3://braingeneersdev/asrobbin/braindance_data/23-05-10_drug_causal/22097/bl_1/bl_1.raw.h5,0,0.0,,False,spontaneous,2,True,208.0,23-05-10_drug_causal,bl_1,True,,,,,,,,,,7B
s3://braingeneersdev/asrobbin/braindance_data/23-05-10_drug_causal/,22097,bl_1/bl_1_causal,s3://braingeneersdev/asrobbin/braindance_data/23-05-10_drug_causal/22097/bl_1/bl_1_causal.raw.h5,1150,2.0,2.00000415255227,True,stim,2,True,208.0,23-05-10_drug_causal,bl_1,False,,,,,,,,,,7B
s3://braingeneersdev/asrobbin/braindance_data/23-05-10_drug_causal/,22097,bl_2/bl_2,s3://braingeneersdev/asrobbin/braindance_data/23-05-10_drug_causal/22097/bl_2/bl_2.raw.h5,0,0.0,,False,spontaneous,1,True,208.0,23-05-10_drug_causal,bl_2,False,bl_1,,,,,,,,,7B
s3://braingeneersdev/asrobbin/braindance_data/23-05-10_drug_causal/,22097,nbqx_apv2/nbqx_apv2,s3://braingeneersdev/asrobbin/braindance_data/23-05-10_drug_causal/22097/nbqx_apv2/nbqx_apv2.raw.h5,0,0.0,,False,spontaneous,2,True,153.0,23-05-10_drug_causal,nbqx_apv2,True,,nbqx_apv,,,,,,,,7B
s3://braingeneersdev/asrobbin/braindance_data/23-05-10_drug_causal/,22097,nbqx_apv2/nbqx_apv2_causal,s3://braingeneersdev/asrobbin/braindance_data/23-05-10_drug_causal/22097/nbqx_apv2/nbqx_apv2_causal.raw.h5,1150,2.0,2.0000050985195252,True,stim,2,True,153.0,23-05-10_drug_causal,nbqx_apv2,False,,nbqx_apv,,,,,,,,7B
s3://braingeneersdev/asrobbin/braindance_data/24-105-10_drug_causal/,20247,BL1/BL1,s3://braingeneersdev/asrobbin/braindance_data/24-105-10_drug_causal/20247/BL1/BL1.raw.h5,0,0.0,,False,spontaneous,2,True,114.0,24-105-10_drug_causal,BL1,True,,,,,,,,,,2B
s3://braingeneersdev/asrobbin/braindance_data/24-105-10_drug_causal/,20247,BL1/BL1_causal,s3://braingeneersdev/asrobbin/braindance_data/24-105-10_drug_causal/20247/BL1/BL1_causal.raw.h5,1300,2.0,2.0000110362434453,True,stim,2,True,114.0,24-105-10_drug_causal,BL1,False,,,,,,,,,,2B
s3://braingeneersdev/asrobbin/braindance_data/24-105-10_drug_causal/,20247,bl2/bl2,s3://braingeneersdev/asrobbin/braindance_data/24-105-10_drug_causal/20247/bl2/bl2.raw.h5,0,0.0,,False,spontaneous,1,True,49.0,24-105-10_drug_causal,bl2,False,nbqx_apv1,,,,,,,,,2B
s3://braingeneersdev/asrobbin/braindance_data/24-105-10_drug_causal/,20247,nbqx_apv1/nbqx_apv1_causal,s3://braingeneersdev/asrobbin/braindance_data/24-105-10_drug_causal/20247/nbqx_apv1/nbqx_apv1_causal.raw.h5,1300,2.0,2.000021894004482,True,stim,2,True,49.0,24-105-10_drug_causal,nbqx_apv1,False,,nbqx_apv,,,,,,,,2B
s3://braingeneersdev/asrobbin/braindance_data/24-105-10_drug_causal/,20247,nbqx_apv1/nbqx_apv1,s3://braingeneersdev/asrobbin/braindance_data/24-105-10_drug_causal/20247/nbqx_apv1/nbqx_apv1.raw.h5,0,0.0,,False,spontaneous,2,True,49.0,24-105-10_drug_causal,nbqx_apv1,True,,nbqx_apv,,,,,,,,2B
s3://braingeneersdev/asrobbin/braindance_data/24-105-10_drug_causal/,20247,nbqx_apv2/nbqx_apv2,s3://braingeneersdev/asrobbin/braindance_data/24-105-10_drug_causal/20247/nbqx_apv2/nbqx_apv2.raw.h5,0,0.0,,False,spontaneous,2,True,54.0,24-105-10_drug_causal,nbqx_apv2,True,,nbqx_apv,,,,,,,,2B
s3://braingeneersdev/asrobbin/braindance_data/24-105-10_drug_causal/,20247,nbqx_apv2/nbqx_apv2_causal,s3://braingeneersdev/asrobbin/braindance_data/24-105-10_drug_causal/20247/nbqx_apv2/nbqx_apv2_causal.raw.h5,1300,2.0,2.0000227465873124,True,stim,2,True,54.0,24-105-10_drug_causal,nbqx_apv2,False,,nbqx_apv,,,,,,,,2B
s3://braingeneersdev/asrobbin/braindance_data/24-105-10_drug_causal/,20264,causal_BL1/causal_BL1,s3://braingeneersdev/asrobbin/braindance_data/24-105-10_drug_causal/20264/causal_BL1/causal_BL1.raw.h5,1100,0.5,,False,stim,2,True,91.0,24-105-10_drug_causal,causal_BL1,False,,,,,,,,,,3C
s3://braingeneersdev/asrobbin/braindance_data/24-105-10_drug_causal/,20264,causal_BL1/causal_BL1_causal,s3://braingeneersdev/asrobbin/braindance_data/24-105-10_drug_causal/20264/causal_BL1/causal_BL1_causal.raw.h5,1100,2.0,2.000007218886139,True,stim,2,True,91.0,24-105-10_drug_causal,causal_BL1,False,,,,,,,,,,3C
s3://braingeneersdev/asrobbin/braindance_data/24-105-10_drug_causal/,20264,causal_BL2/causal_BL2,s3://braingeneersdev/asrobbin/braindance_data/24-105-10_drug_causal/20264/causal_BL2/causal_BL2.raw.h5,1100,0.5,,False,stim,2,True,88.0,24-105-10_drug_causal,causal_BL2,False,,,,,,,,,,3C
s3://braingeneersdev/asrobbin/braindance_data/24-105-10_drug_causal/,20264,causal_BL2/causal_BL2_causal,s3://braingeneersdev/asrobbin/braindance_data/24-105-10_drug_causal/20264/causal_BL2/causal_BL2_causal.raw.h5,1100,2.0,2.0000003408149696,True,stim,2,True,88.0,24-105-10_drug_causal,causal_BL2,False,,,,,,,,,,3C
s3://braingeneersdev/asrobbin/braindance_data/24-105-10_drug_causal/,20264,nbqx_apv2/nbqx_apv2,s3://braingeneersdev/asrobbin/braindance_data/24-105-10_drug_causal/20264/nbqx_apv2/nbqx_apv2.raw.h5,0,0.0,,False,spontaneous,2,True,54.0,24-105-10_drug_causal,nbqx_apv2,True,,nbqx_apv,,,,,,,,3C
s3://braingeneersdev/asrobbin/braindance_data/24-105-10_drug_causal/,20264,nbqx_apv2/nbqx_apv2_causal,s3://braingeneersdev/asrobbin/braindance_data/24-105-10_drug_causal/20264/nbqx_apv2/nbqx_apv2_causal.raw.h5,1100,2.0,1.999985911608093,True,stim,2,True,54.0,24-105-10_drug_causal,nbqx_apv2,False,,nbqx_apv,,,,,,,,3C
s3://braingeneersdev/asrobbin/braindance_data/24-105-10_drug_causal/,22097,bl-1/bl-1_causal,s3://braingeneersdev/asrobbin/braindance_data/24-105-10_drug_causal/22097/bl-1/bl-1_causal.raw.h5,1550,2.0,2.0000054611534064,True,stim,2,True,120.0,24-105-10_drug_causal,bl-1,False,,,,,,,,,,7E
s3://braingeneersdev/asrobbin/braindance_data/24-105-10_drug_causal/,22097,bl-1/bl-1,s3://braingeneersdev/asrobbin/braindance_data/24-105-10_drug_causal/22097/bl-1/bl-1.raw.h5,0,0.0,,False,spontaneous,2,True,120.0,24-105-10_drug_causal,bl-1,True,,,,,,,,,,7E
s3://braingeneersdev/asrobbin/braindance_data/24-105-10_drug_causal/,22097,bl-2/bl-2,s3://braingeneersdev/asrobbin/braindance_data/24-105-10_drug_causal/22097/bl-2/bl-2.raw.h5,972,0.5,,False,stim,3,True,122.0,24-105-10_drug_causal,bl-2,False,gaba-1,,,,,,,,,7E
s3://braingeneersdev/asrobbin/braindance_data/24-105-10_drug_causal/,22097,bl-2/bl-2_causal,s3://braingeneersdev/asrobbin/braindance_data/24-105-10_drug_causal/22097/bl-2/bl-2_causal.raw.h5,972,2.0,2.000008264512029,True,stim,3,True,122.0,24-105-10_drug_causal,bl-2,False,gaba-1,,,,,,,,,7E
s3://braingeneersdev/asrobbin/braindance_data/24-105-10_drug_causal/,22097,bl-2/bl-2_causal_1,s3://braingeneersdev/asrobbin/braindance_data/24-105-10_drug_causal/22097/bl-2/bl-2_causal_1.raw.h5,1550,2.0,2.000020616787926,True,stim,3,True,122.0,24-105-10_drug_causal,bl-2,False,gaba-1,,,,,,,,,7E
s3://braingeneersdev/asrobbin/braindance_data/24-105-10_drug_causal/,22097,gaba-1/gaba-1_causal,s3://braingeneersdev/asrobbin/braindance_data/24-105-10_drug_causal/22097/gaba-1/gaba-1_causal.raw.h5,1550,2.0,2.000008921989817,True,stim,2,True,125.0,24-105-10_drug_causal,gaba-1,False,,gaba-1,,,,,,,,7E
s3://braingeneersdev/asrobbin/braindance_data/24-105-10_drug_causal/,22097,gaba-1/gaba-1,s3://braingeneersdev/asrobbin/braindance_data/24-105-10_drug_causal/22097/gaba-1/gaba-1.raw.h5,0,0.0,,False,spontaneous,2,True,125.0,24-105-10_drug_causal,gaba-1,True,,gaba-1,,,,,,,,7E
s3://braingeneersdev/asrobbin/braindance_data/24-05-13-causal-mousepaper/,22097,nbqx_apv1/nbqx_apv1_causal,s3://braingeneersdev/asrobbin/braindance_data/24-05-13-causal-mousepaper/22097/nbqx_apv1/nbqx_apv1_causal.raw.h5,1350,2.0,2.000018626008446,True,stim,2,True,75.0,24-05-13-causal-mousepaper,nbqx_apv1,False,,nbqx_apv,,,,,,,,7C
s3://braingeneersdev/asrobbin/braindance_data/24-05-13-causal-mousepaper/,22097,nbqx_apv1/nbqx_apv1,s3://braingeneersdev/asrobbin/braindance_data/24-05-13-causal-mousepaper/22097/nbqx_apv1/nbqx_apv1.raw.h5,0,0.0,,False,spontaneous,2,True,75.0,24-05-13-causal-mousepaper,nbqx_apv1,True,,nbqx_apv,,,,,,,,7C
s3://braingeneersdev/asrobbin/braindance_data/24-05-13-causal-mousepaper/,22097,nbqx_apv2/nbqx_apv2,s3://braingeneersdev/asrobbin/braindance_data/24-05-13-causal-mousepaper/22097/nbqx_apv2/nbqx_apv2.raw.h5,0,0.0,,False,spontaneous,2,True,86.0,24-05-13-causal-mousepaper,nbqx_apv2,True,,nbqx_apv,,,,,,,,7C
s3://braingeneersdev/asrobbin/braindance_data/24-05-13-causal-mousepaper/,22097,nbqx_apv2/nbqx_apv2_causal,s3://braingeneersdev/asrobbin/braindance_data/24-05-13-causal-mousepaper/22097/nbqx_apv2/nbqx_apv2_causal.raw.h5,1350,2.0,2.000015048030555,True,stim,2,True,86.0,24-05-13-causal-mousepaper,nbqx_apv2,False,,nbqx_apv,,,,,,,,7C
s3://braingeneers/braindance/250802_fife/,23117hs,fife_test2/fife_test2_recordphase_recording_7,s3://braingeneers/braindance/250802_fife/23117hs/fife_test2/fife_test2_recordphase_recording_7.raw.h5,0,0.0,,False,spontaneous,59,True,195.0,250802_fife,fife_test2,False,,,,,,,,,,11A
s3://braingeneers/braindance/250802_fife/,23117hs,fife_test2/fife_test2_frequencystimphase_35,s3://braingeneers/braindance/250802_fife/23117hs/fife_test2/fife_test2_frequencystimphase_35.raw.h5,1000,2.0,1.9999840645880236,True,stim,59,True,195.0,250802_fife,fife_test2,False,,,,,,,,,,11A
s3://braingeneers/braindance/250802_fife/,23117hs,fife_test2/fife_test2_recordphase_recording_10,s3://braingeneers/braindance/250802_fife/23117hs/fife_test2/fife_test2_recordphase_recording_10.raw.h5,0,0.0,,False,spontaneous,59,True,195.0,250802_fife,fife_test2,False,,,,,,,,,,11A
s3://braingeneers/braindance/250802_fife/,23117hs,fife_test2/fife_test2_frequencystimphase_14,s3://braingeneers/braindance/250802_fife/23117hs/fife_test2/fife_test2_frequencystimphase_14.raw.h5,4200,2.0,2.000002003125821,True,stim,59,True,195.0,250802_fife,fife_test2,False,,,,,,,,,,11A
s3://braingeneers/braindance/250802_fife/,23117hs,fife_test2/fife_test2_frequencystimphase_5,s3://braingeneers/braindance/250802_fife/23117hs/fife_test2/fife_test2_frequencystimphase_5.raw.h5,1000,2.0,1.999986374879914,True,stim,59,True,195.0,250802_fife,fife_test2,False,,,,,,,,,,11A
s3://braingeneers/braindance/250802_fife/,23117hs,fife_test2/fife_test2_frequencystimphase_31,s3://braingeneers/braindance/250802_fife/23117hs/fife_test2/fife_test2_frequencystimphase_31.raw.h5,1000,2.0,1.9999892621796516,True,stim,59,True,195.0,250802_fife,fife_test2,False,,,,,,,,,,11A
s3://braingeneers/braindance/250802_fife/,23117hs,fife_test2/fife_test2_recordphase_recording_13,s3://braingeneers/braindance/250802_fife/23117hs/fife_test2/fife_test2_recordphase_recording_13.raw.h5,0,0.0,,False,spontaneous,59,True,195.0,250802_fife,fife_test2,False,,,,,,,,,,11A
s3://braingeneers/braindance/250802_fife/,23117hs,fife_test2/fife_test2_frequencystimphase_37,s3://braingeneers/braindance/250802_fife/23117hs/fife_test2/fife_test2_frequencystimphase_37.raw.h5,1000,2.0,1.9999913506917653,True,stim,59,True,195.0,250802_fife,fife_test2,False,,,,,,,,,,11A
s3://braingeneers/braindance/250802_fife/,23117hs,fife_test2/fife_test2_frequencystimphase_8,s3://braingeneers/braindance/250802_fife/23117hs/fife_test2/fife_test2_frequencystimphase_8.raw.h5,4200,2.0,2.000002910502837,True,stim,59,True,195.0,250802_fife,fife_test2,False,,,,,,,,,,11A
s3://braingeneers/braindance/250802_fife/,23117hs,fife_test2/fife_test2_frequencystimphase_18,s3://braingeneers/braindance/250802_fife/23117hs/fife_test2/fife_test2_frequencystimphase_18.raw.h5,4200,2.0,1.999997910062648,True,stim,59,True,195.0,250802_fife,fife_test2,False,,,,,,,,,,11A
s3://braingeneers/braindance/250802_fife/,23117hs,fife_test2/fife_test2_frequencystimphase_29,s3://braingeneers/braindance/250802_fife/23117hs/fife_test2/fife_test2_frequencystimphase_29.raw.h5,1000,2.0,2.0000039146901907,True,stim,59,True,195.0,250802_fife,fife_test2,False,,,,,,,,,,11A
s3://braingeneers/braindance/250802_fife/,23117hs,fife_test2/fife_test2_frequencystimphase_20,s3://braingeneers/braindance/250802_fife/23117hs/fife_test2/fife_test2_frequencystimphase_20.raw.h5,4200,2.0,1.9999988507592497,True,stim,59,True,195.0,250802_fife,fife_test2,False,,,,,,,,,,11A
s3://braingeneers/braindance/250802_fife/,23117hs,fife_test2/fife_test2_recordphase_recording_15,s3://braingeneers/braindance/250802_fife/23117hs/fife_test2/fife_test2_recordphase_recording_15.raw.h5,0,0.0,,False,spontaneous,59,True,195.0,250802_fife,fife_test2,False,,,,,,,,,,11A
s3://braingeneers/braindance/250802_fife/,23117hs,fife_test2/fife_test2_frequencystimphase_33,s3://braingeneers/braindance/250802_fife/23117hs/fife_test2/fife_test2_frequencystimphase_33.raw.h5,1000,2.0,1.9999961516464173,True,stim,59,True,195.0,250802_fife,fife_test2,False,,,,,,,,,,11A
s3://braingeneers/braindance/250802_fife/,23117hs,fife_test2/fife_test2_recordphase_recording,s3://braingeneers/braindance/250802_fife/23117hs/fife_test2/fife_test2_recordphase_recording.raw.h5,0,0.0,,False,spontaneous,59,True,195.0,250802_fife,fife_test2,True,,,,,,,,,,11A
s3://braingeneers/braindance/250802_fife/,23117hs,fife_test2/fife_test2_recordphase_recording_4,s3://braingeneers/braindance/250802_fife/23117hs/fife_test2/fife_test2_recordphase_recording_4.raw.h5,0,0.0,,False,spontaneous,59,True,195.0,250802_fife,fife_test2,False,,,,,,,,,,11A
s3://braingeneers/braindance/250802_fife/,23117hs,fife_test2/fife_test2_frequencystimphase_9,s3://braingeneers/braindance/250802_fife/23117hs/fife_test2/fife_test2_frequencystimphase_9.raw.h5,1000,2.0,1.9999828069383587,True,stim,59,True,195.0,250802_fife,fife_test2,False,,,,,,,,,,11A
s3://braingeneers/braindance/250802_fife/,23117hs,fife_test2/fife_test2_recordphase_recording_17,s3://braingeneers/braindance/250802_fife/23117hs/fife_test2/fife_test2_recordphase_recording_17.raw.h5,0,0.0,,False,spontaneous,59,True,195.0,250802_fife,fife_test2,False,,,,,,,,,,11A
s3://braingeneers/braindance/250802_fife/,23117hs,fife_test2/fife_test2_frequencystimphase_22,s3://braingeneers/braindance/250802_fife/23117hs/fife_test2/fife_test2_frequencystimphase_22.raw.h5,4200,2.0,2.000000123832419,True,stim,59,True,195.0,250802_fife,fife_test2,False,,,,,,,,,,11A
s3://braingeneers/braindance/250802_fife/,23117hs,fife_test2/fife_test2_frequencystimphase_4,s3://braingeneers/braindance/250802_fife/23117hs/fife_test2/fife_test2_frequencystimphase_4.raw.h5,4200,2.0,1.999996134771926,True,stim,59,True,195.0,250802_fife,fife_test2,False,,,,,,,,,,11A
s3://braingeneers/braindance/250802_fife/,23117hs,fife_test2/fife_test2_frequencystimphase_10,s3://braingeneers/braindance/250802_fife/23117hs/fife_test2/fife_test2_frequencystimphase_10.raw.h5,4200,2.0,2.0000006313379837,True,stim,59,True,195.0,250802_fife,fife_test2,False,,,,,,,,,,11A
s3://braingeneers/braindance/250802_fife/,23117hs,fife_test2/fife_test2_recordphase_recording_19,s3://braingeneers/braindance/250802_fife/23117hs/fife_test2/fife_test2_recordphase_recording_19.raw.h5,0,0.0,,False,spontaneous,59,True,195.0,250802_fife,fife_test2,False,,,,,,,,,,11A
s3://braingeneers/braindance/250802_fife/,23117hs,fife_test2/fife_test2_recordphase_recording_18,s3://braingeneers/braindance/250802_fife/23117hs/fife_test2/fife_test2_recordphase_recording_18.raw.h5,0,0.0,,False,spontaneous,59,True,195.0,250802_fife,fife_test2,False,,,,,,,,,,11A
s3://braingeneers/braindance/250802_fife/,23117hs,fife_test2/fife_test2_frequencystimphase_3,s3://braingeneers/braindance/250802_fife/23117hs/fife_test2/fife_test2_frequencystimphase_3.raw.h5,1000,2.0,1.9999848898957515,True,stim,59,True,195.0,250802_fife,fife_test2,False,,,,,,,,,,11A
s3://braingeneers/braindance/250802_fife/,23117hs,fife_test2/fife_test2_frequencystimphase_26,s3://braingeneers/braindance/250802_fife/23117hs/fife_test2/fife_test2_frequencystimphase_26.raw.h5,4200,2.0,1.9999983164044195,True,stim,59,True,195.0,250802_fife,fife_test2,False,,,,,,,,,,11A
s3://braingeneers/braindance/250802_fife/,23117hs,fife_test2/fife_test2_recordphase_recording_8,s3://braingeneers/braindance/250802_fife/23117hs/fife_test2/fife_test2_recordphase_recording_8.raw.h5,0,0.0,,False,spontaneous,59,True,195.0,250802_fife,fife_test2,False,,,,,,,,,,11A
s3://braingeneers/braindance/250802_fife/,23117hs,fife_test2/fife_test2_frequencystimphase_15,s3://braingeneers/braindance/250802_fife/23117hs/fife_test2/fife_test2_frequencystimphase_15.raw.h5,1000,2.0,2.00000143395532,True,stim,59,True,195.0,250802_fife,fife_test2,False,,,,,,,,,,11A
s3://braingeneers/braindance/250802_fife/,23117hs,fife_test2/fife_test2_frequencystimphase_17,s3://braingeneers/braindance/250802_fife/23117hs/fife_test2/fife_test2_frequencystimphase_17.raw.h5,1000,2.0,1.9999999034482363,True,stim,59,True,195.0,250802_fife,fife_test2,False,,,,,,,,,,11A
s3://braingeneers/braindance/250802_fife/,23117hs,fife_test2/fife_test2_recordphase_recording_12,s3://braingeneers/braindance/250802_fife/23117hs/fife_test2/fife_test2_recordphase_recording_12.raw.h5,0,0.0,,False,spontaneous,59,True,195.0,250802_fife,fife_test2,False,,,,,,,,,,11A
s3://braingeneers/braindance/250802_fife/,23117hs,fife_test2/fife_test2_frequencystimphase_11,s3://braingeneers/braindance/250802_fife/23117hs/fife_test2/fife_test2_frequencystimphase_11.raw.h5,1000,2.0,2.000002241516024,True,stim,59,True,195.0,250802_fife,fife_test2,False,,,,,,,,,,11A
s3://braingeneers/braindance/250802_fife/,23117hs,fife_test2/fife_test2_frequencystimphase_2,s3://braingeneers/braindance/250802_fife/23117hs/fife_test2/fife_test2_frequencystimphase_2.raw.h5,4200,2.0,1.9999989153662152,True,stim,59,True,195.0,250802_fife,fife_test2,False,,,,,,,,,,11A
s3://braingeneers/braindance/250802_fife/,23117hs,fife_test2/fife_test2_frequencystimphase,s3://braingeneers/braindance/250802_fife/23117hs/fife_test2/fife_test2_frequencystimphase.raw.h5,4200,2.0,1.9999957482462365,True,stim,59,True,195.0,250802_fife,fife_test2,False,,,,,,,,,,11A
s3://braingeneers/braindance/250802_fife/,23117hs,fife_test2/fife_test2_recordphase_recording_2,s3://braingeneers/braindance/250802_fife/23117hs/fife_test2/fife_test2_recordphase_recording_2.raw.h5,0,0.0,,False,spontaneous,59,True,195.0,250802_fife,fife_test2,False,,,,,,,,,,11A
s3://braingeneers/braindance/250802_fife/,23117hs,fife_test2/fife_test2_frequencystimphase_24,s3://braingeneers/braindance/250802_fife/23117hs/fife_test2/fife_test2_frequencystimphase_24.raw.h5,4200,2.0,1.999999528252512,True,stim,59,True,195.0,250802_fife,fife_test2,False,,,,,,,,,,11A
s3://braingeneers/braindance/250802_fife/,23117hs,fife_test2/fife_test2_frequencystimphase_32,s3://braingeneers/braindance/250802_fife/23117hs/fife_test2/fife_test2_frequencystimphase_32.raw.h5,4200,2.0,2.000001082677385,True,stim,59,True,195.0,250802_fife,fife_test2,False,,,,,,,,,,11A
s3://braingeneers/braindance/250802_fife/,23117hs,fife_test2/fife_test2_frequencystimphase_36,s3://braingeneers/braindance/250802_fife/23117hs/fife_test2/fife_test2_frequencystimphase_36.raw.h5,4200,2.0,1.9999954731839051,True,stim,59,True,195.0,250802_fife,fife_test2,False,,,,,,,,,,11A
s3://braingeneers/braindance/250802_fife/,23117hs,fife_test2/fife_test2_frequencystimphase_16,s3://braingeneers/braindance/250802_fife/23117hs/fife_test2/fife_test2_frequencystimphase_16.raw.h5,4200,2.0,1.9999950150636523,True,stim,59,True,195.0,250802_fife,fife_test2,False,,,,,,,,,,11A
s3://braingeneers/braindance/250802_fife/,23117hs,fife_test2/fife_test2_frequencystimphase_19,s3://braingeneers/braindance/250802_fife/23117hs/fife_test2/fife_test2_frequencystimphase_19.raw.h5,1000,2.0,1.999983656257676,True,stim,59,True,195.0,250802_fife,fife_test2,False,,,,,,,,,,11A
s3://braingeneers/braindance/250802_fife/,23117hs,fife_test2/fife_test2_frequencystimphase_6,s3://braingeneers/braindance/250802_fife/23117hs/fife_test2/fife_test2_frequencystimphase_6.raw.h5,4200,2.0,2.000000550762675,True,stim,59,True,195.0,250802_fife,fife_test2,False,,,,,,,,,,11A
s3://braingeneers/braindance/250802_fife/,23117hs,fife_test2/fife_test2_recordphase_recording_1,s3://braingeneers/braindance/250802_fife/23117hs/fife_test2/fife_test2_recordphase_recording_1.raw.h5,0,0.0,,False,spontaneous,59,True,195.0,250802_fife,fife_test2,False,,,,,,,,,,11A
s3://braingeneers/braindance/250802_fife/,23117hs,fife_test2/fife_test2_frequencystimphase_21,s3://braingeneers/braindance/250802_fife/23117hs/fife_test2/fife_test2_frequencystimphase_21.raw.h5,1000,2.0,1.999998586403424,True,stim,59,True,195.0,250802_fife,fife_test2,False,,,,,,,,,,11A
s3://braingeneers/braindance/250802_fife/,23117hs,fife_test2/fife_test2_frequencystimphase_12,s3://braingeneers/braindance/250802_fife/23117hs/fife_test2/fife_test2_frequencystimphase_12.raw.h5,4200,2.0,1.999996469166507,True,stim,59,True,195.0,250802_fife,fife_test2,False,,,,,,,,,,11A
s3://braingeneers/braindance/250802_fife/,23117hs,fife_test2/fife_test2_frequencystimphase_34,s3://braingeneers/braindance/250802_fife/23117hs/fife_test2/fife_test2_frequencystimphase_34.raw.h5,4200,2.0,2.0000013504692147,True,stim,59,True,195.0,250802_fife,fife_test2,False,,,,,,,,,,11A
s3://braingeneers/braindance/250802_fife/,23117hs,fife_test2/fife_test2_frequencystimphase_38,s3://braingeneers/braindance/250802_fife/23117hs/fife_test2/fife_test2_frequencystimphase_38.raw.h5,1985,2.0,2.000000713622891,True,stim,59,True,195.0,250802_fife,fife_test2,False,,,,,,,,,,11A
s3://braingeneers/braindance/250802_fife/,23117hs,fife_test2/fife_test2_recordphase_recording_3,s3://braingeneers/braindance/250802_fife/23117hs/fife_test2/fife_test2_recordphase_recording_3.raw.h5,0,0.0,,False,spontaneous,59,True,195.0,250802_fife,fife_test2,False,,,,,,,,,,11A
s3://braingeneers/braindance/250802_fife/,23117hs,fife_test2/fife_test2_frequencystimphase_1,s3://braingeneers/braindance/250802_fife/23117hs/fife_test2/fife_test2_frequencystimphase_1.raw.h5,1000,2.0,2.000000056291413,True,stim,59,True,195.0,250802_fife,fife_test2,False,,,,,,,,,,11A
s3://braingeneers/braindance/250802_fife/,23117hs,fife_test2/fife_test2_frequencystimphase_7,s3://braingeneers/braindance/250802_fife/23117hs/fife_test2/fife_test2_frequencystimphase_7.raw.h5,1000,2.0,1.9999916015454176,True,stim,59,True,195.0,250802_fife,fife_test2,False,,,,,,,,,,11A
s3://braingeneers/braindance/250802_fife/,23117hs,fife_test2/fife_test2_recordphase_recording_5,s3://braingeneers/braindance/250802_fife/23117hs/fife_test2/fife_test2_recordphase_recording_5.raw.h5,0,0.0,,False,spontaneous,59,True,195.0,250802_fife,fife_test2,False,,,,,,,,,,11A
s3://braingeneers/braindance/250802_fife/,23117hs,fife_test2/fife_test2_recordphase_recording_11,s3://braingeneers/braindance/250802_fife/23117hs/fife_test2/fife_test2_recordphase_recording_11.raw.h5,0,0.0,,False,spontaneous,59,True,195.0,250802_fife,fife_test2,False,,,,,,,,,,11A
s3://braingeneers/braindance/250802_fife/,23117hs,fife_test2/fife_test2_frequencystimphase_27,s3://braingeneers/braindance/250802_fife/23117hs/fife_test2/fife_test2_frequencystimphase_27.raw.h5,1000,2.0,1.9999789321018144,True,stim,59,True,195.0,250802_fife,fife_test2,False,,,,,,,,,,11A
s3://braingeneers/braindance/250802_fife/,23117hs,fife_test2/fife_test2_recordphase_recording_14,s3://braingeneers/braindance/250802_fife/23117hs/fife_test2/fife_test2_recordphase_recording_14.raw.h5,0,0.0,,False,spontaneous,59,True,195.0,250802_fife,fife_test2,False,,,,,,,,,,11A
s3://braingeneers/braindance/250802_fife/,23117hs,fife_test2/fife_test2_recordphase_recording_9,s3://braingeneers/braindance/250802_fife/23117hs/fife_test2/fife_test2_recordphase_recording_9.raw.h5,0,0.0,,False,spontaneous,59,True,195.0,250802_fife,fife_test2,False,,,,,,,,,,11A
s3://braingeneers/braindance/250802_fife/,23117hs,fife_test2/fife_test2_recordphase_recording_6,s3://braingeneers/braindance/250802_fife/23117hs/fife_test2/fife_test2_recordphase_recording_6.raw.h5,0,0.0,,False,spontaneous,59,True,195.0,250802_fife,fife_test2,False,,,,,,,,,,11A
s3://braingeneers/braindance/250802_fife/,23117hs,fife_test2/fife_test2_frequencystimphase_13,s3://braingeneers/braindance/250802_fife/23117hs/fife_test2/fife_test2_frequencystimphase_13.raw.h5,1000,2.0,1.999990108044888,True,stim,59,True,195.0,250802_fife,fife_test2,False,,,,,,,,,,11A
s3://braingeneers/braindance/250802_fife/,23117hs,fife_test2/fife_test2_frequencystimphase_23,s3://braingeneers/braindance/250802_fife/23117hs/fife_test2/fife_test2_frequencystimphase_23.raw.h5,1000,2.0,1.999998379376976,True,stim,59,True,195.0,250802_fife,fife_test2,False,,,,,,,,,,11A
s3://braingeneers/braindance/250802_fife/,23117hs,fife_test2/fife_test2_recordphase_recording_16,s3://braingeneers/braindance/250802_fife/23117hs/fife_test2/fife_test2_recordphase_recording_16.raw.h5,0,0.0,,False,spontaneous,59,True,195.0,250802_fife,fife_test2,False,,,,,,,,,,11A
s3://braingeneers/braindance/250802_fife/,23117hs,fife_test2/fife_test2_frequencystimphase_25,s3://braingeneers/braindance/250802_fife/23117hs/fife_test2/fife_test2_frequencystimphase_25.raw.h5,1000,2.0,1.9999793648454829,True,stim,59,True,195.0,250802_fife,fife_test2,False,,,,,,,,,,11A
s3://braingeneers/braindance/250802_fife/,23117hs,fife_test2/fife_test2_frequencystimphase_30,s3://braingeneers/braindance/250802_fife/23117hs/fife_test2/fife_test2_frequencystimphase_30.raw.h5,4200,2.0,1.9999986383747188,True,stim,59,True,195.0,250802_fife,fife_test2,False,,,,,,,,,,11A
s3://braingeneers/braindance/250802_fife/,23117hs,fife_test2/fife_test2_frequencystimphase_28,s3://braingeneers/braindance/250802_fife/23117hs/fife_test2/fife_test2_frequencystimphase_28.raw.h5,4200,2.0,1.9999948489133532,True,stim,59,True,195.0,250802_fife,fife_test2,False,,,,,,,,,,11A
s3://braingeneersdev/asrobbin/braindance_data/23-05-10_drug_causal/,20247,causal_thc/causal_thc,s3://braingeneersdev/asrobbin/braindance_data/23-05-10_drug_causal/20247/causal_thc/causal_thc.raw.h5,1400,0.5,,False,stim,2,True,86.0,23-05-10_drug_causal,causal_thc,False,thc2,thc,,,,,,,,2A
s3://braingeneersdev/asrobbin/braindance_data/23-05-10_drug_causal/,20247,causal_thc/causal_thc_causal,s3://braingeneersdev/asrobbin/braindance_data/23-05-10_drug_causal/20247/causal_thc/causal_thc_causal.raw.h5,1400,2.0,2.0000061348836,True,stim,2,True,86.0,23-05-10_drug_causal,causal_thc,False,thc2,thc,,,,,,,,2A
s3://braingeneersdev/asrobbin/braindance_data/23-05-10_drug_causal/,22097,nbqx_apv/nbqx_apv_causal,s3://braingeneersdev/asrobbin/braindance_data/23-05-10_drug_causal/22097/nbqx_apv/nbqx_apv_causal.raw.h5,1150,2.0,1.9999956540773516,True,stim,2,True,127.0,23-05-10_drug_causal,nbqx_apv,False,,nbqx_apv,,,,,,,,7B
s3://braingeneersdev/asrobbin/braindance_data/23-05-10_drug_causal/,22097,nbqx_apv/nbqx_apv,s3://braingeneersdev/asrobbin/braindance_data/23-05-10_drug_causal/22097/nbqx_apv/nbqx_apv.raw.h5,0,0.0,,False,spontaneous,2,True,127.0,23-05-10_drug_causal,nbqx_apv,True,,nbqx_apv,,,,,,,,7B
s3://braingeneersdev/asrobbin/braindance_data/24-105-10_drug_causal/,20264,causal_nbqx_apv/causal_nbqx_apv_causal,s3://braingeneersdev/asrobbin/braindance_data/24-105-10_drug_causal/20264/causal_nbqx_apv/causal_nbqx_apv_causal.raw.h5,1100,2.0,2.000001795965252,True,stim,2,True,57.0,24-105-10_drug_causal,causal_nbqx_apv,False,nbqx_apv2,nbqx_apv,,,,,,,,3C
s3://braingeneersdev/asrobbin/braindance_data/24-105-10_drug_causal/,20264,causal_nbqx_apv/causal_nbqx_apv,s3://braingeneersdev/asrobbin/braindance_data/24-105-10_drug_causal/20264/causal_nbqx_apv/causal_nbqx_apv.raw.h5,1100,0.5,,False,stim,2,True,57.0,24-105-10_drug_causal,causal_nbqx_apv,False,nbqx_apv2,nbqx_apv,,,,,,,,3C
s3://braingeneersdev/asrobbin/braindance_data/24-05-13-causal-mousepaper/,22097,causal/causal_causal,s3://braingeneersdev/asrobbin/braindance_data/24-05-13-causal-mousepaper/22097/causal/causal_causal.raw.h5,1250,2.0,1.999999032311574,True,stim,2,True,120.0,24-05-13-causal-mousepaper,causal,False,,,,,,,,,,7C
s3://braingeneersdev/asrobbin/braindance_data/24-05-13-causal-mousepaper/,22097,causal/causal,s3://braingeneersdev/asrobbin/braindance_data/24-05-13-causal-mousepaper/22097/causal/causal.raw.h5,1250,0.5,,False,stim,2,True,120.0,24-05-13-causal-mousepaper,causal,False,,,,,,,,,,7C
s3://braingeneersdev/asrobbin/braindance_data/24-05-13-causal-mousepaper/,22717,ventral_BL1_gabazine/ventral_BL1_gabazine_causal,s3://braingeneersdev/asrobbin/braindance_data/24-05-13-causal-mousepaper/22717/ventral_BL1_gabazine/ventral_BL1_gabazine_causal.raw.h5,1050,2.0,2.0000159010033576,True,stim,2,True,73.0,24-05-13-causal-mousepaper,ventral_BL1_gabazine,False,,gabazine,,,,,,,,10A
s3://braingeneersdev/asrobbin/braindance_data/24-05-13-causal-mousepaper/,22717,ventral_BL1_gabazine/ventral_BL1_gabazine,s3://braingeneersdev/asrobbin/braindance_data/24-05-13-causal-mousepaper/22717/ventral_BL1_gabazine/ventral_BL1_gabazine.raw.h5,0,0.0,,False,spontaneous,2,True,73.0,24-05-13-causal-mousepaper,ventral_BL1_gabazine,True,,gabazine,,,,,,,,10A
s3://braingeneersdev/asrobbin/braindance_data/24-05-13-causal-mousepaper/,22717,ventral_BL2_gabazine/ventral_BL2_gabazine,s3://braingeneersdev/asrobbin/braindance_data/24-05-13-causal-mousepaper/22717/ventral_BL2_gabazine/ventral_BL2_gabazine.raw.h5,0,0.0,,False,spontaneous,2,True,65.0,24-05-13-causal-mousepaper,ventral_BL2_gabazine,True,,gabazine,,,,,,,,10A
s3://braingeneersdev/asrobbin/braindance_data/24-05-13-causal-mousepaper/,22717,ventral_BL2_gabazine/ventral_BL2_gabazine_causal,s3://braingeneersdev/asrobbin/braindance_data/24-05-13-causal-mousepaper/22717/ventral_BL2_gabazine/ventral_BL2_gabazine_causal.raw.h5,1050,2.0,2.0000165819790174,True,stim,2,True,65.0,24-05-13-causal-mousepaper,ventral_BL2_gabazine,False,,gabazine,,,,,,,,10A
s3://braingeneers/braindance/drug_causal_2025-09-01/,25126hs2d,bl/bl,s3://braingeneers/braindance/drug_causal_2025-09-01/25126hs2d/bl/bl.raw.h5,1400,0.5,,False,stim,2,True,429.0,drug_causal_2025-09-01,bl,False,,,,,,,,,,20A
s3://braingeneers/braindance/drug_causal_2025-09-01/,25126hs2d,bl/bl_causal,s3://braingeneers/braindance/drug_causal_2025-09-01/25126hs2d/bl/bl_causal.raw.h5,1400,2.0,2.000020363217938,True,stim,2,True,429.0,drug_causal_2025-09-01,bl,False,,,,,,,,,,20A
s3://braingeneers/braindance/drug_causal_2025-09-01/,25126hs2d,noradrenaline/noradrenaline_causal,s3://braingeneers/braindance/drug_causal_2025-09-01/25126hs2d/noradrenaline/noradrenaline_causal.raw.h5,1400,2.0,2.000018104827099,True,stim,2,True,367.0,drug_causal_2025-09-01,noradrenaline,False,,,,,,,,,,20A
s3://braingeneers/braindance/drug_causal_2025-09-01/,25126hs2d,noradrenaline/noradrenaline,s3://braingeneers/braindance/drug_causal_2025-09-01/25126hs2d/noradrenaline/noradrenaline.raw.h5,0,0.0,,False,spontaneous,2,True,367.0,drug_causal_2025-09-01,noradrenaline,True,,,,,,,,,,20A
s3://braingeneers/braindance/drug_causal_2025-09-01/,25134hs1,bl/bl,s3://braingeneers/braindance/drug_causal_2025-09-01/25134hs1/bl/bl.raw.h5,1300,0.5,,False,stim,2,True,420.0,drug_causal_2025-09-01,bl,False,,,,,,,,,,23A
s3://braingeneers/braindance/drug_causal_2025-09-01/,25134hs1,bl/bl_causal,s3://braingeneers/braindance/drug_causal_2025-09-01/25134hs1/bl/bl_causal.raw.h5,1300,2.0,1.9999974693294755,True,stim,2,True,420.0,drug_causal_2025-09-01,bl,False,,,,,,,,,,23A
s3://braingeneers/braindance/drug_causal_2025-09-01/,25134hs1,noradrenaline/noradrenaline_causal,s3://braingeneers/braindance/drug_causal_2025-09-01/25134hs1/noradrenaline/noradrenaline_causal.raw.h5,1300,2.0,2.0000092235974773,True,stim,2,True,387.0,drug_causal_2025-09-01,noradrenaline,False,,,,,,,,,,23A
s3://braingeneers/braindance/drug_causal_2025-09-01/,25134hs1,noradrenaline/noradrenaline,s3://braingeneers/braindance/drug_causal_2025-09-01/25134hs1/noradrenaline/noradrenaline.raw.h5,0,0.0,,False,spontaneous,2,True,387.0,drug_causal_2025-09-01,noradrenaline,True,,,,,,,,,,23A
s3://braingeneers/braindance/busy_bee_10-10-2025/,25126hs1,dorsal2d/dorsal2d_cont_50,s3://braingeneers/braindance/busy_bee_10-10-2025/25126hs1/dorsal2d/dorsal2d_cont_50.raw.h5,0,0.0,,False,spontaneous,127,True,46.0,busy_bee_10-10-2025,dorsal2d,False,,,,,,,,,,19B
s3://braingeneers/braindance/busy_bee_10-10-2025/,25126hs1,dorsal2d/dorsal2d_cont_17,s3://braingeneers/braindance/busy_bee_10-10-2025/25126hs1/dorsal2d/dorsal2d_cont_17.raw.h5,9200,4.0,4.000001164968554,True,stim,127,True,46.0,busy_bee_10-10-2025,dorsal2d,False,,,,,,,,,,19B
s3://braingeneers/braindance/busy_bee_10-10-2025/,25126hs1,dorsal2d/dorsal2d_cont_44,s3://braingeneers/braindance/busy_bee_10-10-2025/25126hs1/dorsal2d/dorsal2d_cont_44.raw.h5,0,0.0,,False,spontaneous,127,True,46.0,busy_bee_10-10-2025,dorsal2d,False,,,,,,,,,,19B
s3://braingeneers/braindance/busy_bee_10-10-2025/,25126hs1,dorsal2d/dorsal2d_cont_100,s3://braingeneers/braindance/busy_bee_10-10-2025/25126hs1/dorsal2d/dorsal2d_cont_100.raw.h5,0,0.0,,False,spontaneous,127,True,46.0,busy_bee_10-10-2025,dorsal2d,False,,,,,,,,,,19B
s3://braingeneers/braindance/busy_bee_10-10-2025/,25126hs1,dorsal2d/dorsal2d_cont_40,s3://braingeneers/braindance/busy_bee_10-10-2025/25126hs1/dorsal2d/dorsal2d_cont_40.raw.h5,0,0.0,,False,spontaneous,127,True,46.0,busy_bee_10-10-2025,dorsal2d,False,,,,,,,,,,19B
s3://braingeneers/braindance/busy_bee_10-10-2025/,25126hs1,dorsal2d/dorsal2d_cont_118,s3://braingeneers/braindance/busy_bee_10-10-2025/25126hs1/dorsal2d/dorsal2d_cont_118.raw.h5,0,0.0,,False,spontaneous,127,True,46.0,busy_bee_10-10-2025,dorsal2d,False,,,,,,,,,,19B
s3://braingeneers/braindance/busy_bee_10-10-2025/,25126hs1,dorsal2d/dorsal2d_cont_125,s3://braingeneers/braindance/busy_bee_10-10-2025/25126hs1/dorsal2d/dorsal2d_cont_125.raw.h5,1714,2.0,2.00000752165689,True,stim,127,True,46.0,busy_bee_10-10-2025,dorsal2d,False,,,,,,,,,,19B
s3://braingeneers/braindance/busy_bee_10-10-2025/,25126hs1,dorsal2d/dorsal2d_cont_1,s3://braingeneers/braindance/busy_bee_10-10-2025/25126hs1/dorsal2d/dorsal2d_cont_1.raw.h5,1150,0.5,0.500000940472217,True,stim,127,True,46.0,busy_bee_10-10-2025,dorsal2d,False,,,,,,,,,,19B
s3://braingeneers/braindance/busy_bee_10-10-2025/,25126hs1,dorsal2d/dorsal2d_cont_107,s3://braingeneers/braindance/busy_bee_10-10-2025/25126hs1/dorsal2d/dorsal2d_cont_107.raw.h5,9200,4.0,4.000014414326321,True,stim,127,True,46.0,busy_bee_10-10-2025,dorsal2d,False,,,,,,,,,,19B
s3://braingeneers/braindance/busy_bee_10-10-2025/,25126hs1,dorsal2d/dorsal2d_cont_4,s3://braingeneers/braindance/busy_bee_10-10-2025/25126hs1/dorsal2d/dorsal2d_cont_4.raw.h5,0,0.0,,False,spontaneous,127,True,46.0,busy_bee_10-10-2025,dorsal2d,False,,,,,,,,,,19B
s3://braingeneers/braindance/busy_bee_10-10-2025/,25126hs1,dorsal2d/dorsal2d_cont_20,s3://braingeneers/braindance/busy_bee_10-10-2025/25126hs1/dorsal2d/dorsal2d_cont_20.raw.h5,0,0.0,,False,spontaneous,127,True,46.0,busy_bee_10-10-2025,dorsal2d,False,,,,,,,,,,19B
s3://braingeneers/braindance/busy_bee_10-10-2025/,25126hs1,dorsal2d/dorsal2d_cont_30,s3://braingeneers/braindance/busy_bee_10-10-2025/25126hs1/dorsal2d/dorsal2d_cont_30.raw.h5,0,0.0,,False,spontaneous,127,True,46.0,busy_bee_10-10-2025,dorsal2d,False,,,,,,,,,,19B
s3://braingeneers/braindance/busy_bee_10-10-2025/,25126hs1,dorsal2d/dorsal2d_cont_112,s3://braingeneers/braindance/busy_bee_10-10-2025/25126hs1/dorsal2d/dorsal2d_cont_112.raw.h5,0,0.0,,False,spontaneous,127,True,46.0,busy_bee_10-10-2025,dorsal2d,False,,,,,,,,,,19B
s3://braingeneers/braindance/busy_bee_10-10-2025/,25126hs1,dorsal2d/dorsal2d_cont_23,s3://braingeneers/braindance/busy_bee_10-10-2025/25126hs1/dorsal2d/dorsal2d_cont_23.raw.h5,2300,1.0,0.9999998884884138,True,stim,127,True,46.0,busy_bee_10-10-2025,dorsal2d,False,,,,,,,,,,19B
s3://braingeneers/braindance/busy_bee_10-10-2025/,25126hs1,dorsal2d/dorsal2d_cont_45,s3://braingeneers/braindance/busy_bee_10-10-2025/25126hs1/dorsal2d/dorsal2d_cont_45.raw.h5,4600,2.0,2.0000026161114173,True,stim,127,True,46.0,busy_bee_10-10-2025,dorsal2d,False,,,,,,,,,,19B
s3://braingeneers/braindance/busy_bee_10-10-2025/,25126hs1,dorsal2d/dorsal2d_cont_109,s3://braingeneers/braindance/busy_bee_10-10-2025/25126hs1/dorsal2d/dorsal2d_cont_109.raw.h5,18400,8.0,7.999986526927104,True,stim,127,True,46.0,busy_bee_10-10-2025,dorsal2d,False,,,,,,,,,,19B
s3://braingeneers/braindance/busy_bee_10-10-2025/,25126hs1,dorsal2d/dorsal2d_cont_25,s3://braingeneers/braindance/busy_bee_10-10-2025/25126hs1/dorsal2d/dorsal2d_cont_25.raw.h5,4600,2.0,2.0000052493868403,True,stim,127,True,46.0,busy_bee_10-10-2025,dorsal2d,False,,,,,,,,,,19B
s3://braingeneers/braindance/busy_bee_10-10-2025/,25126hs1,dorsal2d/dorsal2d_cont_43,s3://braingeneers/braindance/busy_bee_10-10-2025/25126hs1/dorsal2d/dorsal2d_cont_43.raw.h5,2300,1.0,0.9999969394378968,True,stim,127,True,46.0,busy_bee_10-10-2025,dorsal2d,False,,,,,,,,,,19B
s3://braingeneers/braindance/busy_bee_10-10-2025/,25126hs1,dorsal2d/dorsal2d_cont_124,s3://braingeneers/braindance/busy_bee_10-10-2025/25126hs1/dorsal2d/dorsal2d_cont_124.raw.h5,0,0.0,,False,spontaneous,127,True,46.0,busy_bee_10-10-2025,dorsal2d,False,,,,,,,,,,19B
s3://braingeneers/braindance/busy_bee_10-10-2025/,25126hs1,dorsal2d/dorsal2d_cont_71,s3://braingeneers/braindance/busy_bee_10-10-2025/25126hs1/dorsal2d/dorsal2d_cont_71.raw.h5,1150,0.5,0.4999994545073742,True,stim,127,True,46.0,busy_bee_10-10-2025,dorsal2d,False,,,,,,,,,,19B
s3://braingeneers/braindance/busy_bee_10-10-2025/,25126hs1,dorsal2d/dorsal2d_cont_63,s3://braingeneers/braindance/busy_bee_10-10-2025/25126hs1/dorsal2d/dorsal2d_cont_63.raw.h5,2300,1.0,1.0000010174695302,True,stim,127,True,46.0,busy_bee_10-10-2025,dorsal2d,False,,,,,,,,,,19B
s3://braingeneers/braindance/busy_bee_10-10-2025/,25126hs1,dorsal2d/dorsal2d_cont_56,s3://braingeneers/braindance/busy_bee_10-10-2025/25126hs1/dorsal2d/dorsal2d_cont_56.raw.h5,0,0.0,,False,spontaneous,127,True,46.0,busy_bee_10-10-2025,dorsal2d,False,,,,,,,,,,19B
s3://braingeneers/braindance/busy_bee_10-10-2025/,25126hs1,dorsal2d/dorsal2d_cont_32,s3://braingeneers/braindance/busy_bee_10-10-2025/25126hs1/dorsal2d/dorsal2d_cont_32.raw.h5,0,0.0,,False,spontaneous,127,True,46.0,busy_bee_10-10-2025,dorsal2d,False,,,,,,,,,,19B
s3://braingeneers/braindance/busy_bee_10-10-2025/,25126hs1,dorsal2d/dorsal2d_cont_47,s3://braingeneers/braindance/busy_bee_10-10-2025/25126hs1/dorsal2d/dorsal2d_cont_47.raw.h5,9200,4.0,3.9999974449036206,True,stim,127,True,46.0,busy_bee_10-10-2025,dorsal2d,False,,,,,,,,,,19B
s3://braingeneers/braindance/busy_bee_10-10-2025/,25126hs1,dorsal2d/dorsal2d_cont_91,s3://braingeneers/braindance/busy_bee_10-10-2025/25126hs1/dorsal2d/dorsal2d_cont_91.raw.h5,1150,0.5,0.5000009758626105,True,stim,127,True,46.0,busy_bee_10-10-2025,dorsal2d,False,,,,,,,,,,19B
s3://braingeneers/braindance/busy_bee_10-10-2025/,25126hs1,dorsal2d/dorsal2d_cont_93,s3://braingeneers/braindance/busy_bee_10-10-2025/25126hs1/dorsal2d/dorsal2d_cont_93.raw.h5,2300,1.0,1.0000006653487947,True,stim,127,True,46.0,busy_bee_10-10-2025,dorsal2d,False,,,,,,,,,,19B
s3://braingeneers/braindance/busy_bee_10-10-2025/,25126hs1,dorsal2d/dorsal2d_cont_73,s3://braingeneers/braindance/busy_bee_10-10-2025/25126hs1/dorsal2d/dorsal2d_cont_73.raw.h5,2300,1.0,1.0000028860287218,True,stim,127,True,46.0,busy_bee_10-10-2025,dorsal2d,False,,,,,,,,,,19B
s3://braingeneers/braindance/busy_bee_10-10-2025/,25126hs1,dorsal2d/dorsal2d_cont_21,s3://braingeneers/braindance/busy_bee_10-10-2025/25126hs1/dorsal2d/dorsal2d_cont_21.raw.h5,1150,0.5,0.5000008389668138,True,stim,127,True,46.0,busy_bee_10-10-2025,dorsal2d,False,,,,,,,,,,19B
s3://braingeneers/braindance/busy_bee_10-10-2025/,25126hs1,dorsal2d/dorsal2d_cont_110,s3://braingeneers/braindance/busy_bee_10-10-2025/25126hs1/dorsal2d/dorsal2d_cont_110.raw.h5,0,0.0,,False,spontaneous,127,True,46.0,busy_bee_10-10-2025,dorsal2d,False,,,,,,,,,,19B
s3://braingeneers/braindance/busy_bee_10-10-2025/,25126hs1,dorsal2d/dorsal2d_cont_35,s3://braingeneers/braindance/busy_bee_10-10-2025/25126hs1/dorsal2d/dorsal2d_cont_35.raw.h5,4600,2.0,1.999997266786027,True,stim,127,True,46.0,busy_bee_10-10-2025,dorsal2d,False,,,,,,,,,,19B
s3://braingeneers/braindance/busy_bee_10-10-2025/,25126hs1,dorsal2d/dorsal2d_cont_117,s3://braingeneers/braindance/busy_bee_10-10-2025/25126hs1/dorsal2d/dorsal2d_cont_117.raw.h5,9200,4.0,4.000007029762712,True,stim,127,True,46.0,busy_bee_10-10-2025,dorsal2d,False,,,,,,,,,,19B
s3://braingeneers/braindance/busy_bee_10-10-2025/,25126hs1,dorsal2d/dorsal2d_cont_5,s3://braingeneers/braindance/busy_bee_10-10-2025/25126hs1/dorsal2d/dorsal2d_cont_5.raw.h5,4600,2.0,1.999995545173482,True,stim,127,True,46.0,busy_bee_10-10-2025,dorsal2d,False,,,,,,,,,,19B
s3://braingeneers/braindance/busy_bee_10-10-2025/,25126hs1,dorsal2d/dorsal2d_cont_13,s3://braingeneers/braindance/busy_bee_10-10-2025/25126hs1/dorsal2d/dorsal2d_cont_13.raw.h5,2300,1.0,1.000000287483846,True,stim,127,True,46.0,busy_bee_10-10-2025,dorsal2d,False,,,,,,,,,,19B
s3://braingeneers/braindance/busy_bee_10-10-2025/,25126hs1,dorsal2d/dorsal2d_cont_69,s3://braingeneers/braindance/busy_bee_10-10-2025/25126hs1/dorsal2d/dorsal2d_cont_69.raw.h5,18400,8.0,7.999981611680537,True,stim,127,True,46.0,busy_bee_10-10-2025,dorsal2d,False,,,,,,,,,,19B
s3://braingeneers/braindance/busy_bee_10-10-2025/,25126hs1,dorsal2d/dorsal2d_cont_92,s3://braingeneers/braindance/busy_bee_10-10-2025/25126hs1/dorsal2d/dorsal2d_cont_92.raw.h5,0,0.0,,False,spontaneous,127,True,46.0,busy_bee_10-10-2025,dorsal2d,False,,,,,,,,,,19B
s3://braingeneers/braindance/busy_bee_10-10-2025/,25126hs1,dorsal2d/dorsal2d_cont_89,s3://braingeneers/braindance/busy_bee_10-10-2025/25126hs1/dorsal2d/dorsal2d_cont_89.raw.h5,18400,8.0,8.000032300207808,True,stim,127,True,46.0,busy_bee_10-10-2025,dorsal2d,False,,,,,,,,,,19B
s3://braingeneers/braindance/busy_bee_10-10-2025/,25126hs1,dorsal2d/dorsal2d_cont_108,s3://braingeneers/braindance/busy_bee_10-10-2025/25126hs1/dorsal2d/dorsal2d_cont_108.raw.h5,0,0.0,,False,spontaneous,127,True,46.0,busy_bee_10-10-2025,dorsal2d,False,,,,,,,,,,19B
s3://braingeneers/braindance/busy_bee_10-10-2025/,25126hs1,dorsal2d/dorsal2d_cont_65,s3://braingeneers/braindance/busy_bee_10-10-2025/25126hs1/dorsal2d/dorsal2d_cont_65.raw.h5,4600,2.0,1.999999548195048,True,stim,127,True,46.0,busy_bee_10-10-2025,dorsal2d,False,,,,,,,,,,19B
s3://braingeneers/braindance/busy_bee_10-10-2025/,25126hs1,dorsal2d/dorsal2d_cont_68,s3://braingeneers/braindance/busy_bee_10-10-2025/25126hs1/dorsal2d/dorsal2d_cont_68.raw.h5,0,0.0,,False,spontaneous,127,True,46.0,busy_bee_10-10-2025,dorsal2d,False,,,,,,,,,,19B
s3://braingeneers/braindance/busy_bee_10-10-2025/,25126hs1,dorsal2d/dorsal2d_cont_48,s3://braingeneers/braindance/busy_bee_10-10-2025/25126hs1/dorsal2d/dorsal2d_cont_48.raw.h5,0,0.0,,False,spontaneous,127,True,46.0,busy_bee_10-10-2025,dorsal2d,False,,,,,,,,,,19B
s3://braingeneers/braindance/busy_bee_10-10-2025/,25126hs1,dorsal2d/dorsal2d_cont_51,s3://braingeneers/braindance/busy_bee_10-10-2025/25126hs1/dorsal2d/dorsal2d_cont_51.raw.h5,1150,0.5,0.4999994845260498,True,stim,127,True,46.0,busy_bee_10-10-2025,dorsal2d,False,,,,,,,,,,19B
s3://braingeneers/braindance/busy_bee_10-10-2025/,25126hs1,dorsal2d/dorsal2d_cont_18,s3://braingeneers/braindance/busy_bee_10-10-2025/25126hs1/dorsal2d/dorsal2d_cont_18.raw.h5,0,0.0,,False,spontaneous,127,True,46.0,busy_bee_10-10-2025,dorsal2d,False,,,,,,,,,,19B
s3://braingeneers/braindance/busy_bee_10-10-2025/,25126hs1,dorsal2d/dorsal2d_cont_102,s3://braingeneers/braindance/busy_bee_10-10-2025/25126hs1/dorsal2d/dorsal2d_cont_102.raw.h5,0,0.0,,False,spontaneous,127,True,46.0,busy_bee_10-10-2025,dorsal2d,False,,,,,,,,,,19B
s3://braingeneers/braindance/busy_bee_10-10-2025/,25126hs1,dorsal2d/dorsal2d_cont_31,s3://braingeneers/braindance/busy_bee_10-10-2025/25126hs1/dorsal2d/dorsal2d_cont_31.raw.h5,1150,0.5,0.5000009875370158,True,stim,127,True,46.0,busy_bee_10-10-2025,dorsal2d,False,,,,,,,,,,19B
s3://braingeneers/braindance/busy_bee_10-10-2025/,25126hs1,dorsal2d/dorsal2d_cont_52,s3://braingeneers/braindance/busy_bee_10-10-2025/25126hs1/dorsal2d/dorsal2d_cont_52.raw.h5,0,0.0,,False,spontaneous,127,True,46.0,busy_bee_10-10-2025,dorsal2d,False,,,,,,,,,,19B
s3://braingeneers/braindance/busy_bee_10-10-2025/,25126hs1,dorsal2d/dorsal2d_cont_83,s3://braingeneers/braindance/busy_bee_10-10-2025/25126hs1/dorsal2d/dorsal2d_cont_83.raw.h5,2300,1.0,0.999999884798368,True,stim,127,True,46.0,busy_bee_10-10-2025,dorsal2d,False,,,,,,,,,,19B
s3://braingeneers/braindance/busy_bee_10-10-2025/,25126hs1,dorsal2d/dorsal2d_cont_115,s3://braingeneers/braindance/busy_bee_10-10-2025/25126hs1/dorsal2d/dorsal2d_cont_115.raw.h5,4600,2.0,2.000000266034688,True,stim,127,True,46.0,busy_bee_10-10-2025,dorsal2d,False,,,,,,,,,,19B
s3://braingeneers/braindance/busy_bee_10-10-2025/,25126hs1,dorsal2d/dorsal2d_cont_121,s3://braingeneers/braindance/busy_bee_10-10-2025/25126hs1/dorsal2d/dorsal2d_cont_121.raw.h5,1150,0.5,0.4999996097042095,True,stim,127,True,46.0,busy_bee_10-10-2025,dorsal2d,False,,,,,,,,,,19B
s3://braingeneers/braindance/busy_bee_10-10-2025/,25126hs1,dorsal2d/dorsal2d_cont_70,s3://braingeneers/braindance/busy_bee_10-10-2025/25126hs1/dorsal2d/dorsal2d_cont_70.raw.h5,0,0.0,,False,spontaneous,127,True,46.0,busy_bee_10-10-2025,dorsal2d,False,,,,,,,,,,19B
s3://braingeneers/braindance/busy_bee_10-10-2025/,25126hs1,dorsal2d/dorsal2d_cont_24,s3://braingeneers/braindance/busy_bee_10-10-2025/25126hs1/dorsal2d/dorsal2d_cont_24.raw.h5,0,0.0,,False,spontaneous,127,True,46.0,busy_bee_10-10-2025,dorsal2d,False,,,,,,,,,,19B
s3://braingeneers/braindance/busy_bee_10-10-2025/,25126hs1,dorsal2d/dorsal2d_cont_82,s3://braingeneers/braindance/busy_bee_10-10-2025/25126hs1/dorsal2d/dorsal2d_cont_82.raw.h5,0,0.0,,False,spontaneous,127,True,46.0,busy_bee_10-10-2025,dorsal2d,False,,,,,,,,,,19B
s3://braingeneers/braindance/busy_bee_10-10-2025/,25126hs1,dorsal2d/dorsal2d_cont_120,s3://braingeneers/braindance/busy_bee_10-10-2025/25126hs1/dorsal2d/dorsal2d_cont_120.raw.h5,0,0.0,,False,spontaneous,127,True,46.0,busy_bee_10-10-2025,dorsal2d,False,,,,,,,,,,19B
s3://braingeneers/braindance/busy_bee_10-10-2025/,25126hs1,dorsal2d/dorsal2d_cont_104,s3://braingeneers/braindance/busy_bee_10-10-2025/25126hs1/dorsal2d/dorsal2d_cont_104.raw.h5,0,0.0,,False,spontaneous,127,True,46.0,busy_bee_10-10-2025,dorsal2d,False,,,,,,,,,,19B
s3://braingeneers/braindance/busy_bee_10-10-2025/,25126hs1,dorsal2d/dorsal2d_cont_10,s3://braingeneers/braindance/busy_bee_10-10-2025/25126hs1/dorsal2d/dorsal2d_cont_10.raw.h5,0,0.0,,False,spontaneous,127,True,46.0,busy_bee_10-10-2025,dorsal2d,False,,,,,,,,,,19B
s3://braingeneers/braindance/busy_bee_10-10-2025/,25126hs1,dorsal2d/dorsal2d_cont_67,s3://braingeneers/braindance/busy_bee_10-10-2025/25126hs1/dorsal2d/dorsal2d_cont_67.raw.h5,9200,4.0,3.9999951990975218,True,stim,127,True,46.0,busy_bee_10-10-2025,dorsal2d,False,,,,,,,,,,19B
s3://braingeneers/braindance/busy_bee_10-10-2025/,25126hs1,dorsal2d/dorsal2d_cont_66,s3://braingeneers/braindance/busy_bee_10-10-2025/25126hs1/dorsal2d/dorsal2d_cont_66.raw.h5,0,0.0,,False,spontaneous,127,True,46.0,busy_bee_10-10-2025,dorsal2d,False,,,,,,,,,,19B
s3://braingeneers/braindance/busy_bee_10-10-2025/,25126hs1,dorsal2d/dorsal2d_cont_111,s3://braingeneers/braindance/busy_bee_10-10-2025/25126hs1/dorsal2d/dorsal2d_cont_111.raw.h5,1150,0.5,0.4999999126719076,True,stim,127,True,46.0,busy_bee_10-10-2025,dorsal2d,False,,,,,,,,,,19B
s3://braingeneers/braindance/busy_bee_10-10-2025/,25126hs1,dorsal2d/dorsal2d_cont_86,s3://braingeneers/braindance/busy_bee_10-10-2025/25126hs1/dorsal2d/dorsal2d_cont_86.raw.h5,0,0.0,,False,spontaneous,127,True,46.0,busy_bee_10-10-2025,dorsal2d,False,,,,,,,,,,19B
s3://braingeneers/braindance/busy_bee_10-10-2025/,25126hs1,dorsal2d/dorsal2d_cont_101,s3://braingeneers/braindance/busy_bee_10-10-2025/25126hs1/dorsal2d/dorsal2d_cont_101.raw.h5,1150,0.5,0.500000038141472,True,stim,127,True,46.0,busy_bee_10-10-2025,dorsal2d,False,,,,,,,,,,19B
s3://braingeneers/braindance/busy_bee_10-10-2025/,25126hs1,dorsal2d/dorsal2d_cont_33,s3://braingeneers/braindance/busy_bee_10-10-2025/25126hs1/dorsal2d/dorsal2d_cont_33.raw.h5,2300,1.0,1.0000024296839056,True,stim,127,True,46.0,busy_bee_10-10-2025,dorsal2d,False,,,,,,,,,,19B
s3://braingeneers/braindance/busy_bee_10-10-2025/,25126hs1,dorsal2d/dorsal2d_cont_39,s3://braingeneers/braindance/busy_bee_10-10-2025/25126hs1/dorsal2d/dorsal2d_cont_39.raw.h5,18400,8.0,8.000003292303544,True,stim,127,True,46.0,busy_bee_10-10-2025,dorsal2d,False,,,,,,,,,,19B
s3://braingeneers/braindance/busy_bee_10-10-2025/,25126hs1,dorsal2d/dorsal2d_cont_80,s3://braingeneers/braindance/busy_bee_10-10-2025/25126hs1/dorsal2d/dorsal2d_cont_80.raw.h5,0,0.0,,False,spontaneous,127,True,46.0,busy_bee_10-10-2025,dorsal2d,False,,,,,,,,,,19B
s3://braingeneers/braindance/busy_bee_10-10-2025/,25126hs1,dorsal2d/dorsal2d_cont_84,s3://braingeneers/braindance/busy_bee_10-10-2025/25126hs1/dorsal2d/dorsal2d_cont_84.raw.h5,0,0.0,,False,spontaneous,127,True,46.0,busy_bee_10-10-2025,dorsal2d,False,,,,,,,,,,19B
s3://braingeneers/braindance/busy_bee_10-10-2025/,25126hs1,dorsal2d/dorsal2d_cont_9,s3://braingeneers/braindance/busy_bee_10-10-2025/25126hs1/dorsal2d/dorsal2d_cont_9.raw.h5,18400,8.0,8.000010399972798,True,stim,127,True,46.0,busy_bee_10-10-2025,dorsal2d,False,,,,,,,,,,19B
s3://braingeneers/braindance/busy_bee_10-10-2025/,25126hs1,dorsal2d/dorsal2d_cont_15,s3://braingeneers/braindance/busy_bee_10-10-2025/25126hs1/dorsal2d/dorsal2d_cont_15.raw.h5,4600,2.0,2.00000399046133,True,stim,127,True,46.0,busy_bee_10-10-2025,dorsal2d,False,,,,,,,,,,19B
s3://braingeneers/braindance/busy_bee_10-10-2025/,25126hs1,dorsal2d/dorsal2d_cont_60,s3://braingeneers/braindance/busy_bee_10-10-2025/25126hs1/dorsal2d/dorsal2d_cont_60.raw.h5,0,0.0,,False,spontaneous,127,True,46.0,busy_bee_10-10-2025,dorsal2d,False,,,,,,,,,,19B
s3://braingeneers/braindance/busy_bee_10-10-2025/,25126hs1,dorsal2d/dorsal2d_cont_87,s3://braingeneers/braindance/busy_bee_10-10-2025/25126hs1/dorsal2d/dorsal2d_cont_87.raw.h5,9200,4.0,4.000006176344037,True,stim,127,True,46.0,busy_bee_10-10-2025,dorsal2d,False,,,,,,,,,,19B
s3://braingeneers/braindance/busy_bee_10-10-2025/,25126hs1,dorsal2d/dorsal2d_cont_123,s3://braingeneers/braindance/busy_bee_10-10-2025/25126hs1/dorsal2d/dorsal2d_cont_123.raw.h5,2300,1.0,1.0000030267346107,True,stim,127,True,46.0,busy_bee_10-10-2025,dorsal2d,False,,,,,,,,,,19B
s3://braingeneers/braindance/busy_bee_10-10-2025/,25126hs1,dorsal2d/dorsal2d_cont_41,s3://braingeneers/braindance/busy_bee_10-10-2025/25126hs1/dorsal2d/dorsal2d_cont_41.raw.h5,1150,0.5,0.4999995737257534,True,stim,127,True,46.0,busy_bee_10-10-2025,dorsal2d,False,,,,,,,,,,19B
s3://braingeneers/braindance/busy_bee_10-10-2025/,25126hs1,dorsal2d/dorsal2d_cont_97,s3://braingeneers/braindance/busy_bee_10-10-2025/25126hs1/dorsal2d/dorsal2d_cont_97.raw.h5,9200,4.0,3.999999817900984,True,stim,127,True,46.0,busy_bee_10-10-2025,dorsal2d,False,,,,,,,,,,19B
s3://braingeneers/braindance/busy_bee_10-10-2025/,25126hs1,dorsal2d/dorsal2d_cont_64,s3://braingeneers/braindance/busy_bee_10-10-2025/25126hs1/dorsal2d/dorsal2d_cont_64.raw.h5,0,0.0,,False,spontaneous,127,True,46.0,busy_bee_10-10-2025,dorsal2d,False,,,,,,,,,,19B
s3://braingeneers/braindance/busy_bee_10-10-2025/,25126hs1,dorsal2d/dorsal2d_cont_26,s3://braingeneers/braindance/busy_bee_10-10-2025/25126hs1/dorsal2d/dorsal2d_cont_26.raw.h5,0,0.0,,False,spontaneous,127,True,46.0,busy_bee_10-10-2025,dorsal2d,False,,,,,,,,,,19B
s3://braingeneers/braindance/busy_bee_10-10-2025/,25126hs1,dorsal2d/dorsal2d_cont_57,s3://braingeneers/braindance/busy_bee_10-10-2025/25126hs1/dorsal2d/dorsal2d_cont_57.raw.h5,9200,4.0,3.9999960553203566,True,stim,127,True,46.0,busy_bee_10-10-2025,dorsal2d,False,,,,,,,,,,19B
s3://braingeneers/braindance/busy_bee_10-10-2025/,25126hs1,dorsal2d/dorsal2d_cont_6,s3://braingeneers/braindance/busy_bee_10-10-2025/25126hs1/dorsal2d/dorsal2d_cont_6.raw.h5,0,0.0,,False,spontaneous,127,True,46.0,busy_bee_10-10-2025,dorsal2d,False,,,,,,,,,,19B
s3://braingeneers/braindance/busy_bee_10-10-2025/,25126hs1,dorsal2d/dorsal2d_cont_29,s3://braingeneers/braindance/busy_bee_10-10-2025/25126hs1/dorsal2d/dorsal2d_cont_29.raw.h5,18400,8.0,7.999997725869152,True,stim,127,True,46.0,busy_bee_10-10-2025,dorsal2d,False,,,,,,,,,,19B
s3://braingeneers/braindance/busy_bee_10-10-2025/,25126hs1,dorsal2d/dorsal2d_cont_49,s3://braingeneers/braindance/busy_bee_10-10-2025/25126hs1/dorsal2d/dorsal2d_cont_49.raw.h5,18400,8.0,7.999987176310755,True,stim,127,True,46.0,busy_bee_10-10-2025,dorsal2d,False,,,,,,,,,,19B
s3://braingeneers/braindance/busy_bee_10-10-2025/,25126hs1,dorsal2d/dorsal2d_cont_75,s3://braingeneers/braindance/busy_bee_10-10-2025/25126hs1/dorsal2d/dorsal2d_cont_75.raw.h5,4600,2.0,1.9999997366927251,True,stim,127,True,46.0,busy_bee_10-10-2025,dorsal2d,False,,,,,,,,,,19B
s3://braingeneers/braindance/busy_bee_10-10-2025/,25126hs1,dorsal2d/dorsal2d_cont_114,s3://braingeneers/braindance/busy_bee_10-10-2025/25126hs1/dorsal2d/dorsal2d_cont_114.raw.h5,0,0.0,,False,spontaneous,127,True,46.0,busy_bee_10-10-2025,dorsal2d,False,,,,,,,,,,19B
s3://braingeneers/braindance/busy_bee_10-10-2025/,25126hs1,dorsal2d/dorsal2d_cont_7,s3://braingeneers/braindance/busy_bee_10-10-2025/25126hs1/dorsal2d/dorsal2d_cont_7.raw.h5,9200,4.0,3.9999925845421584,True,stim,127,True,46.0,busy_bee_10-10-2025,dorsal2d,False,,,,,,,,,,19B
s3://braingeneers/braindance/busy_bee_10-10-2025/,25126hs1,dorsal2d/dorsal2d_cont_42,s3://braingeneers/braindance/busy_bee_10-10-2025/25126hs1/dorsal2d/dorsal2d_cont_42.raw.h5,0,0.0,,False,spontaneous,127,True,46.0,busy_bee_10-10-2025,dorsal2d,False,,,,,,,,,,19B
s3://braingeneers/braindance/busy_bee_10-10-2025/,25126hs1,dorsal2d/dorsal2d_cont_34,s3://braingeneers/braindance/busy_bee_10-10-2025/25126hs1/dorsal2d/dorsal2d_cont_34.raw.h5,0,0.0,,False,spontaneous,127,True,46.0,busy_bee_10-10-2025,dorsal2d,False,,,,,,,,,,19B
s3://braingeneers/braindance/busy_bee_10-10-2025/,25126hs1,dorsal2d/dorsal2d_cont_106,s3://braingeneers/braindance/busy_bee_10-10-2025/25126hs1/dorsal2d/dorsal2d_cont_106.raw.h5,0,0.0,,False,spontaneous,127,True,46.0,busy_bee_10-10-2025,dorsal2d,False,,,,,,,,,,19B
s3://braingeneers/braindance/busy_bee_10-10-2025/,25126hs1,dorsal2d/dorsal2d_cont_58,s3://braingeneers/braindance/busy_bee_10-10-2025/25126hs1/dorsal2d/dorsal2d_cont_58.raw.h5,0,0.0,,False,spontaneous,127,True,46.0,busy_bee_10-10-2025,dorsal2d,False,,,,,,,,,,19B
s3://braingeneers/braindance/busy_bee_10-10-2025/,25126hs1,dorsal2d/dorsal2d_cont_88,s3://braingeneers/braindance/busy_bee_10-10-2025/25126hs1/dorsal2d/dorsal2d_cont_88.raw.h5,0,0.0,,False,spontaneous,127,True,46.0,busy_bee_10-10-2025,dorsal2d,False,,,,,,,,,,19B
s3://braingeneers/braindance/busy_bee_10-10-2025/,25126hs1,dorsal2d/dorsal2d_cont_12,s3://braingeneers/braindance/busy_bee_10-10-2025/25126hs1/dorsal2d/dorsal2d_cont_12.raw.h5,0,0.0,,False,spontaneous,127,True,46.0,busy_bee_10-10-2025,dorsal2d,False,,,,,,,,,,19B
s3://braingeneers/braindance/busy_bee_10-10-2025/,25126hs1,dorsal2d/dorsal2d_cont_36,s3://braingeneers/braindance/busy_bee_10-10-2025/25126hs1/dorsal2d/dorsal2d_cont_36.raw.h5,0,0.0,,False,spontaneous,127,True,46.0,busy_bee_10-10-2025,dorsal2d,False,,,,,,,,,,19B
s3://braingeneers/braindance/busy_bee_10-10-2025/,25126hs1,dorsal2d/dorsal2d_cont_74,s3://braingeneers/braindance/busy_bee_10-10-2025/25126hs1/dorsal2d/dorsal2d_cont_74.raw.h5,0,0.0,,False,spontaneous,127,True,46.0,busy_bee_10-10-2025,dorsal2d,False,,,,,,,,,,19B
s3://braingeneers/braindance/busy_bee_10-10-2025/,25126hs1,dorsal2d/dorsal2d_cont_81,s3://braingeneers/braindance/busy_bee_10-10-2025/25126hs1/dorsal2d/dorsal2d_cont_81.raw.h5,1150,0.5,0.4999999888312216,True,stim,127,True,46.0,busy_bee_10-10-2025,dorsal2d,False,,,,,,,,,,19B
s3://braingeneers/braindance/busy_bee_10-10-2025/,25126hs1,dorsal2d/dorsal2d_cont_28,s3://braingeneers/braindance/busy_bee_10-10-2025/25126hs1/dorsal2d/dorsal2d_cont_28.raw.h5,0,0.0,,False,spontaneous,127,True,46.0,busy_bee_10-10-2025,dorsal2d,False,,,,,,,,,,19B
s3://braingeneers/braindance/busy_bee_10-10-2025/,25126hs1,dorsal2d/dorsal2d_cont_2,s3://braingeneers/braindance/busy_bee_10-10-2025/25126hs1/dorsal2d/dorsal2d_cont_2.raw.h5,0,0.0,,False,spontaneous,127,True,46.0,busy_bee_10-10-2025,dorsal2d,False,,,,,,,,,,19B
s3://braingeneers/braindance/busy_bee_10-10-2025/,25126hs1,dorsal2d/dorsal2d,s3://braingeneers/braindance/busy_bee_10-10-2025/25126hs1/dorsal2d/dorsal2d.raw.h5,0,0.0,,False,spontaneous,127,True,46.0,busy_bee_10-10-2025,dorsal2d,True,,,,,,,,,,19B
s3://braingeneers/braindance/busy_bee_10-10-2025/,25126hs1,dorsal2d/dorsal2d_cont_54,s3://braingeneers/braindance/busy_bee_10-10-2025/25126hs1/dorsal2d/dorsal2d_cont_54.raw.h5,0,0.0,,False,spontaneous,127,True,46.0,busy_bee_10-10-2025,dorsal2d,False,,,,,,,,,,19B
s3://braingeneers/braindance/busy_bee_10-10-2025/,25126hs1,dorsal2d/dorsal2d_cont_38,s3://braingeneers/braindance/busy_bee_10-10-2025/25126hs1/dorsal2d/dorsal2d_cont_38.raw.h5,0,0.0,,False,spontaneous,127,True,46.0,busy_bee_10-10-2025,dorsal2d,False,,,,,,,,,,19B
s3://braingeneers/braindance/busy_bee_10-10-2025/,25126hs1,dorsal2d/dorsal2d_cont_76,s3://braingeneers/braindance/busy_bee_10-10-2025/25126hs1/dorsal2d/dorsal2d_cont_76.raw.h5,0,0.0,,False,spontaneous,127,True,46.0,busy_bee_10-10-2025,dorsal2d,False,,,,,,,,,,19B
s3://braingeneers/braindance/busy_bee_10-10-2025/,25126hs1,dorsal2d/dorsal2d_cont_78,s3://braingeneers/braindance/busy_bee_10-10-2025/25126hs1/dorsal2d/dorsal2d_cont_78.raw.h5,0,0.0,,False,spontaneous,127,True,46.0,busy_bee_10-10-2025,dorsal2d,False,,,,,,,,,,19B
s3://braingeneers/braindance/busy_bee_10-10-2025/,25126hs1,dorsal2d/dorsal2d_cont_116,s3://braingeneers/braindance/busy_bee_10-10-2025/25126hs1/dorsal2d/dorsal2d_cont_116.raw.h5,0,0.0,,False,spontaneous,127,True,46.0,busy_bee_10-10-2025,dorsal2d,False,,,,,,,,,,19B
s3://braingeneers/braindance/busy_bee_10-10-2025/,25126hs1,dorsal2d/dorsal2d_cont_8,s3://braingeneers/braindance/busy_bee_10-10-2025/25126hs1/dorsal2d/dorsal2d_cont_8.raw.h5,0,0.0,,False,spontaneous,127,True,46.0,busy_bee_10-10-2025,dorsal2d,False,,,,,,,,,,19B
s3://braingeneers/braindance/busy_bee_10-10-2025/,25126hs1,dorsal2d/dorsal2d_cont_77,s3://braingeneers/braindance/busy_bee_10-10-2025/25126hs1/dorsal2d/dorsal2d_cont_77.raw.h5,9200,4.0,3.999999457807741,True,stim,127,True,46.0,busy_bee_10-10-2025,dorsal2d,False,,,,,,,,,,19B
s3://braingeneers/braindance/busy_bee_10-10-2025/,25126hs1,dorsal2d/dorsal2d_cont_90,s3://braingeneers/braindance/busy_bee_10-10-2025/25126hs1/dorsal2d/dorsal2d_cont_90.raw.h5,0,0.0,,False,spontaneous,127,True,46.0,busy_bee_10-10-2025,dorsal2d,False,,,,,,,,,,19B
s3://braingeneers/braindance/busy_bee_10-10-2025/,25126hs1,dorsal2d/dorsal2d_cont_62,s3://braingeneers/braindance/busy_bee_10-10-2025/25126hs1/dorsal2d/dorsal2d_cont_62.raw.h5,0,0.0,,False,spontaneous,127,True,46.0,busy_bee_10-10-2025,dorsal2d,False,,,,,,,,,,19B
s3://braingeneers/braindance/busy_bee_10-10-2025/,25126hs1,dorsal2d/dorsal2d_cont_37,s3://braingeneers/braindance/busy_bee_10-10-2025/25126hs1/dorsal2d/dorsal2d_cont_37.raw.h5,9200,4.0,3.999992048594854,True,stim,127,True,46.0,busy_bee_10-10-2025,dorsal2d,False,,,,,,,,,,19B
s3://braingeneers/braindance/busy_bee_10-10-2025/,25126hs1,dorsal2d/dorsal2d_cont_11,s3://braingeneers/braindance/busy_bee_10-10-2025/25126hs1/dorsal2d/dorsal2d_cont_11.raw.h5,1150,0.5,0.4999999432596447,True,stim,127,True,46.0,busy_bee_10-10-2025,dorsal2d,False,,,,,,,,,,19B
s3://braingeneers/braindance/busy_bee_10-10-2025/,25126hs1,dorsal2d/dorsal2d_cont_14,s3://braingeneers/braindance/busy_bee_10-10-2025/25126hs1/dorsal2d/dorsal2d_cont_14.raw.h5,0,0.0,,False,spontaneous,127,True,46.0,busy_bee_10-10-2025,dorsal2d,False,,,,,,,,,,19B
s3://braingeneers/braindance/busy_bee_10-10-2025/,25126hs1,dorsal2d/dorsal2d_cont_46,s3://braingeneers/braindance/busy_bee_10-10-2025/25126hs1/dorsal2d/dorsal2d_cont_46.raw.h5,0,0.0,,False,spontaneous,127,True,46.0,busy_bee_10-10-2025,dorsal2d,False,,,,,,,,,,19B
s3://braingeneers/braindance/busy_bee_10-10-2025/,25126hs1,dorsal2d/dorsal2d_cont_98,s3://braingeneers/braindance/busy_bee_10-10-2025/25126hs1/dorsal2d/dorsal2d_cont_98.raw.h5,0,0.0,,False,spontaneous,127,True,46.0,busy_bee_10-10-2025,dorsal2d,False,,,,,,,,,,19B
s3://braingeneers/braindance/busy_bee_10-10-2025/,25126hs1,dorsal2d/dorsal2d_cont_59,s3://braingeneers/braindance/busy_bee_10-10-2025/25126hs1/dorsal2d/dorsal2d_cont_59.raw.h5,18400,8.0,8.000009370292643,True,stim,127,True,46.0,busy_bee_10-10-2025,dorsal2d,False,,,,,,,,,,19B
s3://braingeneers/braindance/busy_bee_10-10-2025/,25126hs1,dorsal2d/dorsal2d_cont_122,s3://braingeneers/braindance/busy_bee_10-10-2025/25126hs1/dorsal2d/dorsal2d_cont_122.raw.h5,0,0.0,,False,spontaneous,127,True,46.0,busy_bee_10-10-2025,dorsal2d,False,,,,,,,,,,19B
s3://braingeneers/braindance/busy_bee_10-10-2025/,25126hs1,dorsal2d/dorsal2d_cont_79,s3://braingeneers/braindance/busy_bee_10-10-2025/25126hs1/dorsal2d/dorsal2d_cont_79.raw.h5,18400,8.0,7.999995666356898,True,stim,127,True,46.0,busy_bee_10-10-2025,dorsal2d,False,,,,,,,,,,19B
s3://braingeneers/braindance/busy_bee_10-10-2025/,25126hs1,dorsal2d/dorsal2d_cont_85,s3://braingeneers/braindance/busy_bee_10-10-2025/25126hs1/dorsal2d/dorsal2d_cont_85.raw.h5,4600,2.0,1.999999075565468,True,stim,127,True,46.0,busy_bee_10-10-2025,dorsal2d,False,,,,,,,,,,19B
s3://braingeneers/braindance/busy_bee_10-10-2025/,25126hs1,dorsal2d/dorsal2d_cont_53,s3://braingeneers/braindance/busy_bee_10-10-2025/25126hs1/dorsal2d/dorsal2d_cont_53.raw.h5,2300,1.0,1.000001277448074,True,stim,127,True,46.0,busy_bee_10-10-2025,dorsal2d,False,,,,,,,,,,19B
s3://braingeneers/braindance/busy_bee_10-10-2025/,25126hs1,dorsal2d/dorsal2d_cont_72,s3://braingeneers/braindance/busy_bee_10-10-2025/25126hs1/dorsal2d/dorsal2d_cont_72.raw.h5,0,0.0,,False,spontaneous,127,True,46.0,busy_bee_10-10-2025,dorsal2d,False,,,,,,,,,,19B
s3://braingeneers/braindance/busy_bee_10-10-2025/,25126hs1,dorsal2d/dorsal2d_cont_19,s3://braingeneers/braindance/busy_bee_10-10-2025/25126hs1/dorsal2d/dorsal2d_cont_19.raw.h5,18400,8.0,8.000000421576784,True,stim,127,True,46.0,busy_bee_10-10-2025,dorsal2d,False,,,,,,,,,,19B
s3://braingeneers/braindance/busy_bee_10-10-2025/,25126hs1,dorsal2d/dorsal2d_cont_22,s3://braingeneers/braindance/busy_bee_10-10-2025/25126hs1/dorsal2d/dorsal2d_cont_22.raw.h5,0,0.0,,False,spontaneous,127,True,46.0,busy_bee_10-10-2025,dorsal2d,False,,,,,,,,,,19B
s3://braingeneers/braindance/busy_bee_10-10-2025/,25126hs1,dorsal2d/dorsal2d_cont,s3://braingeneers/braindance/busy_bee_10-10-2025/25126hs1/dorsal2d/dorsal2d_cont.raw.h5,0,0.0,,False,spontaneous,127,True,46.0,busy_bee_10-10-2025,dorsal2d,False,,,,,,,,,,19B
s3://braingeneers/braindance/busy_bee_10-10-2025/,25126hs1,dorsal2d/dorsal2d_cont_103,s3://braingeneers/braindance/busy_bee_10-10-2025/25126hs1/dorsal2d/dorsal2d_cont_103.raw.h5,2300,1.0,0.9999997520596308,True,stim,127,True,46.0,busy_bee_10-10-2025,dorsal2d,False,,,,,,,,,,19B
s3://braingeneers/braindance/busy_bee_10-10-2025/,25126hs1,dorsal2d/dorsal2d_cont_113,s3://braingeneers/braindance/busy_bee_10-10-2025/25126hs1/dorsal2d/dorsal2d_cont_113.raw.h5,2300,1.0,1.0000006818837426,True,stim,127,True,46.0,busy_bee_10-10-2025,dorsal2d,False,,,,,,,,,,19B
s3://braingeneers/braindance/busy_bee_10-10-2025/,25126hs1,dorsal2d/dorsal2d_cont_119,s3://braingeneers/braindance/busy_bee_10-10-2025/25126hs1/dorsal2d/dorsal2d_cont_119.raw.h5,18400,8.0,8.000003617225108,True,stim,127,True,46.0,busy_bee_10-10-2025,dorsal2d,False,,,,,,,,,,19B
s3://braingeneers/braindance/busy_bee_10-10-2025/,25126hs1,dorsal2d/dorsal2d_cont_27,s3://braingeneers/braindance/busy_bee_10-10-2025/25126hs1/dorsal2d/dorsal2d_cont_27.raw.h5,9200,4.0,4.000006215591929,True,stim,127,True,46.0,busy_bee_10-10-2025,dorsal2d,False,,,,,,,,,,19B
s3://braingeneers/braindance/busy_bee_10-10-2025/,25126hs1,dorsal2d/dorsal2d_cont_94,s3://braingeneers/braindance/busy_bee_10-10-2025/25126hs1/dorsal2d/dorsal2d_cont_94.raw.h5,0,0.0,,False,spontaneous,127,True,46.0,busy_bee_10-10-2025,dorsal2d,False,,,,,,,,,,19B
s3://braingeneers/braindance/busy_bee_10-10-2025/,25126hs1,dorsal2d/dorsal2d_cont_95,s3://braingeneers/braindance/busy_bee_10-10-2025/25126hs1/dorsal2d/dorsal2d_cont_95.raw.h5,4600,2.0,1.9998353378082503,True,stim,127,True,46.0,busy_bee_10-10-2025,dorsal2d,False,,,,,,,,,,19B
s3://braingeneers/braindance/busy_bee_10-10-2025/,25126hs1,dorsal2d/dorsal2d_cont_3,s3://braingeneers/braindance/busy_bee_10-10-2025/25126hs1/dorsal2d/dorsal2d_cont_3.raw.h5,2300,1.0,0.999997206814222,True,stim,127,True,46.0,busy_bee_10-10-2025,dorsal2d,False,,,,,,,,,,19B
s3://braingeneers/braindance/busy_bee_10-10-2025/,25126hs1,dorsal2d/dorsal2d_cont_16,s3://braingeneers/braindance/busy_bee_10-10-2025/25126hs1/dorsal2d/dorsal2d_cont_16.raw.h5,0,0.0,,False,spontaneous,127,True,46.0,busy_bee_10-10-2025,dorsal2d,False,,,,,,,,,,19B
s3://braingeneers/braindance/busy_bee_10-10-2025/,25126hs1,dorsal2d/dorsal2d_cont_55,s3://braingeneers/braindance/busy_bee_10-10-2025/25126hs1/dorsal2d/dorsal2d_cont_55.raw.h5,4600,2.0,1.9999935683867696,True,stim,127,True,46.0,busy_bee_10-10-2025,dorsal2d,False,,,,,,,,,,19B
s3://braingeneers/braindance/busy_bee_10-10-2025/,25126hs1,dorsal2d/dorsal2d_cont_61,s3://braingeneers/braindance/busy_bee_10-10-2025/25126hs1/dorsal2d/dorsal2d_cont_61.raw.h5,1150,0.5,0.4999982185793753,True,stim,127,True,46.0,busy_bee_10-10-2025,dorsal2d,False,,,,,,,,,,19B
s3://braingeneers/braindance/busy_bee_10-10-2025/,25126hs1,dorsal2d/dorsal2d_cont_105,s3://braingeneers/braindance/busy_bee_10-10-2025/25126hs1/dorsal2d/dorsal2d_cont_105.raw.h5,4600,2.0,1.9999926856942505,True,stim,127,True,46.0,busy_bee_10-10-2025,dorsal2d,False,,,,,,,,,,19B
s3://braingeneers/braindance/busy_bee_10-10-2025/,25126hs1,dorsal2d/dorsal2d_cont_96,s3://braingeneers/braindance/busy_bee_10-10-2025/25126hs1/dorsal2d/dorsal2d_cont_96.raw.h5,0,0.0,,False,spontaneous,127,True,46.0,busy_bee_10-10-2025,dorsal2d,False,,,,,,,,,,19B
s3://braingeneers/braindance/busy_bee_10-10-2025/,25126hs1,dorsal2d/dorsal2d_cont_99,s3://braingeneers/braindance/busy_bee_10-10-2025/25126hs1/dorsal2d/dorsal2d_cont_99.raw.h5,18400,8.0,8.00000575406336,True,stim,127,True,46.0,busy_bee_10-10-2025,dorsal2d,False,,,,,,,,,,19B
s3://braingeneers/braindance/busy_bee_10-10-2025/,25134hs,ventral2d/ventral2d_cont_102,s3://braingeneers/braindance/busy_bee_10-10-2025/25134hs/ventral2d/ventral2d_cont_102.raw.h5,0,0.0,,False,spontaneous,167,True,290.0,busy_bee_10-10-2025,ventral2d,False,,,,,,,,,,22A
s3://braingeneers/braindance/busy_bee_10-10-2025/,25134hs,ventral2d/ventral2d_cont_7,s3://braingeneers/braindance/busy_bee_10-10-2025/25134hs/ventral2d/ventral2d_cont_7.raw.h5,8800,4.0,3.999999312438287,True,stim,167,True,290.0,busy_bee_10-10-2025,ventral2d,False,,,,,,,,,,22A
s3://braingeneers/braindance/busy_bee_10-10-2025/,25134hs,ventral2d/ventral2d_cont_116,s3://braingeneers/braindance/busy_bee_10-10-2025/25134hs/ventral2d/ventral2d_cont_116.raw.h5,0,0.0,,False,spontaneous,167,True,290.0,busy_bee_10-10-2025,ventral2d,False,,,,,,,,,,22A
s3://braingeneers/braindance/busy_bee_10-10-2025/,25134hs,ventral2d/ventral2d_cont_159,s3://braingeneers/braindance/busy_bee_10-10-2025/25134hs/ventral2d/ventral2d_cont_159.raw.h5,17600,8.0,8.000008909774813,True,stim,167,True,290.0,busy_bee_10-10-2025,ventral2d,False,,,,,,,,,,22A
s3://braingeneers/braindance/busy_bee_10-10-2025/,25134hs,ventral2d/ventral2d_cont_82,s3://braingeneers/braindance/busy_bee_10-10-2025/25134hs/ventral2d/ventral2d_cont_82.raw.h5,0,0.0,,False,spontaneous,167,True,290.0,busy_bee_10-10-2025,ventral2d,False,,,,,,,,,,22A
s3://braingeneers/braindance/busy_bee_10-10-2025/,25134hs,ventral2d/ventral2d_cont_142,s3://braingeneers/braindance/busy_bee_10-10-2025/25134hs/ventral2d/ventral2d_cont_142.raw.h5,0,0.0,,False,spontaneous,167,True,290.0,busy_bee_10-10-2025,ventral2d,False,,,,,,,,,,22A
s3://braingeneers/braindance/busy_bee_10-10-2025/,25134hs,ventral2d/ventral2d_cont_75,s3://braingeneers/braindance/busy_bee_10-10-2025/25134hs/ventral2d/ventral2d_cont_75.raw.h5,4400,2.0,1.9999989479062523,True,stim,167,True,290.0,busy_bee_10-10-2025,ventral2d,False,,,,,,,,,,22A
s3://braingeneers/braindance/busy_bee_10-10-2025/,25134hs,ventral2d/ventral2d_cont_91,s3://braingeneers/braindance/busy_bee_10-10-2025/25134hs/ventral2d/ventral2d_cont_91.raw.h5,1100,0.5,0.5000005958840282,True,stim,167,True,290.0,busy_bee_10-10-2025,ventral2d,False,,,,,,,,,,22A
s3://braingeneers/braindance/busy_bee_10-10-2025/,25134hs,ventral2d/ventral2d_cont_58,s3://braingeneers/braindance/busy_bee_10-10-2025/25134hs/ventral2d/ventral2d_cont_58.raw.h5,0,0.0,,False,spontaneous,167,True,290.0,busy_bee_10-10-2025,ventral2d,False,,,,,,,,,,22A
s3://braingeneers/braindance/busy_bee_10-10-2025/,25134hs,ventral2d/ventral2d_cont_27,s3://braingeneers/braindance/busy_bee_10-10-2025/25134hs/ventral2d/ventral2d_cont_27.raw.h5,8800,4.0,4.000009181429378,True,stim,167,True,290.0,busy_bee_10-10-2025,ventral2d,False,,,,,,,,,,22A
s3://braingeneers/braindance/busy_bee_10-10-2025/,25134hs,ventral2d/ventral2d_cont_87,s3://braingeneers/braindance/busy_bee_10-10-2025/25134hs/ventral2d/ventral2d_cont_87.raw.h5,8800,4.0,4.000002085963821,True,stim,167,True,290.0,busy_bee_10-10-2025,ventral2d,False,,,,,,,,,,22A
s3://braingeneers/braindance/busy_bee_10-10-2025/,25134hs,ventral2d/ventral2d_cont_165,s3://braingeneers/braindance/busy_bee_10-10-2025/25134hs/ventral2d/ventral2d_cont_165.raw.h5,4005,2.0,1.9999998281137803,True,stim,167,True,290.0,busy_bee_10-10-2025,ventral2d,False,,,,,,,,,,22A
s3://braingeneers/braindance/busy_bee_10-10-2025/,25134hs,ventral2d/ventral2d_cont_120,s3://braingeneers/braindance/busy_bee_10-10-2025/25134hs/ventral2d/ventral2d_cont_120.raw.h5,0,0.0,,False,spontaneous,167,True,290.0,busy_bee_10-10-2025,ventral2d,False,,,,,,,,,,22A
s3://braingeneers/braindance/busy_bee_10-10-2025/,25134hs,ventral2d/ventral2d_cont_108,s3://braingeneers/braindance/busy_bee_10-10-2025/25134hs/ventral2d/ventral2d_cont_108.raw.h5,0,0.0,,False,spontaneous,167,True,290.0,busy_bee_10-10-2025,ventral2d,False,,,,,,,,,,22A
s3://braingeneers/braindance/busy_bee_10-10-2025/,25134hs,ventral2d/ventral2d_cont_109,s3://braingeneers/braindance/busy_bee_10-10-2025/25134hs/ventral2d/ventral2d_cont_109.raw.h5,17600,8.0,7.999988667862042,True,stim,167,True,290.0,busy_bee_10-10-2025,ventral2d,False,,,,,,,,,,22A
s3://braingeneers/braindance/busy_bee_10-10-2025/,25134hs,ventral2d/ventral2d_cont_62,s3://braingeneers/braindance/busy_bee_10-10-2025/25134hs/ventral2d/ventral2d_cont_62.raw.h5,0,0.0,,False,spontaneous,167,True,290.0,busy_bee_10-10-2025,ventral2d,False,,,,,,,,,,22A
s3://braingeneers/braindance/busy_bee_10-10-2025/,25134hs,ventral2d/ventral2d_cont_100,s3://braingeneers/braindance/busy_bee_10-10-2025/25134hs/ventral2d/ventral2d_cont_100.raw.h5,0,0.0,,False,spontaneous,167,True,290.0,busy_bee_10-10-2025,ventral2d,False,,,,,,,,,,22A
s3://braingeneers/braindance/busy_bee_10-10-2025/,25134hs,ventral2d/ventral2d_cont_23,s3://braingeneers/braindance/busy_bee_10-10-2025/25134hs/ventral2d/ventral2d_cont_23.raw.h5,2200,1.0,1.0000001670731145,True,stim,167,True,290.0,busy_bee_10-10-2025,ventral2d,False,,,,,,,,,,22A
s3://braingeneers/braindance/busy_bee_10-10-2025/,25134hs,ventral2d/ventral2d_cont_83,s3://braingeneers/braindance/busy_bee_10-10-2025/25134hs/ventral2d/ventral2d_cont_83.raw.h5,2200,1.0,1.0000006832109147,True,stim,167,True,290.0,busy_bee_10-10-2025,ventral2d,False,,,,,,,,,,22A
s3://braingeneers/braindance/busy_bee_10-10-2025/,25134hs,ventral2d/ventral2d_cont_93,s3://braingeneers/braindance/busy_bee_10-10-2025/25134hs/ventral2d/ventral2d_cont_93.raw.h5,2200,1.0,0.9999994098662532,True,stim,167,True,290.0,busy_bee_10-10-2025,ventral2d,False,,,,,,,,,,22A
s3://braingeneers/braindance/busy_bee_10-10-2025/,25134hs,ventral2d/ventral2d_cont_14,s3://braingeneers/braindance/busy_bee_10-10-2025/25134hs/ventral2d/ventral2d_cont_14.raw.h5,0,0.0,,False,spontaneous,167,True,290.0,busy_bee_10-10-2025,ventral2d,False,,,,,,,,,,22A
s3://braingeneers/braindance/busy_bee_10-10-2025/,25134hs,ventral2d/ventral2d_cont_71,s3://braingeneers/braindance/busy_bee_10-10-2025/25134hs/ventral2d/ventral2d_cont_71.raw.h5,1100,0.5,0.4999994757606402,True,stim,167,True,290.0,busy_bee_10-10-2025,ventral2d,False,,,,,,,,,,22A
s3://braingeneers/braindance/busy_bee_10-10-2025/,25134hs,ventral2d/ventral2d_cont_99,s3://braingeneers/braindance/busy_bee_10-10-2025/25134hs/ventral2d/ventral2d_cont_99.raw.h5,17600,8.0,8.0000007734617,True,stim,167,True,290.0,busy_bee_10-10-2025,ventral2d,False,,,,,,,,,,22A
s3://braingeneers/braindance/busy_bee_10-10-2025/,25134hs,ventral2d/ventral2d_cont_144,s3://braingeneers/braindance/busy_bee_10-10-2025/25134hs/ventral2d/ventral2d_cont_144.raw.h5,0,0.0,,False,spontaneous,167,True,290.0,busy_bee_10-10-2025,ventral2d,False,,,,,,,,,,22A
s3://braingeneers/braindance/busy_bee_10-10-2025/,25134hs,ventral2d/ventral2d_cont_146,s3://braingeneers/braindance/busy_bee_10-10-2025/25134hs/ventral2d/ventral2d_cont_146.raw.h5,0,0.0,,False,spontaneous,167,True,290.0,busy_bee_10-10-2025,ventral2d,False,,,,,,,,,,22A
s3://braingeneers/braindance/busy_bee_10-10-2025/,25134hs,ventral2d/ventral2d_cont_1,s3://braingeneers/braindance/busy_bee_10-10-2025/25134hs/ventral2d/ventral2d_cont_1.raw.h5,1100,0.5,0.4999990035732685,True,stim,167,True,290.0,busy_bee_10-10-2025,ventral2d,False,,,,,,,,,,22A
s3://braingeneers/braindance/busy_bee_10-10-2025/,25134hs,ventral2d/ventral2d_cont_44,s3://braingeneers/braindance/busy_bee_10-10-2025/25134hs/ventral2d/ventral2d_cont_44.raw.h5,0,0.0,,False,spontaneous,167,True,290.0,busy_bee_10-10-2025,ventral2d,False,,,,,,,,,,22A
s3://braingeneers/braindance/busy_bee_10-10-2025/,25134hs,ventral2d/ventral2d_cont_121,s3://braingeneers/braindance/busy_bee_10-10-2025/25134hs/ventral2d/ventral2d_cont_121.raw.h5,1100,0.5,0.5000005483460034,True,stim,167,True,290.0,busy_bee_10-10-2025,ventral2d,False,,,,,,,,,,22A
s3://braingeneers/braindance/busy_bee_10-10-2025/,25134hs,ventral2d/ventral2d_cont_162,s3://braingeneers/braindance/busy_bee_10-10-2025/25134hs/ventral2d/ventral2d_cont_162.raw.h5,0,0.0,,False,spontaneous,167,True,290.0,busy_bee_10-10-2025,ventral2d,False,,,,,,,,,,22A
s3://braingeneers/braindance/busy_bee_10-10-2025/,25134hs,ventral2d/ventral2d_cont_78,s3://braingeneers/braindance/busy_bee_10-10-2025/25134hs/ventral2d/ventral2d_cont_78.raw.h5,0,0.0,,False,spontaneous,167,True,290.0,busy_bee_10-10-2025,ventral2d,False,,,,,,,,,,22A
s3://braingeneers/braindance/busy_bee_10-10-2025/,25134hs,ventral2d/ventral2d_cont_104,s3://braingeneers/braindance/busy_bee_10-10-2025/25134hs/ventral2d/ventral2d_cont_104.raw.h5,0,0.0,,False,spontaneous,167,True,290.0,busy_bee_10-10-2025,ventral2d,False,,,,,,,,,,22A
s3://braingeneers/braindance/busy_bee_10-10-2025/,25134hs,ventral2d/ventral2d_cont_22,s3://braingeneers/braindance/busy_bee_10-10-2025/25134hs/ventral2d/ventral2d_cont_22.raw.h5,0,0.0,,False,spontaneous,167,True,290.0,busy_bee_10-10-2025,ventral2d,False,,,,,,,,,,22A
s3://braingeneers/braindance/busy_bee_10-10-2025/,25134hs,ventral2d/ventral2d,s3://braingeneers/braindance/busy_bee_10-10-2025/25134hs/ventral2d/ventral2d.raw.h5,0,0.0,,False,spontaneous,167,True,290.0,busy_bee_10-10-2025,ventral2d,True,,,,,,,,,,22A
s3://braingeneers/braindance/busy_bee_10-10-2025/,25134hs,ventral2d/ventral2d_cont_110,s3://braingeneers/braindance/busy_bee_10-10-2025/25134hs/ventral2d/ventral2d_cont_110.raw.h5,0,0.0,,False,spontaneous,167,True,290.0,busy_bee_10-10-2025,ventral2d,False,,,,,,,,,,22A
s3://braingeneers/braindance/busy_bee_10-10-2025/,25134hs,ventral2d/ventral2d_cont_16,s3://braingeneers/braindance/busy_bee_10-10-2025/25134hs/ventral2d/ventral2d_cont_16.raw.h5,0,0.0,,False,spontaneous,167,True,290.0,busy_bee_10-10-2025,ventral2d,False,,,,,,,,,,22A
s3://braingeneers/braindance/busy_bee_10-10-2025/,25134hs,ventral2d/ventral2d_cont_145,s3://braingeneers/braindance/busy_bee_10-10-2025/25134hs/ventral2d/ventral2d_cont_145.raw.h5,4400,2.0,2.000005791673687,True,stim,167,True,290.0,busy_bee_10-10-2025,ventral2d,False,,,,,,,,,,22A
s3://braingeneers/braindance/busy_bee_10-10-2025/,25134hs,ventral2d/ventral2d_cont_160,s3://braingeneers/braindance/busy_bee_10-10-2025/25134hs/ventral2d/ventral2d_cont_160.raw.h5,0,0.0,,False,spontaneous,167,True,290.0,busy_bee_10-10-2025,ventral2d,False,,,,,,,,,,22A
s3://braingeneers/braindance/busy_bee_10-10-2025/,25134hs,ventral2d/ventral2d_cont_3,s3://braingeneers/braindance/busy_bee_10-10-2025/25134hs/ventral2d/ventral2d_cont_3.raw.h5,2200,1.0,0.9999991329534108,True,stim,167,True,290.0,busy_bee_10-10-2025,ventral2d,False,,,,,,,,,,22A
s3://braingeneers/braindance/busy_bee_10-10-2025/,25134hs,ventral2d/ventral2d_cont_151,s3://braingeneers/braindance/busy_bee_10-10-2025/25134hs/ventral2d/ventral2d_cont_151.raw.h5,1100,0.5,0.499999286648602,True,stim,167,True,290.0,busy_bee_10-10-2025,ventral2d,False,,,,,,,,,,22A
s3://braingeneers/braindance/busy_bee_10-10-2025/,25134hs,ventral2d/ventral2d_cont_125,s3://braingeneers/braindance/busy_bee_10-10-2025/25134hs/ventral2d/ventral2d_cont_125.raw.h5,4400,2.0,2.000000576185456,True,stim,167,True,290.0,busy_bee_10-10-2025,ventral2d,False,,,,,,,,,,22A
s3://braingeneers/braindance/busy_bee_10-10-2025/,25134hs,ventral2d/ventral2d_cont_56,s3://braingeneers/braindance/busy_bee_10-10-2025/25134hs/ventral2d/ventral2d_cont_56.raw.h5,0,0.0,,False,spontaneous,167,True,290.0,busy_bee_10-10-2025,ventral2d,False,,,,,,,,,,22A
s3://braingeneers/braindance/busy_bee_10-10-2025/,25134hs,ventral2d/ventral2d_cont_57,s3://braingeneers/braindance/busy_bee_10-10-2025/25134hs/ventral2d/ventral2d_cont_57.raw.h5,8800,4.0,4.000008443519743,True,stim,167,True,290.0,busy_bee_10-10-2025,ventral2d,False,,,,,,,,,,22A
s3://braingeneers/braindance/busy_bee_10-10-2025/,25134hs,ventral2d/ventral2d_cont_86,s3://braingeneers/braindance/busy_bee_10-10-2025/25134hs/ventral2d/ventral2d_cont_86.raw.h5,0,0.0,,False,spontaneous,167,True,290.0,busy_bee_10-10-2025,ventral2d,False,,,,,,,,,,22A
s3://braingeneers/braindance/busy_bee_10-10-2025/,25134hs,ventral2d/ventral2d_cont_130,s3://braingeneers/braindance/busy_bee_10-10-2025/25134hs/ventral2d/ventral2d_cont_130.raw.h5,0,0.0,,False,spontaneous,167,True,290.0,busy_bee_10-10-2025,ventral2d,False,,,,,,,,,,22A
s3://braingeneers/braindance/busy_bee_10-10-2025/,25134hs,ventral2d/ventral2d_cont_31,s3://braingeneers/braindance/busy_bee_10-10-2025/25134hs/ventral2d/ventral2d_cont_31.raw.h5,1100,0.5,0.5000006124934311,True,stim,167,True,290.0,busy_bee_10-10-2025,ventral2d,False,,,,,,,,,,22A
s3://braingeneers/braindance/busy_bee_10-10-2025/,25134hs,ventral2d/ventral2d_cont_155,s3://braingeneers/braindance/busy_bee_10-10-2025/25134hs/ventral2d/ventral2d_cont_155.raw.h5,4400,2.0,1.999997575785732,True,stim,167,True,290.0,busy_bee_10-10-2025,ventral2d,False,,,,,,,,,,22A
s3://braingeneers/braindance/busy_bee_10-10-2025/,25134hs,ventral2d/ventral2d_cont_123,s3://braingeneers/braindance/busy_bee_10-10-2025/25134hs/ventral2d/ventral2d_cont_123.raw.h5,2200,1.0,0.9999977504150754,True,stim,167,True,290.0,busy_bee_10-10-2025,ventral2d,False,,,,,,,,,,22A
s3://braingeneers/braindance/busy_bee_10-10-2025/,25134hs,ventral2d/ventral2d_cont_148,s3://braingeneers/braindance/busy_bee_10-10-2025/25134hs/ventral2d/ventral2d_cont_148.raw.h5,0,0.0,,False,spontaneous,167,True,290.0,busy_bee_10-10-2025,ventral2d,False,,,,,,,,,,22A
s3://braingeneers/braindance/busy_bee_10-10-2025/,25134hs,ventral2d/ventral2d_cont_45,s3://braingeneers/braindance/busy_bee_10-10-2025/25134hs/ventral2d/ventral2d_cont_45.raw.h5,4400,2.0,1.9999979318579852,True,stim,167,True,290.0,busy_bee_10-10-2025,ventral2d,False,,,,,,,,,,22A
s3://braingeneers/braindance/busy_bee_10-10-2025/,25134hs,ventral2d/ventral2d_cont_13,s3://braingeneers/braindance/busy_bee_10-10-2025/25134hs/ventral2d/ventral2d_cont_13.raw.h5,2200,1.0,1.0000014345361343,True,stim,167,True,290.0,busy_bee_10-10-2025,ventral2d,False,,,,,,,,,,22A
s3://braingeneers/braindance/busy_bee_10-10-2025/,25134hs,ventral2d/ventral2d_cont_134,s3://braingeneers/braindance/busy_bee_10-10-2025/25134hs/ventral2d/ventral2d_cont_134.raw.h5,0,0.0,,False,spontaneous,167,True,290.0,busy_bee_10-10-2025,ventral2d,False,,,,,,,,,,22A
s3://braingeneers/braindance/busy_bee_10-10-2025/,25134hs,ventral2d/ventral2d_cont_54,s3://braingeneers/braindance/busy_bee_10-10-2025/25134hs/ventral2d/ventral2d_cont_54.raw.h5,0,0.0,,False,spontaneous,167,True,290.0,busy_bee_10-10-2025,ventral2d,False,,,,,,,,,,22A
s3://braingeneers/braindance/busy_bee_10-10-2025/,25134hs,ventral2d/ventral2d_cont_55,s3://braingeneers/braindance/busy_bee_10-10-2025/25134hs/ventral2d/ventral2d_cont_55.raw.h5,4400,2.0,2.00000303849501,True,stim,167,True,290.0,busy_bee_10-10-2025,ventral2d,False,,,,,,,,,,22A
s3://braingeneers/braindance/busy_bee_10-10-2025/,25134hs,ventral2d/ventral2d_cont_50,s3://braingeneers/braindance/busy_bee_10-10-2025/25134hs/ventral2d/ventral2d_cont_50.raw.h5,0,0.0,,False,spontaneous,167,True,290.0,busy_bee_10-10-2025,ventral2d,False,,,,,,,,,,22A
s3://braingeneers/braindance/busy_bee_10-10-2025/,25134hs,ventral2d/ventral2d_cont_89,s3://braingeneers/braindance/busy_bee_10-10-2025/25134hs/ventral2d/ventral2d_cont_89.raw.h5,17600,8.0,7.999997465003306,True,stim,167,True,290.0,busy_bee_10-10-2025,ventral2d,False,,,,,,,,,,22A
s3://braingeneers/braindance/busy_bee_10-10-2025/,25134hs,ventral2d/ventral2d_cont_29,s3://braingeneers/braindance/busy_bee_10-10-2025/25134hs/ventral2d/ventral2d_cont_29.raw.h5,17600,8.0,8.000002174572707,True,stim,167,True,290.0,busy_bee_10-10-2025,ventral2d,False,,,,,,,,,,22A
s3://braingeneers/braindance/busy_bee_10-10-2025/,25134hs,ventral2d/ventral2d_cont_140,s3://braingeneers/braindance/busy_bee_10-10-2025/25134hs/ventral2d/ventral2d_cont_140.raw.h5,0,0.0,,False,spontaneous,167,True,290.0,busy_bee_10-10-2025,ventral2d,False,,,,,,,,,,22A
s3://braingeneers/braindance/busy_bee_10-10-2025/,25134hs,ventral2d/ventral2d_cont_156,s3://braingeneers/braindance/busy_bee_10-10-2025/25134hs/ventral2d/ventral2d_cont_156.raw.h5,0,0.0,,False,spontaneous,167,True,290.0,busy_bee_10-10-2025,ventral2d,False,,,,,,,,,,22A
s3://braingeneers/braindance/busy_bee_10-10-2025/,25134hs,ventral2d/ventral2d_cont_164,s3://braingeneers/braindance/busy_bee_10-10-2025/25134hs/ventral2d/ventral2d_cont_164.raw.h5,0,0.0,,False,spontaneous,167,True,290.0,busy_bee_10-10-2025,ventral2d,False,,,,,,,,,,22A
s3://braingeneers/braindance/busy_bee_10-10-2025/,25134hs,ventral2d/ventral2d_cont_126,s3://braingeneers/braindance/busy_bee_10-10-2025/25134hs/ventral2d/ventral2d_cont_126.raw.h5,0,0.0,,False,spontaneous,167,True,290.0,busy_bee_10-10-2025,ventral2d,False,,,,,,,,,,22A
s3://braingeneers/braindance/busy_bee_10-10-2025/,25134hs,ventral2d/ventral2d_cont_101,s3://braingeneers/braindance/busy_bee_10-10-2025/25134hs/ventral2d/ventral2d_cont_101.raw.h5,1100,0.5,0.5000007269642139,True,stim,167,True,290.0,busy_bee_10-10-2025,ventral2d,False,,,,,,,,,,22A
s3://braingeneers/braindance/busy_bee_10-10-2025/,25134hs,ventral2d/ventral2d_cont_132,s3://braingeneers/braindance/busy_bee_10-10-2025/25134hs/ventral2d/ventral2d_cont_132.raw.h5,0,0.0,,False,spontaneous,167,True,290.0,busy_bee_10-10-2025,ventral2d,False,,,,,,,,,,22A
s3://braingeneers/braindance/busy_bee_10-10-2025/,25134hs,ventral2d/ventral2d_cont_131,s3://braingeneers/braindance/busy_bee_10-10-2025/25134hs/ventral2d/ventral2d_cont_131.raw.h5,1100,0.5,0.4999999283199505,True,stim,167,True,290.0,busy_bee_10-10-2025,ventral2d,False,,,,,,,,,,22A
s3://braingeneers/braindance/busy_bee_10-10-2025/,25134hs,ventral2d/ventral2d_cont_20,s3://braingeneers/braindance/busy_bee_10-10-2025/25134hs/ventral2d/ventral2d_cont_20.raw.h5,0,0.0,,False,spontaneous,167,True,290.0,busy_bee_10-10-2025,ventral2d,False,,,,,,,,,,22A
s3://braingeneers/braindance/busy_bee_10-10-2025/,25134hs,ventral2d/ventral2d_cont_113,s3://braingeneers/braindance/busy_bee_10-10-2025/25134hs/ventral2d/ventral2d_cont_113.raw.h5,2200,1.0,0.9999977038182416,True,stim,167,True,290.0,busy_bee_10-10-2025,ventral2d,False,,,,,,,,,,22A
s3://braingeneers/braindance/busy_bee_10-10-2025/,25134hs,ventral2d/ventral2d_cont_141,s3://braingeneers/braindance/busy_bee_10-10-2025/25134hs/ventral2d/ventral2d_cont_141.raw.h5,1100,0.5,0.5000010740142624,True,stim,167,True,290.0,busy_bee_10-10-2025,ventral2d,False,,,,,,,,,,22A
s3://braingeneers/braindance/busy_bee_10-10-2025/,25134hs,ventral2d/ventral2d_cont_127,s3://braingeneers/braindance/busy_bee_10-10-2025/25134hs/ventral2d/ventral2d_cont_127.raw.h5,8800,4.0,4.0000022368045824,True,stim,167,True,290.0,busy_bee_10-10-2025,ventral2d,False,,,,,,,,,,22A
s3://braingeneers/braindance/busy_bee_10-10-2025/,25134hs,ventral2d/ventral2d_cont_139,s3://braingeneers/braindance/busy_bee_10-10-2025/25134hs/ventral2d/ventral2d_cont_139.raw.h5,17600,8.0,7.99999262463054,True,stim,167,True,290.0,busy_bee_10-10-2025,ventral2d,False,,,,,,,,,,22A
s3://braingeneers/braindance/busy_bee_10-10-2025/,25134hs,ventral2d/ventral2d_cont_152,s3://braingeneers/braindance/busy_bee_10-10-2025/25134hs/ventral2d/ventral2d_cont_152.raw.h5,0,0.0,,False,spontaneous,167,True,290.0,busy_bee_10-10-2025,ventral2d,False,,,,,,,,,,22A
s3://braingeneers/braindance/busy_bee_10-10-2025/,25134hs,ventral2d/ventral2d_cont_124,s3://braingeneers/braindance/busy_bee_10-10-2025/25134hs/ventral2d/ventral2d_cont_124.raw.h5,0,0.0,,False,spontaneous,167,True,290.0,busy_bee_10-10-2025,ventral2d,False,,,,,,,,,,22A
s3://braingeneers/braindance/busy_bee_10-10-2025/,25134hs,ventral2d/ventral2d_cont_135,s3://braingeneers/braindance/busy_bee_10-10-2025/25134hs/ventral2d/ventral2d_cont_135.raw.h5,4400,2.0,2.0000031835582135,True,stim,167,True,290.0,busy_bee_10-10-2025,ventral2d,False,,,,,,,,,,22A
s3://braingeneers/braindance/busy_bee_10-10-2025/,25134hs,ventral2d/ventral2d_cont_68,s3://braingeneers/braindance/busy_bee_10-10-2025/25134hs/ventral2d/ventral2d_cont_68.raw.h5,0,0.0,,False,spontaneous,167,True,290.0,busy_bee_10-10-2025,ventral2d,False,,,,,,,,,,22A
s3://braingeneers/braindance/busy_bee_10-10-2025/,25134hs,ventral2d/ventral2d_cont_43,s3://braingeneers/braindance/busy_bee_10-10-2025/25134hs/ventral2d/ventral2d_cont_43.raw.h5,2200,1.0,0.9999990493585738,True,stim,167,True,290.0,busy_bee_10-10-2025,ventral2d,False,,,,,,,,,,22A
s3://braingeneers/braindance/busy_bee_10-10-2025/,25134hs,ventral2d/ventral2d_cont_12,s3://braingeneers/braindance/busy_bee_10-10-2025/25134hs/ventral2d/ventral2d_cont_12.raw.h5,0,0.0,,False,spontaneous,167,True,290.0,busy_bee_10-10-2025,ventral2d,False,,,,,,,,,,22A
s3://braingeneers/braindance/busy_bee_10-10-2025/,25134hs,ventral2d/ventral2d_cont_143,s3://braingeneers/braindance/busy_bee_10-10-2025/25134hs/ventral2d/ventral2d_cont_143.raw.h5,2200,1.0,1.000001744095359,True,stim,167,True,290.0,busy_bee_10-10-2025,ventral2d,False,,,,,,,,,,22A
s3://braingeneers/braindance/busy_bee_10-10-2025/,25134hs,ventral2d/ventral2d_cont_21,s3://braingeneers/braindance/busy_bee_10-10-2025/25134hs/ventral2d/ventral2d_cont_21.raw.h5,1100,0.5,0.4999998527220557,True,stim,167,True,290.0,busy_bee_10-10-2025,ventral2d,False,,,,,,,,,,22A
s3://braingeneers/braindance/busy_bee_10-10-2025/,25134hs,ventral2d/ventral2d_cont_61,s3://braingeneers/braindance/busy_bee_10-10-2025/25134hs/ventral2d/ventral2d_cont_61.raw.h5,1100,0.5,0.4999997905196671,True,stim,167,True,290.0,busy_bee_10-10-2025,ventral2d,False,,,,,,,,,,22A
s3://braingeneers/braindance/busy_bee_10-10-2025/,25134hs,ventral2d/ventral2d_cont_17,s3://braingeneers/braindance/busy_bee_10-10-2025/25134hs/ventral2d/ventral2d_cont_17.raw.h5,8800,4.0,3.999991910264181,True,stim,167,True,290.0,busy_bee_10-10-2025,ventral2d,False,,,,,,,,,,22A
s3://braingeneers/braindance/busy_bee_10-10-2025/,25134hs,ventral2d/ventral2d_cont_24,s3://braingeneers/braindance/busy_bee_10-10-2025/25134hs/ventral2d/ventral2d_cont_24.raw.h5,0,0.0,,False,spontaneous,167,True,290.0,busy_bee_10-10-2025,ventral2d,False,,,,,,,,,,22A
s3://braingeneers/braindance/busy_bee_10-10-2025/,25134hs,ventral2d/ventral2d_cont_117,s3://braingeneers/braindance/busy_bee_10-10-2025/25134hs/ventral2d/ventral2d_cont_117.raw.h5,8800,4.0,3.999986380842286,True,stim,167,True,290.0,busy_bee_10-10-2025,ventral2d,False,,,,,,,,,,22A
s3://braingeneers/braindance/busy_bee_10-10-2025/,25134hs,ventral2d/ventral2d_cont_85,s3://braingeneers/braindance/busy_bee_10-10-2025/25134hs/ventral2d/ventral2d_cont_85.raw.h5,4400,2.0,2.00000043539922,True,stim,167,True,290.0,busy_bee_10-10-2025,ventral2d,False,,,,,,,,,,22A
s3://braingeneers/braindance/busy_bee_10-10-2025/,25134hs,ventral2d/ventral2d_cont_60,s3://braingeneers/braindance/busy_bee_10-10-2025/25134hs/ventral2d/ventral2d_cont_60.raw.h5,0,0.0,,False,spontaneous,167,True,290.0,busy_bee_10-10-2025,ventral2d,False,,,,,,,,,,22A
s3://braingeneers/braindance/busy_bee_10-10-2025/,25134hs,ventral2d/ventral2d_cont_15,s3://braingeneers/braindance/busy_bee_10-10-2025/25134hs/ventral2d/ventral2d_cont_15.raw.h5,4400,2.0,1.99999999264596,True,stim,167,True,290.0,busy_bee_10-10-2025,ventral2d,False,,,,,,,,,,22A
s3://braingeneers/braindance/busy_bee_10-10-2025/,25134hs,ventral2d/ventral2d_cont_26,s3://braingeneers/braindance/busy_bee_10-10-2025/25134hs/ventral2d/ventral2d_cont_26.raw.h5,0,0.0,,False,spontaneous,167,True,290.0,busy_bee_10-10-2025,ventral2d,False,,,,,,,,,,22A
s3://braingeneers/braindance/busy_bee_10-10-2025/,25134hs,ventral2d/ventral2d_cont_69,s3://braingeneers/braindance/busy_bee_10-10-2025/25134hs/ventral2d/ventral2d_cont_69.raw.h5,17600,8.0,8.000007547836868,True,stim,167,True,290.0,busy_bee_10-10-2025,ventral2d,False,,,,,,,,,,22A
s3://braingeneers/braindance/busy_bee_10-10-2025/,25134hs,ventral2d/ventral2d_cont_30,s3://braingeneers/braindance/busy_bee_10-10-2025/25134hs/ventral2d/ventral2d_cont_30.raw.h5,0,0.0,,False,spontaneous,167,True,290.0,busy_bee_10-10-2025,ventral2d,False,,,,,,,,,,22A
s3://braingeneers/braindance/busy_bee_10-10-2025/,25134hs,ventral2d/ventral2d_cont_163,s3://braingeneers/braindance/busy_bee_10-10-2025/25134hs/ventral2d/ventral2d_cont_163.raw.h5,2200,1.0,0.99999811796918,True,stim,167,True,290.0,busy_bee_10-10-2025,ventral2d,False,,,,,,,,,,22A
s3://braingeneers/braindance/busy_bee_10-10-2025/,25134hs,ventral2d/ventral2d_cont_153,s3://braingeneers/braindance/busy_bee_10-10-2025/25134hs/ventral2d/ventral2d_cont_153.raw.h5,2200,1.0,1.000003753376202,True,stim,167,True,290.0,busy_bee_10-10-2025,ventral2d,False,,,,,,,,,,22A
s3://braingeneers/braindance/busy_bee_10-10-2025/,25134hs,ventral2d/ventral2d_cont_28,s3://braingeneers/braindance/busy_bee_10-10-2025/25134hs/ventral2d/ventral2d_cont_28.raw.h5,0,0.0,,False,spontaneous,167,True,290.0,busy_bee_10-10-2025,ventral2d,False,,,,,,,,,,22A
s3://braingeneers/braindance/busy_bee_10-10-2025/,25134hs,ventral2d/ventral2d_cont_158,s3://braingeneers/braindance/busy_bee_10-10-2025/25134hs/ventral2d/ventral2d_cont_158.raw.h5,0,0.0,,False,spontaneous,167,True,290.0,busy_bee_10-10-2025,ventral2d,False,,,,,,,,,,22A
s3://braingeneers/braindance/busy_bee_10-10-2025/,25134hs,ventral2d/ventral2d_cont_97,s3://braingeneers/braindance/busy_bee_10-10-2025/25134hs/ventral2d/ventral2d_cont_97.raw.h5,8800,4.0,3.999994480469497,True,stim,167,True,290.0,busy_bee_10-10-2025,ventral2d,False,,,,,,,,,,22A
s3://braingeneers/braindance/busy_bee_10-10-2025/,25134hs,ventral2d/ventral2d_cont_107,s3://braingeneers/braindance/busy_bee_10-10-2025/25134hs/ventral2d/ventral2d_cont_107.raw.h5,8800,4.0,3.9999890865998458,True,stim,167,True,290.0,busy_bee_10-10-2025,ventral2d,False,,,,,,,,,,22A
s3://braingeneers/braindance/busy_bee_10-10-2025/,25134hs,ventral2d/ventral2d_cont_70,s3://braingeneers/braindance/busy_bee_10-10-2025/25134hs/ventral2d/ventral2d_cont_70.raw.h5,0,0.0,,False,spontaneous,167,True,290.0,busy_bee_10-10-2025,ventral2d,False,,,,,,,,,,22A
s3://braingeneers/braindance/busy_bee_10-10-2025/,25134hs,ventral2d/ventral2d_cont_114,s3://braingeneers/braindance/busy_bee_10-10-2025/25134hs/ventral2d/ventral2d_cont_114.raw.h5,0,0.0,,False,spontaneous,167,True,290.0,busy_bee_10-10-2025,ventral2d,False,,,,,,,,,,22A
s3://braingeneers/braindance/busy_bee_10-10-2025/,25134hs,ventral2d/ventral2d_cont_161,s3://braingeneers/braindance/busy_bee_10-10-2025/25134hs/ventral2d/ventral2d_cont_161.raw.h5,1100,0.5,0.5000007977775714,True,stim,167,True,290.0,busy_bee_10-10-2025,ventral2d,False,,,,,,,,,,22A
s3://braingeneers/braindance/busy_bee_10-10-2025/,25134hs,ventral2d/ventral2d_cont_11,s3://braingeneers/braindance/busy_bee_10-10-2025/25134hs/ventral2d/ventral2d_cont_11.raw.h5,1100,0.5,0.4999997074589543,True,stim,167,True,290.0,busy_bee_10-10-2025,ventral2d,False,,,,,,,,,,22A
s3://braingeneers/braindance/busy_bee_10-10-2025/,25134hs,ventral2d/ventral2d_cont_92,s3://braingeneers/braindance/busy_bee_10-10-2025/25134hs/ventral2d/ventral2d_cont_92.raw.h5,0,0.0,,False,spontaneous,167,True,290.0,busy_bee_10-10-2025,ventral2d,False,,,,,,,,,,22A
s3://braingeneers/braindance/busy_bee_10-10-2025/,25134hs,ventral2d/ventral2d_cont_154,s3://braingeneers/braindance/busy_bee_10-10-2025/25134hs/ventral2d/ventral2d_cont_154.raw.h5,0,0.0,,False,spontaneous,167,True,290.0,busy_bee_10-10-2025,ventral2d,False,,,,,,,,,,22A
s3://braingeneers/braindance/busy_bee_10-10-2025/,25134hs,ventral2d/ventral2d_cont_112,s3://braingeneers/braindance/busy_bee_10-10-2025/25134hs/ventral2d/ventral2d_cont_112.raw.h5,0,0.0,,False,spontaneous,167,True,290.0,busy_bee_10-10-2025,ventral2d,False,,,,,,,,,,22A
s3://braingeneers/braindance/busy_bee_10-10-2025/,25134hs,ventral2d/ventral2d_cont_25,s3://braingeneers/braindance/busy_bee_10-10-2025/25134hs/ventral2d/ventral2d_cont_25.raw.h5,4400,2.0,2.000001836946652,True,stim,167,True,290.0,busy_bee_10-10-2025,ventral2d,False,,,,,,,,,,22A
s3://braingeneers/braindance/busy_bee_10-10-2025/,25134hs,ventral2d/ventral2d_cont_67,s3://braingeneers/braindance/busy_bee_10-10-2025/25134hs/ventral2d/ventral2d_cont_67.raw.h5,8800,4.0,4.000018801778811,True,stim,167,True,290.0,busy_bee_10-10-2025,ventral2d,False,,,,,,,,,,22A
s3://braingeneers/braindance/busy_bee_10-10-2025/,25134hs,ventral2d/ventral2d_cont_111,s3://braingeneers/braindance/busy_bee_10-10-2025/25134hs/ventral2d/ventral2d_cont_111.raw.h5,1100,0.5,0.4999999376708843,True,stim,167,True,290.0,busy_bee_10-10-2025,ventral2d,False,,,,,,,,,,22A
s3://braingeneers/braindance/busy_bee_10-10-2025/,25134hs,ventral2d/ventral2d_cont_133,s3://braingeneers/braindance/busy_bee_10-10-2025/25134hs/ventral2d/ventral2d_cont_133.raw.h5,2200,1.0,1.000000964504254,True,stim,167,True,290.0,busy_bee_10-10-2025,ventral2d,False,,,,,,,,,,22A
s3://braingeneers/braindance/busy_bee_10-10-2025/,25134hs,ventral2d/ventral2d_cont_9,s3://braingeneers/braindance/busy_bee_10-10-2025/25134hs/ventral2d/ventral2d_cont_9.raw.h5,17600,8.0,7.999992324633365,True,stim,167,True,290.0,busy_bee_10-10-2025,ventral2d,False,,,,,,,,,,22A
s3://braingeneers/braindance/busy_bee_10-10-2025/,25134hs,ventral2d/ventral2d_cont_36,s3://braingeneers/braindance/busy_bee_10-10-2025/25134hs/ventral2d/ventral2d_cont_36.raw.h5,0,0.0,,False,spontaneous,167,True,290.0,busy_bee_10-10-2025,ventral2d,False,,,,,,,,,,22A
s3://braingeneers/braindance/busy_bee_10-10-2025/,25134hs,ventral2d/ventral2d_cont_10,s3://braingeneers/braindance/busy_bee_10-10-2025/25134hs/ventral2d/ventral2d_cont_10.raw.h5,0,0.0,,False,spontaneous,167,True,290.0,busy_bee_10-10-2025,ventral2d,False,,,,,,,,,,22A
s3://braingeneers/braindance/busy_bee_10-10-2025/,25134hs,ventral2d/ventral2d_cont_147,s3://braingeneers/braindance/busy_bee_10-10-2025/25134hs/ventral2d/ventral2d_cont_147.raw.h5,8800,4.0,4.000001641272384,True,stim,167,True,290.0,busy_bee_10-10-2025,ventral2d,False,,,,,,,,,,22A
s3://braingeneers/braindance/busy_bee_10-10-2025/,25134hs,ventral2d/ventral2d_cont_72,s3://braingeneers/braindance/busy_bee_10-10-2025/25134hs/ventral2d/ventral2d_cont_72.raw.h5,0,0.0,,False,spontaneous,167,True,290.0,busy_bee_10-10-2025,ventral2d,False,,,,,,,,,,22A
s3://braingeneers/braindance/busy_bee_10-10-2025/,25134hs,ventral2d/ventral2d_cont_96,s3://braingeneers/braindance/busy_bee_10-10-2025/25134hs/ventral2d/ventral2d_cont_96.raw.h5,0,0.0,,False,spontaneous,167,True,290.0,busy_bee_10-10-2025,ventral2d,False,,,,,,,,,,22A
s3://braingeneers/braindance/busy_bee_10-10-2025/,25134hs,ventral2d/ventral2d_cont_4,s3://braingeneers/braindance/busy_bee_10-10-2025/25134hs/ventral2d/ventral2d_cont_4.raw.h5,0,0.0,,False,spontaneous,167,True,290.0,busy_bee_10-10-2025,ventral2d,False,,,,,,,,,,22A
s3://braingeneers/braindance/busy_bee_10-10-2025/,25134hs,ventral2d/ventral2d_cont_105,s3://braingeneers/braindance/busy_bee_10-10-2025/25134hs/ventral2d/ventral2d_cont_105.raw.h5,4400,2.0,2.0000026852130075,True,stim,167,True,290.0,busy_bee_10-10-2025,ventral2d,False,,,,,,,,,,22A
s3://braingeneers/braindance/busy_bee_10-10-2025/,25134hs,ventral2d/ventral2d_cont_38,s3://braingeneers/braindance/busy_bee_10-10-2025/25134hs/ventral2d/ventral2d_cont_38.raw.h5,0,0.0,,False,spontaneous,167,True,290.0,busy_bee_10-10-2025,ventral2d,False,,,,,,,,,,22A
s3://braingeneers/braindance/busy_bee_10-10-2025/,25134hs,ventral2d/ventral2d_cont_35,s3://braingeneers/braindance/busy_bee_10-10-2025/25134hs/ventral2d/ventral2d_cont_35.raw.h5,4400,2.0,1.999997045114094,True,stim,167,True,290.0,busy_bee_10-10-2025,ventral2d,False,,,,,,,,,,22A
s3://braingeneers/braindance/busy_bee_10-10-2025/,25134hs,ventral2d/ventral2d_cont_42,s3://braingeneers/braindance/busy_bee_10-10-2025/25134hs/ventral2d/ventral2d_cont_42.raw.h5,0,0.0,,False,spontaneous,167,True,290.0,busy_bee_10-10-2025,ventral2d,False,,,,,,,,,,22A
s3://braingeneers/braindance/busy_bee_10-10-2025/,25134hs,ventral2d/ventral2d_cont_37,s3://braingeneers/braindance/busy_bee_10-10-2025/25134hs/ventral2d/ventral2d_cont_37.raw.h5,8800,4.0,4.000007675401501,True,stim,167,True,290.0,busy_bee_10-10-2025,ventral2d,False,,,,,,,,,,22A
s3://braingeneers/braindance/busy_bee_10-10-2025/,25134hs,ventral2d/ventral2d_cont_157,s3://braingeneers/braindance/busy_bee_10-10-2025/25134hs/ventral2d/ventral2d_cont_157.raw.h5,8800,4.0,4.000003310179101,True,stim,167,True,290.0,busy_bee_10-10-2025,ventral2d,False,,,,,,,,,,22A
s3://braingeneers/braindance/busy_bee_10-10-2025/,25134hs,ventral2d/ventral2d_cont_76,s3://braingeneers/braindance/busy_bee_10-10-2025/25134hs/ventral2d/ventral2d_cont_76.raw.h5,0,0.0,,False,spontaneous,167,True,290.0,busy_bee_10-10-2025,ventral2d,False,,,,,,,,,,22A
s3://braingeneers/braindance/busy_bee_10-10-2025/,25134hs,ventral2d/ventral2d_cont_88,s3://braingeneers/braindance/busy_bee_10-10-2025/25134hs/ventral2d/ventral2d_cont_88.raw.h5,0,0.0,,False,spontaneous,167,True,290.0,busy_bee_10-10-2025,ventral2d,False,,,,,,,,,,22A
s3://braingeneers/braindance/busy_bee_10-10-2025/,25134hs,ventral2d/ventral2d_cont_5,s3://braingeneers/braindance/busy_bee_10-10-2025/25134hs/ventral2d/ventral2d_cont_5.raw.h5,4400,2.0,2.0000033131816313,True,stim,167,True,290.0,busy_bee_10-10-2025,ventral2d,False,,,,,,,,,,22A
s3://braingeneers/braindance/busy_bee_10-10-2025/,25134hs,ventral2d/ventral2d_cont_77,s3://braingeneers/braindance/busy_bee_10-10-2025/25134hs/ventral2d/ventral2d_cont_77.raw.h5,8800,4.0,4.000012265901607,True,stim,167,True,290.0,busy_bee_10-10-2025,ventral2d,False,,,,,,,,,,22A
s3://braingeneers/braindance/busy_bee_10-10-2025/,25134hs,ventral2d/ventral2d_cont_94,s3://braingeneers/braindance/busy_bee_10-10-2025/25134hs/ventral2d/ventral2d_cont_94.raw.h5,0,0.0,,False,spontaneous,167,True,290.0,busy_bee_10-10-2025,ventral2d,False,,,,,,,,,,22A
s3://braingeneers/braindance/busy_bee_10-10-2025/,25134hs,ventral2d/ventral2d_cont_46,s3://braingeneers/braindance/busy_bee_10-10-2025/25134hs/ventral2d/ventral2d_cont_46.raw.h5,0,0.0,,False,spontaneous,167,True,290.0,busy_bee_10-10-2025,ventral2d,False,,,,,,,,,,22A
s3://braingeneers/braindance/busy_bee_10-10-2025/,25134hs,ventral2d/ventral2d_cont_47,s3://braingeneers/braindance/busy_bee_10-10-2025/25134hs/ventral2d/ventral2d_cont_47.raw.h5,8800,4.0,4.000003735382003,True,stim,167,True,290.0,busy_bee_10-10-2025,ventral2d,False,,,,,,,,,,22A
s3://braingeneers/braindance/busy_bee_10-10-2025/,25134hs,ventral2d/ventral2d_cont_2,s3://braingeneers/braindance/busy_bee_10-10-2025/25134hs/ventral2d/ventral2d_cont_2.raw.h5,0,0.0,,False,spontaneous,167,True,290.0,busy_bee_10-10-2025,ventral2d,False,,,,,,,,,,22A
s3://braingeneers/braindance/busy_bee_10-10-2025/,25134hs,ventral2d/ventral2d_cont_118,s3://braingeneers/braindance/busy_bee_10-10-2025/25134hs/ventral2d/ventral2d_cont_118.raw.h5,0,0.0,,False,spontaneous,167,True,290.0,busy_bee_10-10-2025,ventral2d,False,,,,,,,,,,22A
s3://braingeneers/braindance/busy_bee_10-10-2025/,25134hs,ventral2d/ventral2d_cont_79,s3://braingeneers/braindance/busy_bee_10-10-2025/25134hs/ventral2d/ventral2d_cont_79.raw.h5,17600,8.0,8.000008506112408,True,stim,167,True,290.0,busy_bee_10-10-2025,ventral2d,False,,,,,,,,,,22A
s3://braingeneers/braindance/busy_bee_10-10-2025/,25134hs,ventral2d/ventral2d_cont_49,s3://braingeneers/braindance/busy_bee_10-10-2025/25134hs/ventral2d/ventral2d_cont_49.raw.h5,17600,8.0,7.999997553267167,True,stim,167,True,290.0,busy_bee_10-10-2025,ventral2d,False,,,,,,,,,,22A
s3://braingeneers/braindance/busy_bee_10-10-2025/,25134hs,ventral2d/ventral2d_cont_52,s3://braingeneers/braindance/busy_bee_10-10-2025/25134hs/ventral2d/ventral2d_cont_52.raw.h5,0,0.0,,False,spontaneous,167,True,290.0,busy_bee_10-10-2025,ventral2d,False,,,,,,,,,,22A
s3://braingeneers/braindance/busy_bee_10-10-2025/,25134hs,ventral2d/ventral2d_cont_137,s3://braingeneers/braindance/busy_bee_10-10-2025/25134hs/ventral2d/ventral2d_cont_137.raw.h5,8800,4.0,4.000007898589554,True,stim,167,True,290.0,busy_bee_10-10-2025,ventral2d,False,,,,,,,,,,22A
s3://braingeneers/braindance/busy_bee_10-10-2025/,25134hs,ventral2d/ventral2d_cont_81,s3://braingeneers/braindance/busy_bee_10-10-2025/25134hs/ventral2d/ventral2d_cont_81.raw.h5,1100,0.5,0.5000015870395075,True,stim,167,True,290.0,busy_bee_10-10-2025,ventral2d,False,,,,,,,,,,22A
s3://braingeneers/braindance/busy_bee_10-10-2025/,25134hs,ventral2d/ventral2d_cont_66,s3://braingeneers/braindance/busy_bee_10-10-2025/25134hs/ventral2d/ventral2d_cont_66.raw.h5,0,0.0,,False,spontaneous,167,True,290.0,busy_bee_10-10-2025,ventral2d,False,,,,,,,,,,22A
s3://braingeneers/braindance/busy_bee_10-10-2025/,25134hs,ventral2d/ventral2d_cont_95,s3://braingeneers/braindance/busy_bee_10-10-2025/25134hs/ventral2d/ventral2d_cont_95.raw.h5,4400,2.0,2.000001793139903,True,stim,167,True,290.0,busy_bee_10-10-2025,ventral2d,False,,,,,,,,,,22A
s3://braingeneers/braindance/busy_bee_10-10-2025/,25134hs,ventral2d/ventral2d_cont_73,s3://braingeneers/braindance/busy_bee_10-10-2025/25134hs/ventral2d/ventral2d_cont_73.raw.h5,2200,1.0,0.9999980857762042,True,stim,167,True,290.0,busy_bee_10-10-2025,ventral2d,False,,,,,,,,,,22A
s3://braingeneers/braindance/busy_bee_10-10-2025/,25134hs,ventral2d/ventral2d_cont_19,s3://braingeneers/braindance/busy_bee_10-10-2025/25134hs/ventral2d/ventral2d_cont_19.raw.h5,17600,8.0,8.000015558356454,True,stim,167,True,290.0,busy_bee_10-10-2025,ventral2d,False,,,,,,,,,,22A
s3://braingeneers/braindance/busy_bee_10-10-2025/,25134hs,ventral2d/ventral2d_cont_84,s3://braingeneers/braindance/busy_bee_10-10-2025/25134hs/ventral2d/ventral2d_cont_84.raw.h5,0,0.0,,False,spontaneous,167,True,290.0,busy_bee_10-10-2025,ventral2d,False,,,,,,,,,,22A
s3://braingeneers/braindance/busy_bee_10-10-2025/,25134hs,ventral2d/ventral2d_cont_98,s3://braingeneers/braindance/busy_bee_10-10-2025/25134hs/ventral2d/ventral2d_cont_98.raw.h5,0,0.0,,False,spontaneous,167,True,290.0,busy_bee_10-10-2025,ventral2d,False,,,,,,,,,,22A
s3://braingeneers/braindance/busy_bee_10-10-2025/,25134hs,ventral2d/ventral2d_cont_18,s3://braingeneers/braindance/busy_bee_10-10-2025/25134hs/ventral2d/ventral2d_cont_18.raw.h5,0,0.0,,False,spontaneous,167,True,290.0,busy_bee_10-10-2025,ventral2d,False,,,,,,,,,,22A
s3://braingeneers/braindance/busy_bee_10-10-2025/,25134hs,ventral2d/ventral2d_cont_64,s3://braingeneers/braindance/busy_bee_10-10-2025/25134hs/ventral2d/ventral2d_cont_64.raw.h5,0,0.0,,False,spontaneous,167,True,290.0,busy_bee_10-10-2025,ventral2d,False,,,,,,,,,,22A
s3://braingeneers/braindance/busy_bee_10-10-2025/,25134hs,ventral2d/ventral2d_cont_74,s3://braingeneers/braindance/busy_bee_10-10-2025/25134hs/ventral2d/ventral2d_cont_74.raw.h5,0,0.0,,False,spontaneous,167,True,290.0,busy_bee_10-10-2025,ventral2d,False,,,,,,,,,,22A
s3://braingeneers/braindance/busy_bee_10-10-2025/,25134hs,ventral2d/ventral2d_cont_119,s3://braingeneers/braindance/busy_bee_10-10-2025/25134hs/ventral2d/ventral2d_cont_119.raw.h5,17600,8.0,8.000014746942435,True,stim,167,True,290.0,busy_bee_10-10-2025,ventral2d,False,,,,,,,,,,22A
s3://braingeneers/braindance/busy_bee_10-10-2025/,25134hs,ventral2d/ventral2d_cont_53,s3://braingeneers/braindance/busy_bee_10-10-2025/25134hs/ventral2d/ventral2d_cont_53.raw.h5,2200,1.0,0.9999971722763348,True,stim,167,True,290.0,busy_bee_10-10-2025,ventral2d,False,,,,,,,,,,22A
s3://braingeneers/braindance/busy_bee_10-10-2025/,25134hs,ventral2d/ventral2d_cont_103,s3://braingeneers/braindance/busy_bee_10-10-2025/25134hs/ventral2d/ventral2d_cont_103.raw.h5,2200,1.0,1.000002467425605,True,stim,167,True,290.0,busy_bee_10-10-2025,ventral2d,False,,,,,,,,,,22A
s3://braingeneers/braindance/busy_bee_10-10-2025/,25134hs,ventral2d/ventral2d_cont_128,s3://braingeneers/braindance/busy_bee_10-10-2025/25134hs/ventral2d/ventral2d_cont_128.raw.h5,0,0.0,,False,spontaneous,167,True,290.0,busy_bee_10-10-2025,ventral2d,False,,,,,,,,,,22A
s3://braingeneers/braindance/busy_bee_10-10-2025/,25134hs,ventral2d/ventral2d_cont_34,s3://braingeneers/braindance/busy_bee_10-10-2025/25134hs/ventral2d/ventral2d_cont_34.raw.h5,0,0.0,,False,spontaneous,167,True,290.0,busy_bee_10-10-2025,ventral2d,False,,,,,,,,,,22A
s3://braingeneers/braindance/busy_bee_10-10-2025/,25134hs,ventral2d/ventral2d_cont_150,s3://braingeneers/braindance/busy_bee_10-10-2025/25134hs/ventral2d/ventral2d_cont_150.raw.h5,0,0.0,,False,spontaneous,167,True,290.0,busy_bee_10-10-2025,ventral2d,False,,,,,,,,,,22A
s3://braingeneers/braindance/busy_bee_10-10-2025/,25134hs,ventral2d/ventral2d_cont_8,s3://braingeneers/braindance/busy_bee_10-10-2025/25134hs/ventral2d/ventral2d_cont_8.raw.h5,0,0.0,,False,spontaneous,167,True,290.0,busy_bee_10-10-2025,ventral2d,False,,,,,,,,,,22A
s3://braingeneers/braindance/busy_bee_10-10-2025/,25134hs,ventral2d/ventral2d_cont_33,s3://braingeneers/braindance/busy_bee_10-10-2025/25134hs/ventral2d/ventral2d_cont_33.raw.h5,2200,1.0,0.9999952475914852,True,stim,167,True,290.0,busy_bee_10-10-2025,ventral2d,False,,,,,,,,,,22A
s3://braingeneers/braindance/busy_bee_10-10-2025/,25134hs,ventral2d/ventral2d_cont_136,s3://braingeneers/braindance/busy_bee_10-10-2025/25134hs/ventral2d/ventral2d_cont_136.raw.h5,0,0.0,,False,spontaneous,167,True,290.0,busy_bee_10-10-2025,ventral2d,False,,,,,,,,,,22A
s3://braingeneers/braindance/busy_bee_10-10-2025/,25134hs,ventral2d/ventral2d_cont_48,s3://braingeneers/braindance/busy_bee_10-10-2025/25134hs/ventral2d/ventral2d_cont_48.raw.h5,0,0.0,,False,spontaneous,167,True,290.0,busy_bee_10-10-2025,ventral2d,False,,,,,,,,,,22A
s3://braingeneers/braindance/busy_bee_10-10-2025/,25134hs,ventral2d/ventral2d_cont_32,s3://braingeneers/braindance/busy_bee_10-10-2025/25134hs/ventral2d/ventral2d_cont_32.raw.h5,0,0.0,,False,spontaneous,167,True,290.0,busy_bee_10-10-2025,ventral2d,False,,,,,,,,,,22A
s3://braingeneers/braindance/busy_bee_10-10-2025/,25134hs,ventral2d/ventral2d_cont_115,s3://braingeneers/braindance/busy_bee_10-10-2025/25134hs/ventral2d/ventral2d_cont_115.raw.h5,4400,2.0,1.999991246198908,True,stim,167,True,290.0,busy_bee_10-10-2025,ventral2d,False,,,,,,,,,,22A
s3://braingeneers/braindance/busy_bee_10-10-2025/,25134hs,ventral2d/ventral2d_cont,s3://braingeneers/braindance/busy_bee_10-10-2025/25134hs/ventral2d/ventral2d_cont.raw.h5,0,0.0,,False,spontaneous,167,True,290.0,busy_bee_10-10-2025,ventral2d,False,,,,,,,,,,22A
s3://braingeneers/braindance/busy_bee_10-10-2025/,25134hs,ventral2d/ventral2d_cont_106,s3://braingeneers/braindance/busy_bee_10-10-2025/25134hs/ventral2d/ventral2d_cont_106.raw.h5,0,0.0,,False,spontaneous,167,True,290.0,busy_bee_10-10-2025,ventral2d,False,,,,,,,,,,22A
s3://braingeneers/braindance/busy_bee_10-10-2025/,25134hs,ventral2d/ventral2d_cont_59,s3://braingeneers/braindance/busy_bee_10-10-2025/25134hs/ventral2d/ventral2d_cont_59.raw.h5,17600,8.0,7.999995246600987,True,stim,167,True,290.0,busy_bee_10-10-2025,ventral2d,False,,,,,,,,,,22A
s3://braingeneers/braindance/busy_bee_10-10-2025/,25134hs,ventral2d/ventral2d_cont_41,s3://braingeneers/braindance/busy_bee_10-10-2025/25134hs/ventral2d/ventral2d_cont_41.raw.h5,1100,0.5,0.5000000537336744,True,stim,167,True,290.0,busy_bee_10-10-2025,ventral2d,False,,,,,,,,,,22A
s3://braingeneers/braindance/busy_bee_10-10-2025/,25134hs,ventral2d/ventral2d_cont_65,s3://braingeneers/braindance/busy_bee_10-10-2025/25134hs/ventral2d/ventral2d_cont_65.raw.h5,4400,2.0,1.9999994393503189,True,stim,167,True,290.0,busy_bee_10-10-2025,ventral2d,False,,,,,,,,,,22A
s3://braingeneers/braindance/busy_bee_10-10-2025/,25134hs,ventral2d/ventral2d_cont_51,s3://braingeneers/braindance/busy_bee_10-10-2025/25134hs/ventral2d/ventral2d_cont_51.raw.h5,1100,0.5,0.4999997001062602,True,stim,167,True,290.0,busy_bee_10-10-2025,ventral2d,False,,,,,,,,,,22A
s3://braingeneers/braindance/busy_bee_10-10-2025/,25134hs,ventral2d/ventral2d_cont_39,s3://braingeneers/braindance/busy_bee_10-10-2025/25134hs/ventral2d/ventral2d_cont_39.raw.h5,17600,8.0,7.999984697330087,True,stim,167,True,290.0,busy_bee_10-10-2025,ventral2d,False,,,,,,,,,,22A
s3://braingeneers/braindance/busy_bee_10-10-2025/,25134hs,ventral2d/ventral2d_cont_6,s3://braingeneers/braindance/busy_bee_10-10-2025/25134hs/ventral2d/ventral2d_cont_6.raw.h5,0,0.0,,False,spontaneous,167,True,290.0,busy_bee_10-10-2025,ventral2d,False,,,,,,,,,,22A
s3://braingeneers/braindance/busy_bee_10-10-2025/,25134hs,ventral2d/ventral2d_cont_40,s3://braingeneers/braindance/busy_bee_10-10-2025/25134hs/ventral2d/ventral2d_cont_40.raw.h5,0,0.0,,False,spontaneous,167,True,290.0,busy_bee_10-10-2025,ventral2d,False,,,,,,,,,,22A
s3://braingeneers/braindance/busy_bee_10-10-2025/,25134hs,ventral2d/ventral2d_cont_149,s3://braingeneers/braindance/busy_bee_10-10-2025/25134hs/ventral2d/ventral2d_cont_149.raw.h5,17600,8.0,8.000022163634863,True,stim,167,True,290.0,busy_bee_10-10-2025,ventral2d,False,,,,,,,,,,22A
s3://braingeneers/braindance/busy_bee_10-10-2025/,25134hs,ventral2d/ventral2d_cont_63,s3://braingeneers/braindance/busy_bee_10-10-2025/25134hs/ventral2d/ventral2d_cont_63.raw.h5,2200,1.0,1.0000011095744572,True,stim,167,True,290.0,busy_bee_10-10-2025,ventral2d,False,,,,,,,,,,22A
s3://braingeneers/braindance/busy_bee_10-10-2025/,25134hs,ventral2d/ventral2d_cont_129,s3://braingeneers/braindance/busy_bee_10-10-2025/25134hs/ventral2d/ventral2d_cont_129.raw.h5,17600,8.0,7.99998832450722,True,stim,167,True,290.0,busy_bee_10-10-2025,ventral2d,False,,,,,,,,,,22A
s3://braingeneers/braindance/busy_bee_10-10-2025/,25134hs,ventral2d/ventral2d_cont_122,s3://braingeneers/braindance/busy_bee_10-10-2025/25134hs/ventral2d/ventral2d_cont_122.raw.h5,0,0.0,,False,spontaneous,167,True,290.0,busy_bee_10-10-2025,ventral2d,False,,,,,,,,,,22A
s3://braingeneers/braindance/busy_bee_10-10-2025/,25134hs,ventral2d/ventral2d_cont_138,s3://braingeneers/braindance/busy_bee_10-10-2025/25134hs/ventral2d/ventral2d_cont_138.raw.h5,0,0.0,,False,spontaneous,167,True,290.0,busy_bee_10-10-2025,ventral2d,False,,,,,,,,,,22A
s3://braingeneers/braindance/busy_bee_10-10-2025/,25134hs,ventral2d/ventral2d_cont_80,s3://braingeneers/braindance/busy_bee_10-10-2025/25134hs/ventral2d/ventral2d_cont_80.raw.h5,0,0.0,,False,spontaneous,167,True,290.0,busy_bee_10-10-2025,ventral2d,False,,,,,,,,,,22A
s3://braingeneers/braindance/busy_bee_10-10-2025/,25134hs,ventral2d/ventral2d_cont_90,s3://braingeneers/braindance/busy_bee_10-10-2025/25134hs/ventral2d/ventral2d_cont_90.raw.h5,0,0.0,,False,spontaneous,167,True,290.0,busy_bee_10-10-2025,ventral2d,False,,,,,,,,,,22A
s3://braingeneers/braindance/busy_bee_10-10-2025/,2522hs1,dorsal2d/dorsal2d_cont_38,s3://braingeneers/braindance/busy_bee_10-10-2025/2522hs1/dorsal2d/dorsal2d_cont_38.raw.h5,0,0.0,,False,spontaneous,117,True,25.0,busy_bee_10-10-2025,dorsal2d,False,,,,,,,,,,27A
s3://braingeneers/braindance/busy_bee_10-10-2025/,2522hs1,dorsal2d/dorsal2d_cont_62,s3://braingeneers/braindance/busy_bee_10-10-2025/2522hs1/dorsal2d/dorsal2d_cont_62.raw.h5,0,0.0,,False,spontaneous,117,True,25.0,busy_bee_10-10-2025,dorsal2d,False,,,,,,,,,,27A
s3://braingeneers/braindance/busy_bee_10-10-2025/,2522hs1,dorsal2d/dorsal2d_cont_52,s3://braingeneers/braindance/busy_bee_10-10-2025/2522hs1/dorsal2d/dorsal2d_cont_52.raw.h5,0,0.0,,False,spontaneous,117,True,25.0,busy_bee_10-10-2025,dorsal2d,False,,,,,,,,,,27A
s3://braingeneers/braindance/busy_bee_10-10-2025/,2522hs1,dorsal2d/dorsal2d_cont_16,s3://braingeneers/braindance/busy_bee_10-10-2025/2522hs1/dorsal2d/dorsal2d_cont_16.raw.h5,0,0.0,,False,spontaneous,117,True,25.0,busy_bee_10-10-2025,dorsal2d,False,,,,,,,,,,27A
s3://braingeneers/braindance/busy_bee_10-10-2025/,2522hs1,dorsal2d/dorsal2d_cont_2,s3://braingeneers/braindance/busy_bee_10-10-2025/2522hs1/dorsal2d/dorsal2d_cont_2.raw.h5,0,0.0,,False,spontaneous,117,True,25.0,busy_bee_10-10-2025,dorsal2d,False,,,,,,,,,,27A
s3://braingeneers/braindance/busy_bee_10-10-2025/,2522hs1,dorsal2d/dorsal2d_cont_75,s3://braingeneers/braindance/busy_bee_10-10-2025/2522hs1/dorsal2d/dorsal2d_cont_75.raw.h5,4000,2.0,1.9999983188081305,True,stim,117,True,25.0,busy_bee_10-10-2025,dorsal2d,False,,,,,,,,,,27A
s3://braingeneers/braindance/busy_bee_10-10-2025/,2522hs1,dorsal2d/dorsal2d_cont_22,s3://braingeneers/braindance/busy_bee_10-10-2025/2522hs1/dorsal2d/dorsal2d_cont_22.raw.h5,0,0.0,,False,spontaneous,117,True,25.0,busy_bee_10-10-2025,dorsal2d,False,,,,,,,,,,27A
s3://braingeneers/braindance/busy_bee_10-10-2025/,2522hs1,dorsal2d/dorsal2d_cont_55,s3://braingeneers/braindance/busy_bee_10-10-2025/2522hs1/dorsal2d/dorsal2d_cont_55.raw.h5,4000,2.0,2.0000005198370783,True,stim,117,True,25.0,busy_bee_10-10-2025,dorsal2d,False,,,,,,,,,,27A
s3://braingeneers/braindance/busy_bee_10-10-2025/,2522hs1,dorsal2d/dorsal2d_cont_102,s3://braingeneers/braindance/busy_bee_10-10-2025/2522hs1/dorsal2d/dorsal2d_cont_102.raw.h5,0,0.0,,False,spontaneous,117,True,25.0,busy_bee_10-10-2025,dorsal2d,False,,,,,,,,,,27A
s3://braingeneers/braindance/busy_bee_10-10-2025/,2522hs1,dorsal2d/dorsal2d_cont_74,s3://braingeneers/braindance/busy_bee_10-10-2025/2522hs1/dorsal2d/dorsal2d_cont_74.raw.h5,0,0.0,,False,spontaneous,117,True,25.0,busy_bee_10-10-2025,dorsal2d,False,,,,,,,,,,27A
s3://braingeneers/braindance/busy_bee_10-10-2025/,2522hs1,dorsal2d/dorsal2d_cont_24,s3://braingeneers/braindance/busy_bee_10-10-2025/2522hs1/dorsal2d/dorsal2d_cont_24.raw.h5,0,0.0,,False,spontaneous,117,True,25.0,busy_bee_10-10-2025,dorsal2d,False,,,,,,,,,,27A
s3://braingeneers/braindance/busy_bee_10-10-2025/,2522hs1,dorsal2d/dorsal2d_cont_64,s3://braingeneers/braindance/busy_bee_10-10-2025/2522hs1/dorsal2d/dorsal2d_cont_64.raw.h5,0,0.0,,False,spontaneous,117,True,25.0,busy_bee_10-10-2025,dorsal2d,False,,,,,,,,,,27A
s3://braingeneers/braindance/busy_bee_10-10-2025/,2522hs1,dorsal2d/dorsal2d_cont_61,s3://braingeneers/braindance/busy_bee_10-10-2025/2522hs1/dorsal2d/dorsal2d_cont_61.raw.h5,1000,0.5,0.5000009733992932,True,stim,117,True,25.0,busy_bee_10-10-2025,dorsal2d,False,,,,,,,,,,27A
s3://braingeneers/braindance/busy_bee_10-10-2025/,2522hs1,dorsal2d/dorsal2d_cont_18,s3://braingeneers/braindance/busy_bee_10-10-2025/2522hs1/dorsal2d/dorsal2d_cont_18.raw.h5,0,0.0,,False,spontaneous,117,True,25.0,busy_bee_10-10-2025,dorsal2d,False,,,,,,,,,,27A
s3://braingeneers/braindance/busy_bee_10-10-2025/,2522hs1,dorsal2d/dorsal2d_cont_110,s3://braingeneers/braindance/busy_bee_10-10-2025/2522hs1/dorsal2d/dorsal2d_cont_110.raw.h5,0,0.0,,False,spontaneous,117,True,25.0,busy_bee_10-10-2025,dorsal2d,False,,,,,,,,,,27A
s3://braingeneers/braindance/busy_bee_10-10-2025/,2522hs1,dorsal2d/dorsal2d_cont_82,s3://braingeneers/braindance/busy_bee_10-10-2025/2522hs1/dorsal2d/dorsal2d_cont_82.raw.h5,0,0.0,,False,spontaneous,117,True,25.0,busy_bee_10-10-2025,dorsal2d,False,,,,,,,,,,27A
s3://braingeneers/braindance/busy_bee_10-10-2025/,2522hs1,dorsal2d/dorsal2d_cont_100,s3://braingeneers/braindance/busy_bee_10-10-2025/2522hs1/dorsal2d/dorsal2d_cont_100.raw.h5,0,0.0,,False,spontaneous,117,True,25.0,busy_bee_10-10-2025,dorsal2d,False,,,,,,,,,,27A
s3://braingeneers/braindance/busy_bee_10-10-2025/,2522hs1,dorsal2d/dorsal2d,s3://braingeneers/braindance/busy_bee_10-10-2025/2522hs1/dorsal2d/dorsal2d.raw.h5,0,0.0,,False,spontaneous,117,True,25.0,busy_bee_10-10-2025,dorsal2d,True,,,,,,,,,,27A
s3://braingeneers/braindance/busy_bee_10-10-2025/,2522hs1,dorsal2d/dorsal2d_cont_50,s3://braingeneers/braindance/busy_bee_10-10-2025/2522hs1/dorsal2d/dorsal2d_cont_50.raw.h5,0,0.0,,False,spontaneous,117,True,25.0,busy_bee_10-10-2025,dorsal2d,False,,,,,,,,,,27A
s3://braingeneers/braindance/busy_bee_10-10-2025/,2522hs1,dorsal2d/dorsal2d_cont_88,s3://braingeneers/braindance/busy_bee_10-10-2025/2522hs1/dorsal2d/dorsal2d_cont_88.raw.h5,0,0.0,,False,spontaneous,117,True,25.0,busy_bee_10-10-2025,dorsal2d,False,,,,,,,,,,27A
s3://braingeneers/braindance/busy_bee_10-10-2025/,2522hs1,dorsal2d/dorsal2d_cont_80,s3://braingeneers/braindance/busy_bee_10-10-2025/2522hs1/dorsal2d/dorsal2d_cont_80.raw.h5,0,0.0,,False,spontaneous,117,True,25.0,busy_bee_10-10-2025,dorsal2d,False,,,,,,,,,,27A
s3://braingeneers/braindance/busy_bee_10-10-2025/,2522hs1,dorsal2d/dorsal2d_cont_6,s3://braingeneers/braindance/busy_bee_10-10-2025/2522hs1/dorsal2d/dorsal2d_cont_6.raw.h5,0,0.0,,False,spontaneous,117,True,25.0,busy_bee_10-10-2025,dorsal2d,False,,,,,,,,,,27A
s3://braingeneers/braindance/busy_bee_10-10-2025/,2522hs1,dorsal2d/dorsal2d_cont_23,s3://braingeneers/braindance/busy_bee_10-10-2025/2522hs1/dorsal2d/dorsal2d_cont_23.raw.h5,2000,1.0,1.0000026181464294,True,stim,117,True,25.0,busy_bee_10-10-2025,dorsal2d,False,,,,,,,,,,27A
s3://braingeneers/braindance/busy_bee_10-10-2025/,2522hs1,dorsal2d/dorsal2d_cont_86,s3://braingeneers/braindance/busy_bee_10-10-2025/2522hs1/dorsal2d/dorsal2d_cont_86.raw.h5,0,0.0,,False,spontaneous,117,True,25.0,busy_bee_10-10-2025,dorsal2d,False,,,,,,,,,,27A
s3://braingeneers/braindance/busy_bee_10-10-2025/,2522hs1,dorsal2d/dorsal2d_cont_53,s3://braingeneers/braindance/busy_bee_10-10-2025/2522hs1/dorsal2d/dorsal2d_cont_53.raw.h5,2000,1.0,1.0000004021687567,True,stim,117,True,25.0,busy_bee_10-10-2025,dorsal2d,False,,,,,,,,,,27A
s3://braingeneers/braindance/busy_bee_10-10-2025/,2522hs1,dorsal2d/dorsal2d_cont_98,s3://braingeneers/braindance/busy_bee_10-10-2025/2522hs1/dorsal2d/dorsal2d_cont_98.raw.h5,0,0.0,,False,spontaneous,117,True,25.0,busy_bee_10-10-2025,dorsal2d,False,,,,,,,,,,27A
s3://braingeneers/braindance/busy_bee_10-10-2025/,2522hs1,dorsal2d/dorsal2d_cont_41,s3://braingeneers/braindance/busy_bee_10-10-2025/2522hs1/dorsal2d/dorsal2d_cont_41.raw.h5,1000,0.5,0.4999992725280851,True,stim,117,True,25.0,busy_bee_10-10-2025,dorsal2d,False,,,,,,,,,,27A
s3://braingeneers/braindance/busy_bee_10-10-2025/,2522hs1,dorsal2d/dorsal2d_cont_59,s3://braingeneers/braindance/busy_bee_10-10-2025/2522hs1/dorsal2d/dorsal2d_cont_59.raw.h5,16000,8.0,8.00000179592865,True,stim,117,True,25.0,busy_bee_10-10-2025,dorsal2d,False,,,,,,,,,,27A
s3://braingeneers/braindance/busy_bee_10-10-2025/,2522hs1,dorsal2d/dorsal2d_cont_35,s3://braingeneers/braindance/busy_bee_10-10-2025/2522hs1/dorsal2d/dorsal2d_cont_35.raw.h5,4000,2.0,2.0000031351446963,True,stim,117,True,25.0,busy_bee_10-10-2025,dorsal2d,False,,,,,,,,,,27A
s3://braingeneers/braindance/busy_bee_10-10-2025/,2522hs1,dorsal2d/dorsal2d_cont_42,s3://braingeneers/braindance/busy_bee_10-10-2025/2522hs1/dorsal2d/dorsal2d_cont_42.raw.h5,0,0.0,,False,spontaneous,117,True,25.0,busy_bee_10-10-2025,dorsal2d,False,,,,,,,,,,27A
s3://braingeneers/braindance/busy_bee_10-10-2025/,2522hs1,dorsal2d/dorsal2d_cont_12,s3://braingeneers/braindance/busy_bee_10-10-2025/2522hs1/dorsal2d/dorsal2d_cont_12.raw.h5,0,0.0,,False,spontaneous,117,True,25.0,busy_bee_10-10-2025,dorsal2d,False,,,,,,,,,,27A
s3://braingeneers/braindance/busy_bee_10-10-2025/,2522hs1,dorsal2d/dorsal2d_cont_34,s3://braingeneers/braindance/busy_bee_10-10-2025/2522hs1/dorsal2d/dorsal2d_cont_34.raw.h5,0,0.0,,False,spontaneous,117,True,25.0,busy_bee_10-10-2025,dorsal2d,False,,,,,,,,,,27A
s3://braingeneers/braindance/busy_bee_10-10-2025/,2522hs1,dorsal2d/dorsal2d_cont_66,s3://braingeneers/braindance/busy_bee_10-10-2025/2522hs1/dorsal2d/dorsal2d_cont_66.raw.h5,0,0.0,,False,spontaneous,117,True,25.0,busy_bee_10-10-2025,dorsal2d,False,,,,,,,,,,27A
s3://braingeneers/braindance/busy_bee_10-10-2025/,2522hs1,dorsal2d/dorsal2d_cont_15,s3://braingeneers/braindance/busy_bee_10-10-2025/2522hs1/dorsal2d/dorsal2d_cont_15.raw.h5,4000,2.0,2.0000005216295373,True,stim,117,True,25.0,busy_bee_10-10-2025,dorsal2d,False,,,,,,,,,,27A
s3://braingeneers/braindance/busy_bee_10-10-2025/,2522hs1,dorsal2d/dorsal2d_cont_79,s3://braingeneers/braindance/busy_bee_10-10-2025/2522hs1/dorsal2d/dorsal2d_cont_79.raw.h5,16000,8.0,7.999986991632134,True,stim,117,True,25.0,busy_bee_10-10-2025,dorsal2d,False,,,,,,,,,,27A
s3://braingeneers/braindance/busy_bee_10-10-2025/,2522hs1,dorsal2d/dorsal2d_cont_51,s3://braingeneers/braindance/busy_bee_10-10-2025/2522hs1/dorsal2d/dorsal2d_cont_51.raw.h5,1000,0.5,0.5000000088556052,True,stim,117,True,25.0,busy_bee_10-10-2025,dorsal2d,False,,,,,,,,,,27A
s3://braingeneers/braindance/busy_bee_10-10-2025/,2522hs1,dorsal2d/dorsal2d_cont_92,s3://braingeneers/braindance/busy_bee_10-10-2025/2522hs1/dorsal2d/dorsal2d_cont_92.raw.h5,0,0.0,,False,spontaneous,117,True,25.0,busy_bee_10-10-2025,dorsal2d,False,,,,,,,,,,27A
s3://braingeneers/braindance/busy_bee_10-10-2025/,2522hs1,dorsal2d/dorsal2d_cont_7,s3://braingeneers/braindance/busy_bee_10-10-2025/2522hs1/dorsal2d/dorsal2d_cont_7.raw.h5,8000,4.0,3.999997263451804,True,stim,117,True,25.0,busy_bee_10-10-2025,dorsal2d,False,,,,,,,,,,27A
s3://braingeneers/braindance/busy_bee_10-10-2025/,2522hs1,dorsal2d/dorsal2d_cont_84,s3://braingeneers/braindance/busy_bee_10-10-2025/2522hs1/dorsal2d/dorsal2d_cont_84.raw.h5,0,0.0,,False,spontaneous,117,True,25.0,busy_bee_10-10-2025,dorsal2d,False,,,,,,,,,,27A
s3://braingeneers/braindance/busy_bee_10-10-2025/,2522hs1,dorsal2d/dorsal2d_cont_9,s3://braingeneers/braindance/busy_bee_10-10-2025/2522hs1/dorsal2d/dorsal2d_cont_9.raw.h5,16000,8.0,8.000003166975224,True,stim,117,True,25.0,busy_bee_10-10-2025,dorsal2d,False,,,,,,,,,,27A
s3://braingeneers/braindance/busy_bee_10-10-2025/,2522hs1,dorsal2d/dorsal2d_cont_13,s3://braingeneers/braindance/busy_bee_10-10-2025/2522hs1/dorsal2d/dorsal2d_cont_13.raw.h5,2000,1.0,0.9999992245208564,True,stim,117,True,25.0,busy_bee_10-10-2025,dorsal2d,False,,,,,,,,,,27A
s3://braingeneers/braindance/busy_bee_10-10-2025/,2522hs1,dorsal2d/dorsal2d_cont_31,s3://braingeneers/braindance/busy_bee_10-10-2025/2522hs1/dorsal2d/dorsal2d_cont_31.raw.h5,1000,0.5,0.5000006831643519,True,stim,117,True,25.0,busy_bee_10-10-2025,dorsal2d,False,,,,,,,,,,27A
s3://braingeneers/braindance/busy_bee_10-10-2025/,2522hs1,dorsal2d/dorsal2d_cont_40,s3://braingeneers/braindance/busy_bee_10-10-2025/2522hs1/dorsal2d/dorsal2d_cont_40.raw.h5,0,0.0,,False,spontaneous,117,True,25.0,busy_bee_10-10-2025,dorsal2d,False,,,,,,,,,,27A
s3://braingeneers/braindance/busy_bee_10-10-2025/,2522hs1,dorsal2d/dorsal2d_cont_27,s3://braingeneers/braindance/busy_bee_10-10-2025/2522hs1/dorsal2d/dorsal2d_cont_27.raw.h5,8000,4.0,3.9999916028659848,True,stim,117,True,25.0,busy_bee_10-10-2025,dorsal2d,False,,,,,,,,,,27A
s3://braingeneers/braindance/busy_bee_10-10-2025/,2522hs1,dorsal2d/dorsal2d_cont_14,s3://braingeneers/braindance/busy_bee_10-10-2025/2522hs1/dorsal2d/dorsal2d_cont_14.raw.h5,0,0.0,,False,spontaneous,117,True,25.0,busy_bee_10-10-2025,dorsal2d,False,,,,,,,,,,27A
s3://braingeneers/braindance/busy_bee_10-10-2025/,2522hs1,dorsal2d/dorsal2d_cont_71,s3://braingeneers/braindance/busy_bee_10-10-2025/2522hs1/dorsal2d/dorsal2d_cont_71.raw.h5,1000,0.5,0.4999998657407741,True,stim,117,True,25.0,busy_bee_10-10-2025,dorsal2d,False,,,,,,,,,,27A
s3://braingeneers/braindance/busy_bee_10-10-2025/,2522hs1,dorsal2d/dorsal2d_cont_48,s3://braingeneers/braindance/busy_bee_10-10-2025/2522hs1/dorsal2d/dorsal2d_cont_48.raw.h5,0,0.0,,False,spontaneous,117,True,25.0,busy_bee_10-10-2025,dorsal2d,False,,,,,,,,,,27A
s3://braingeneers/braindance/busy_bee_10-10-2025/,2522hs1,dorsal2d/dorsal2d_cont_107,s3://braingeneers/braindance/busy_bee_10-10-2025/2522hs1/dorsal2d/dorsal2d_cont_107.raw.h5,8000,4.0,3.999999544183027,True,stim,117,True,25.0,busy_bee_10-10-2025,dorsal2d,False,,,,,,,,,,27A
s3://braingeneers/braindance/busy_bee_10-10-2025/,2522hs1,dorsal2d/dorsal2d_cont_25,s3://braingeneers/braindance/busy_bee_10-10-2025/2522hs1/dorsal2d/dorsal2d_cont_25.raw.h5,4000,2.0,2.0000011188843536,True,stim,117,True,25.0,busy_bee_10-10-2025,dorsal2d,False,,,,,,,,,,27A
s3://braingeneers/braindance/busy_bee_10-10-2025/,2522hs1,dorsal2d/dorsal2d_cont_81,s3://braingeneers/braindance/busy_bee_10-10-2025/2522hs1/dorsal2d/dorsal2d_cont_81.raw.h5,1000,0.5,0.5000000464942475,True,stim,117,True,25.0,busy_bee_10-10-2025,dorsal2d,False,,,,,,,,,,27A
s3://braingeneers/braindance/busy_bee_10-10-2025/,2522hs1,dorsal2d/dorsal2d_cont_19,s3://braingeneers/braindance/busy_bee_10-10-2025/2522hs1/dorsal2d/dorsal2d_cont_19.raw.h5,16000,8.0,7.999993665057122,True,stim,117,True,25.0,busy_bee_10-10-2025,dorsal2d,False,,,,,,,,,,27A
s3://braingeneers/braindance/busy_bee_10-10-2025/,2522hs1,dorsal2d/dorsal2d_cont_113,s3://braingeneers/braindance/busy_bee_10-10-2025/2522hs1/dorsal2d/dorsal2d_cont_113.raw.h5,2000,1.0,0.9999976244128348,True,stim,117,True,25.0,busy_bee_10-10-2025,dorsal2d,False,,,,,,,,,,27A
s3://braingeneers/braindance/busy_bee_10-10-2025/,2522hs1,dorsal2d/dorsal2d_cont_26,s3://braingeneers/braindance/busy_bee_10-10-2025/2522hs1/dorsal2d/dorsal2d_cont_26.raw.h5,0,0.0,,False,spontaneous,117,True,25.0,busy_bee_10-10-2025,dorsal2d,False,,,,,,,,,,27A
s3://braingeneers/braindance/busy_bee_10-10-2025/,2522hs1,dorsal2d/dorsal2d_cont_39,s3://braingeneers/braindance/busy_bee_10-10-2025/2522hs1/dorsal2d/dorsal2d_cont_39.raw.h5,16000,8.0,7.999987480025005,True,stim,117,True,25.0,busy_bee_10-10-2025,dorsal2d,False,,,,,,,,,,27A
s3://braingeneers/braindance/busy_bee_10-10-2025/,2522hs1,dorsal2d/dorsal2d_cont_36,s3://braingeneers/braindance/busy_bee_10-10-2025/2522hs1/dorsal2d/dorsal2d_cont_36.raw.h5,0,0.0,,False,spontaneous,117,True,25.0,busy_bee_10-10-2025,dorsal2d,False,,,,,,,,,,27A
s3://braingeneers/braindance/busy_bee_10-10-2025/,2522hs1,dorsal2d/dorsal2d_cont_83,s3://braingeneers/braindance/busy_bee_10-10-2025/2522hs1/dorsal2d/dorsal2d_cont_83.raw.h5,2000,1.0,0.9999998054092504,True,stim,117,True,25.0,busy_bee_10-10-2025,dorsal2d,False,,,,,,,,,,27A
s3://braingeneers/braindance/busy_bee_10-10-2025/,2522hs1,dorsal2d/dorsal2d_cont_11,s3://braingeneers/braindance/busy_bee_10-10-2025/2522hs1/dorsal2d/dorsal2d_cont_11.raw.h5,1000,0.5,0.4999990237046093,True,stim,117,True,25.0,busy_bee_10-10-2025,dorsal2d,False,,,,,,,,,,27A
s3://braingeneers/braindance/busy_bee_10-10-2025/,2522hs1,dorsal2d/dorsal2d_cont_70,s3://braingeneers/braindance/busy_bee_10-10-2025/2522hs1/dorsal2d/dorsal2d_cont_70.raw.h5,0,0.0,,False,spontaneous,117,True,25.0,busy_bee_10-10-2025,dorsal2d,False,,,,,,,,,,27A
s3://braingeneers/braindance/busy_bee_10-10-2025/,2522hs1,dorsal2d/dorsal2d_cont_85,s3://braingeneers/braindance/busy_bee_10-10-2025/2522hs1/dorsal2d/dorsal2d_cont_85.raw.h5,4000,2.0,1.999996781195474,True,stim,117,True,25.0,busy_bee_10-10-2025,dorsal2d,False,,,,,,,,,,27A
s3://braingeneers/braindance/busy_bee_10-10-2025/,2522hs1,dorsal2d/dorsal2d_cont_56,s3://braingeneers/braindance/busy_bee_10-10-2025/2522hs1/dorsal2d/dorsal2d_cont_56.raw.h5,0,0.0,,False,spontaneous,117,True,25.0,busy_bee_10-10-2025,dorsal2d,False,,,,,,,,,,27A
s3://braingeneers/braindance/busy_bee_10-10-2025/,2522hs1,dorsal2d/dorsal2d_cont_29,s3://braingeneers/braindance/busy_bee_10-10-2025/2522hs1/dorsal2d/dorsal2d_cont_29.raw.h5,16000,8.0,7.999998060303238,True,stim,117,True,25.0,busy_bee_10-10-2025,dorsal2d,False,,,,,,,,,,27A
s3://braingeneers/braindance/busy_bee_10-10-2025/,2522hs1,dorsal2d/dorsal2d_cont_5,s3://braingeneers/braindance/busy_bee_10-10-2025/2522hs1/dorsal2d/dorsal2d_cont_5.raw.h5,4000,2.0,1.9999963850868103,True,stim,117,True,25.0,busy_bee_10-10-2025,dorsal2d,False,,,,,,,,,,27A
s3://braingeneers/braindance/busy_bee_10-10-2025/,2522hs1,dorsal2d/dorsal2d_cont_49,s3://braingeneers/braindance/busy_bee_10-10-2025/2522hs1/dorsal2d/dorsal2d_cont_49.raw.h5,16000,8.0,8.00000636364286,True,stim,117,True,25.0,busy_bee_10-10-2025,dorsal2d,False,,,,,,,,,,27A
s3://braingeneers/braindance/busy_bee_10-10-2025/,2522hs1,dorsal2d/dorsal2d_cont_17,s3://braingeneers/braindance/busy_bee_10-10-2025/2522hs1/dorsal2d/dorsal2d_cont_17.raw.h5,8000,4.0,4.0000026602943155,True,stim,117,True,25.0,busy_bee_10-10-2025,dorsal2d,False,,,,,,,,,,27A
s3://braingeneers/braindance/busy_bee_10-10-2025/,2522hs1,dorsal2d/dorsal2d_cont_20,s3://braingeneers/braindance/busy_bee_10-10-2025/2522hs1/dorsal2d/dorsal2d_cont_20.raw.h5,0,0.0,,False,spontaneous,117,True,25.0,busy_bee_10-10-2025,dorsal2d,False,,,,,,,,,,27A
s3://braingeneers/braindance/busy_bee_10-10-2025/,2522hs1,dorsal2d/dorsal2d_cont_32,s3://braingeneers/braindance/busy_bee_10-10-2025/2522hs1/dorsal2d/dorsal2d_cont_32.raw.h5,0,0.0,,False,spontaneous,117,True,25.0,busy_bee_10-10-2025,dorsal2d,False,,,,,,,,,,27A
s3://braingeneers/braindance/busy_bee_10-10-2025/,2522hs1,dorsal2d/dorsal2d_cont_54,s3://braingeneers/braindance/busy_bee_10-10-2025/2522hs1/dorsal2d/dorsal2d_cont_54.raw.h5,0,0.0,,False,spontaneous,117,True,25.0,busy_bee_10-10-2025,dorsal2d,False,,,,,,,,,,27A
s3://braingeneers/braindance/busy_bee_10-10-2025/,2522hs1,dorsal2d/dorsal2d_cont_28,s3://braingeneers/braindance/busy_bee_10-10-2025/2522hs1/dorsal2d/dorsal2d_cont_28.raw.h5,0,0.0,,False,spontaneous,117,True,25.0,busy_bee_10-10-2025,dorsal2d,False,,,,,,,,,,27A
s3://braingeneers/braindance/busy_bee_10-10-2025/,2522hs1,dorsal2d/dorsal2d_cont_91,s3://braingeneers/braindance/busy_bee_10-10-2025/2522hs1/dorsal2d/dorsal2d_cont_91.raw.h5,1000,0.5,0.4999998092708437,True,stim,117,True,25.0,busy_bee_10-10-2025,dorsal2d,False,,,,,,,,,,27A
s3://braingeneers/braindance/busy_bee_10-10-2025/,2522hs1,dorsal2d/dorsal2d_cont_46,s3://braingeneers/braindance/busy_bee_10-10-2025/2522hs1/dorsal2d/dorsal2d_cont_46.raw.h5,0,0.0,,False,spontaneous,117,True,25.0,busy_bee_10-10-2025,dorsal2d,False,,,,,,,,,,27A
s3://braingeneers/braindance/busy_bee_10-10-2025/,2522hs1,dorsal2d/dorsal2d_cont_78,s3://braingeneers/braindance/busy_bee_10-10-2025/2522hs1/dorsal2d/dorsal2d_cont_78.raw.h5,0,0.0,,False,spontaneous,117,True,25.0,busy_bee_10-10-2025,dorsal2d,False,,,,,,,,,,27A
s3://braingeneers/braindance/busy_bee_10-10-2025/,2522hs1,dorsal2d/dorsal2d_cont_72,s3://braingeneers/braindance/busy_bee_10-10-2025/2522hs1/dorsal2d/dorsal2d_cont_72.raw.h5,0,0.0,,False,spontaneous,117,True,25.0,busy_bee_10-10-2025,dorsal2d,False,,,,,,,,,,27A
s3://braingeneers/braindance/busy_bee_10-10-2025/,2522hs1,dorsal2d/dorsal2d_cont_105,s3://braingeneers/braindance/busy_bee_10-10-2025/2522hs1/dorsal2d/dorsal2d_cont_105.raw.h5,4000,2.0,1.999998702908574,True,stim,117,True,25.0,busy_bee_10-10-2025,dorsal2d,False,,,,,,,,,,27A
s3://braingeneers/braindance/busy_bee_10-10-2025/,2522hs1,dorsal2d/dorsal2d_cont_94,s3://braingeneers/braindance/busy_bee_10-10-2025/2522hs1/dorsal2d/dorsal2d_cont_94.raw.h5,0,0.0,,False,spontaneous,117,True,25.0,busy_bee_10-10-2025,dorsal2d,False,,,,,,,,,,27A
s3://braingeneers/braindance/busy_bee_10-10-2025/,2522hs1,dorsal2d/dorsal2d_cont_8,s3://braingeneers/braindance/busy_bee_10-10-2025/2522hs1/dorsal2d/dorsal2d_cont_8.raw.h5,0,0.0,,False,spontaneous,117,True,25.0,busy_bee_10-10-2025,dorsal2d,False,,,,,,,,,,27A
s3://braingeneers/braindance/busy_bee_10-10-2025/,2522hs1,dorsal2d/dorsal2d_cont_1,s3://braingeneers/braindance/busy_bee_10-10-2025/2522hs1/dorsal2d/dorsal2d_cont_1.raw.h5,1000,0.5,0.4999989498245292,True,stim,117,True,25.0,busy_bee_10-10-2025,dorsal2d,False,,,,,,,,,,27A
s3://braingeneers/braindance/busy_bee_10-10-2025/,2522hs1,dorsal2d/dorsal2d_cont_111,s3://braingeneers/braindance/busy_bee_10-10-2025/2522hs1/dorsal2d/dorsal2d_cont_111.raw.h5,1000,0.5,0.4999995170742931,True,stim,117,True,25.0,busy_bee_10-10-2025,dorsal2d,False,,,,,,,,,,27A
s3://braingeneers/braindance/busy_bee_10-10-2025/,2522hs1,dorsal2d/dorsal2d_cont_45,s3://braingeneers/braindance/busy_bee_10-10-2025/2522hs1/dorsal2d/dorsal2d_cont_45.raw.h5,4000,2.0,2.0000000488712057,True,stim,117,True,25.0,busy_bee_10-10-2025,dorsal2d,False,,,,,,,,,,27A
s3://braingeneers/braindance/busy_bee_10-10-2025/,2522hs1,dorsal2d/dorsal2d_cont_21,s3://braingeneers/braindance/busy_bee_10-10-2025/2522hs1/dorsal2d/dorsal2d_cont_21.raw.h5,1000,0.5,0.4999998529202089,True,stim,117,True,25.0,busy_bee_10-10-2025,dorsal2d,False,,,,,,,,,,27A
s3://braingeneers/braindance/busy_bee_10-10-2025/,2522hs1,dorsal2d/dorsal2d_cont_3,s3://braingeneers/braindance/busy_bee_10-10-2025/2522hs1/dorsal2d/dorsal2d_cont_3.raw.h5,2000,1.0,0.9999994464975512,True,stim,117,True,25.0,busy_bee_10-10-2025,dorsal2d,False,,,,,,,,,,27A
s3://braingeneers/braindance/busy_bee_10-10-2025/,2522hs1,dorsal2d/dorsal2d_cont_89,s3://braingeneers/braindance/busy_bee_10-10-2025/2522hs1/dorsal2d/dorsal2d_cont_89.raw.h5,16000,8.0,8.000005792062218,True,stim,117,True,25.0,busy_bee_10-10-2025,dorsal2d,False,,,,,,,,,,27A
s3://braingeneers/braindance/busy_bee_10-10-2025/,2522hs1,dorsal2d/dorsal2d_cont_44,s3://braingeneers/braindance/busy_bee_10-10-2025/2522hs1/dorsal2d/dorsal2d_cont_44.raw.h5,0,0.0,,False,spontaneous,117,True,25.0,busy_bee_10-10-2025,dorsal2d,False,,,,,,,,,,27A
s3://braingeneers/braindance/busy_bee_10-10-2025/,2522hs1,dorsal2d/dorsal2d_cont_93,s3://braingeneers/braindance/busy_bee_10-10-2025/2522hs1/dorsal2d/dorsal2d_cont_93.raw.h5,2000,1.0,1.0000009408273092,True,stim,117,True,25.0,busy_bee_10-10-2025,dorsal2d,False,,,,,,,,,,27A
s3://braingeneers/braindance/busy_bee_10-10-2025/,2522hs1,dorsal2d/dorsal2d_cont_4,s3://braingeneers/braindance/busy_bee_10-10-2025/2522hs1/dorsal2d/dorsal2d_cont_4.raw.h5,0,0.0,,False,spontaneous,117,True,25.0,busy_bee_10-10-2025,dorsal2d,False,,,,,,,,,,27A
s3://braingeneers/braindance/busy_bee_10-10-2025/,2522hs1,dorsal2d/dorsal2d_cont_87,s3://braingeneers/braindance/busy_bee_10-10-2025/2522hs1/dorsal2d/dorsal2d_cont_87.raw.h5,8000,4.0,3.999998195945333,True,stim,117,True,25.0,busy_bee_10-10-2025,dorsal2d,False,,,,,,,,,,27A
s3://braingeneers/braindance/busy_bee_10-10-2025/,2522hs1,dorsal2d/dorsal2d_cont_108,s3://braingeneers/braindance/busy_bee_10-10-2025/2522hs1/dorsal2d/dorsal2d_cont_108.raw.h5,0,0.0,,False,spontaneous,117,True,25.0,busy_bee_10-10-2025,dorsal2d,False,,,,,,,,,,27A
s3://braingeneers/braindance/busy_bee_10-10-2025/,2522hs1,dorsal2d/dorsal2d_cont_58,s3://braingeneers/braindance/busy_bee_10-10-2025/2522hs1/dorsal2d/dorsal2d_cont_58.raw.h5,0,0.0,,False,spontaneous,117,True,25.0,busy_bee_10-10-2025,dorsal2d,False,,,,,,,,,,27A
s3://braingeneers/braindance/busy_bee_10-10-2025/,2522hs1,dorsal2d/dorsal2d_cont_65,s3://braingeneers/braindance/busy_bee_10-10-2025/2522hs1/dorsal2d/dorsal2d_cont_65.raw.h5,4000,2.0,1.9999954681082777,True,stim,117,True,25.0,busy_bee_10-10-2025,dorsal2d,False,,,,,,,,,,27A
s3://braingeneers/braindance/busy_bee_10-10-2025/,2522hs1,dorsal2d/dorsal2d_cont_33,s3://braingeneers/braindance/busy_bee_10-10-2025/2522hs1/dorsal2d/dorsal2d_cont_33.raw.h5,2000,1.0,0.9999984784105124,True,stim,117,True,25.0,busy_bee_10-10-2025,dorsal2d,False,,,,,,,,,,27A
s3://braingeneers/braindance/busy_bee_10-10-2025/,2522hs1,dorsal2d/dorsal2d_cont_37,s3://braingeneers/braindance/busy_bee_10-10-2025/2522hs1/dorsal2d/dorsal2d_cont_37.raw.h5,8000,4.0,4.000000035908487,True,stim,117,True,25.0,busy_bee_10-10-2025,dorsal2d,False,,,,,,,,,,27A
s3://braingeneers/braindance/busy_bee_10-10-2025/,2522hs1,dorsal2d/dorsal2d_cont_73,s3://braingeneers/braindance/busy_bee_10-10-2025/2522hs1/dorsal2d/dorsal2d_cont_73.raw.h5,2000,1.0,0.999997852549392,True,stim,117,True,25.0,busy_bee_10-10-2025,dorsal2d,False,,,,,,,,,,27A
s3://braingeneers/braindance/busy_bee_10-10-2025/,2522hs1,dorsal2d/dorsal2d_cont_47,s3://braingeneers/braindance/busy_bee_10-10-2025/2522hs1/dorsal2d/dorsal2d_cont_47.raw.h5,8000,4.0,3.9999988286779553,True,stim,117,True,25.0,busy_bee_10-10-2025,dorsal2d,False,,,,,,,,,,27A
s3://braingeneers/braindance/busy_bee_10-10-2025/,2522hs1,dorsal2d/dorsal2d_cont_101,s3://braingeneers/braindance/busy_bee_10-10-2025/2522hs1/dorsal2d/dorsal2d_cont_101.raw.h5,1000,0.5,0.5000002133749625,True,stim,117,True,25.0,busy_bee_10-10-2025,dorsal2d,False,,,,,,,,,,27A
s3://braingeneers/braindance/busy_bee_10-10-2025/,2522hs1,dorsal2d/dorsal2d_cont_90,s3://braingeneers/braindance/busy_bee_10-10-2025/2522hs1/dorsal2d/dorsal2d_cont_90.raw.h5,0,0.0,,False,spontaneous,117,True,25.0,busy_bee_10-10-2025,dorsal2d,False,,,,,,,,,,27A
s3://braingeneers/braindance/busy_bee_10-10-2025/,2522hs1,dorsal2d/dorsal2d_cont_103,s3://braingeneers/braindance/busy_bee_10-10-2025/2522hs1/dorsal2d/dorsal2d_cont_103.raw.h5,2000,1.0,0.999999994188086,True,stim,117,True,25.0,busy_bee_10-10-2025,dorsal2d,False,,,,,,,,,,27A
s3://braingeneers/braindance/busy_bee_10-10-2025/,2522hs1,dorsal2d/dorsal2d_cont_43,s3://braingeneers/braindance/busy_bee_10-10-2025/2522hs1/dorsal2d/dorsal2d_cont_43.raw.h5,2000,1.0,1.0000001275477937,True,stim,117,True,25.0,busy_bee_10-10-2025,dorsal2d,False,,,,,,,,,,27A
s3://braingeneers/braindance/busy_bee_10-10-2025/,2522hs1,dorsal2d/dorsal2d_cont_10,s3://braingeneers/braindance/busy_bee_10-10-2025/2522hs1/dorsal2d/dorsal2d_cont_10.raw.h5,0,0.0,,False,spontaneous,117,True,25.0,busy_bee_10-10-2025,dorsal2d,False,,,,,,,,,,27A
s3://braingeneers/braindance/busy_bee_10-10-2025/,2522hs1,dorsal2d/dorsal2d_cont_69,s3://braingeneers/braindance/busy_bee_10-10-2025/2522hs1/dorsal2d/dorsal2d_cont_69.raw.h5,16000,8.0,7.999984241762137,True,stim,117,True,25.0,busy_bee_10-10-2025,dorsal2d,False,,,,,,,,,,27A
s3://braingeneers/braindance/busy_bee_10-10-2025/,2522hs1,dorsal2d/dorsal2d_cont_115,s3://braingeneers/braindance/busy_bee_10-10-2025/2522hs1/dorsal2d/dorsal2d_cont_115.raw.h5,427,2.0,2.0000047491191295,True,stim,117,True,25.0,busy_bee_10-10-2025,dorsal2d,False,,,,,,,,,,27A
s3://braingeneers/braindance/busy_bee_10-10-2025/,2522hs1,dorsal2d/dorsal2d_cont_97,s3://braingeneers/braindance/busy_bee_10-10-2025/2522hs1/dorsal2d/dorsal2d_cont_97.raw.h5,8000,4.0,3.9999956450523615,True,stim,117,True,25.0,busy_bee_10-10-2025,dorsal2d,False,,,,,,,,,,27A
s3://braingeneers/braindance/busy_bee_10-10-2025/,2522hs1,dorsal2d/dorsal2d_cont_77,s3://braingeneers/braindance/busy_bee_10-10-2025/2522hs1/dorsal2d/dorsal2d_cont_77.raw.h5,8000,4.0,4.000006193311755,True,stim,117,True,25.0,busy_bee_10-10-2025,dorsal2d,False,,,,,,,,,,27A
s3://braingeneers/braindance/busy_bee_10-10-2025/,2522hs1,dorsal2d/dorsal2d_cont,s3://braingeneers/braindance/busy_bee_10-10-2025/2522hs1/dorsal2d/dorsal2d_cont.raw.h5,0,0.0,,False,spontaneous,117,True,25.0,busy_bee_10-10-2025,dorsal2d,False,,,,,,,,,,27A
s3://braingeneers/braindance/busy_bee_10-10-2025/,2522hs1,dorsal2d/dorsal2d_cont_57,s3://braingeneers/braindance/busy_bee_10-10-2025/2522hs1/dorsal2d/dorsal2d_cont_57.raw.h5,8000,4.0,4.00000712909182,True,stim,117,True,25.0,busy_bee_10-10-2025,dorsal2d,False,,,,,,,,,,27A
s3://braingeneers/braindance/busy_bee_10-10-2025/,2522hs1,dorsal2d/dorsal2d_cont_109,s3://braingeneers/braindance/busy_bee_10-10-2025/2522hs1/dorsal2d/dorsal2d_cont_109.raw.h5,16000,8.0,7.999994881135292,True,stim,117,True,25.0,busy_bee_10-10-2025,dorsal2d,False,,,,,,,,,,27A
s3://braingeneers/braindance/busy_bee_10-10-2025/,2522hs1,dorsal2d/dorsal2d_cont_76,s3://braingeneers/braindance/busy_bee_10-10-2025/2522hs1/dorsal2d/dorsal2d_cont_76.raw.h5,0,0.0,,False,spontaneous,117,True,25.0,busy_bee_10-10-2025,dorsal2d,False,,,,,,,,,,27A
s3://braingeneers/braindance/busy_bee_10-10-2025/,2522hs1,dorsal2d/dorsal2d_cont_104,s3://braingeneers/braindance/busy_bee_10-10-2025/2522hs1/dorsal2d/dorsal2d_cont_104.raw.h5,0,0.0,,False,spontaneous,117,True,25.0,busy_bee_10-10-2025,dorsal2d,False,,,,,,,,,,27A
s3://braingeneers/braindance/busy_bee_10-10-2025/,2522hs1,dorsal2d/dorsal2d_cont_67,s3://braingeneers/braindance/busy_bee_10-10-2025/2522hs1/dorsal2d/dorsal2d_cont_67.raw.h5,8000,4.0,3.999998351662589,True,stim,117,True,25.0,busy_bee_10-10-2025,dorsal2d,False,,,,,,,,,,27A
s3://braingeneers/braindance/busy_bee_10-10-2025/,2522hs1,dorsal2d/dorsal2d_cont_114,s3://braingeneers/braindance/busy_bee_10-10-2025/2522hs1/dorsal2d/dorsal2d_cont_114.raw.h5,0,0.0,,False,spontaneous,117,True,25.0,busy_bee_10-10-2025,dorsal2d,False,,,,,,,,,,27A
s3://braingeneers/braindance/busy_bee_10-10-2025/,2522hs1,dorsal2d/dorsal2d_cont_95,s3://braingeneers/braindance/busy_bee_10-10-2025/2522hs1/dorsal2d/dorsal2d_cont_95.raw.h5,4000,2.0,1.999999405794628,True,stim,117,True,25.0,busy_bee_10-10-2025,dorsal2d,False,,,,,,,,,,27A
s3://braingeneers/braindance/busy_bee_10-10-2025/,2522hs1,dorsal2d/dorsal2d_cont_30,s3://braingeneers/braindance/busy_bee_10-10-2025/2522hs1/dorsal2d/dorsal2d_cont_30.raw.h5,0,0.0,,False,spontaneous,117,True,25.0,busy_bee_10-10-2025,dorsal2d,False,,,,,,,,,,27A
s3://braingeneers/braindance/busy_bee_10-10-2025/,2522hs1,dorsal2d/dorsal2d_cont_112,s3://braingeneers/braindance/busy_bee_10-10-2025/2522hs1/dorsal2d/dorsal2d_cont_112.raw.h5,0,0.0,,False,spontaneous,117,True,25.0,busy_bee_10-10-2025,dorsal2d,False,,,,,,,,,,27A
s3://braingeneers/braindance/busy_bee_10-10-2025/,2522hs1,dorsal2d/dorsal2d_cont_96,s3://braingeneers/braindance/busy_bee_10-10-2025/2522hs1/dorsal2d/dorsal2d_cont_96.raw.h5,0,0.0,,False,spontaneous,117,True,25.0,busy_bee_10-10-2025,dorsal2d,False,,,,,,,,,,27A
s3://braingeneers/braindance/busy_bee_10-10-2025/,2522hs1,dorsal2d/dorsal2d_cont_60,s3://braingeneers/braindance/busy_bee_10-10-2025/2522hs1/dorsal2d/dorsal2d_cont_60.raw.h5,0,0.0,,False,spontaneous,117,True,25.0,busy_bee_10-10-2025,dorsal2d,False,,,,,,,,,,27A
s3://braingeneers/braindance/busy_bee_10-10-2025/,2522hs1,dorsal2d/dorsal2d_cont_99,s3://braingeneers/braindance/busy_bee_10-10-2025/2522hs1/dorsal2d/dorsal2d_cont_99.raw.h5,16000,8.0,7.999966514667331,True,stim,117,True,25.0,busy_bee_10-10-2025,dorsal2d,False,,,,,,,,,,27A
s3://braingeneers/braindance/busy_bee_10-10-2025/,2522hs1,dorsal2d/dorsal2d_cont_63,s3://braingeneers/braindance/busy_bee_10-10-2025/2522hs1/dorsal2d/dorsal2d_cont_63.raw.h5,2000,1.0,0.9999991640542154,True,stim,117,True,25.0,busy_bee_10-10-2025,dorsal2d,False,,,,,,,,,,27A
s3://braingeneers/braindance/busy_bee_10-10-2025/,2522hs1,dorsal2d/dorsal2d_cont_68,s3://braingeneers/braindance/busy_bee_10-10-2025/2522hs1/dorsal2d/dorsal2d_cont_68.raw.h5,0,0.0,,False,spontaneous,117,True,25.0,busy_bee_10-10-2025,dorsal2d,False,,,,,,,,,,27A
s3://braingeneers/braindance/busy_bee_10-10-2025/,2522hs1,dorsal2d/dorsal2d_cont_106,s3://braingeneers/braindance/busy_bee_10-10-2025/2522hs1/dorsal2d/dorsal2d_cont_106.raw.h5,0,0.0,,False,spontaneous,117,True,25.0,busy_bee_10-10-2025,dorsal2d,False,,,,,,,,,,27A
s3://braingeneers/braindance/drug_causal_2025-09-01/,25222hs1,bl/bl,s3://braingeneers/braindance/drug_causal_2025-09-01/25222hs1/bl/bl.raw.h5,900,0.5,,False,stim,2,True,32.0,drug_causal_2025-09-01,bl,False,,,,,,,,,,26A
s3://braingeneers/braindance/drug_causal_2025-09-01/,25222hs1,bl/bl_causal,s3://braingeneers/braindance/drug_causal_2025-09-01/25222hs1/bl/bl_causal.raw.h5,900,2.0,2.000003422145994,True,stim,2,True,32.0,drug_causal_2025-09-01,bl,False,,,,,,,,,,26A
s3://braingeneers/braindance/drug_causal_2025-09-01/,25222hs1,noradrenaline/noradrenaline_causal,s3://braingeneers/braindance/drug_causal_2025-09-01/25222hs1/noradrenaline/noradrenaline_causal.raw.h5,900,2.0,1.9999873303990336,True,stim,2,True,186.0,drug_causal_2025-09-01,noradrenaline,False,,,,,,,,,,26A
s3://braingeneers/braindance/drug_causal_2025-09-01/,25222hs1,noradrenaline/noradrenaline,s3://braingeneers/braindance/drug_causal_2025-09-01/25222hs1/noradrenaline/noradrenaline.raw.h5,0,0.0,,False,spontaneous,2,True,186.0,drug_causal_2025-09-01,noradrenaline,True,,,,,,,,,,26A
s3://braingeneersdev/asrobbin/braindance_data/2024-05-06_butterfly/,22097,apv/apv,s3://braingeneersdev/asrobbin/braindance_data/2024-05-06_butterfly/22097/apv/apv.raw.h5,0,0.0,,False,spontaneous,8,True,123.0,2024-05-06_butterfly,apv,True,,apv,,,,,,,,7A
s3://braingeneersdev/asrobbin/braindance_data/2024-05-06_butterfly/,22097,apv/apv_causal,s3://braingeneersdev/asrobbin/braindance_data/2024-05-06_butterfly/22097/apv/apv_causal.raw.h5,1200,2.0,1.9999938759220053,True,stim,8,True,123.0,2024-05-06_butterfly,apv,False,,apv,,,,,,,,7A
s3://braingeneersdev/asrobbin/braindance_data/2024-05-06_butterfly/,22097,dmso/dmso_cartpole_long_2,s3://braingeneersdev/asrobbin/braindance_data/2024-05-06_butterfly/22097/dmso/dmso_cartpole_long_2.raw.h5,2422,2.0,2.6947857101008617,True,stim,22,True,125.0,2024-05-06_butterfly,dmso,False,,,,,,,,,,7A
s3://braingeneersdev/asrobbin/braindance_data/2024-05-06_butterfly/,22097,dmso/dmso_cartpole_long_1,s3://braingeneersdev/asrobbin/braindance_data/2024-05-06_butterfly/22097/dmso/dmso_cartpole_long_1.raw.h5,2611,2.0,2.9048514064547253,True,stim,22,True,125.0,2024-05-06_butterfly,dmso,False,,,,,,,,,,7A
s3://braingeneersdev/asrobbin/braindance_data/2024-05-06_butterfly/,22097,dmso/dmso,s3://braingeneersdev/asrobbin/braindance_data/2024-05-06_butterfly/22097/dmso/dmso.raw.h5,0,0.0,,False,spontaneous,22,True,125.0,2024-05-06_butterfly,dmso,True,,,,,,,,,,7A
s3://braingeneersdev/asrobbin/braindance_data/2024-05-06_butterfly/,22097,dmso/dmso_cartpole_long_13,s3://braingeneersdev/asrobbin/braindance_data/2024-05-06_butterfly/22097/dmso/dmso_cartpole_long_13.raw.h5,2633,2.0,2.9333732861690356,True,stim,22,True,125.0,2024-05-06_butterfly,dmso,False,,,,,,,,,,7A
s3://braingeneersdev/asrobbin/braindance_data/2024-05-06_butterfly/,22097,dmso/dmso_cartpole_long_6,s3://braingeneersdev/asrobbin/braindance_data/2024-05-06_butterfly/22097/dmso/dmso_cartpole_long_6.raw.h5,2577,2.0,2.8671101607978513,True,stim,22,True,125.0,2024-05-06_butterfly,dmso,False,,,,,,,,,,7A
s3://braingeneersdev/asrobbin/braindance_data/2024-05-06_butterfly/,22097,dmso/dmso_cartpole_long_11,s3://braingeneersdev/asrobbin/braindance_data/2024-05-06_butterfly/22097/dmso/dmso_cartpole_long_11.raw.h5,2600,2.0,2.898777691661804,True,stim,22,True,125.0,2024-05-06_butterfly,dmso,False,,,,,,,,,,7A
s3://braingeneersdev/asrobbin/braindance_data/2024-05-06_butterfly/,22097,dmso/dmso_cartpole_long_18,s3://braingeneersdev/asrobbin/braindance_data/2024-05-06_butterfly/22097/dmso/dmso_cartpole_long_18.raw.h5,2744,4.0,3.053372471261209,True,stim,22,True,125.0,2024-05-06_butterfly,dmso,False,,,,,,,,,,7A
s3://braingeneersdev/asrobbin/braindance_data/2024-05-06_butterfly/,22097,dmso/dmso_cartpole_long_4,s3://braingeneersdev/asrobbin/braindance_data/2024-05-06_butterfly/22097/dmso/dmso_cartpole_long_4.raw.h5,2475,2.0,2.762180384719785,True,stim,22,True,125.0,2024-05-06_butterfly,dmso,False,,,,,,,,,,7A
s3://braingeneersdev/asrobbin/braindance_data/2024-05-06_butterfly/,22097,dmso/dmso_cartpole_long_9,s3://braingeneersdev/asrobbin/braindance_data/2024-05-06_butterfly/22097/dmso/dmso_cartpole_long_9.raw.h5,2716,4.0,3.0219942732177913,True,stim,22,True,125.0,2024-05-06_butterfly,dmso,False,,,,,,,,,,7A
s3://braingeneersdev/asrobbin/braindance_data/2024-05-06_butterfly/,22097,dmso/dmso_cartpole_long_17,s3://braingeneersdev/asrobbin/braindance_data/2024-05-06_butterfly/22097/dmso/dmso_cartpole_long_17.raw.h5,2544,2.0,2.8309515955139157,True,stim,22,True,125.0,2024-05-06_butterfly,dmso,False,,,,,,,,,,7A
s3://braingeneersdev/asrobbin/braindance_data/2024-05-06_butterfly/,22097,dmso/dmso_cartpole_long_12,s3://braingeneersdev/asrobbin/braindance_data/2024-05-06_butterfly/22097/dmso/dmso_cartpole_long_12.raw.h5,2598,2.0,2.891153771738441,True,stim,22,True,125.0,2024-05-06_butterfly,dmso,False,,,,,,,,,,7A
s3://braingeneersdev/asrobbin/braindance_data/2024-05-06_butterfly/,22097,dmso/dmso_cartpole_long_19,s3://braingeneersdev/asrobbin/braindance_data/2024-05-06_butterfly/22097/dmso/dmso_cartpole_long_19.raw.h5,2443,2.0,2.722205814142852,True,stim,22,True,125.0,2024-05-06_butterfly,dmso,False,,,,,,,,,,7A
s3://braingeneersdev/asrobbin/braindance_data/2024-05-06_butterfly/,22097,dmso/dmso_cartpole_long_14,s3://braingeneersdev/asrobbin/braindance_data/2024-05-06_butterfly/22097/dmso/dmso_cartpole_long_14.raw.h5,2634,2.0,2.9310929434868207,True,stim,22,True,125.0,2024-05-06_butterfly,dmso,False,,,,,,,,,,7A
s3://braingeneersdev/asrobbin/braindance_data/2024-05-06_butterfly/,22097,dmso/dmso_cartpole_long_15,s3://braingeneersdev/asrobbin/braindance_data/2024-05-06_butterfly/22097/dmso/dmso_cartpole_long_15.raw.h5,2590,2.0,2.881214118513641,True,stim,22,True,125.0,2024-05-06_butterfly,dmso,False,,,,,,,,,,7A
s3://braingeneersdev/asrobbin/braindance_data/2024-05-06_butterfly/,22097,dmso/dmso_cartpole_long_5,s3://braingeneersdev/asrobbin/braindance_data/2024-05-06_butterfly/22097/dmso/dmso_cartpole_long_5.raw.h5,2454,2.0,2.7301890427843025,True,stim,22,True,125.0,2024-05-06_butterfly,dmso,False,,,,,,,,,,7A
s3://braingeneersdev/asrobbin/braindance_data/2024-05-06_butterfly/,22097,dmso/dmso_cartpole_long_3,s3://braingeneersdev/asrobbin/braindance_data/2024-05-06_butterfly/22097/dmso/dmso_cartpole_long_3.raw.h5,2342,2.0,2.6062825651427395,True,stim,22,True,125.0,2024-05-06_butterfly,dmso,False,,,,,,,,,,7A
s3://braingeneersdev/asrobbin/braindance_data/2024-05-06_butterfly/,22097,dmso/dmso_causal,s3://braingeneersdev/asrobbin/braindance_data/2024-05-06_butterfly/22097/dmso/dmso_causal.raw.h5,1250,2.0,1.9999974338767912,True,stim,22,True,125.0,2024-05-06_butterfly,dmso,False,,,,,,,,,,7A
s3://braingeneersdev/asrobbin/braindance_data/2024-05-06_butterfly/,22097,dmso/dmso_cartpole_long_16,s3://braingeneersdev/asrobbin/braindance_data/2024-05-06_butterfly/22097/dmso/dmso_cartpole_long_16.raw.h5,2617,2.0,2.9114741724652418,True,stim,22,True,125.0,2024-05-06_butterfly,dmso,False,,,,,,,,,,7A
s3://braingeneersdev/asrobbin/braindance_data/2024-05-06_butterfly/,22097,dmso/dmso_cartpole_long_10,s3://braingeneersdev/asrobbin/braindance_data/2024-05-06_butterfly/22097/dmso/dmso_cartpole_long_10.raw.h5,2510,2.0,2.7922844867844274,True,stim,22,True,125.0,2024-05-06_butterfly,dmso,False,,,,,,,,,,7A
s3://braingeneersdev/asrobbin/braindance_data/2024-05-06_butterfly/,22097,dmso/dmso_cartpole_long_8,s3://braingeneersdev/asrobbin/braindance_data/2024-05-06_butterfly/22097/dmso/dmso_cartpole_long_8.raw.h5,2523,2.0,2.8066288959535517,True,stim,22,True,125.0,2024-05-06_butterfly,dmso,False,,,,,,,,,,7A
s3://braingeneersdev/asrobbin/braindance_data/2024-05-06_butterfly/,22097,dmso/dmso_cartpole_long_7,s3://braingeneersdev/asrobbin/braindance_data/2024-05-06_butterfly/22097/dmso/dmso_cartpole_long_7.raw.h5,2392,2.0,2.664882731840483,True,stim,22,True,125.0,2024-05-06_butterfly,dmso,False,,,,,,,,,,7A
s3://braingeneersdev/asrobbin/braindance_data/2024-05-06_butterfly/,22097,dmso/dmso_cartpole_long,s3://braingeneersdev/asrobbin/braindance_data/2024-05-06_butterfly/22097/dmso/dmso_cartpole_long.raw.h5,2550,2.0,2.8364021151178593,True,stim,22,True,125.0,2024-05-06_butterfly,dmso,False,,,,,,,,,,7A
s3://braingeneersdev/asrobbin/braindance_data/2024-05-06_butterfly/,22097,nbqx/nbqx_causal,s3://braingeneersdev/asrobbin/braindance_data/2024-05-06_butterfly/22097/nbqx/nbqx_causal.raw.h5,1150,2.0,1.9999985136305392,True,stim,8,True,97.0,2024-05-06_butterfly,nbqx,False,,nbqx,,,,,,,,7A
s3://braingeneersdev/asrobbin/braindance_data/2024-05-06_butterfly/,22097,nbqx/nbqx,s3://braingeneersdev/asrobbin/braindance_data/2024-05-06_butterfly/22097/nbqx/nbqx.raw.h5,0,0.0,,False,spontaneous,8,True,97.0,2024-05-06_butterfly,nbqx,True,,nbqx,,,,,,,,7A
s3://braingeneersdev/asrobbin/braindance_data/2024-05-06_butterfly/,22097,rl_only/rl_only_causal_1,s3://braingeneersdev/asrobbin/braindance_data/2024-05-06_butterfly/22097/rl_only/rl_only_causal_1.raw.h5,1300,2.0,2.000003228827091,True,stim,11,True,122.0,2024-05-06_butterfly,rl_only,False,,,,,,,,,,7A
s3://braingeneersdev/asrobbin/braindance_data/2024-05-06_butterfly/,22097,rl_only/rl_only_cartpole_long_1,s3://braingeneersdev/asrobbin/braindance_data/2024-05-06_butterfly/22097/rl_only/rl_only_cartpole_long_1.raw.h5,2954,4.0,3.286033148581712,True,stim,11,True,122.0,2024-05-06_butterfly,rl_only,False,,,,,,,,,,7A
s3://braingeneersdev/asrobbin/braindance_data/2024-05-06_butterfly/,22097,rl_only/rl_only_cartpole_long_5,s3://braingeneersdev/asrobbin/braindance_data/2024-05-06_butterfly/22097/rl_only/rl_only_cartpole_long_5.raw.h5,2861,4.0,3.1834459007882394,True,stim,11,True,122.0,2024-05-06_butterfly,rl_only,False,,,,,,,,,,7A
s3://braingeneersdev/asrobbin/braindance_data/2024-05-06_butterfly/,22097,rl_only/rl_only_cartpole_long_6,s3://braingeneersdev/asrobbin/braindance_data/2024-05-06_butterfly/22097/rl_only/rl_only_cartpole_long_6.raw.h5,2670,2.0,2.9738146910893217,True,stim,11,True,122.0,2024-05-06_butterfly,rl_only,False,,,,,,,,,,7A
s3://braingeneersdev/asrobbin/braindance_data/2024-05-06_butterfly/,22097,rl_only/rl_only_causal,s3://braingeneersdev/asrobbin/braindance_data/2024-05-06_butterfly/22097/rl_only/rl_only_causal.raw.h5,1150,2.0,1.9999938106264288,True,stim,11,True,122.0,2024-05-06_butterfly,rl_only,False,,,,,,,,,,7A
s3://braingeneersdev/asrobbin/braindance_data/2024-05-06_butterfly/,22097,rl_only/rl_only_cartpole_long_3,s3://braingeneersdev/asrobbin/braindance_data/2024-05-06_butterfly/22097/rl_only/rl_only_cartpole_long_3.raw.h5,2469,2.0,2.7470032062301963,True,stim,11,True,122.0,2024-05-06_butterfly,rl_only,False,,,,,,,,,,7A
s3://braingeneersdev/asrobbin/braindance_data/2024-05-06_butterfly/,22097,rl_only/rl_only_cartpole_long_2,s3://braingeneersdev/asrobbin/braindance_data/2024-05-06_butterfly/22097/rl_only/rl_only_cartpole_long_2.raw.h5,3266,4.0,3.635323415740861,True,stim,11,True,122.0,2024-05-06_butterfly,rl_only,False,,,,,,,,,,7A
s3://braingeneersdev/asrobbin/braindance_data/2024-05-06_butterfly/,22097,rl_only/rl_only,s3://braingeneersdev/asrobbin/braindance_data/2024-05-06_butterfly/22097/rl_only/rl_only.raw.h5,0,0.0,,False,spontaneous,11,True,122.0,2024-05-06_butterfly,rl_only,True,,,,,,,,,,7A
s3://braingeneersdev/asrobbin/braindance_data/2024-05-06_butterfly/,22097,rl_only/rl_only_cartpole_long,s3://braingeneersdev/asrobbin/braindance_data/2024-05-06_butterfly/22097/rl_only/rl_only_cartpole_long.raw.h5,647,2.0,2.234738252395985,True,stim,11,True,122.0,2024-05-06_butterfly,rl_only,False,,,,,,,,,,7A
s3://braingeneersdev/asrobbin/braindance_data/2024-05-06_butterfly/,22097,rl_only/rl_only_cartpole_long_4,s3://braingeneersdev/asrobbin/braindance_data/2024-05-06_butterfly/22097/rl_only/rl_only_cartpole_long_4.raw.h5,2900,4.0,3.226646258452136,True,stim,11,True,122.0,2024-05-06_butterfly,rl_only,False,,,,,,,,,,7A
s3://braingeneersdev/asrobbin/braindance_data/2024-05-06_butterfly/,22194,nbqx_ventral/nbqx_ventral,s3://braingeneersdev/asrobbin/braindance_data/2024-05-06_butterfly/22194/nbqx_ventral/nbqx_ventral.raw.h5,0,0.0,,False,spontaneous,20,True,87.0,2024-05-06_butterfly,nbqx_ventral,True,,nbqx,,,,,,,,8A
s3://braingeneersdev/asrobbin/braindance_data/2024-05-06_butterfly/,22194,nbqx_ventral/nbqx_ventral_causal,s3://braingeneersdev/asrobbin/braindance_data/2024-05-06_butterfly/22194/nbqx_ventral/nbqx_ventral_causal.raw.h5,1200,2.0,1.9999941864189004,True,stim,20,True,87.0,2024-05-06_butterfly,nbqx_ventral,False,,nbqx,,,,,,,,8A
s3://braingeneersdev/asrobbin/braindance_data/2024-05-06_butterfly/,23138,RL_only/RL_only_causal,s3://braingeneersdev/asrobbin/braindance_data/2024-05-06_butterfly/23138/RL_only/RL_only_causal.raw.h5,1250,2.0,2.000024113590955,True,stim,2,True,134.0,2024-05-06_butterfly,RL_only,False,,,,,,,,,,16A
s3://braingeneersdev/asrobbin/braindance_data/2024-05-06_butterfly/,23138,RL_only/RL_only,s3://braingeneersdev/asrobbin/braindance_data/2024-05-06_butterfly/23138/RL_only/RL_only.raw.h5,0,0.0,,False,spontaneous,2,True,134.0,2024-05-06_butterfly,RL_only,True,,,,,,,,,,16A
s3://braingeneersdev/asrobbin/braindance_data/24-04-18_butterfly/,23133,exp1/exp1_causal,s3://braingeneersdev/asrobbin/braindance_data/24-04-18_butterfly/23133/exp1/exp1_causal.raw.h5,1150,2.0,2.00000576164938,True,stim,22,True,292.0,24-04-18_butterfly,exp1,False,,,,,,,,,,14A
s3://braingeneersdev/asrobbin/braindance_data/24-04-18_butterfly/,23133,exp1/exp1_cartpole_long_5,s3://braingeneersdev/asrobbin/braindance_data/24-04-18_butterfly/23133/exp1/exp1_cartpole_long_5.raw.h5,2213,2.0,2.459782166579477,True,stim,22,True,292.0,24-04-18_butterfly,exp1,False,,,,,,,,,,14A
s3://braingeneersdev/asrobbin/braindance_data/24-04-18_butterfly/,23133,exp1/exp1_cartpole_long_19,s3://braingeneersdev/asrobbin/braindance_data/24-04-18_butterfly/23133/exp1/exp1_cartpole_long_19.raw.h5,2175,2.0,2.424933301737859,True,stim,22,True,292.0,24-04-18_butterfly,exp1,False,,,,,,,,,,14A
s3://braingeneersdev/asrobbin/braindance_data/24-04-18_butterfly/,23133,exp1/exp1_cartpole_long_3,s3://braingeneersdev/asrobbin/braindance_data/24-04-18_butterfly/23133/exp1/exp1_cartpole_long_3.raw.h5,2367,2.0,2.640019956178207,True,stim,22,True,292.0,24-04-18_butterfly,exp1,False,,,,,,,,,,14A
s3://braingeneersdev/asrobbin/braindance_data/24-04-18_butterfly/,23133,exp1/exp1,s3://braingeneersdev/asrobbin/braindance_data/24-04-18_butterfly/23133/exp1/exp1.raw.h5,0,0.0,,False,spontaneous,22,True,292.0,24-04-18_butterfly,exp1,True,,,,,,,,,,14A
s3://braingeneersdev/asrobbin/braindance_data/24-04-18_butterfly/,23133,exp1/exp1_cartpole_long_9,s3://braingeneersdev/asrobbin/braindance_data/24-04-18_butterfly/23133/exp1/exp1_cartpole_long_9.raw.h5,2321,2.0,2.586460173430696,True,stim,22,True,292.0,24-04-18_butterfly,exp1,False,,,,,,,,,,14A
s3://braingeneersdev/asrobbin/braindance_data/24-04-18_butterfly/,23133,exp1/exp1_cartpole_long_15,s3://braingeneersdev/asrobbin/braindance_data/24-04-18_butterfly/23133/exp1/exp1_cartpole_long_15.raw.h5,2263,2.0,2.5160332546300035,True,stim,22,True,292.0,24-04-18_butterfly,exp1,False,,,,,,,,,,14A
s3://braingeneersdev/asrobbin/braindance_data/24-04-18_butterfly/,23133,exp1/exp1_cartpole_long,s3://braingeneersdev/asrobbin/braindance_data/24-04-18_butterfly/23133/exp1/exp1_cartpole_long.raw.h5,158,2.0,2.4862905906741593,True,stim,22,True,292.0,24-04-18_butterfly,exp1,False,,,,,,,,,,14A
s3://braingeneersdev/asrobbin/braindance_data/24-04-18_butterfly/,23133,exp1/exp1_cartpole_long_7,s3://braingeneersdev/asrobbin/braindance_data/24-04-18_butterfly/23133/exp1/exp1_cartpole_long_7.raw.h5,2667,2.0,2.9649797962592954,True,stim,22,True,292.0,24-04-18_butterfly,exp1,False,,,,,,,,,,14A
s3://braingeneersdev/asrobbin/braindance_data/24-04-18_butterfly/,23133,exp1/exp1_cartpole_long_8,s3://braingeneersdev/asrobbin/braindance_data/24-04-18_butterfly/23133/exp1/exp1_cartpole_long_8.raw.h5,2504,2.0,2.7837678170754603,True,stim,22,True,292.0,24-04-18_butterfly,exp1,False,,,,,,,,,,14A
s3://braingeneersdev/asrobbin/braindance_data/24-04-18_butterfly/,23133,exp1/exp1_cartpole_long_18,s3://braingeneersdev/asrobbin/braindance_data/24-04-18_butterfly/23133/exp1/exp1_cartpole_long_18.raw.h5,1899,2.0,2.114911278274302,True,stim,22,True,292.0,24-04-18_butterfly,exp1,False,,,,,,,,,,14A
s3://braingeneersdev/asrobbin/braindance_data/24-04-18_butterfly/,23133,exp1/exp1_cartpole_long_10,s3://braingeneersdev/asrobbin/braindance_data/24-04-18_butterfly/23133/exp1/exp1_cartpole_long_10.raw.h5,2295,2.0,2.551080299208192,True,stim,22,True,292.0,24-04-18_butterfly,exp1,False,,,,,,,,,,14A
s3://braingeneersdev/asrobbin/braindance_data/24-04-18_butterfly/,23133,exp1/exp1_cartpole_long_14,s3://braingeneersdev/asrobbin/braindance_data/24-04-18_butterfly/23133/exp1/exp1_cartpole_long_14.raw.h5,2178,2.0,2.421302970118422,True,stim,22,True,292.0,24-04-18_butterfly,exp1,False,,,,,,,,,,14A
s3://braingeneersdev/asrobbin/braindance_data/24-04-18_butterfly/,23133,exp1/exp1_cartpole_long_17,s3://braingeneersdev/asrobbin/braindance_data/24-04-18_butterfly/23133/exp1/exp1_cartpole_long_17.raw.h5,1985,2.0,2.211930791223844,True,stim,22,True,292.0,24-04-18_butterfly,exp1,False,,,,,,,,,,14A
s3://braingeneersdev/asrobbin/braindance_data/24-04-18_butterfly/,23133,exp1/exp1_cartpole_long_13,s3://braingeneersdev/asrobbin/braindance_data/24-04-18_butterfly/23133/exp1/exp1_cartpole_long_13.raw.h5,2373,2.0,2.638117427663865,True,stim,22,True,292.0,24-04-18_butterfly,exp1,False,,,,,,,,,,14A
s3://braingeneersdev/asrobbin/braindance_data/24-04-18_butterfly/,23133,exp1/exp1_cartpole_long_6,s3://braingeneersdev/asrobbin/braindance_data/24-04-18_butterfly/23133/exp1/exp1_cartpole_long_6.raw.h5,2266,2.0,2.518899908730176,True,stim,22,True,292.0,24-04-18_butterfly,exp1,False,,,,,,,,,,14A
s3://braingeneersdev/asrobbin/braindance_data/24-04-18_butterfly/,23133,exp1/exp1_cartpole_long_1,s3://braingeneersdev/asrobbin/braindance_data/24-04-18_butterfly/23133/exp1/exp1_cartpole_long_1.raw.h5,288,2.0,2.4170971236031806,True,stim,22,True,292.0,24-04-18_butterfly,exp1,False,,,,,,,,,,14A
s3://braingeneersdev/asrobbin/braindance_data/24-04-18_butterfly/,23133,exp1/exp1_cartpole_long_2,s3://braingeneersdev/asrobbin/braindance_data/24-04-18_butterfly/23133/exp1/exp1_cartpole_long_2.raw.h5,2162,2.0,2.4074349116456126,True,stim,22,True,292.0,24-04-18_butterfly,exp1,False,,,,,,,,,,14A
s3://braingeneersdev/asrobbin/braindance_data/24-04-18_butterfly/,23133,exp1/exp1_cartpole_long_16,s3://braingeneersdev/asrobbin/braindance_data/24-04-18_butterfly/23133/exp1/exp1_cartpole_long_16.raw.h5,1958,2.0,2.181396372828781,True,stim,22,True,292.0,24-04-18_butterfly,exp1,False,,,,,,,,,,14A
s3://braingeneersdev/asrobbin/braindance_data/24-04-18_butterfly/,23133,exp1/exp1_cartpole_long_12,s3://braingeneersdev/asrobbin/braindance_data/24-04-18_butterfly/23133/exp1/exp1_cartpole_long_12.raw.h5,2310,2.0,2.568473210781427,True,stim,22,True,292.0,24-04-18_butterfly,exp1,False,,,,,,,,,,14A
s3://braingeneersdev/asrobbin/braindance_data/24-04-18_butterfly/,23133,exp1/exp1_cartpole_long_11,s3://braingeneersdev/asrobbin/braindance_data/24-04-18_butterfly/23133/exp1/exp1_cartpole_long_11.raw.h5,2127,2.0,2.364727980653844,True,stim,22,True,292.0,24-04-18_butterfly,exp1,False,,,,,,,,,,14A
s3://braingeneersdev/asrobbin/braindance_data/24-04-18_butterfly/,23133,exp1/exp1_cartpole_long_4,s3://braingeneersdev/asrobbin/braindance_data/24-04-18_butterfly/23133/exp1/exp1_cartpole_long_4.raw.h5,2084,2.0,2.316352979280917,True,stim,22,True,292.0,24-04-18_butterfly,exp1,False,,,,,,,,,,14A
s3://braingeneersdev/asrobbin/braindance_data/24-04-18_butterfly/,23138,RL_bdnf/RL_bdnf,s3://braingeneersdev/asrobbin/braindance_data/24-04-18_butterfly/23138/RL_bdnf/RL_bdnf.raw.h5,0,0.0,,False,spontaneous,27,True,105.0,24-04-18_butterfly,RL_bdnf,True,,bdnf,,,,,,,,16B
s3://braingeneersdev/asrobbin/braindance_data/24-04-18_butterfly/,23138,RL_bdnf/RL_bdnf_causal,s3://braingeneersdev/asrobbin/braindance_data/24-04-18_butterfly/23138/RL_bdnf/RL_bdnf_causal.raw.h5,1000,2.0,2.000003341475381,True,stim,27,True,105.0,24-04-18_butterfly,RL_bdnf,False,,bdnf,,,,,,,,16B
s3://braingeneersdev/asrobbin/braindance_data/24-04-18_butterfly/,23138,RL_bdnf2/RL_bdnf2,s3://braingeneersdev/asrobbin/braindance_data/24-04-18_butterfly/23138/RL_bdnf2/RL_bdnf2.raw.h5,0,0.0,,False,spontaneous,5,True,130.0,24-04-18_butterfly,RL_bdnf2,True,,bdnf,,,,,,,,16B
s3://braingeneersdev/asrobbin/braindance_data/24-04-18_butterfly/,23138,RL_bdnf2/RL_bdnf2_causal,s3://braingeneersdev/asrobbin/braindance_data/24-04-18_butterfly/23138/RL_bdnf2/RL_bdnf2_causal.raw.h5,950,2.0,2.0000033139235422,True,stim,5,True,130.0,24-04-18_butterfly,RL_bdnf2,False,,bdnf,,,,,,,,16B
s3://braingeneersdev/asrobbin/braindance_data/24-04-18_butterfly/,23138,RL_k252a/RL_k252a_causal_1,s3://braingeneersdev/asrobbin/braindance_data/24-04-18_butterfly/23138/RL_k252a/RL_k252a_causal_1.raw.h5,400,2.0,2.0000180682734174,True,stim,22,True,131.0,24-04-18_butterfly,RL_k252a,False,,k252a,,,,,,,,16B
s3://braingeneersdev/asrobbin/braindance_data/24-04-18_butterfly/,23138,RL_k252a/RL_k252a_causal,s3://braingeneersdev/asrobbin/braindance_data/24-04-18_butterfly/23138/RL_k252a/RL_k252a_causal.raw.h5,1000,2.0,2.0000084662901263,True,stim,22,True,131.0,24-04-18_butterfly,RL_k252a,False,,k252a,,,,,,,,16B
s3://braingeneersdev/asrobbin/braindance_data/24-04-18_butterfly/,23138,RL_k252a/RL_k252a,s3://braingeneersdev/asrobbin/braindance_data/24-04-18_butterfly/23138/RL_k252a/RL_k252a.raw.h5,0,0.0,,False,spontaneous,22,True,131.0,24-04-18_butterfly,RL_k252a,True,,k252a,,,,,,,,16B
s3://braingeneersdev/asrobbin/braindance_data/24-04-18_butterfly/,23138,RL_pharma/RL_pharma_cartpole_long,s3://braingeneersdev/asrobbin/braindance_data/24-04-18_butterfly/23138/RL_pharma/RL_pharma_cartpole_long.raw.h5,2289,2.0,2.5577902475916288,True,stim,22,True,117.0,24-04-18_butterfly,RL_pharma,False,,,,,,,,,,16B
s3://braingeneersdev/asrobbin/braindance_data/24-04-18_butterfly/,23138,RL_pharma/RL_pharma_cartpole_long_13,s3://braingeneersdev/asrobbin/braindance_data/24-04-18_butterfly/23138/RL_pharma/RL_pharma_cartpole_long_13.raw.h5,2615,2.0,2.913723533948906,True,stim,22,True,117.0,24-04-18_butterfly,RL_pharma,False,,,,,,,,,,16B
s3://braingeneersdev/asrobbin/braindance_data/24-04-18_butterfly/,23138,RL_pharma/RL_pharma_cartpole_long_1,s3://braingeneersdev/asrobbin/braindance_data/24-04-18_butterfly/23138/RL_pharma/RL_pharma_cartpole_long_1.raw.h5,2257,2.0,2.5103851085743436,True,stim,22,True,117.0,24-04-18_butterfly,RL_pharma,False,,,,,,,,,,16B
s3://braingeneersdev/asrobbin/braindance_data/24-04-18_butterfly/,23138,RL_pharma/RL_pharma_cartpole_long_16,s3://braingeneersdev/asrobbin/braindance_data/24-04-18_butterfly/23138/RL_pharma/RL_pharma_cartpole_long_16.raw.h5,2584,2.0,2.8810416332293975,True,stim,22,True,117.0,24-04-18_butterfly,RL_pharma,False,,,,,,,,,,16B
s3://braingeneersdev/asrobbin/braindance_data/24-04-18_butterfly/,23138,RL_pharma/RL_pharma_cartpole_long_14,s3://braingeneersdev/asrobbin/braindance_data/24-04-18_butterfly/23138/RL_pharma/RL_pharma_cartpole_long_14.raw.h5,2444,2.0,2.7208914337939785,True,stim,22,True,117.0,24-04-18_butterfly,RL_pharma,False,,,,,,,,,,16B
s3://braingeneersdev/asrobbin/braindance_data/24-04-18_butterfly/,23138,RL_pharma/RL_pharma_cartpole_long_9,s3://braingeneersdev/asrobbin/braindance_data/24-04-18_butterfly/23138/RL_pharma/RL_pharma_cartpole_long_9.raw.h5,2651,2.0,2.9475664371769668,True,stim,22,True,117.0,24-04-18_butterfly,RL_pharma,False,,,,,,,,,,16B
s3://braingeneersdev/asrobbin/braindance_data/24-04-18_butterfly/,23138,RL_pharma/RL_pharma_cartpole_long_3,s3://braingeneersdev/asrobbin/braindance_data/24-04-18_butterfly/23138/RL_pharma/RL_pharma_cartpole_long_3.raw.h5,2599,2.0,2.8963505241333003,True,stim,22,True,117.0,24-04-18_butterfly,RL_pharma,False,,,,,,,,,,16B
s3://braingeneersdev/asrobbin/braindance_data/24-04-18_butterfly/,23138,RL_pharma/RL_pharma_causal,s3://braingeneersdev/asrobbin/braindance_data/24-04-18_butterfly/23138/RL_pharma/RL_pharma_causal.raw.h5,1000,2.0,2.0000119299569876,True,stim,22,True,117.0,24-04-18_butterfly,RL_pharma,False,,,,,,,,,,16B
s3://braingeneersdev/asrobbin/braindance_data/24-04-18_butterfly/,23138,RL_pharma/RL_pharma_cartpole_long_10,s3://braingeneersdev/asrobbin/braindance_data/24-04-18_butterfly/23138/RL_pharma/RL_pharma_cartpole_long_10.raw.h5,2727,4.0,3.0369618721444427,True,stim,22,True,117.0,24-04-18_butterfly,RL_pharma,False,,,,,,,,,,16B
s3://braingeneersdev/asrobbin/braindance_data/24-04-18_butterfly/,23138,RL_pharma/RL_pharma_cartpole_long_6,s3://braingeneersdev/asrobbin/braindance_data/24-04-18_butterfly/23138/RL_pharma/RL_pharma_cartpole_long_6.raw.h5,2699,4.0,3.0009409591148173,True,stim,22,True,117.0,24-04-18_butterfly,RL_pharma,False,,,,,,,,,,16B
s3://braingeneersdev/asrobbin/braindance_data/24-04-18_butterfly/,23138,RL_pharma/RL_pharma_cartpole_long_17,s3://braingeneersdev/asrobbin/braindance_data/24-04-18_butterfly/23138/RL_pharma/RL_pharma_cartpole_long_17.raw.h5,2617,2.0,2.915301313305116,True,stim,22,True,117.0,24-04-18_butterfly,RL_pharma,False,,,,,,,,,,16B
s3://braingeneersdev/asrobbin/braindance_data/24-04-18_butterfly/,23138,RL_pharma/RL_pharma_cartpole_long_5,s3://braingeneersdev/asrobbin/braindance_data/24-04-18_butterfly/23138/RL_pharma/RL_pharma_cartpole_long_5.raw.h5,2585,2.0,2.874485265045336,True,stim,22,True,117.0,24-04-18_butterfly,RL_pharma,False,,,,,,,,,,16B
s3://braingeneersdev/asrobbin/braindance_data/24-04-18_butterfly/,23138,RL_pharma/RL_pharma,s3://braingeneersdev/asrobbin/braindance_data/24-04-18_butterfly/23138/RL_pharma/RL_pharma.raw.h5,0,0.0,,False,spontaneous,22,True,117.0,24-04-18_butterfly,RL_pharma,True,,,,,,,,,,16B
s3://braingeneersdev/asrobbin/braindance_data/24-04-18_butterfly/,23138,RL_pharma/RL_pharma_cartpole_long_19,s3://braingeneersdev/asrobbin/braindance_data/24-04-18_butterfly/23138/RL_pharma/RL_pharma_cartpole_long_19.raw.h5,2784,4.0,3.0960002852678588,True,stim,22,True,117.0,24-04-18_butterfly,RL_pharma,False,,,,,,,,,,16B
s3://braingeneersdev/asrobbin/braindance_data/24-04-18_butterfly/,23138,RL_pharma/RL_pharma_cartpole_long_7,s3://braingeneersdev/asrobbin/braindance_data/24-04-18_butterfly/23138/RL_pharma/RL_pharma_cartpole_long_7.raw.h5,2718,4.0,3.027025143548991,True,stim,22,True,117.0,24-04-18_butterfly,RL_pharma,False,,,,,,,,,,16B
s3://braingeneersdev/asrobbin/braindance_data/24-04-18_butterfly/,23138,RL_pharma/RL_pharma_cartpole_long_11,s3://braingeneersdev/asrobbin/braindance_data/24-04-18_butterfly/23138/RL_pharma/RL_pharma_cartpole_long_11.raw.h5,2883,4.0,3.21321512420871,True,stim,22,True,117.0,24-04-18_butterfly,RL_pharma,False,,,,,,,,,,16B
s3://braingeneersdev/asrobbin/braindance_data/24-04-18_butterfly/,23138,RL_pharma/RL_pharma_cartpole_long_15,s3://braingeneersdev/asrobbin/braindance_data/24-04-18_butterfly/23138/RL_pharma/RL_pharma_cartpole_long_15.raw.h5,2470,2.0,2.7468629241841516,True,stim,22,True,117.0,24-04-18_butterfly,RL_pharma,False,,,,,,,,,,16B
s3://braingeneersdev/asrobbin/braindance_data/24-04-18_butterfly/,23138,RL_pharma/RL_pharma_cartpole_long_2,s3://braingeneersdev/asrobbin/braindance_data/24-04-18_butterfly/23138/RL_pharma/RL_pharma_cartpole_long_2.raw.h5,2298,2.0,2.5581248666812715,True,stim,22,True,117.0,24-04-18_butterfly,RL_pharma,False,,,,,,,,,,16B
s3://braingeneersdev/asrobbin/braindance_data/24-04-18_butterfly/,23138,RL_pharma/RL_pharma_cartpole_long_8,s3://braingeneersdev/asrobbin/braindance_data/24-04-18_butterfly/23138/RL_pharma/RL_pharma_cartpole_long_8.raw.h5,2724,4.0,3.0282761328911865,True,stim,22,True,117.0,24-04-18_butterfly,RL_pharma,False,,,,,,,,,,16B
s3://braingeneersdev/asrobbin/braindance_data/24-04-18_butterfly/,23138,RL_pharma/RL_pharma_cartpole_long_12,s3://braingeneersdev/asrobbin/braindance_data/24-04-18_butterfly/23138/RL_pharma/RL_pharma_cartpole_long_12.raw.h5,2796,4.0,3.108702979752067,True,stim,22,True,117.0,24-04-18_butterfly,RL_pharma,False,,,,,,,,,,16B
s3://braingeneersdev/asrobbin/braindance_data/24-04-18_butterfly/,23138,RL_pharma/RL_pharma_cartpole_long_4,s3://braingeneersdev/asrobbin/braindance_data/24-04-18_butterfly/23138/RL_pharma/RL_pharma_cartpole_long_4.raw.h5,2441,2.0,2.7206674886362805,True,stim,22,True,117.0,24-04-18_butterfly,RL_pharma,False,,,,,,,,,,16B
s3://braingeneersdev/asrobbin/braindance_data/24-04-18_butterfly/,23138,RL_pharma/RL_pharma_cartpole_long_18,s3://braingeneersdev/asrobbin/braindance_data/24-04-18_butterfly/23138/RL_pharma/RL_pharma_cartpole_long_18.raw.h5,2699,4.0,3.000869713794481,True,stim,22,True,117.0,24-04-18_butterfly,RL_pharma,False,,,,,,,,,,16B
s3://braingeneersdev/asrobbin/braindance_data/24-04-18_butterfly/,23138,Rl_only2/Rl_only2_cartpole_long_11,s3://braingeneersdev/asrobbin/braindance_data/24-04-18_butterfly/23138/Rl_only2/Rl_only2_cartpole_long_11.raw.h5,2262,2.0,2.5150972117896315,True,stim,26,True,59.0,24-04-18_butterfly,Rl_only2,False,,,,,,,,,,16B
s3://braingeneersdev/asrobbin/braindance_data/24-04-18_butterfly/,23138,Rl_only2/Rl_only2_cartpole_long_12,s3://braingeneersdev/asrobbin/braindance_data/24-04-18_butterfly/23138/Rl_only2/Rl_only2_cartpole_long_12.raw.h5,2275,2.0,2.535912566267714,True,stim,26,True,59.0,24-04-18_butterfly,Rl_only2,False,,,,,,,,,,16B
s3://braingeneersdev/asrobbin/braindance_data/24-04-18_butterfly/,23138,Rl_only2/Rl_only2_cartpole_long_6,s3://braingeneersdev/asrobbin/braindance_data/24-04-18_butterfly/23138/Rl_only2/Rl_only2_cartpole_long_6.raw.h5,2217,2.0,2.471470656608852,True,stim,26,True,59.0,24-04-18_butterfly,Rl_only2,False,,,,,,,,,,16B
s3://braingeneersdev/asrobbin/braindance_data/24-04-18_butterfly/,23138,Rl_only2/Rl_only2_cartpole_long_17,s3://braingeneersdev/asrobbin/braindance_data/24-04-18_butterfly/23138/Rl_only2/Rl_only2_cartpole_long_17.raw.h5,2478,2.0,2.7548907074909352,True,stim,26,True,59.0,24-04-18_butterfly,Rl_only2,False,,,,,,,,,,16B
s3://braingeneersdev/asrobbin/braindance_data/24-04-18_butterfly/,23138,Rl_only2/Rl_only2_cartpole_long_10,s3://braingeneersdev/asrobbin/braindance_data/24-04-18_butterfly/23138/Rl_only2/Rl_only2_cartpole_long_10.raw.h5,2352,2.0,2.616719346404366,True,stim,26,True,59.0,24-04-18_butterfly,Rl_only2,False,,,,,,,,,,16B
s3://braingeneersdev/asrobbin/braindance_data/24-04-18_butterfly/,23138,Rl_only2/Rl_only2_cartpole_long_2,s3://braingeneersdev/asrobbin/braindance_data/24-04-18_butterfly/23138/Rl_only2/Rl_only2_cartpole_long_2.raw.h5,2287,2.0,2.542133268673932,True,stim,26,True,59.0,24-04-18_butterfly,Rl_only2,False,,,,,,,,,,16B
s3://braingeneersdev/asrobbin/braindance_data/24-04-18_butterfly/,23138,Rl_only2/Rl_only2_cartpole_long_20,s3://braingeneersdev/asrobbin/braindance_data/24-04-18_butterfly/23138/Rl_only2/Rl_only2_cartpole_long_20.raw.h5,2259,2.0,2.510971005026198,True,stim,26,True,59.0,24-04-18_butterfly,Rl_only2,False,,,,,,,,,,16B
s3://braingeneersdev/asrobbin/braindance_data/24-04-18_butterfly/,23138,Rl_only2/Rl_only2,s3://braingeneersdev/asrobbin/braindance_data/24-04-18_butterfly/23138/Rl_only2/Rl_only2.raw.h5,0,0.0,,False,spontaneous,26,True,59.0,24-04-18_butterfly,Rl_only2,True,,,,,,,,,,16B
s3://braingeneersdev/asrobbin/braindance_data/24-04-18_butterfly/,23138,Rl_only2/Rl_only2_cartpole_long_13,s3://braingeneersdev/asrobbin/braindance_data/24-04-18_butterfly/23138/Rl_only2/Rl_only2_cartpole_long_13.raw.h5,2400,2.0,2.667471386846598,True,stim,26,True,59.0,24-04-18_butterfly,Rl_only2,False,,,,,,,,,,16B
s3://braingeneersdev/asrobbin/braindance_data/24-04-18_butterfly/,23138,Rl_only2/Rl_only2_cartpole_long_3,s3://braingeneersdev/asrobbin/braindance_data/24-04-18_butterfly/23138/Rl_only2/Rl_only2_cartpole_long_3.raw.h5,2372,2.0,2.636740968961362,True,stim,26,True,59.0,24-04-18_butterfly,Rl_only2,False,,,,,,,,,,16B
s3://braingeneersdev/asrobbin/braindance_data/24-04-18_butterfly/,23138,Rl_only2/Rl_only2_cartpole_long_5,s3://braingeneersdev/asrobbin/braindance_data/24-04-18_butterfly/23138/Rl_only2/Rl_only2_cartpole_long_5.raw.h5,2291,2.0,2.5517852077759176,True,stim,26,True,59.0,24-04-18_butterfly,Rl_only2,False,,,,,,,,,,16B
s3://braingeneersdev/asrobbin/braindance_data/24-04-18_butterfly/,23138,Rl_only2/Rl_only2_cartpole_long_19,s3://braingeneersdev/asrobbin/braindance_data/24-04-18_butterfly/23138/Rl_only2/Rl_only2_cartpole_long_19.raw.h5,2321,2.0,2.5799935688619233,True,stim,26,True,59.0,24-04-18_butterfly,Rl_only2,False,,,,,,,,,,16B
s3://braingeneersdev/asrobbin/braindance_data/24-04-18_butterfly/,23138,Rl_only2/Rl_only2_cartpole_long_23,s3://braingeneersdev/asrobbin/braindance_data/24-04-18_butterfly/23138/Rl_only2/Rl_only2_cartpole_long_23.raw.h5,2198,2.0,2.443531812664124,True,stim,26,True,59.0,24-04-18_butterfly,Rl_only2,False,,,,,,,,,,16B
s3://braingeneersdev/asrobbin/braindance_data/24-04-18_butterfly/,23138,Rl_only2/Rl_only2_cartpole_long_7,s3://braingeneersdev/asrobbin/braindance_data/24-04-18_butterfly/23138/Rl_only2/Rl_only2_cartpole_long_7.raw.h5,2385,2.0,2.6508741662678954,True,stim,26,True,59.0,24-04-18_butterfly,Rl_only2,False,,,,,,,,,,16B
s3://braingeneersdev/asrobbin/braindance_data/24-04-18_butterfly/,23138,Rl_only2/Rl_only2_cartpole_long,s3://braingeneersdev/asrobbin/braindance_data/24-04-18_butterfly/23138/Rl_only2/Rl_only2_cartpole_long.raw.h5,2385,2.0,2.659947189941373,True,stim,26,True,59.0,24-04-18_butterfly,Rl_only2,False,,,,,,,,,,16B
s3://braingeneersdev/asrobbin/braindance_data/24-04-18_butterfly/,23138,Rl_only2/Rl_only2_cartpole_long_1,s3://braingeneersdev/asrobbin/braindance_data/24-04-18_butterfly/23138/Rl_only2/Rl_only2_cartpole_long_1.raw.h5,2239,2.0,2.489361982571518,True,stim,26,True,59.0,24-04-18_butterfly,Rl_only2,False,,,,,,,,,,16B
s3://braingeneersdev/asrobbin/braindance_data/24-04-18_butterfly/,23138,Rl_only2/Rl_only2_cartpole_long_22,s3://braingeneersdev/asrobbin/braindance_data/24-04-18_butterfly/23138/Rl_only2/Rl_only2_cartpole_long_22.raw.h5,2210,2.0,2.4627630827215015,True,stim,26,True,59.0,24-04-18_butterfly,Rl_only2,False,,,,,,,,,,16B
s3://braingeneersdev/asrobbin/braindance_data/24-04-18_butterfly/,23138,Rl_only2/Rl_only2_causal,s3://braingeneersdev/asrobbin/braindance_data/24-04-18_butterfly/23138/Rl_only2/Rl_only2_causal.raw.h5,1000,2.0,2.0000208551849745,True,stim,26,True,59.0,24-04-18_butterfly,Rl_only2,False,,,,,,,,,,16B
s3://braingeneersdev/asrobbin/braindance_data/24-04-18_butterfly/,23138,Rl_only2/Rl_only2_cartpole_long_4,s3://braingeneersdev/asrobbin/braindance_data/24-04-18_butterfly/23138/Rl_only2/Rl_only2_cartpole_long_4.raw.h5,2331,2.0,2.5989848187433173,True,stim,26,True,59.0,24-04-18_butterfly,Rl_only2,False,,,,,,,,,,16B
s3://braingeneersdev/asrobbin/braindance_data/24-04-18_butterfly/,23138,Rl_only2/Rl_only2_cartpole_long_15,s3://braingeneersdev/asrobbin/braindance_data/24-04-18_butterfly/23138/Rl_only2/Rl_only2_cartpole_long_15.raw.h5,2296,2.0,2.5524078820370697,True,stim,26,True,59.0,24-04-18_butterfly,Rl_only2,False,,,,,,,,,,16B
s3://braingeneersdev/asrobbin/braindance_data/24-04-18_butterfly/,23138,Rl_only2/Rl_only2_cartpole_long_9,s3://braingeneersdev/asrobbin/braindance_data/24-04-18_butterfly/23138/Rl_only2/Rl_only2_cartpole_long_9.raw.h5,2368,2.0,2.6329825362884747,True,stim,26,True,59.0,24-04-18_butterfly,Rl_only2,False,,,,,,,,,,16B
s3://braingeneersdev/asrobbin/braindance_data/24-04-18_butterfly/,23138,Rl_only2/Rl_only2_cartpole_long_8,s3://braingeneersdev/asrobbin/braindance_data/24-04-18_butterfly/23138/Rl_only2/Rl_only2_cartpole_long_8.raw.h5,2348,2.0,2.609768332815737,True,stim,26,True,59.0,24-04-18_butterfly,Rl_only2,False,,,,,,,,,,16B
s3://braingeneersdev/asrobbin/braindance_data/24-04-18_butterfly/,23138,Rl_only2/Rl_only2_cartpole_long_16,s3://braingeneersdev/asrobbin/braindance_data/24-04-18_butterfly/23138/Rl_only2/Rl_only2_cartpole_long_16.raw.h5,2248,2.0,2.498797078088956,True,stim,26,True,59.0,24-04-18_butterfly,Rl_only2,False,,,,,,,,,,16B
s3://braingeneersdev/asrobbin/braindance_data/24-04-18_butterfly/,23138,Rl_only2/Rl_only2_cartpole_long_14,s3://braingeneersdev/asrobbin/braindance_data/24-04-18_butterfly/23138/Rl_only2/Rl_only2_cartpole_long_14.raw.h5,2237,2.0,2.4897335745026608,True,stim,26,True,59.0,24-04-18_butterfly,Rl_only2,False,,,,,,,,,,16B
s3://braingeneersdev/asrobbin/braindance_data/24-04-18_butterfly/,23138,Rl_only2/Rl_only2_cartpole_long_18,s3://braingeneersdev/asrobbin/braindance_data/24-04-18_butterfly/23138/Rl_only2/Rl_only2_cartpole_long_18.raw.h5,2257,2.0,2.5106448118749864,True,stim,26,True,59.0,24-04-18_butterfly,Rl_only2,False,,,,,,,,,,16B
s3://braingeneersdev/asrobbin/braindance_data/24-04-18_butterfly/,23138,Rl_only2/Rl_only2_cartpole_long_21,s3://braingeneersdev/asrobbin/braindance_data/24-04-18_butterfly/23138/Rl_only2/Rl_only2_cartpole_long_21.raw.h5,2280,2.0,2.5345808849167426,True,stim,26,True,59.0,24-04-18_butterfly,Rl_only2,False,,,,,,,,,,16B
s3://braingeneersdev/asrobbin/braindance_data/24-04-18_butterfly/,23138,exp1/exp1_causal,s3://braingeneersdev/asrobbin/braindance_data/24-04-18_butterfly/23138/exp1/exp1_causal.raw.h5,1100,2.0,2.0000066896528974,True,stim,25,True,128.0,24-04-18_butterfly,exp1,False,,,,,,,,,,16B
s3://braingeneersdev/asrobbin/braindance_data/24-04-18_butterfly/,23138,exp1/exp1_cartpole_long_5,s3://braingeneersdev/asrobbin/braindance_data/24-04-18_butterfly/23138/exp1/exp1_cartpole_long_5.raw.h5,2110,2.0,2.346762422143885,True,stim,25,True,128.0,24-04-18_butterfly,exp1,False,,,,,,,,,,16B
s3://braingeneersdev/asrobbin/braindance_data/24-04-18_butterfly/,23138,exp1/exp1_cartpole_long_19,s3://braingeneersdev/asrobbin/braindance_data/24-04-18_butterfly/23138/exp1/exp1_cartpole_long_19.raw.h5,1905,2.0,2.120089662403294,True,stim,25,True,128.0,24-04-18_butterfly,exp1,False,,,,,,,,,,16B
s3://braingeneersdev/asrobbin/braindance_data/24-04-18_butterfly/,23138,exp1/exp1_cartpole_long_3,s3://braingeneersdev/asrobbin/braindance_data/24-04-18_butterfly/23138/exp1/exp1_cartpole_long_3.raw.h5,2705,4.0,3.012670047497895,True,stim,25,True,128.0,24-04-18_butterfly,exp1,False,,,,,,,,,,16B
s3://braingeneersdev/asrobbin/braindance_data/24-04-18_butterfly/,23138,exp1/exp1,s3://braingeneersdev/asrobbin/braindance_data/24-04-18_butterfly/23138/exp1/exp1.raw.h5,0,0.0,,False,spontaneous,25,True,128.0,24-04-18_butterfly,exp1,True,,,,,,,,,,16B
s3://braingeneersdev/asrobbin/braindance_data/24-04-18_butterfly/,23138,exp1/exp1_cartpole_long_22,s3://braingeneersdev/asrobbin/braindance_data/24-04-18_butterfly/23138/exp1/exp1_cartpole_long_22.raw.h5,2289,2.0,2.545529628826532,True,stim,25,True,128.0,24-04-18_butterfly,exp1,False,,,,,,,,,,16B
s3://braingeneersdev/asrobbin/braindance_data/24-04-18_butterfly/,23138,exp1/exp1_cartpole_long_9,s3://braingeneersdev/asrobbin/braindance_data/24-04-18_butterfly/23138/exp1/exp1_cartpole_long_9.raw.h5,2824,4.0,3.1400740055381826,True,stim,25,True,128.0,24-04-18_butterfly,exp1,False,,,,,,,,,,16B
s3://braingeneersdev/asrobbin/braindance_data/24-04-18_butterfly/,23138,exp1/exp1_cartpole_long_21,s3://braingeneersdev/asrobbin/braindance_data/24-04-18_butterfly/23138/exp1/exp1_cartpole_long_21.raw.h5,2732,4.0,3.0456488456197883,True,stim,25,True,128.0,24-04-18_butterfly,exp1,False,,,,,,,,,,16B
s3://braingeneersdev/asrobbin/braindance_data/24-04-18_butterfly/,23138,exp1/exp1_cartpole_long_15,s3://braingeneersdev/asrobbin/braindance_data/24-04-18_butterfly/23138/exp1/exp1_cartpole_long_15.raw.h5,2820,4.0,3.1356951923680416,True,stim,25,True,128.0,24-04-18_butterfly,exp1,False,,,,,,,,,,16B
s3://braingeneersdev/asrobbin/braindance_data/24-04-18_butterfly/,23138,exp1/exp1_cartpole_long,s3://braingeneersdev/asrobbin/braindance_data/24-04-18_butterfly/23138/exp1/exp1_cartpole_long.raw.h5,2228,2.0,2.4820015529935424,True,stim,25,True,128.0,24-04-18_butterfly,exp1,False,,,,,,,,,,16B
s3://braingeneersdev/asrobbin/braindance_data/24-04-18_butterfly/,23138,exp1/exp1_cartpole_long_7,s3://braingeneersdev/asrobbin/braindance_data/24-04-18_butterfly/23138/exp1/exp1_cartpole_long_7.raw.h5,1993,2.0,2.224488370718921,True,stim,25,True,128.0,24-04-18_butterfly,exp1,False,,,,,,,,,,16B
s3://braingeneersdev/asrobbin/braindance_data/24-04-18_butterfly/,23138,exp1/exp1_cartpole_long_8,s3://braingeneersdev/asrobbin/braindance_data/24-04-18_butterfly/23138/exp1/exp1_cartpole_long_8.raw.h5,2847,4.0,3.166778247201884,True,stim,25,True,128.0,24-04-18_butterfly,exp1,False,,,,,,,,,,16B
s3://braingeneersdev/asrobbin/braindance_data/24-04-18_butterfly/,23138,exp1/exp1_cartpole_long_18,s3://braingeneersdev/asrobbin/braindance_data/24-04-18_butterfly/23138/exp1/exp1_cartpole_long_18.raw.h5,2838,4.0,3.1558163499226466,True,stim,25,True,128.0,24-04-18_butterfly,exp1,False,,,,,,,,,,16B
s3://braingeneersdev/asrobbin/braindance_data/24-04-18_butterfly/,23138,exp1/exp1_cartpole_long_20,s3://braingeneersdev/asrobbin/braindance_data/24-04-18_butterfly/23138/exp1/exp1_cartpole_long_20.raw.h5,2128,2.0,2.366675271616639,True,stim,25,True,128.0,24-04-18_butterfly,exp1,False,,,,,,,,,,16B
s3://braingeneersdev/asrobbin/braindance_data/24-04-18_butterfly/,23138,exp1/exp1_cartpole_long_10,s3://braingeneersdev/asrobbin/braindance_data/24-04-18_butterfly/23138/exp1/exp1_cartpole_long_10.raw.h5,2080,2.0,2.31254608282217,True,stim,25,True,128.0,24-04-18_butterfly,exp1,False,,,,,,,,,,16B
s3://braingeneersdev/asrobbin/braindance_data/24-04-18_butterfly/,23138,exp1/exp1_cartpole_long_14,s3://braingeneersdev/asrobbin/braindance_data/24-04-18_butterfly/23138/exp1/exp1_cartpole_long_14.raw.h5,2069,2.0,2.3015398628543258,True,stim,25,True,128.0,24-04-18_butterfly,exp1,False,,,,,,,,,,16B
s3://braingeneersdev/asrobbin/braindance_data/24-04-18_butterfly/,23138,exp1/exp1_cartpole_long_17,s3://braingeneersdev/asrobbin/braindance_data/24-04-18_butterfly/23138/exp1/exp1_cartpole_long_17.raw.h5,2274,2.0,2.5336186774266354,True,stim,25,True,128.0,24-04-18_butterfly,exp1,False,,,,,,,,,,16B
s3://braingeneersdev/asrobbin/braindance_data/24-04-18_butterfly/,23138,exp1/exp1_cartpole_long_13,s3://braingeneersdev/asrobbin/braindance_data/24-04-18_butterfly/23138/exp1/exp1_cartpole_long_13.raw.h5,1861,2.0,2.073099103522943,True,stim,25,True,128.0,24-04-18_butterfly,exp1,False,,,,,,,,,,16B
s3://braingeneersdev/asrobbin/braindance_data/24-04-18_butterfly/,23138,exp1/exp1_cartpole_long_6,s3://braingeneersdev/asrobbin/braindance_data/24-04-18_butterfly/23138/exp1/exp1_cartpole_long_6.raw.h5,2890,4.0,3.213444246190954,True,stim,25,True,128.0,24-04-18_butterfly,exp1,False,,,,,,,,,,16B
s3://braingeneersdev/asrobbin/braindance_data/24-04-18_butterfly/,23138,exp1/exp1_cartpole_long_1,s3://braingeneersdev/asrobbin/braindance_data/24-04-18_butterfly/23138/exp1/exp1_cartpole_long_1.raw.h5,197,2.0,2.2267404910259603,True,stim,25,True,128.0,24-04-18_butterfly,exp1,False,,,,,,,,,,16B
s3://braingeneersdev/asrobbin/braindance_data/24-04-18_butterfly/,23138,exp1/exp1_cartpole_long_2,s3://braingeneersdev/asrobbin/braindance_data/24-04-18_butterfly/23138/exp1/exp1_cartpole_long_2.raw.h5,208,2.0,2.262909851458516,True,stim,25,True,128.0,24-04-18_butterfly,exp1,False,,,,,,,,,,16B
s3://braingeneersdev/asrobbin/braindance_data/24-04-18_butterfly/,23138,exp1/exp1_cartpole_long_16,s3://braingeneersdev/asrobbin/braindance_data/24-04-18_butterfly/23138/exp1/exp1_cartpole_long_16.raw.h5,1845,2.0,2.056615400017969,True,stim,25,True,128.0,24-04-18_butterfly,exp1,False,,,,,,,,,,16B
s3://braingeneersdev/asrobbin/braindance_data/24-04-18_butterfly/,23138,exp1/exp1_cartpole_long_12,s3://braingeneersdev/asrobbin/braindance_data/24-04-18_butterfly/23138/exp1/exp1_cartpole_long_12.raw.h5,2748,4.0,3.056632445768543,True,stim,25,True,128.0,24-04-18_butterfly,exp1,False,,,,,,,,,,16B
s3://braingeneersdev/asrobbin/braindance_data/24-04-18_butterfly/,23138,exp1/exp1_cartpole_long_11,s3://braingeneersdev/asrobbin/braindance_data/24-04-18_butterfly/23138/exp1/exp1_cartpole_long_11.raw.h5,2545,2.0,2.830782875879374,True,stim,25,True,128.0,24-04-18_butterfly,exp1,False,,,,,,,,,,16B
s3://braingeneersdev/asrobbin/braindance_data/24-04-18_butterfly/,23138,exp1/exp1_cartpole_long_4,s3://braingeneersdev/asrobbin/braindance_data/24-04-18_butterfly/23138/exp1/exp1_cartpole_long_4.raw.h5,2569,2.0,2.8571059389251032,True,stim,25,True,128.0,24-04-18_butterfly,exp1,False,,,,,,,,,,16B
s3://braingeneersdev/asrobbin/braindance_data/24-04-18_butterfly/,23186,RL2_k252a/RL2_k252a,s3://braingeneersdev/asrobbin/braindance_data/24-04-18_butterfly/23186/RL2_k252a/RL2_k252a.raw.h5,0,0.0,,False,spontaneous,17,True,45.0,24-04-18_butterfly,RL2_k252a,True,,k252a,,,,,,,,17A
s3://braingeneersdev/asrobbin/braindance_data/24-04-18_butterfly/,23186,RL2_k252a/RL2_k252a_causal,s3://braingeneersdev/asrobbin/braindance_data/24-04-18_butterfly/23186/RL2_k252a/RL2_k252a_causal.raw.h5,900,2.0,2.0000119207032054,True,stim,17,True,45.0,24-04-18_butterfly,RL2_k252a,False,,k252a,,,,,,,,17A
s3://braingeneersdev/asrobbin/braindance_data/24-04-18_butterfly/,23186,RL_k252a/RL_k252a_causal,s3://braingeneersdev/asrobbin/braindance_data/24-04-18_butterfly/23186/RL_k252a/RL_k252a_causal.raw.h5,850,2.0,2.0000099537783993,True,stim,22,True,49.0,24-04-18_butterfly,RL_k252a,False,,k252a,,,,,,,,17A
s3://braingeneersdev/asrobbin/braindance_data/24-04-18_butterfly/,23186,RL_k252a/RL_k252a,s3://braingeneersdev/asrobbin/braindance_data/24-04-18_butterfly/23186/RL_k252a/RL_k252a.raw.h5,0,0.0,,False,spontaneous,22,True,49.0,24-04-18_butterfly,RL_k252a,True,,k252a,,,,,,,,17A
s3://braingeneersdev/asrobbin/braindance_data/24-04-18_butterfly/,23186,RL_only/RL_only_cartpole_long,s3://braingeneersdev/asrobbin/braindance_data/24-04-18_butterfly/23186/RL_only/RL_only_cartpole_long.raw.h5,2425,2.0,2.700951870704826,True,stim,7,True,79.0,24-04-18_butterfly,RL_only,False,,,,,,,,,,17A
s3://braingeneersdev/asrobbin/braindance_data/24-04-18_butterfly/,23186,RL_only/RL_only_cartpole_long_4,s3://braingeneersdev/asrobbin/braindance_data/24-04-18_butterfly/23186/RL_only/RL_only_cartpole_long_4.raw.h5,2363,2.0,2.6270357562419617,True,stim,7,True,79.0,24-04-18_butterfly,RL_only,False,,,,,,,,,,17A
s3://braingeneersdev/asrobbin/braindance_data/24-04-18_butterfly/,23186,RL_only/RL_only_cartpole_long_1,s3://braingeneersdev/asrobbin/braindance_data/24-04-18_butterfly/23186/RL_only/RL_only_cartpole_long_1.raw.h5,2577,2.0,2.865215095151774,True,stim,7,True,79.0,24-04-18_butterfly,RL_only,False,,,,,,,,,,17A
s3://braingeneersdev/asrobbin/braindance_data/24-04-18_butterfly/,23186,RL_only/RL_only_causal,s3://braingeneersdev/asrobbin/braindance_data/24-04-18_butterfly/23186/RL_only/RL_only_causal.raw.h5,900,2.0,2.000012558014318,True,stim,7,True,79.0,24-04-18_butterfly,RL_only,False,,,,,,,,,,17A
s3://braingeneersdev/asrobbin/braindance_data/24-04-18_butterfly/,23186,RL_only/RL_only_cartpole_long_2,s3://braingeneersdev/asrobbin/braindance_data/24-04-18_butterfly/23186/RL_only/RL_only_cartpole_long_2.raw.h5,2618,2.0,2.910602276518756,True,stim,7,True,79.0,24-04-18_butterfly,RL_only,False,,,,,,,,,,17A
s3://braingeneersdev/asrobbin/braindance_data/24-04-18_butterfly/,23186,RL_only/RL_only_cartpole_long_3,s3://braingeneersdev/asrobbin/braindance_data/24-04-18_butterfly/23186/RL_only/RL_only_cartpole_long_3.raw.h5,2553,2.0,2.83774298656528,True,stim,7,True,79.0,24-04-18_butterfly,RL_only,False,,,,,,,,,,17A
s3://braingeneersdev/asrobbin/braindance_data/24-04-18_butterfly/,23186,RL_only/RL_only,s3://braingeneersdev/asrobbin/braindance_data/24-04-18_butterfly/23186/RL_only/RL_only.raw.h5,0,0.0,,False,spontaneous,7,True,79.0,24-04-18_butterfly,RL_only,True,,,,,,,,,,17A
s3://braingeneersdev/asrobbin/braindance_data/24-04-18_butterfly/,23186,Rl_bdnf/Rl_bdnf_causal,s3://braingeneersdev/asrobbin/braindance_data/24-04-18_butterfly/23186/Rl_bdnf/Rl_bdnf_causal.raw.h5,950,2.0,2.000004281716125,True,stim,19,True,54.0,24-04-18_butterfly,Rl_bdnf,False,,bdnf,,,,,,,,17A
s3://braingeneersdev/asrobbin/braindance_data/24-04-18_butterfly/,23186,Rl_bdnf/Rl_bdnf,s3://braingeneersdev/asrobbin/braindance_data/24-04-18_butterfly/23186/Rl_bdnf/Rl_bdnf.raw.h5,0,0.0,,False,spontaneous,19,True,54.0,24-04-18_butterfly,Rl_bdnf,True,,bdnf,,,,,,,,17A
s3://braingeneersdev/asrobbin/braindance_data/24-04-18_butterfly/,p001237,exp1/exp1_causal,s3://braingeneersdev/asrobbin/braindance_data/24-04-18_butterfly/p001237/exp1/exp1_causal.raw.h5,1300,2.0,2.0000108644716086,True,stim,24,True,124.0,24-04-18_butterfly,exp1,False,,,,,,,,,,32B
s3://braingeneersdev/asrobbin/braindance_data/24-04-18_butterfly/,p001237,exp1/exp1_cartpole_long_5,s3://braingeneersdev/asrobbin/braindance_data/24-04-18_butterfly/p001237/exp1/exp1_cartpole_long_5.raw.h5,1798,2.0,2.0000404874061366,True,stim,24,True,124.0,24-04-18_butterfly,exp1,False,,,,,,,,,,32B
s3://braingeneersdev/asrobbin/braindance_data/24-04-18_butterfly/,p001237,exp1/exp1_cartpole_long_19,s3://braingeneersdev/asrobbin/braindance_data/24-04-18_butterfly/p001237/exp1/exp1_cartpole_long_19.raw.h5,1407,2.0,1.5721596603696617,True,stim,24,True,124.0,24-04-18_butterfly,exp1,False,,,,,,,,,,32B
s3://braingeneersdev/asrobbin/braindance_data/24-04-18_butterfly/,p001237,exp1/exp1_cartpole_long_3,s3://braingeneersdev/asrobbin/braindance_data/24-04-18_butterfly/p001237/exp1/exp1_cartpole_long_3.raw.h5,1834,2.0,2.042964287850848,True,stim,24,True,124.0,24-04-18_butterfly,exp1,False,,,,,,,,,,32B
s3://braingeneersdev/asrobbin/braindance_data/24-04-18_butterfly/,p001237,exp1/exp1,s3://braingeneersdev/asrobbin/braindance_data/24-04-18_butterfly/p001237/exp1/exp1.raw.h5,0,0.0,,False,spontaneous,24,True,124.0,24-04-18_butterfly,exp1,True,,,,,,,,,,32B
s3://braingeneersdev/asrobbin/braindance_data/24-04-18_butterfly/,p001237,exp1/exp1_cartpole_long_9,s3://braingeneersdev/asrobbin/braindance_data/24-04-18_butterfly/p001237/exp1/exp1_cartpole_long_9.raw.h5,1794,2.0,1.996035227123118,True,stim,24,True,124.0,24-04-18_butterfly,exp1,False,,,,,,,,,,32B
s3://braingeneersdev/asrobbin/braindance_data/24-04-18_butterfly/,p001237,exp1/exp1_cartpole_long_21,s3://braingeneersdev/asrobbin/braindance_data/24-04-18_butterfly/p001237/exp1/exp1_cartpole_long_21.raw.h5,414,2.0,2.111238133844499,True,stim,24,True,124.0,24-04-18_butterfly,exp1,False,,,,,,,,,,32B
s3://braingeneersdev/asrobbin/braindance_data/24-04-18_butterfly/,p001237,exp1/exp1_cartpole_long_15,s3://braingeneersdev/asrobbin/braindance_data/24-04-18_butterfly/p001237/exp1/exp1_cartpole_long_15.raw.h5,1835,2.0,2.0442031231056035,True,stim,24,True,124.0,24-04-18_butterfly,exp1,False,,,,,,,,,,32B
s3://braingeneersdev/asrobbin/braindance_data/24-04-18_butterfly/,p001237,exp1/exp1_cartpole_long,s3://braingeneersdev/asrobbin/braindance_data/24-04-18_butterfly/p001237/exp1/exp1_cartpole_long.raw.h5,2028,8.0,187.9995853576254,True,stim,24,True,124.0,24-04-18_butterfly,exp1,False,,,,,,,,,,32B
s3://braingeneersdev/asrobbin/braindance_data/24-04-18_butterfly/,p001237,exp1/exp1_cartpole_long_7,s3://braingeneersdev/asrobbin/braindance_data/24-04-18_butterfly/p001237/exp1/exp1_cartpole_long_7.raw.h5,1436,2.0,1.597036506829626,True,stim,24,True,124.0,24-04-18_butterfly,exp1,False,,,,,,,,,,32B
s3://braingeneersdev/asrobbin/braindance_data/24-04-18_butterfly/,p001237,exp1/exp1_cartpole_long_8,s3://braingeneersdev/asrobbin/braindance_data/24-04-18_butterfly/p001237/exp1/exp1_cartpole_long_8.raw.h5,1797,2.0,2.003733921383466,True,stim,24,True,124.0,24-04-18_butterfly,exp1,False,,,,,,,,,,32B
s3://braingeneersdev/asrobbin/braindance_data/24-04-18_butterfly/,p001237,exp1/exp1_cartpole_long_18,s3://braingeneersdev/asrobbin/braindance_data/24-04-18_butterfly/p001237/exp1/exp1_cartpole_long_18.raw.h5,1842,2.0,2.0552185063902964,True,stim,24,True,124.0,24-04-18_butterfly,exp1,False,,,,,,,,,,32B
s3://braingeneersdev/asrobbin/braindance_data/24-04-18_butterfly/,p001237,exp1/exp1_cartpole_long_20,s3://braingeneersdev/asrobbin/braindance_data/24-04-18_butterfly/p001237/exp1/exp1_cartpole_long_20.raw.h5,1828,2.0,2.036533249864041,True,stim,24,True,124.0,24-04-18_butterfly,exp1,False,,,,,,,,,,32B
s3://braingeneersdev/asrobbin/braindance_data/24-04-18_butterfly/,p001237,exp1/exp1_cartpole_long_10,s3://braingeneersdev/asrobbin/braindance_data/24-04-18_butterfly/p001237/exp1/exp1_cartpole_long_10.raw.h5,1420,2.0,1.5793986758054217,True,stim,24,True,124.0,24-04-18_butterfly,exp1,False,,,,,,,,,,32B
s3://braingeneersdev/asrobbin/braindance_data/24-04-18_butterfly/,p001237,exp1/exp1_cartpole_long_14,s3://braingeneersdev/asrobbin/braindance_data/24-04-18_butterfly/p001237/exp1/exp1_cartpole_long_14.raw.h5,1845,2.0,2.0579144332621593,True,stim,24,True,124.0,24-04-18_butterfly,exp1,False,,,,,,,,,,32B
s3://braingeneersdev/asrobbin/braindance_data/24-04-18_butterfly/,p001237,exp1/exp1_cartpole_long_17,s3://braingeneersdev/asrobbin/braindance_data/24-04-18_butterfly/p001237/exp1/exp1_cartpole_long_17.raw.h5,1791,2.0,1.993564576891209,True,stim,24,True,124.0,24-04-18_butterfly,exp1,False,,,,,,,,,,32B
s3://braingeneersdev/asrobbin/braindance_data/24-04-18_butterfly/,p001237,exp1/exp1_cartpole_long_13,s3://braingeneersdev/asrobbin/braindance_data/24-04-18_butterfly/p001237/exp1/exp1_cartpole_long_13.raw.h5,1432,2.0,1.593770702428933,True,stim,24,True,124.0,24-04-18_butterfly,exp1,False,,,,,,,,,,32B
s3://braingeneersdev/asrobbin/braindance_data/24-04-18_butterfly/,p001237,exp1/exp1_cartpole_long_6,s3://braingeneersdev/asrobbin/braindance_data/24-04-18_butterfly/p001237/exp1/exp1_cartpole_long_6.raw.h5,1847,2.0,2.0541086927596774,True,stim,24,True,124.0,24-04-18_butterfly,exp1,False,,,,,,,,,,32B
s3://braingeneersdev/asrobbin/braindance_data/24-04-18_butterfly/,p001237,exp1/exp1_cartpole_long_1,s3://braingeneersdev/asrobbin/braindance_data/24-04-18_butterfly/p001237/exp1/exp1_cartpole_long_1.raw.h5,3386,4.0,3.774926058853109,True,stim,24,True,124.0,24-04-18_butterfly,exp1,False,,,,,,,,,,32B
s3://braingeneersdev/asrobbin/braindance_data/24-04-18_butterfly/,p001237,exp1/exp1_cartpole_long_2,s3://braingeneersdev/asrobbin/braindance_data/24-04-18_butterfly/p001237/exp1/exp1_cartpole_long_2.raw.h5,1986,2.0,2.2076997060196955,True,stim,24,True,124.0,24-04-18_butterfly,exp1,False,,,,,,,,,,32B
s3://braingeneersdev/asrobbin/braindance_data/24-04-18_butterfly/,p001237,exp1/exp1_cartpole_long_16,s3://braingeneersdev/asrobbin/braindance_data/24-04-18_butterfly/p001237/exp1/exp1_cartpole_long_16.raw.h5,1434,2.0,1.5998331173879532,True,stim,24,True,124.0,24-04-18_butterfly,exp1,False,,,,,,,,,,32B
s3://braingeneersdev/asrobbin/braindance_data/24-04-18_butterfly/,p001237,exp1/exp1_cartpole_long_12,s3://braingeneersdev/asrobbin/braindance_data/24-04-18_butterfly/p001237/exp1/exp1_cartpole_long_12.raw.h5,1864,2.0,2.0768223075922547,True,stim,24,True,124.0,24-04-18_butterfly,exp1,False,,,,,,,,,,32B
s3://braingeneersdev/asrobbin/braindance_data/24-04-18_butterfly/,p001237,exp1/exp1_cartpole_long_11,s3://braingeneersdev/asrobbin/braindance_data/24-04-18_butterfly/p001237/exp1/exp1_cartpole_long_11.raw.h5,1803,2.0,2.0058428493897114,True,stim,24,True,124.0,24-04-18_butterfly,exp1,False,,,,,,,,,,32B
s3://braingeneersdev/asrobbin/braindance_data/24-04-18_butterfly/,p001237,exp1/exp1_cartpole_long_4,s3://braingeneersdev/asrobbin/braindance_data/24-04-18_butterfly/p001237/exp1/exp1_cartpole_long_4.raw.h5,1456,2.0,1.6187893413975436,True,stim,24,True,124.0,24-04-18_butterfly,exp1,False,,,,,,,,,,32B
s3://braingeneersdev/asrobbin/braindance_data/24-04-18_butterfly/,p001237,exp2/exp2_cartpole_long_6,s3://braingeneersdev/asrobbin/braindance_data/24-04-18_butterfly/p001237/exp2/exp2_cartpole_long_6.raw.h5,2512,2.0,2.8001323483240053,True,stim,17,True,45.0,24-04-18_butterfly,exp2,False,,,,,,,,,,32B
s3://braingeneersdev/asrobbin/braindance_data/24-04-18_butterfly/,p001237,exp2/exp2_cartpole_long_10,s3://braingeneersdev/asrobbin/braindance_data/24-04-18_butterfly/p001237/exp2/exp2_cartpole_long_10.raw.h5,2499,2.0,2.793200168482171,True,stim,17,True,45.0,24-04-18_butterfly,exp2,False,,,,,,,,,,32B
s3://braingeneersdev/asrobbin/braindance_data/24-04-18_butterfly/,p001237,exp2/exp2_cartpole_long_11,s3://braingeneersdev/asrobbin/braindance_data/24-04-18_butterfly/p001237/exp2/exp2_cartpole_long_11.raw.h5,2481,2.0,2.7779289570899155,True,stim,17,True,45.0,24-04-18_butterfly,exp2,False,,,,,,,,,,32B
s3://braingeneersdev/asrobbin/braindance_data/24-04-18_butterfly/,p001237,exp2/exp2_cartpole_long_7,s3://braingeneersdev/asrobbin/braindance_data/24-04-18_butterfly/p001237/exp2/exp2_cartpole_long_7.raw.h5,2448,2.0,2.7334951595076857,True,stim,17,True,45.0,24-04-18_butterfly,exp2,False,,,,,,,,,,32B
s3://braingeneersdev/asrobbin/braindance_data/24-04-18_butterfly/,p001237,exp2/exp2_cartpole_long_8,s3://braingeneersdev/asrobbin/braindance_data/24-04-18_butterfly/p001237/exp2/exp2_cartpole_long_8.raw.h5,2307,2.0,2.573406310505942,True,stim,17,True,45.0,24-04-18_butterfly,exp2,False,,,,,,,,,,32B
s3://braingeneersdev/asrobbin/braindance_data/24-04-18_butterfly/,p001237,exp2/exp2_cartpole_long_13,s3://braingeneersdev/asrobbin/braindance_data/24-04-18_butterfly/p001237/exp2/exp2_cartpole_long_13.raw.h5,2534,2.0,2.8272178721171484,True,stim,17,True,45.0,24-04-18_butterfly,exp2,False,,,,,,,,,,32B
s3://braingeneersdev/asrobbin/braindance_data/24-04-18_butterfly/,p001237,exp2/exp2,s3://braingeneersdev/asrobbin/braindance_data/24-04-18_butterfly/p001237/exp2/exp2.raw.h5,0,0.0,,False,spontaneous,17,True,45.0,24-04-18_butterfly,exp2,True,,,,,,,,,,32B
s3://braingeneersdev/asrobbin/braindance_data/24-04-18_butterfly/,p001237,exp2/exp2_causal,s3://braingeneersdev/asrobbin/braindance_data/24-04-18_butterfly/p001237/exp2/exp2_causal.raw.h5,1150,2.0,2.0000183243698464,True,stim,17,True,45.0,24-04-18_butterfly,exp2,False,,,,,,,,,,32B
s3://braingeneersdev/asrobbin/braindance_data/24-04-18_butterfly/,p001237,exp2/exp2_cartpole_long_12,s3://braingeneersdev/asrobbin/braindance_data/24-04-18_butterfly/p001237/exp2/exp2_cartpole_long_12.raw.h5,2317,2.0,2.588656693540092,True,stim,17,True,45.0,24-04-18_butterfly,exp2,False,,,,,,,,,,32B
s3://braingeneersdev/asrobbin/braindance_data/24-04-18_butterfly/,p001237,exp2/exp2_cartpole_long_2,s3://braingeneersdev/asrobbin/braindance_data/24-04-18_butterfly/p001237/exp2/exp2_cartpole_long_2.raw.h5,2528,2.0,2.8187344910661727,True,stim,17,True,45.0,24-04-18_butterfly,exp2,False,,,,,,,,,,32B
s3://braingeneersdev/asrobbin/braindance_data/24-04-18_butterfly/,p001237,exp2/exp2_cartpole_long_1,s3://braingeneersdev/asrobbin/braindance_data/24-04-18_butterfly/p001237/exp2/exp2_cartpole_long_1.raw.h5,2446,2.0,2.7246919748423224,True,stim,17,True,45.0,24-04-18_butterfly,exp2,False,,,,,,,,,,32B
s3://braingeneersdev/asrobbin/braindance_data/24-04-18_butterfly/,p001237,exp2/exp2_cartpole_long_14,s3://braingeneersdev/asrobbin/braindance_data/24-04-18_butterfly/p001237/exp2/exp2_cartpole_long_14.raw.h5,2414,2.0,2.7017264838544506,True,stim,17,True,45.0,24-04-18_butterfly,exp2,False,,,,,,,,,,32B
s3://braingeneersdev/asrobbin/braindance_data/24-04-18_butterfly/,p001237,exp2/exp2_cartpole_long_5,s3://braingeneersdev/asrobbin/braindance_data/24-04-18_butterfly/p001237/exp2/exp2_cartpole_long_5.raw.h5,2412,2.0,2.697773158915542,True,stim,17,True,45.0,24-04-18_butterfly,exp2,False,,,,,,,,,,32B
s3://braingeneersdev/asrobbin/braindance_data/24-04-18_butterfly/,p001237,exp2/exp2_cartpole_long_4,s3://braingeneersdev/asrobbin/braindance_data/24-04-18_butterfly/p001237/exp2/exp2_cartpole_long_4.raw.h5,2411,2.0,2.686194777168518,True,stim,17,True,45.0,24-04-18_butterfly,exp2,False,,,,,,,,,,32B
s3://braingeneersdev/asrobbin/braindance_data/24-04-18_butterfly/,p001237,exp2/exp2_cartpole_long_9,s3://braingeneersdev/asrobbin/braindance_data/24-04-18_butterfly/p001237/exp2/exp2_cartpole_long_9.raw.h5,2411,2.0,2.69312443319578,True,stim,17,True,45.0,24-04-18_butterfly,exp2,False,,,,,,,,,,32B
s3://braingeneersdev/asrobbin/braindance_data/24-04-18_butterfly/,p001237,exp2/exp2_cartpole_long_3,s3://braingeneersdev/asrobbin/braindance_data/24-04-18_butterfly/p001237/exp2/exp2_cartpole_long_3.raw.h5,2450,2.0,2.7319197419317303,True,stim,17,True,45.0,24-04-18_butterfly,exp2,False,,,,,,,,,,32B
s3://braingeneersdev/asrobbin/braindance_data/24-04-18_butterfly/,p001237,exp2/exp2_cartpole_long,s3://braingeneersdev/asrobbin/braindance_data/24-04-18_butterfly/p001237/exp2/exp2_cartpole_long.raw.h5,3358,4.0,3.747163825108341,True,stim,17,True,45.0,24-04-18_butterfly,exp2,False,,,,,,,,,,32B
s3://braingeneersdev/asrobbin/braindance_data/24-04-18_butterfly/,p001237,exp3/exp3,s3://braingeneersdev/asrobbin/braindance_data/24-04-18_butterfly/p001237/exp3/exp3.raw.h5,0,0.0,,False,spontaneous,4,True,56.0,24-04-18_butterfly,exp3,True,,,,,,,,,,32B
s3://braingeneersdev/asrobbin/braindance_data/24-04-18_butterfly/,p001237,exp3/exp3_causal,s3://braingeneersdev/asrobbin/braindance_data/24-04-18_butterfly/p001237/exp3/exp3_causal.raw.h5,1050,2.0,2.0000066998052284,True,stim,4,True,56.0,24-04-18_butterfly,exp3,False,,,,,,,,,,32B
s3://braingeneersdev/asrobbin/braindance_data/24-04-18_butterfly/,p001237,exp4/exp4_cartpole_long,s3://braingeneersdev/asrobbin/braindance_data/24-04-18_butterfly/p001237/exp4/exp4_cartpole_long.raw.h5,2341,2.0,2.609423330212333,True,stim,18,True,118.0,24-04-18_butterfly,exp4,False,,,,,,,,,,32B
s3://braingeneersdev/asrobbin/braindance_data/24-04-18_butterfly/,p001237,exp4/exp4_cartpole_long_5,s3://braingeneersdev/asrobbin/braindance_data/24-04-18_butterfly/p001237/exp4/exp4_cartpole_long_5.raw.h5,1844,2.0,2.0496584675025877,True,stim,18,True,118.0,24-04-18_butterfly,exp4,False,,,,,,,,,,32B
s3://braingeneersdev/asrobbin/braindance_data/24-04-18_butterfly/,p001237,exp4/exp4_cartpole_long_8,s3://braingeneersdev/asrobbin/braindance_data/24-04-18_butterfly/p001237/exp4/exp4_cartpole_long_8.raw.h5,1893,2.0,2.105530008429024,True,stim,18,True,118.0,24-04-18_butterfly,exp4,False,,,,,,,,,,32B
s3://braingeneersdev/asrobbin/braindance_data/24-04-18_butterfly/,p001237,exp4/exp4_causal,s3://braingeneersdev/asrobbin/braindance_data/24-04-18_butterfly/p001237/exp4/exp4_causal.raw.h5,1150,2.0,2.0000134795895432,True,stim,18,True,118.0,24-04-18_butterfly,exp4,False,,,,,,,,,,32B
s3://braingeneersdev/asrobbin/braindance_data/24-04-18_butterfly/,p001237,exp4/exp4_cartpole_long_1,s3://braingeneersdev/asrobbin/braindance_data/24-04-18_butterfly/p001237/exp4/exp4_cartpole_long_1.raw.h5,1672,2.0,1.8589811393367863,True,stim,18,True,118.0,24-04-18_butterfly,exp4,False,,,,,,,,,,32B
s3://braingeneersdev/asrobbin/braindance_data/24-04-18_butterfly/,p001237,exp4/exp4,s3://braingeneersdev/asrobbin/braindance_data/24-04-18_butterfly/p001237/exp4/exp4.raw.h5,0,0.0,,False,spontaneous,18,True,118.0,24-04-18_butterfly,exp4,True,,,,,,,,,,32B
s3://braingeneersdev/asrobbin/braindance_data/24-04-18_butterfly/,p001237,exp4/exp4_cartpole_long_9,s3://braingeneersdev/asrobbin/braindance_data/24-04-18_butterfly/p001237/exp4/exp4_cartpole_long_9.raw.h5,1890,2.0,2.10533068697572,True,stim,18,True,118.0,24-04-18_butterfly,exp4,False,,,,,,,,,,32B
s3://braingeneersdev/asrobbin/braindance_data/24-04-18_butterfly/,p001237,exp4/exp4_cartpole_long_12,s3://braingeneersdev/asrobbin/braindance_data/24-04-18_butterfly/p001237/exp4/exp4_cartpole_long_12.raw.h5,1792,2.0,1.99704912952458,True,stim,18,True,118.0,24-04-18_butterfly,exp4,False,,,,,,,,,,32B
s3://braingeneersdev/asrobbin/braindance_data/24-04-18_butterfly/,p001237,exp4/exp4_cartpole_long_7,s3://braingeneersdev/asrobbin/braindance_data/24-04-18_butterfly/p001237/exp4/exp4_cartpole_long_7.raw.h5,1446,2.0,1.606932389081854,True,stim,18,True,118.0,24-04-18_butterfly,exp4,False,,,,,,,,,,32B
s3://braingeneersdev/asrobbin/braindance_data/24-04-18_butterfly/,p001237,exp4/exp4_cartpole_long_13,s3://braingeneersdev/asrobbin/braindance_data/24-04-18_butterfly/p001237/exp4/exp4_cartpole_long_13.raw.h5,1435,2.0,1.5979813131569027,True,stim,18,True,118.0,24-04-18_butterfly,exp4,False,,,,,,,,,,32B
s3://braingeneersdev/asrobbin/braindance_data/24-04-18_butterfly/,p001237,exp4/exp4_cartpole_long_4,s3://braingeneersdev/asrobbin/braindance_data/24-04-18_butterfly/p001237/exp4/exp4_cartpole_long_4.raw.h5,1485,2.0,1.650309438991172,True,stim,18,True,118.0,24-04-18_butterfly,exp4,False,,,,,,,,,,32B
s3://braingeneersdev/asrobbin/braindance_data/24-04-18_butterfly/,p001237,exp4/exp4_cartpole_long_14,s3://braingeneersdev/asrobbin/braindance_data/24-04-18_butterfly/p001237/exp4/exp4_cartpole_long_14.raw.h5,1805,2.0,2.0084033783839303,True,stim,18,True,118.0,24-04-18_butterfly,exp4,False,,,,,,,,,,32B
s3://braingeneersdev/asrobbin/braindance_data/24-04-18_butterfly/,p001237,exp4/exp4_cartpole_long_6,s3://braingeneersdev/asrobbin/braindance_data/24-04-18_butterfly/p001237/exp4/exp4_cartpole_long_6.raw.h5,1884,2.0,2.0939172107255057,True,stim,18,True,118.0,24-04-18_butterfly,exp4,False,,,,,,,,,,32B
s3://braingeneersdev/asrobbin/braindance_data/24-04-18_butterfly/,p001237,exp4/exp4_cartpole_long_11,s3://braingeneersdev/asrobbin/braindance_data/24-04-18_butterfly/p001237/exp4/exp4_cartpole_long_11.raw.h5,1848,2.0,2.054051773339626,True,stim,18,True,118.0,24-04-18_butterfly,exp4,False,,,,,,,,,,32B
s3://braingeneersdev/asrobbin/braindance_data/24-04-18_butterfly/,p001237,exp4/exp4_cartpole_long_3,s3://braingeneersdev/asrobbin/braindance_data/24-04-18_butterfly/p001237/exp4/exp4_cartpole_long_3.raw.h5,1951,2.0,2.1686505507663862,True,stim,18,True,118.0,24-04-18_butterfly,exp4,False,,,,,,,,,,32B
s3://braingeneersdev/asrobbin/braindance_data/24-04-18_butterfly/,p001237,exp4/exp4_cartpole_long_2,s3://braingeneersdev/asrobbin/braindance_data/24-04-18_butterfly/p001237/exp4/exp4_cartpole_long_2.raw.h5,1960,2.0,2.1782233989443007,True,stim,18,True,118.0,24-04-18_butterfly,exp4,False,,,,,,,,,,32B
s3://braingeneersdev/asrobbin/braindance_data/24-04-18_butterfly/,p001237,exp4/exp4_cartpole_long_15,s3://braingeneersdev/asrobbin/braindance_data/24-04-18_butterfly/p001237/exp4/exp4_cartpole_long_15.raw.h5,1780,2.0,1.9790450311561156,True,stim,18,True,118.0,24-04-18_butterfly,exp4,False,,,,,,,,,,32B
s3://braingeneersdev/asrobbin/braindance_data/24-04-18_butterfly/,p001237,exp4/exp4_cartpole_long_10,s3://braingeneersdev/asrobbin/braindance_data/24-04-18_butterfly/p001237/exp4/exp4_cartpole_long_10.raw.h5,1422,2.0,1.5845573301642455,True,stim,18,True,118.0,24-04-18_butterfly,exp4,False,,,,,,,,,,32B
s3://braingeneersdev/asrobbin/braindance_data/24-04-18_butterfly/,p001237,exp5/exp5_cartpole_long,s3://braingeneersdev/asrobbin/braindance_data/24-04-18_butterfly/p001237/exp5/exp5_cartpole_long.raw.h5,2154,2.0,2.405854340012034,True,stim,11,True,122.0,24-04-18_butterfly,exp5,False,,,,,,,,,,32B
s3://braingeneersdev/asrobbin/braindance_data/24-04-18_butterfly/,p001237,exp5/exp5_cartpole_long_5,s3://braingeneersdev/asrobbin/braindance_data/24-04-18_butterfly/p001237/exp5/exp5_cartpole_long_5.raw.h5,713,2.0,2.2012564989680055,True,stim,11,True,122.0,24-04-18_butterfly,exp5,False,,,,,,,,,,32B
s3://braingeneersdev/asrobbin/braindance_data/24-04-18_butterfly/,p001237,exp5/exp5_cartpole_long_2,s3://braingeneersdev/asrobbin/braindance_data/24-04-18_butterfly/p001237/exp5/exp5_cartpole_long_2.raw.h5,700,2.0,1.922366577475601,True,stim,11,True,122.0,24-04-18_butterfly,exp5,False,,,,,,,,,,32B
s3://braingeneersdev/asrobbin/braindance_data/24-04-18_butterfly/,p001237,exp5/exp5_cartpole_long_4,s3://braingeneersdev/asrobbin/braindance_data/24-04-18_butterfly/p001237/exp5/exp5_cartpole_long_4.raw.h5,82,2.0,2.3167068046175054,True,stim,11,True,122.0,24-04-18_butterfly,exp5,False,,,,,,,,,,32B
s3://braingeneersdev/asrobbin/braindance_data/24-04-18_butterfly/,p001237,exp5/exp5_cartpole_long_3,s3://braingeneersdev/asrobbin/braindance_data/24-04-18_butterfly/p001237/exp5/exp5_cartpole_long_3.raw.h5,218,2.0,2.012177256674839,True,stim,11,True,122.0,24-04-18_butterfly,exp5,False,,,,,,,,,,32B
s3://braingeneersdev/asrobbin/braindance_data/24-04-18_butterfly/,p001237,exp5/exp5_cartpole_long_1,s3://braingeneersdev/asrobbin/braindance_data/24-04-18_butterfly/p001237/exp5/exp5_cartpole_long_1.raw.h5,1734,2.0,1.9285322749627756,True,stim,11,True,122.0,24-04-18_butterfly,exp5,False,,,,,,,,,,32B
s3://braingeneersdev/asrobbin/braindance_data/24-04-18_butterfly/,p001237,exp5/exp5_causal,s3://braingeneersdev/asrobbin/braindance_data/24-04-18_butterfly/p001237/exp5/exp5_causal.raw.h5,950,2.0,2.0000167468968173,True,stim,11,True,122.0,24-04-18_butterfly,exp5,False,,,,,,,,,,32B
s3://braingeneersdev/asrobbin/braindance_data/24-04-18_butterfly/,p001237,exp5/exp5_cartpole_long_6,s3://braingeneersdev/asrobbin/braindance_data/24-04-18_butterfly/p001237/exp5/exp5_cartpole_long_6.raw.h5,2074,2.0,2.315035798868393,True,stim,11,True,122.0,24-04-18_butterfly,exp5,False,,,,,,,,,,32B
s3://braingeneersdev/asrobbin/braindance_data/24-04-18_butterfly/,p001237,exp5/exp5_cartpole_long_8,s3://braingeneersdev/asrobbin/braindance_data/24-04-18_butterfly/p001237/exp5/exp5_cartpole_long_8.raw.h5,2018,2.0,2.2444797813807535,True,stim,11,True,122.0,24-04-18_butterfly,exp5,False,,,,,,,,,,32B
s3://braingeneersdev/asrobbin/braindance_data/24-04-18_butterfly/,p001237,exp5/exp5_cartpole_long_7,s3://braingeneersdev/asrobbin/braindance_data/24-04-18_butterfly/p001237/exp5/exp5_cartpole_long_7.raw.h5,1481,2.0,1.650293512235547,True,stim,11,True,122.0,24-04-18_butterfly,exp5,False,,,,,,,,,,32B
s3://braingeneersdev/asrobbin/braindance_data/24-04-18_butterfly/,p001237,exp5/exp5,s3://braingeneersdev/asrobbin/braindance_data/24-04-18_butterfly/p001237/exp5/exp5.raw.h5,0,0.0,,False,spontaneous,11,True,122.0,24-04-18_butterfly,exp5,True,,,,,,,,,,32B
s3://braingeneersdev/asrobbin/braindance_data/24-04-18_butterfly/,p001237,exp6/exp6_cartpole_long_3,s3://braingeneersdev/asrobbin/braindance_data/24-04-18_butterfly/p001237/exp6/exp6_cartpole_long_3.raw.h5,686,2.0,2.538355588489164,True,stim,7,True,94.0,24-04-18_butterfly,exp6,False,,,,,,,,,,32B
s3://braingeneersdev/asrobbin/braindance_data/24-04-18_butterfly/,p001237,exp6/exp6_cartpole_long,s3://braingeneersdev/asrobbin/braindance_data/24-04-18_butterfly/p001237/exp6/exp6_cartpole_long.raw.h5,318,2.0,2.1859339419802915,True,stim,7,True,94.0,24-04-18_butterfly,exp6,False,,,,,,,,,,32B
s3://braingeneersdev/asrobbin/braindance_data/24-04-18_butterfly/,p001237,exp6/exp6_cartpole_long_2,s3://braingeneersdev/asrobbin/braindance_data/24-04-18_butterfly/p001237/exp6/exp6_cartpole_long_2.raw.h5,1027,2.0,2.400970743535367,True,stim,7,True,94.0,24-04-18_butterfly,exp6,False,,,,,,,,,,32B
s3://braingeneersdev/asrobbin/braindance_data/24-04-18_butterfly/,p001237,exp6/exp6_causal,s3://braingeneersdev/asrobbin/braindance_data/24-04-18_butterfly/p001237/exp6/exp6_causal.raw.h5,950,2.0,2.0000213918030862,True,stim,7,True,94.0,24-04-18_butterfly,exp6,False,,,,,,,,,,32B
s3://braingeneersdev/asrobbin/braindance_data/24-04-18_butterfly/,p001237,exp6/exp6,s3://braingeneersdev/asrobbin/braindance_data/24-04-18_butterfly/p001237/exp6/exp6.raw.h5,0,0.0,,False,spontaneous,7,True,94.0,24-04-18_butterfly,exp6,True,,,,,,,,,,32B
s3://braingeneersdev/asrobbin/braindance_data/24-04-18_butterfly/,p001237,exp6/exp6_cartpole_long_1,s3://braingeneersdev/asrobbin/braindance_data/24-04-18_butterfly/p001237/exp6/exp6_cartpole_long_1.raw.h5,616,2.0,2.442831187865574,True,stim,7,True,94.0,24-04-18_butterfly,exp6,False,,,,,,,,,,32B
s3://braingeneersdev/asrobbin/braindance_data/23-11-30_cartpole/,22064,exp3/exp3_cartpole,s3://braingeneersdev/asrobbin/braindance_data/23-11-30_cartpole/22064/exp3/exp3_cartpole.raw.h5,1328,4.0,3.1815493643983213,True,stim,12,True,129.0,23-11-30_cartpole,exp3,False,,,,,,,,,,6A
s3://braingeneersdev/asrobbin/braindance_data/23-11-30_cartpole/,22064,exp3/exp3_cartpole_8,s3://braingeneersdev/asrobbin/braindance_data/23-11-30_cartpole/22064/exp3/exp3_cartpole_8.raw.h5,0,0.0,,False,spontaneous,12,True,129.0,23-11-30_cartpole,exp3,False,,,,,,,,,,6A
s3://braingeneersdev/asrobbin/braindance_data/23-11-30_cartpole/,22064,exp3/exp3_causal,s3://braingeneersdev/asrobbin/braindance_data/23-11-30_cartpole/22064/exp3/exp3_causal.raw.h5,500,2.0,1.999995043170596,True,stim,12,True,129.0,23-11-30_cartpole,exp3,False,,,,,,,,,,6A
s3://braingeneersdev/asrobbin/braindance_data/23-11-30_cartpole/,22064,exp3/exp3_cartpole_9,s3://braingeneersdev/asrobbin/braindance_data/23-11-30_cartpole/22064/exp3/exp3_cartpole_9.raw.h5,350,2.0,2.0000340622075536,True,stim,12,True,129.0,23-11-30_cartpole,exp3,False,,,,,,,,,,6A
s3://braingeneersdev/asrobbin/braindance_data/23-11-30_cartpole/,22064,exp3/exp3_cartpole_4,s3://braingeneersdev/asrobbin/braindance_data/23-11-30_cartpole/22064/exp3/exp3_cartpole_4.raw.h5,350,2.0,2.0000362115440784,True,stim,12,True,129.0,23-11-30_cartpole,exp3,False,,,,,,,,,,6A
s3://braingeneersdev/asrobbin/braindance_data/23-11-30_cartpole/,22064,exp3/exp3_cartpole_2,s3://braingeneersdev/asrobbin/braindance_data/23-11-30_cartpole/22064/exp3/exp3_cartpole_2.raw.h5,2851,4.0,3.645457745669874,True,stim,12,True,129.0,23-11-30_cartpole,exp3,False,,,,,,,,,,6A
s3://braingeneersdev/asrobbin/braindance_data/23-11-30_cartpole/,22064,exp3/exp3_cartpole_7,s3://braingeneersdev/asrobbin/braindance_data/23-11-30_cartpole/22064/exp3/exp3_cartpole_7.raw.h5,1282,4.0,3.266478486522538,True,stim,12,True,129.0,23-11-30_cartpole,exp3,False,,,,,,,,,,6A
s3://braingeneersdev/asrobbin/braindance_data/23-11-30_cartpole/,22064,exp3/exp3_cartpole_5,s3://braingeneersdev/asrobbin/braindance_data/23-11-30_cartpole/22064/exp3/exp3_cartpole_5.raw.h5,1239,4.0,3.32220225072742,True,stim,12,True,129.0,23-11-30_cartpole,exp3,False,,,,,,,,,,6A
s3://braingeneersdev/asrobbin/braindance_data/23-11-30_cartpole/,22064,exp3/exp3_cartpole_1,s3://braingeneersdev/asrobbin/braindance_data/23-11-30_cartpole/22064/exp3/exp3_cartpole_1.raw.h5,2798,4.0,3.73416983436958,True,stim,12,True,129.0,23-11-30_cartpole,exp3,False,,,,,,,,,,6A
s3://braingeneersdev/asrobbin/braindance_data/23-11-30_cartpole/,22064,exp3/exp3_cartpole_6,s3://braingeneersdev/asrobbin/braindance_data/23-11-30_cartpole/22064/exp3/exp3_cartpole_6.raw.h5,1282,4.0,3.195567177606834,True,stim,12,True,129.0,23-11-30_cartpole,exp3,False,,,,,,,,,,6A
s3://braingeneersdev/asrobbin/braindance_data/23-11-30_cartpole/,22064,exp3/exp3,s3://braingeneersdev/asrobbin/braindance_data/23-11-30_cartpole/22064/exp3/exp3.raw.h5,0,0.0,,False,spontaneous,12,True,129.0,23-11-30_cartpole,exp3,True,,,,,,,,,,6A
s3://braingeneersdev/asrobbin/braindance_data/23-11-30_cartpole/,22064,exp3/exp3_cartpole_3,s3://braingeneersdev/asrobbin/braindance_data/23-11-30_cartpole/22064/exp3/exp3_cartpole_3.raw.h5,0,0.0,,False,spontaneous,12,True,129.0,23-11-30_cartpole,exp3,False,,,,,,,,,,6A
s3://braingeneersdev/asrobbin/braindance_data/23-11-30_cartpole/,22064,exp7/exp7_cartpole_7,s3://braingeneersdev/asrobbin/braindance_data/23-11-30_cartpole/22064/exp7/exp7_cartpole_7.raw.h5,4921,4.0,3.3850673731187184,True,stim,12,True,137.0,23-11-30_cartpole,exp7,False,,,,,,,,,,6A
s3://braingeneersdev/asrobbin/braindance_data/23-11-30_cartpole/,22064,exp7/exp7_cartpole_5,s3://braingeneersdev/asrobbin/braindance_data/23-11-30_cartpole/22064/exp7/exp7_cartpole_5.raw.h5,4470,4.0,3.275269409539882,True,stim,12,True,137.0,23-11-30_cartpole,exp7,False,,,,,,,,,,6A
s3://braingeneersdev/asrobbin/braindance_data/23-11-30_cartpole/,22064,exp7/exp7_causal,s3://braingeneersdev/asrobbin/braindance_data/23-11-30_cartpole/22064/exp7/exp7_causal.raw.h5,500,2.0,2.0000258305218175,True,stim,12,True,137.0,23-11-30_cartpole,exp7,False,,,,,,,,,,6A
s3://braingeneersdev/asrobbin/braindance_data/23-11-30_cartpole/,22064,exp7/exp7_cartpole_8,s3://braingeneersdev/asrobbin/braindance_data/23-11-30_cartpole/22064/exp7/exp7_cartpole_8.raw.h5,0,0.0,,False,spontaneous,12,True,137.0,23-11-30_cartpole,exp7,False,,,,,,,,,,6A
s3://braingeneersdev/asrobbin/braindance_data/23-11-30_cartpole/,22064,exp7/exp7_cartpole_6,s3://braingeneersdev/asrobbin/braindance_data/23-11-30_cartpole/22064/exp7/exp7_cartpole_6.raw.h5,4647,4.0,3.33005832854785,True,stim,12,True,137.0,23-11-30_cartpole,exp7,False,,,,,,,,,,6A
s3://braingeneersdev/asrobbin/braindance_data/23-11-30_cartpole/,22064,exp7/exp7_cartpole_2,s3://braingeneersdev/asrobbin/braindance_data/23-11-30_cartpole/22064/exp7/exp7_cartpole_2.raw.h5,3711,4.0,3.1753651173679724,True,stim,12,True,137.0,23-11-30_cartpole,exp7,False,,,,,,,,,,6A
s3://braingeneersdev/asrobbin/braindance_data/23-11-30_cartpole/,22064,exp7/exp7_cartpole_4,s3://braingeneersdev/asrobbin/braindance_data/23-11-30_cartpole/22064/exp7/exp7_cartpole_4.raw.h5,400,2.0,2.0000360136506767,True,stim,12,True,137.0,23-11-30_cartpole,exp7,False,,,,,,,,,,6A
s3://braingeneersdev/asrobbin/braindance_data/23-11-30_cartpole/,22064,exp7/exp7_cartpole,s3://braingeneersdev/asrobbin/braindance_data/23-11-30_cartpole/22064/exp7/exp7_cartpole.raw.h5,3639,4.0,3.080514254417895,True,stim,12,True,137.0,23-11-30_cartpole,exp7,False,,,,,,,,,,6A
s3://braingeneersdev/asrobbin/braindance_data/23-11-30_cartpole/,22064,exp7/exp7_cartpole_9,s3://braingeneersdev/asrobbin/braindance_data/23-11-30_cartpole/22064/exp7/exp7_cartpole_9.raw.h5,400,2.0,2.0000318550235527,True,stim,12,True,137.0,23-11-30_cartpole,exp7,False,,,,,,,,,,6A
s3://braingeneersdev/asrobbin/braindance_data/23-11-30_cartpole/,22064,exp7/exp7_cartpole_1,s3://braingeneersdev/asrobbin/braindance_data/23-11-30_cartpole/22064/exp7/exp7_cartpole_1.raw.h5,3382,4.0,3.2111473410854763,True,stim,12,True,137.0,23-11-30_cartpole,exp7,False,,,,,,,,,,6A
s3://braingeneersdev/asrobbin/braindance_data/23-11-30_cartpole/,22064,exp7/exp7,s3://braingeneersdev/asrobbin/braindance_data/23-11-30_cartpole/22064/exp7/exp7.raw.h5,0,0.0,,False,spontaneous,12,True,137.0,23-11-30_cartpole,exp7,True,,,,,,,,,,6A
s3://braingeneersdev/asrobbin/braindance_data/23-11-30_cartpole/,22064,exp7/exp7_cartpole_3,s3://braingeneersdev/asrobbin/braindance_data/23-11-30_cartpole/22064/exp7/exp7_cartpole_3.raw.h5,0,0.0,,False,spontaneous,12,True,137.0,23-11-30_cartpole,exp7,False,,,,,,,,,,6A
s3://braingeneersdev/asrobbin/braindance_data/23-11-30_cartpole/,22064,exp_long_1/exp_long_1,s3://braingeneersdev/asrobbin/braindance_data/23-11-30_cartpole/22064/exp_long_1/exp_long_1.raw.h5,0,0.0,,False,spontaneous,16,True,145.0,23-11-30_cartpole,exp_long_1,True,,,,,,,,,,6A
s3://braingeneersdev/asrobbin/braindance_data/23-11-30_cartpole/,22064,exp_long_1/exp_long_1_cartpole_long_4,s3://braingeneersdev/asrobbin/braindance_data/23-11-30_cartpole/22064/exp_long_1/exp_long_1_cartpole_long_4.raw.h5,1978,4.0,3.16330114023284,True,stim,16,True,145.0,23-11-30_cartpole,exp_long_1,False,,,,,,,,,,6A
s3://braingeneersdev/asrobbin/braindance_data/23-11-30_cartpole/,22064,exp_long_1/exp_long_1_cartpole_long_13,s3://braingeneersdev/asrobbin/braindance_data/23-11-30_cartpole/22064/exp_long_1/exp_long_1_cartpole_long_13.raw.h5,2131,4.0,3.170288851602729,True,stim,16,True,145.0,23-11-30_cartpole,exp_long_1,False,,,,,,,,,,6A
s3://braingeneersdev/asrobbin/braindance_data/23-11-30_cartpole/,22064,exp_long_1/exp_long_1_cartpole_long_1,s3://braingeneersdev/asrobbin/braindance_data/23-11-30_cartpole/22064/exp_long_1/exp_long_1_cartpole_long_1.raw.h5,2047,4.0,3.1820206817018617,True,stim,16,True,145.0,23-11-30_cartpole,exp_long_1,False,,,,,,,,,,6A
s3://braingeneersdev/asrobbin/braindance_data/23-11-30_cartpole/,22064,exp_long_1/exp_long_1_cartpole_long_3,s3://braingeneersdev/asrobbin/braindance_data/23-11-30_cartpole/22064/exp_long_1/exp_long_1_cartpole_long_3.raw.h5,1909,2.0,2.985050558619458,True,stim,16,True,145.0,23-11-30_cartpole,exp_long_1,False,,,,,,,,,,6A
s3://braingeneersdev/asrobbin/braindance_data/23-11-30_cartpole/,22064,exp_long_1/exp_long_1_causal,s3://braingeneersdev/asrobbin/braindance_data/23-11-30_cartpole/22064/exp_long_1/exp_long_1_causal.raw.h5,1200,2.0,1.9999980560252488,True,stim,16,True,145.0,23-11-30_cartpole,exp_long_1,False,,,,,,,,,,6A
s3://braingeneersdev/asrobbin/braindance_data/23-11-30_cartpole/,22064,exp_long_1/exp_long_1_cartpole_long_2,s3://braingeneersdev/asrobbin/braindance_data/23-11-30_cartpole/22064/exp_long_1/exp_long_1_cartpole_long_2.raw.h5,1988,4.0,3.002336704922686,True,stim,16,True,145.0,23-11-30_cartpole,exp_long_1,False,,,,,,,,,,6A
s3://braingeneersdev/asrobbin/braindance_data/23-11-30_cartpole/,22064,exp_long_1/exp_long_1_cartpole_long_8,s3://braingeneersdev/asrobbin/braindance_data/23-11-30_cartpole/22064/exp_long_1/exp_long_1_cartpole_long_8.raw.h5,1861,2.0,2.9447907253898244,True,stim,16,True,145.0,23-11-30_cartpole,exp_long_1,False,,,,,,,,,,6A
s3://braingeneersdev/asrobbin/braindance_data/23-11-30_cartpole/,22064,exp_long_1/exp_long_1_causal_1,s3://braingeneersdev/asrobbin/braindance_data/23-11-30_cartpole/22064/exp_long_1/exp_long_1_causal_1.raw.h5,400,2.0,2.0000270565367484,True,stim,16,True,145.0,23-11-30_cartpole,exp_long_1,False,,,,,,,,,,6A
s3://braingeneersdev/asrobbin/braindance_data/23-11-30_cartpole/,22064,exp_long_1/exp_long_1_cartpole_long_5,s3://braingeneersdev/asrobbin/braindance_data/23-11-30_cartpole/22064/exp_long_1/exp_long_1_cartpole_long_5.raw.h5,1917,2.0,2.9861854507877017,True,stim,16,True,145.0,23-11-30_cartpole,exp_long_1,False,,,,,,,,,,6A
s3://braingeneersdev/asrobbin/braindance_data/23-11-30_cartpole/,22064,exp_long_1/exp_long_1_cartpole_long_14,s3://braingeneersdev/asrobbin/braindance_data/23-11-30_cartpole/22064/exp_long_1/exp_long_1_cartpole_long_14.raw.h5,314,4.0,3.1546058161520403,True,stim,16,True,145.0,23-11-30_cartpole,exp_long_1,False,,,,,,,,,,6A
s3://braingeneersdev/asrobbin/braindance_data/23-11-30_cartpole/,22064,exp_long_1/exp_long_1_cartpole_long_6,s3://braingeneersdev/asrobbin/braindance_data/23-11-30_cartpole/22064/exp_long_1/exp_long_1_cartpole_long_6.raw.h5,2380,4.0,3.1231917195060346,True,stim,16,True,145.0,23-11-30_cartpole,exp_long_1,False,,,,,,,,,,6A
s3://braingeneersdev/asrobbin/braindance_data/23-11-30_cartpole/,22064,exp_long_1/exp_long_1_cartpole_long_7,s3://braingeneersdev/asrobbin/braindance_data/23-11-30_cartpole/22064/exp_long_1/exp_long_1_cartpole_long_7.raw.h5,2288,4.0,3.2437177613403496,True,stim,16,True,145.0,23-11-30_cartpole,exp_long_1,False,,,,,,,,,,6A
s3://braingeneersdev/asrobbin/braindance_data/23-11-30_cartpole/,22064,exp_long_1/exp_long_1_cartpole_long_10,s3://braingeneersdev/asrobbin/braindance_data/23-11-30_cartpole/22064/exp_long_1/exp_long_1_cartpole_long_10.raw.h5,2043,4.0,3.1343131828610757,True,stim,16,True,145.0,23-11-30_cartpole,exp_long_1,False,,,,,,,,,,6A
s3://braingeneersdev/asrobbin/braindance_data/23-11-30_cartpole/,22064,exp_long_1/exp_long_1_cartpole_long_11,s3://braingeneersdev/asrobbin/braindance_data/23-11-30_cartpole/22064/exp_long_1/exp_long_1_cartpole_long_11.raw.h5,2191,4.0,3.078916564817631,True,stim,16,True,145.0,23-11-30_cartpole,exp_long_1,False,,,,,,,,,,6A
s3://braingeneersdev/asrobbin/braindance_data/23-11-30_cartpole/,22064,exp_long_1/exp_long_1_cartpole_long_9,s3://braingeneersdev/asrobbin/braindance_data/23-11-30_cartpole/22064/exp_long_1/exp_long_1_cartpole_long_9.raw.h5,2039,4.0,3.1150032828835323,True,stim,16,True,145.0,23-11-30_cartpole,exp_long_1,False,,,,,,,,,,6A
s3://braingeneersdev/asrobbin/braindance_data/23-11-30_cartpole/,22064,long_exp_2/long_exp_2,s3://braingeneersdev/asrobbin/braindance_data/23-11-30_cartpole/22064/long_exp_2/long_exp_2.raw.h5,0,0.0,,False,spontaneous,15,True,146.0,23-11-30_cartpole,long_exp_2,True,,,,,,,,,,6A
s3://braingeneersdev/asrobbin/braindance_data/23-11-30_cartpole/,22064,long_exp_2/long_exp_2_cartpole_long_11,s3://braingeneersdev/asrobbin/braindance_data/23-11-30_cartpole/22064/long_exp_2/long_exp_2_cartpole_long_11.raw.h5,2761,4.0,3.2449922980040093,True,stim,15,True,146.0,23-11-30_cartpole,long_exp_2,False,,,,,,,,,,6A
s3://braingeneersdev/asrobbin/braindance_data/23-11-30_cartpole/,22064,long_exp_2/long_exp_2_cartpole_long_7,s3://braingeneersdev/asrobbin/braindance_data/23-11-30_cartpole/22064/long_exp_2/long_exp_2_cartpole_long_7.raw.h5,2944,4.0,3.273089533435691,True,stim,15,True,146.0,23-11-30_cartpole,long_exp_2,False,,,,,,,,,,6A
s3://braingeneersdev/asrobbin/braindance_data/23-11-30_cartpole/,22064,long_exp_2/long_exp_2_cartpole_long_6,s3://braingeneersdev/asrobbin/braindance_data/23-11-30_cartpole/22064/long_exp_2/long_exp_2_cartpole_long_6.raw.h5,2824,4.0,3.16689860154537,True,stim,15,True,146.0,23-11-30_cartpole,long_exp_2,False,,,,,,,,,,6A
s3://braingeneersdev/asrobbin/braindance_data/23-11-30_cartpole/,22064,long_exp_2/long_exp_2_cartpole_long_1,s3://braingeneersdev/asrobbin/braindance_data/23-11-30_cartpole/22064/long_exp_2/long_exp_2_cartpole_long_1.raw.h5,2673,4.0,3.2939868014203166,True,stim,15,True,146.0,23-11-30_cartpole,long_exp_2,False,,,,,,,,,,6A
s3://braingeneersdev/asrobbin/braindance_data/23-11-30_cartpole/,22064,long_exp_2/long_exp_2_cartpole_long_3,s3://braingeneersdev/asrobbin/braindance_data/23-11-30_cartpole/22064/long_exp_2/long_exp_2_cartpole_long_3.raw.h5,2418,4.0,3.1715557955510723,True,stim,15,True,146.0,23-11-30_cartpole,long_exp_2,False,,,,,,,,,,6A
s3://braingeneersdev/asrobbin/braindance_data/23-11-30_cartpole/,22064,long_exp_2/long_exp_2_cartpole_long_10,s3://braingeneersdev/asrobbin/braindance_data/23-11-30_cartpole/22064/long_exp_2/long_exp_2_cartpole_long_10.raw.h5,2888,4.0,3.210664774715924,True,stim,15,True,146.0,23-11-30_cartpole,long_exp_2,False,,,,,,,,,,6A
s3://braingeneersdev/asrobbin/braindance_data/23-11-30_cartpole/,22064,long_exp_2/long_exp_2_cartpole_long_5,s3://braingeneersdev/asrobbin/braindance_data/23-11-30_cartpole/22064/long_exp_2/long_exp_2_cartpole_long_5.raw.h5,2476,4.0,3.205042916549818,True,stim,15,True,146.0,23-11-30_cartpole,long_exp_2,False,,,,,,,,,,6A
s3://braingeneersdev/asrobbin/braindance_data/23-11-30_cartpole/,22064,long_exp_2/long_exp_2_cartpole_long_2,s3://braingeneersdev/asrobbin/braindance_data/23-11-30_cartpole/22064/long_exp_2/long_exp_2_cartpole_long_2.raw.h5,992,4.0,3.1452821005936205,True,stim,15,True,146.0,23-11-30_cartpole,long_exp_2,False,,,,,,,,,,6A
s3://braingeneersdev/asrobbin/braindance_data/23-11-30_cartpole/,22064,long_exp_2/long_exp_2_cartpole_long_8,s3://braingeneersdev/asrobbin/braindance_data/23-11-30_cartpole/22064/long_exp_2/long_exp_2_cartpole_long_8.raw.h5,2523,4.0,3.2250886575087594,True,stim,15,True,146.0,23-11-30_cartpole,long_exp_2,False,,,,,,,,,,6A
s3://braingeneersdev/asrobbin/braindance_data/23-11-30_cartpole/,22064,long_exp_2/long_exp_2_cartpole_long_4,s3://braingeneersdev/asrobbin/braindance_data/23-11-30_cartpole/22064/long_exp_2/long_exp_2_cartpole_long_4.raw.h5,2957,4.0,3.289453451774847,True,stim,15,True,146.0,23-11-30_cartpole,long_exp_2,False,,,,,,,,,,6A
s3://braingeneersdev/asrobbin/braindance_data/23-11-30_cartpole/,22064,long_exp_2/long_exp_2_causal,s3://braingeneersdev/asrobbin/braindance_data/23-11-30_cartpole/22064/long_exp_2/long_exp_2_causal.raw.h5,600,2.0,1.9999961075005632,True,stim,15,True,146.0,23-11-30_cartpole,long_exp_2,False,,,,,,,,,,6A
s3://braingeneersdev/asrobbin/braindance_data/23-11-30_cartpole/,22064,long_exp_2/long_exp_2_cartpole_long_9,s3://braingeneersdev/asrobbin/braindance_data/23-11-30_cartpole/22064/long_exp_2/long_exp_2_cartpole_long_9.raw.h5,2909,4.0,3.237506588928267,True,stim,15,True,146.0,23-11-30_cartpole,long_exp_2,False,,,,,,,,,,6A
s3://braingeneersdev/asrobbin/braindance_data/23-11-30_cartpole/,22064,long_exp_2/long_exp_2_cartpole_long_14,s3://braingeneersdev/asrobbin/braindance_data/23-11-30_cartpole/22064/long_exp_2/long_exp_2_cartpole_long_14.raw.h5,2823,4.0,3.238425372556701,True,stim,15,True,146.0,23-11-30_cartpole,long_exp_2,False,,,,,,,,,,6A
s3://braingeneersdev/asrobbin/braindance_data/23-11-30_cartpole/,22064,long_exp_2/long_exp_2_cartpole_long,s3://braingeneersdev/asrobbin/braindance_data/23-11-30_cartpole/22064/long_exp_2/long_exp_2_cartpole_long.raw.h5,1989,4.0,3.0418159198509205,True,stim,15,True,146.0,23-11-30_cartpole,long_exp_2,False,,,,,,,,,,6A
s3://braingeneersdev/asrobbin/braindance_data/23-11-30_cartpole/,22064,long_exp_3/long_exp_3,s3://braingeneersdev/asrobbin/braindance_data/23-11-30_cartpole/22064/long_exp_3/long_exp_3.raw.h5,0,0.0,,False,spontaneous,21,True,82.0,23-11-30_cartpole,long_exp_3,True,,,,,,,,,,6A
s3://braingeneersdev/asrobbin/braindance_data/23-11-30_cartpole/,22064,long_exp_3/long_exp_3_cartpole_long_1,s3://braingeneersdev/asrobbin/braindance_data/23-11-30_cartpole/22064/long_exp_3/long_exp_3_cartpole_long_1.raw.h5,2975,4.0,3.30868825580275,True,stim,21,True,82.0,23-11-30_cartpole,long_exp_3,False,,,,,,,,,,6A
s3://braingeneersdev/asrobbin/braindance_data/23-11-30_cartpole/,22064,long_exp_3/long_exp_3_causal,s3://braingeneersdev/asrobbin/braindance_data/23-11-30_cartpole/22064/long_exp_3/long_exp_3_causal.raw.h5,550,2.0,2.000008398607248,True,stim,21,True,82.0,23-11-30_cartpole,long_exp_3,False,,,,,,,,,,6A
s3://braingeneersdev/asrobbin/braindance_data/23-11-30_cartpole/,22064,long_exp_3/long_exp_3_cartpole_long_3,s3://braingeneersdev/asrobbin/braindance_data/23-11-30_cartpole/22064/long_exp_3/long_exp_3_cartpole_long_3.raw.h5,2146,2.0,2.3856813417767104,True,stim,21,True,82.0,23-11-30_cartpole,long_exp_3,False,,,,,,,,,,6A
s3://braingeneersdev/asrobbin/braindance_data/23-11-30_cartpole/,22064,long_exp_3/long_exp_3_cartpole_long_17,s3://braingeneersdev/asrobbin/braindance_data/23-11-30_cartpole/22064/long_exp_3/long_exp_3_cartpole_long_17.raw.h5,2395,2.0,2.6671108414595306,True,stim,21,True,82.0,23-11-30_cartpole,long_exp_3,False,,,,,,,,,,6A
s3://braingeneersdev/asrobbin/braindance_data/23-11-30_cartpole/,22064,long_exp_3/long_exp_3_cartpole_long_10,s3://braingeneersdev/asrobbin/braindance_data/23-11-30_cartpole/22064/long_exp_3/long_exp_3_cartpole_long_10.raw.h5,2725,4.0,3.0295759087969207,True,stim,21,True,82.0,23-11-30_cartpole,long_exp_3,False,,,,,,,,,,6A
s3://braingeneersdev/asrobbin/braindance_data/23-11-30_cartpole/,22064,long_exp_3/long_exp_3_cartpole_long_11,s3://braingeneersdev/asrobbin/braindance_data/23-11-30_cartpole/22064/long_exp_3/long_exp_3_cartpole_long_11.raw.h5,2444,2.0,2.7236948386835143,True,stim,21,True,82.0,23-11-30_cartpole,long_exp_3,False,,,,,,,,,,6A
s3://braingeneersdev/asrobbin/braindance_data/23-11-30_cartpole/,22064,long_exp_3/long_exp_3_cartpole_long_13,s3://braingeneersdev/asrobbin/braindance_data/23-11-30_cartpole/22064/long_exp_3/long_exp_3_cartpole_long_13.raw.h5,2513,2.0,2.7957531955503585,True,stim,21,True,82.0,23-11-30_cartpole,long_exp_3,False,,,,,,,,,,6A
s3://braingeneersdev/asrobbin/braindance_data/23-11-30_cartpole/,22064,long_exp_3/long_exp_3_cartpole_long_14,s3://braingeneersdev/asrobbin/braindance_data/23-11-30_cartpole/22064/long_exp_3/long_exp_3_cartpole_long_14.raw.h5,2376,2.0,2.642110229398983,True,stim,21,True,82.0,23-11-30_cartpole,long_exp_3,False,,,,,,,,,,6A
s3://braingeneersdev/asrobbin/braindance_data/23-11-30_cartpole/,22064,long_exp_3/long_exp_3_cartpole_long_9,s3://braingeneersdev/asrobbin/braindance_data/23-11-30_cartpole/22064/long_exp_3/long_exp_3_cartpole_long_9.raw.h5,2415,2.0,2.6862950937388597,True,stim,21,True,82.0,23-11-30_cartpole,long_exp_3,False,,,,,,,,,,6A
s3://braingeneersdev/asrobbin/braindance_data/23-11-30_cartpole/,22064,long_exp_3/long_exp_3_cartpole_long_21,s3://braingeneersdev/asrobbin/braindance_data/23-11-30_cartpole/22064/long_exp_3/long_exp_3_cartpole_long_21.raw.h5,2129,2.0,2.373334190533011,True,stim,21,True,82.0,23-11-30_cartpole,long_exp_3,False,,,,,,,,,,6A
s3://braingeneersdev/asrobbin/braindance_data/23-11-30_cartpole/,22064,long_exp_3/long_exp_3_cartpole_long_16,s3://braingeneersdev/asrobbin/braindance_data/23-11-30_cartpole/22064/long_exp_3/long_exp_3_cartpole_long_16.raw.h5,2469,2.0,2.7508558117871367,True,stim,21,True,82.0,23-11-30_cartpole,long_exp_3,False,,,,,,,,,,6A
s3://braingeneersdev/asrobbin/braindance_data/23-11-30_cartpole/,22064,long_exp_3/long_exp_3_cartpole_long_12,s3://braingeneersdev/asrobbin/braindance_data/23-11-30_cartpole/22064/long_exp_3/long_exp_3_cartpole_long_12.raw.h5,2392,2.0,2.6592134410880623,True,stim,21,True,82.0,23-11-30_cartpole,long_exp_3,False,,,,,,,,,,6A
s3://braingeneersdev/asrobbin/braindance_data/23-11-30_cartpole/,22064,long_exp_3/long_exp_3_cartpole_long_5,s3://braingeneersdev/asrobbin/braindance_data/23-11-30_cartpole/22064/long_exp_3/long_exp_3_cartpole_long_5.raw.h5,2470,2.0,2.7467180011460797,True,stim,21,True,82.0,23-11-30_cartpole,long_exp_3,False,,,,,,,,,,6A
s3://braingeneersdev/asrobbin/braindance_data/23-11-30_cartpole/,22064,long_exp_3/long_exp_3_cartpole_long_20,s3://braingeneersdev/asrobbin/braindance_data/23-11-30_cartpole/22064/long_exp_3/long_exp_3_cartpole_long_20.raw.h5,2545,2.0,2.840193996213745,True,stim,21,True,82.0,23-11-30_cartpole,long_exp_3,False,,,,,,,,,,6A
s3://braingeneersdev/asrobbin/braindance_data/23-11-30_cartpole/,22064,long_exp_3/long_exp_3_cartpole_long_7,s3://braingeneersdev/asrobbin/braindance_data/23-11-30_cartpole/22064/long_exp_3/long_exp_3_cartpole_long_7.raw.h5,2821,4.0,3.136270861068865,True,stim,21,True,82.0,23-11-30_cartpole,long_exp_3,False,,,,,,,,,,6A
s3://braingeneersdev/asrobbin/braindance_data/23-11-30_cartpole/,22064,long_exp_3/long_exp_3_cartpole_long,s3://braingeneersdev/asrobbin/braindance_data/23-11-30_cartpole/22064/long_exp_3/long_exp_3_cartpole_long.raw.h5,2392,2.0,2.667378112214064,True,stim,21,True,82.0,23-11-30_cartpole,long_exp_3,False,,,,,,,,,,6A
s3://braingeneersdev/asrobbin/braindance_data/23-11-30_cartpole/,22064,long_exp_3/long_exp_3_cartpole_long_4,s3://braingeneersdev/asrobbin/braindance_data/23-11-30_cartpole/22064/long_exp_3/long_exp_3_cartpole_long_4.raw.h5,2598,2.0,2.890259910078833,True,stim,21,True,82.0,23-11-30_cartpole,long_exp_3,False,,,,,,,,,,6A
s3://braingeneersdev/asrobbin/braindance_data/23-11-30_cartpole/,22064,long_exp_3/long_exp_3_cartpole_long_2,s3://braingeneersdev/asrobbin/braindance_data/23-11-30_cartpole/22064/long_exp_3/long_exp_3_cartpole_long_2.raw.h5,2426,2.0,2.697687153606574,True,stim,21,True,82.0,23-11-30_cartpole,long_exp_3,False,,,,,,,,,,6A
s3://braingeneersdev/asrobbin/braindance_data/23-11-30_cartpole/,22064,long_exp_3/long_exp_3_cartpole_long_8,s3://braingeneersdev/asrobbin/braindance_data/23-11-30_cartpole/22064/long_exp_3/long_exp_3_cartpole_long_8.raw.h5,2495,2.0,2.774098911073655,True,stim,21,True,82.0,23-11-30_cartpole,long_exp_3,False,,,,,,,,,,6A
s3://braingeneersdev/asrobbin/braindance_data/23-11-30_cartpole/,22064,long_exp_3/long_exp_3_cartpole_long_18,s3://braingeneersdev/asrobbin/braindance_data/23-11-30_cartpole/22064/long_exp_3/long_exp_3_cartpole_long_18.raw.h5,2412,2.0,2.682468797959334,True,stim,21,True,82.0,23-11-30_cartpole,long_exp_3,False,,,,,,,,,,6A
s3://braingeneersdev/asrobbin/braindance_data/23-11-30_cartpole/,P001515,exp1/exp1,s3://braingeneersdev/asrobbin/braindance_data/23-11-30_cartpole/P001515/exp1/exp1.raw.h5,0,0.0,,False,spontaneous,15,True,29.0,23-11-30_cartpole,exp1,True,,,,,,,,,,31A
s3://braingeneersdev/asrobbin/braindance_data/23-11-30_cartpole/,P001515,exp1/exp1_cartpole_long_9,s3://braingeneersdev/asrobbin/braindance_data/23-11-30_cartpole/P001515/exp1/exp1_cartpole_long_9.raw.h5,2098,2.0,2.334168914337474,True,stim,15,True,29.0,23-11-30_cartpole,exp1,False,,,,,,,,,,31A
s3://braingeneersdev/asrobbin/braindance_data/23-11-30_cartpole/,P001515,exp1/exp1_cartpole_long_5,s3://braingeneersdev/asrobbin/braindance_data/23-11-30_cartpole/P001515/exp1/exp1_cartpole_long_5.raw.h5,1903,2.0,2.117095995591614,True,stim,15,True,29.0,23-11-30_cartpole,exp1,False,,,,,,,,,,31A
s3://braingeneersdev/asrobbin/braindance_data/23-11-30_cartpole/,P001515,exp1/exp1_cartpole_long_14,s3://braingeneersdev/asrobbin/braindance_data/23-11-30_cartpole/P001515/exp1/exp1_cartpole_long_14.raw.h5,2069,2.0,2.3019117157175604,True,stim,15,True,29.0,23-11-30_cartpole,exp1,False,,,,,,,,,,31A
s3://braingeneersdev/asrobbin/braindance_data/23-11-30_cartpole/,P001515,exp1/exp1_causal,s3://braingeneersdev/asrobbin/braindance_data/23-11-30_cartpole/P001515/exp1/exp1_causal.raw.h5,450,2.0,2.000000407162282,True,stim,15,True,29.0,23-11-30_cartpole,exp1,False,,,,,,,,,,31A
s3://braingeneersdev/asrobbin/braindance_data/23-11-30_cartpole/,P001515,exp1/exp1_cartpole_long,s3://braingeneersdev/asrobbin/braindance_data/23-11-30_cartpole/P001515/exp1/exp1_cartpole_long.raw.h5,2247,2.0,2.5052368435984236,True,stim,15,True,29.0,23-11-30_cartpole,exp1,False,,,,,,,,,,31A
s3://braingeneersdev/asrobbin/braindance_data/23-11-30_cartpole/,P001515,exp1/exp1_cartpole_long_12,s3://braingeneersdev/asrobbin/braindance_data/23-11-30_cartpole/P001515/exp1/exp1_cartpole_long_12.raw.h5,1947,2.0,2.1656627336535217,True,stim,15,True,29.0,23-11-30_cartpole,exp1,False,,,,,,,,,,31A
s3://braingeneersdev/asrobbin/braindance_data/23-11-30_cartpole/,P001515,exp1/exp1_cartpole_long_11,s3://braingeneersdev/asrobbin/braindance_data/23-11-30_cartpole/P001515/exp1/exp1_cartpole_long_11.raw.h5,2021,2.0,2.34990820321592,True,stim,15,True,29.0,23-11-30_cartpole,exp1,False,,,,,,,,,,31A
s3://braingeneersdev/asrobbin/braindance_data/23-11-30_cartpole/,P001515,exp1/exp1_cartpole_long_15,s3://braingeneersdev/asrobbin/braindance_data/23-11-30_cartpole/P001515/exp1/exp1_cartpole_long_15.raw.h5,547,2.0,2.4024818595306514,True,stim,15,True,29.0,23-11-30_cartpole,exp1,False,,,,,,,,,,31A
s3://braingeneersdev/asrobbin/braindance_data/23-11-30_cartpole/,P001515,exp1/exp1_cartpole_long_13,s3://braingeneersdev/asrobbin/braindance_data/23-11-30_cartpole/P001515/exp1/exp1_cartpole_long_13.raw.h5,2440,2.0,2.7133998603942135,True,stim,15,True,29.0,23-11-30_cartpole,exp1,False,,,,,,,,,,31A
s3://braingeneersdev/asrobbin/braindance_data/23-11-30_cartpole/,P001515,exp1/exp1_cartpole_long_6,s3://braingeneersdev/asrobbin/braindance_data/23-11-30_cartpole/P001515/exp1/exp1_cartpole_long_6.raw.h5,2037,2.0,2.2695160996981545,True,stim,15,True,29.0,23-11-30_cartpole,exp1,False,,,,,,,,,,31A
s3://braingeneersdev/asrobbin/braindance_data/23-11-30_cartpole/,P001515,exp1/exp1_cartpole_long_2,s3://braingeneersdev/asrobbin/braindance_data/23-11-30_cartpole/P001515/exp1/exp1_cartpole_long_2.raw.h5,2375,2.0,2.640955087988181,True,stim,15,True,29.0,23-11-30_cartpole,exp1,False,,,,,,,,,,31A
s3://braingeneersdev/asrobbin/braindance_data/23-11-30_cartpole/,P001515,exp1/exp1_cartpole_long_4,s3://braingeneersdev/asrobbin/braindance_data/23-11-30_cartpole/P001515/exp1/exp1_cartpole_long_4.raw.h5,2353,2.0,2.6294253682082593,True,stim,15,True,29.0,23-11-30_cartpole,exp1,False,,,,,,,,,,31A
s3://braingeneersdev/asrobbin/braindance_data/23-11-30_cartpole/,P001515,exp1/exp1_cartpole_long_7,s3://braingeneersdev/asrobbin/braindance_data/23-11-30_cartpole/P001515/exp1/exp1_cartpole_long_7.raw.h5,2897,4.0,3.2218075318416024,True,stim,15,True,29.0,23-11-30_cartpole,exp1,False,,,,,,,,,,31A
s3://braingeneersdev/asrobbin/braindance_data/23-11-30_cartpole/,P001515,exp1/exp1_cartpole_long_3,s3://braingeneersdev/asrobbin/braindance_data/23-11-30_cartpole/P001515/exp1/exp1_cartpole_long_3.raw.h5,2265,2.0,2.519320809048382,True,stim,15,True,29.0,23-11-30_cartpole,exp1,False,,,,,,,,,,31A
s3://braingeneersdev/asrobbin/braindance_data/24-03-25_plasticity/,p001237,RL2/RL2,s3://braingeneersdev/asrobbin/braindance_data/24-03-25_plasticity/p001237/RL2/RL2.raw.h5,0,0.0,,False,spontaneous,3,True,227.0,24-03-25_plasticity,RL2,True,,,,,,,,,,32A
s3://braingeneersdev/asrobbin/braindance_data/24-03-25_plasticity/,p001237,RL2/RL2_causal,s3://braingeneersdev/asrobbin/braindance_data/24-03-25_plasticity/p001237/RL2/RL2_causal.raw.h5,1200,2.0,2.0000187615971705,True,stim,3,True,227.0,24-03-25_plasticity,RL2,False,,,,,,,,,,32A
s3://braingeneersdev/asrobbin/braindance_data/24-03-25_plasticity/,p001237,RL2/RL2_cartpole_long,s3://braingeneersdev/asrobbin/braindance_data/24-03-25_plasticity/p001237/RL2/RL2_cartpole_long.raw.h5,2389,2.0,2.666510417493721,True,stim,3,True,227.0,24-03-25_plasticity,RL2,False,,,,,,,,,,32A
s3://braingeneersdev/asrobbin/braindance_data/24-03-25_plasticity/,p001237,RL_pharma/RL_pharma_cartpole_long_11,s3://braingeneersdev/asrobbin/braindance_data/24-03-25_plasticity/p001237/RL_pharma/RL_pharma_cartpole_long_11.raw.h5,2873,4.0,3.1963644394930837,True,stim,22,True,190.0,24-03-25_plasticity,RL_pharma,False,,,,,,,,,,32A
s3://braingeneersdev/asrobbin/braindance_data/24-03-25_plasticity/,p001237,RL_pharma/RL_pharma_cartpole_long_4,s3://braingeneersdev/asrobbin/braindance_data/24-03-25_plasticity/p001237/RL_pharma/RL_pharma_cartpole_long_4.raw.h5,2594,2.0,2.8905792253847413,True,stim,22,True,190.0,24-03-25_plasticity,RL_pharma,False,,,,,,,,,,32A
s3://braingeneersdev/asrobbin/braindance_data/24-03-25_plasticity/,p001237,RL_pharma/RL_pharma_causal,s3://braingeneersdev/asrobbin/braindance_data/24-03-25_plasticity/p001237/RL_pharma/RL_pharma_causal.raw.h5,1150,2.0,2.000025449030099,True,stim,22,True,190.0,24-03-25_plasticity,RL_pharma,False,,,,,,,,,,32A
s3://braingeneersdev/asrobbin/braindance_data/24-03-25_plasticity/,p001237,RL_pharma/RL_pharma_cartpole_long_7,s3://braingeneersdev/asrobbin/braindance_data/24-03-25_plasticity/p001237/RL_pharma/RL_pharma_cartpole_long_7.raw.h5,2586,2.0,2.876727836749717,True,stim,22,True,190.0,24-03-25_plasticity,RL_pharma,False,,,,,,,,,,32A
s3://braingeneersdev/asrobbin/braindance_data/24-03-25_plasticity/,p001237,RL_pharma/RL_pharma_cartpole_long_2,s3://braingeneersdev/asrobbin/braindance_data/24-03-25_plasticity/p001237/RL_pharma/RL_pharma_cartpole_long_2.raw.h5,2537,2.0,2.8244767115666303,True,stim,22,True,190.0,24-03-25_plasticity,RL_pharma,False,,,,,,,,,,32A
s3://braingeneersdev/asrobbin/braindance_data/24-03-25_plasticity/,p001237,RL_pharma/RL_pharma_cartpole_long_16,s3://braingeneersdev/asrobbin/braindance_data/24-03-25_plasticity/p001237/RL_pharma/RL_pharma_cartpole_long_16.raw.h5,2589,2.0,2.880116660776691,True,stim,22,True,190.0,24-03-25_plasticity,RL_pharma,False,,,,,,,,,,32A
s3://braingeneersdev/asrobbin/braindance_data/24-03-25_plasticity/,p001237,RL_pharma/RL_pharma_cartpole_long_18,s3://braingeneersdev/asrobbin/braindance_data/24-03-25_plasticity/p001237/RL_pharma/RL_pharma_cartpole_long_18.raw.h5,2501,2.0,2.7844450629139423,True,stim,22,True,190.0,24-03-25_plasticity,RL_pharma,False,,,,,,,,,,32A
s3://braingeneersdev/asrobbin/braindance_data/24-03-25_plasticity/,p001237,RL_pharma/RL_pharma_cartpole_long,s3://braingeneersdev/asrobbin/braindance_data/24-03-25_plasticity/p001237/RL_pharma/RL_pharma_cartpole_long.raw.h5,1816,2.0,2.025282705330296,True,stim,22,True,190.0,24-03-25_plasticity,RL_pharma,False,,,,,,,,,,32A
s3://braingeneersdev/asrobbin/braindance_data/24-03-25_plasticity/,p001237,RL_pharma/RL_pharma_cartpole_long_1,s3://braingeneersdev/asrobbin/braindance_data/24-03-25_plasticity/p001237/RL_pharma/RL_pharma_cartpole_long_1.raw.h5,2056,2.0,2.2863384256249932,True,stim,22,True,190.0,24-03-25_plasticity,RL_pharma,False,,,,,,,,,,32A
s3://braingeneersdev/asrobbin/braindance_data/24-03-25_plasticity/,p001237,RL_pharma/RL_pharma_cartpole_long_12,s3://braingeneersdev/asrobbin/braindance_data/24-03-25_plasticity/p001237/RL_pharma/RL_pharma_cartpole_long_12.raw.h5,2683,2.0,2.9828554993782066,True,stim,22,True,190.0,24-03-25_plasticity,RL_pharma,False,,,,,,,,,,32A
s3://braingeneersdev/asrobbin/braindance_data/24-03-25_plasticity/,p001237,RL_pharma/RL_pharma_cartpole_long_14,s3://braingeneersdev/asrobbin/braindance_data/24-03-25_plasticity/p001237/RL_pharma/RL_pharma_cartpole_long_14.raw.h5,2783,4.0,3.1022053314739844,True,stim,22,True,190.0,24-03-25_plasticity,RL_pharma,False,,,,,,,,,,32A
s3://braingeneersdev/asrobbin/braindance_data/24-03-25_plasticity/,p001237,RL_pharma/RL_pharma_cartpole_long_3,s3://braingeneersdev/asrobbin/braindance_data/24-03-25_plasticity/p001237/RL_pharma/RL_pharma_cartpole_long_3.raw.h5,406,2.0,2.3973894363396635,True,stim,22,True,190.0,24-03-25_plasticity,RL_pharma,False,,,,,,,,,,32A
s3://braingeneersdev/asrobbin/braindance_data/24-03-25_plasticity/,p001237,RL_pharma/RL_pharma_cartpole_long_19,s3://braingeneersdev/asrobbin/braindance_data/24-03-25_plasticity/p001237/RL_pharma/RL_pharma_cartpole_long_19.raw.h5,379,2.0,2.255937554348352,True,stim,22,True,190.0,24-03-25_plasticity,RL_pharma,False,,,,,,,,,,32A
s3://braingeneersdev/asrobbin/braindance_data/24-03-25_plasticity/,p001237,RL_pharma/RL_pharma,s3://braingeneersdev/asrobbin/braindance_data/24-03-25_plasticity/p001237/RL_pharma/RL_pharma.raw.h5,0,0.0,,False,spontaneous,22,True,190.0,24-03-25_plasticity,RL_pharma,True,,,,,,,,,,32A
s3://braingeneersdev/asrobbin/braindance_data/24-03-25_plasticity/,p001237,RL_pharma/RL_pharma_cartpole_long_15,s3://braingeneersdev/asrobbin/braindance_data/24-03-25_plasticity/p001237/RL_pharma/RL_pharma_cartpole_long_15.raw.h5,2773,4.0,3.084021718537925,True,stim,22,True,190.0,24-03-25_plasticity,RL_pharma,False,,,,,,,,,,32A
s3://braingeneersdev/asrobbin/braindance_data/24-03-25_plasticity/,p001237,RL_pharma/RL_pharma_cartpole_long_5,s3://braingeneersdev/asrobbin/braindance_data/24-03-25_plasticity/p001237/RL_pharma/RL_pharma_cartpole_long_5.raw.h5,2528,2.0,2.8115694658452397,True,stim,22,True,190.0,24-03-25_plasticity,RL_pharma,False,,,,,,,,,,32A
s3://braingeneersdev/asrobbin/braindance_data/24-03-25_plasticity/,p001237,RL_pharma/RL_pharma_cartpole_long_6,s3://braingeneersdev/asrobbin/braindance_data/24-03-25_plasticity/p001237/RL_pharma/RL_pharma_cartpole_long_6.raw.h5,2779,4.0,3.0905887079373247,True,stim,22,True,190.0,24-03-25_plasticity,RL_pharma,False,,,,,,,,,,32A
s3://braingeneersdev/asrobbin/braindance_data/24-03-25_plasticity/,p001237,RL_pharma/RL_pharma_cartpole_long_8,s3://braingeneersdev/asrobbin/braindance_data/24-03-25_plasticity/p001237/RL_pharma/RL_pharma_cartpole_long_8.raw.h5,57,2.0,2.6172505102073935,True,stim,22,True,190.0,24-03-25_plasticity,RL_pharma,False,,,,,,,,,,32A
s3://braingeneersdev/asrobbin/braindance_data/24-03-25_plasticity/,p001237,RL_pharma/RL_pharma_cartpole_long_9,s3://braingeneersdev/asrobbin/braindance_data/24-03-25_plasticity/p001237/RL_pharma/RL_pharma_cartpole_long_9.raw.h5,2784,4.0,3.101181762780789,True,stim,22,True,190.0,24-03-25_plasticity,RL_pharma,False,,,,,,,,,,32A
s3://braingeneersdev/asrobbin/braindance_data/24-03-25_plasticity/,p001237,RL_pharma/RL_pharma_cartpole_long_17,s3://braingeneersdev/asrobbin/braindance_data/24-03-25_plasticity/p001237/RL_pharma/RL_pharma_cartpole_long_17.raw.h5,2688,2.0,2.993026956963762,True,stim,22,True,190.0,24-03-25_plasticity,RL_pharma,False,,,,,,,,,,32A
s3://braingeneersdev/asrobbin/braindance_data/24-03-25_plasticity/,p001237,RL_pharma/RL_pharma_cartpole_long_10,s3://braingeneersdev/asrobbin/braindance_data/24-03-25_plasticity/p001237/RL_pharma/RL_pharma_cartpole_long_10.raw.h5,2850,4.0,3.1682968496308668,True,stim,22,True,190.0,24-03-25_plasticity,RL_pharma,False,,,,,,,,,,32A
s3://braingeneersdev/asrobbin/braindance_data/24-03-25_plasticity/,p001237,RL_pharma/RL_pharma_cartpole_long_13,s3://braingeneersdev/asrobbin/braindance_data/24-03-25_plasticity/p001237/RL_pharma/RL_pharma_cartpole_long_13.raw.h5,2905,4.0,3.2390649188399108,True,stim,22,True,190.0,24-03-25_plasticity,RL_pharma,False,,,,,,,,,,32A
s3://braingeneersdev/asrobbin/braindance_data/24-03-25_plasticity/,p001237,exp10/exp10_cartpole_long,s3://braingeneersdev/asrobbin/braindance_data/24-03-25_plasticity/p001237/exp10/exp10_cartpole_long.raw.h5,1390,2.0,2.0140393920035633,True,stim,3,True,41.0,24-03-25_plasticity,exp10,False,,,,,,,,,,32A
s3://braingeneersdev/asrobbin/braindance_data/24-03-25_plasticity/,p001237,exp10/exp10,s3://braingeneersdev/asrobbin/braindance_data/24-03-25_plasticity/p001237/exp10/exp10.raw.h5,0,0.0,,False,spontaneous,3,True,41.0,24-03-25_plasticity,exp10,True,,,,,,,,,,32A
s3://braingeneersdev/asrobbin/braindance_data/24-03-25_plasticity/,p001237,exp10/exp10_causal,s3://braingeneersdev/asrobbin/braindance_data/24-03-25_plasticity/p001237/exp10/exp10_causal.raw.h5,750,2.0,1.9999981378496012,True,stim,3,True,41.0,24-03-25_plasticity,exp10,False,,,,,,,,,,32A
s3://braingeneersdev/asrobbin/braindance_data/24-03-25_plasticity/,p001237,exp3/exp3_cartpole_long_12,s3://braingeneersdev/asrobbin/braindance_data/24-03-25_plasticity/p001237/exp3/exp3_cartpole_long_12.raw.h5,1868,2.0,2.0783323380431784,True,stim,24,True,217.0,24-03-25_plasticity,exp3,False,,,,,,,,,,32A
s3://braingeneersdev/asrobbin/braindance_data/24-03-25_plasticity/,p001237,exp3/exp3_cartpole_long_2,s3://braingeneersdev/asrobbin/braindance_data/24-03-25_plasticity/p001237/exp3/exp3_cartpole_long_2.raw.h5,2041,2.0,2.26995918515447,True,stim,24,True,217.0,24-03-25_plasticity,exp3,False,,,,,,,,,,32A
s3://braingeneersdev/asrobbin/braindance_data/24-03-25_plasticity/,p001237,exp3/exp3_cartpole_long_21,s3://braingeneersdev/asrobbin/braindance_data/24-03-25_plasticity/p001237/exp3/exp3_cartpole_long_21.raw.h5,2316,2.0,2.5810205434013045,True,stim,24,True,217.0,24-03-25_plasticity,exp3,False,,,,,,,,,,32A
s3://braingeneersdev/asrobbin/braindance_data/24-03-25_plasticity/,p001237,exp3/exp3_causal,s3://braingeneersdev/asrobbin/braindance_data/24-03-25_plasticity/p001237/exp3/exp3_causal.raw.h5,1350,2.0,2.000014724637267,True,stim,24,True,217.0,24-03-25_plasticity,exp3,False,,,,,,,,,,32A
s3://braingeneersdev/asrobbin/braindance_data/24-03-25_plasticity/,p001237,exp3/exp3_cartpole_long_4,s3://braingeneersdev/asrobbin/braindance_data/24-03-25_plasticity/p001237/exp3/exp3_cartpole_long_4.raw.h5,1983,2.0,2.209437126282288,True,stim,24,True,217.0,24-03-25_plasticity,exp3,False,,,,,,,,,,32A
s3://braingeneersdev/asrobbin/braindance_data/24-03-25_plasticity/,p001237,exp3/exp3_cartpole_long_7,s3://braingeneersdev/asrobbin/braindance_data/24-03-25_plasticity/p001237/exp3/exp3_cartpole_long_7.raw.h5,2223,2.0,2.4747748784791344,True,stim,24,True,217.0,24-03-25_plasticity,exp3,False,,,,,,,,,,32A
s3://braingeneersdev/asrobbin/braindance_data/24-03-25_plasticity/,p001237,exp3/exp3_cartpole_long_9,s3://braingeneersdev/asrobbin/braindance_data/24-03-25_plasticity/p001237/exp3/exp3_cartpole_long_9.raw.h5,2208,2.0,2.4625321241088973,True,stim,24,True,217.0,24-03-25_plasticity,exp3,False,,,,,,,,,,32A
s3://braingeneersdev/asrobbin/braindance_data/24-03-25_plasticity/,p001237,exp3/exp3_cartpole_long_17,s3://braingeneersdev/asrobbin/braindance_data/24-03-25_plasticity/p001237/exp3/exp3_cartpole_long_17.raw.h5,2138,2.0,2.378294051243776,True,stim,24,True,217.0,24-03-25_plasticity,exp3,False,,,,,,,,,,32A
s3://braingeneersdev/asrobbin/braindance_data/24-03-25_plasticity/,p001237,exp3/exp3_cartpole_long_13,s3://braingeneersdev/asrobbin/braindance_data/24-03-25_plasticity/p001237/exp3/exp3_cartpole_long_13.raw.h5,2208,2.0,2.461342643655649,True,stim,24,True,217.0,24-03-25_plasticity,exp3,False,,,,,,,,,,32A
s3://braingeneersdev/asrobbin/braindance_data/24-03-25_plasticity/,p001237,exp3/exp3_cartpole_long_19,s3://braingeneersdev/asrobbin/braindance_data/24-03-25_plasticity/p001237/exp3/exp3_cartpole_long_19.raw.h5,2221,2.0,2.471339457711746,True,stim,24,True,217.0,24-03-25_plasticity,exp3,False,,,,,,,,,,32A
s3://braingeneersdev/asrobbin/braindance_data/24-03-25_plasticity/,p001237,exp3/exp3_cartpole_long_16,s3://braingeneersdev/asrobbin/braindance_data/24-03-25_plasticity/p001237/exp3/exp3_cartpole_long_16.raw.h5,1746,2.0,1.944812160542784,True,stim,24,True,217.0,24-03-25_plasticity,exp3,False,,,,,,,,,,32A
s3://braingeneersdev/asrobbin/braindance_data/24-03-25_plasticity/,p001237,exp3/exp3_cartpole_long_14,s3://braingeneersdev/asrobbin/braindance_data/24-03-25_plasticity/p001237/exp3/exp3_cartpole_long_14.raw.h5,1891,2.0,2.1029225461858108,True,stim,24,True,217.0,24-03-25_plasticity,exp3,False,,,,,,,,,,32A
s3://braingeneersdev/asrobbin/braindance_data/24-03-25_plasticity/,p001237,exp3/exp3_cartpole_long_5,s3://braingeneersdev/asrobbin/braindance_data/24-03-25_plasticity/p001237/exp3/exp3_cartpole_long_5.raw.h5,2338,2.0,2.601047080857853,True,stim,24,True,217.0,24-03-25_plasticity,exp3,False,,,,,,,,,,32A
s3://braingeneersdev/asrobbin/braindance_data/24-03-25_plasticity/,p001237,exp3/exp3_cartpole_long_10,s3://braingeneersdev/asrobbin/braindance_data/24-03-25_plasticity/p001237/exp3/exp3_cartpole_long_10.raw.h5,1977,2.0,2.199092009334392,True,stim,24,True,217.0,24-03-25_plasticity,exp3,False,,,,,,,,,,32A
s3://braingeneersdev/asrobbin/braindance_data/24-03-25_plasticity/,p001237,exp3/exp3_cartpole_long_18,s3://braingeneersdev/asrobbin/braindance_data/24-03-25_plasticity/p001237/exp3/exp3_cartpole_long_18.raw.h5,1661,2.0,1.854214513010148,True,stim,24,True,217.0,24-03-25_plasticity,exp3,False,,,,,,,,,,32A
s3://braingeneersdev/asrobbin/braindance_data/24-03-25_plasticity/,p001237,exp3/exp3_cartpole_long,s3://braingeneersdev/asrobbin/braindance_data/24-03-25_plasticity/p001237/exp3/exp3_cartpole_long.raw.h5,4518,4.0,5.035501800581928,True,stim,24,True,217.0,24-03-25_plasticity,exp3,False,,,,,,,,,,32A
s3://braingeneersdev/asrobbin/braindance_data/24-03-25_plasticity/,p001237,exp3/exp3_cartpole_long_11,s3://braingeneersdev/asrobbin/braindance_data/24-03-25_plasticity/p001237/exp3/exp3_cartpole_long_11.raw.h5,2247,2.0,2.4995482551142754,True,stim,24,True,217.0,24-03-25_plasticity,exp3,False,,,,,,,,,,32A
s3://braingeneersdev/asrobbin/braindance_data/24-03-25_plasticity/,p001237,exp3/exp3_cartpole_long_1,s3://braingeneersdev/asrobbin/braindance_data/24-03-25_plasticity/p001237/exp3/exp3_cartpole_long_1.raw.h5,2179,2.0,2.426936388378146,True,stim,24,True,217.0,24-03-25_plasticity,exp3,False,,,,,,,,,,32A
s3://braingeneersdev/asrobbin/braindance_data/24-03-25_plasticity/,p001237,exp3/exp3_cartpole_long_20,s3://braingeneersdev/asrobbin/braindance_data/24-03-25_plasticity/p001237/exp3/exp3_cartpole_long_20.raw.h5,1832,2.0,2.037705125099773,True,stim,24,True,217.0,24-03-25_plasticity,exp3,False,,,,,,,,,,32A
s3://braingeneersdev/asrobbin/braindance_data/24-03-25_plasticity/,p001237,exp3/exp3,s3://braingeneersdev/asrobbin/braindance_data/24-03-25_plasticity/p001237/exp3/exp3.raw.h5,0,0.0,,False,spontaneous,24,True,217.0,24-03-25_plasticity,exp3,True,,,,,,,,,,32A
s3://braingeneersdev/asrobbin/braindance_data/24-03-25_plasticity/,p001237,exp3/exp3_cartpole_long_8,s3://braingeneersdev/asrobbin/braindance_data/24-03-25_plasticity/p001237/exp3/exp3_cartpole_long_8.raw.h5,1907,2.0,2.1271003604404295,True,stim,24,True,217.0,24-03-25_plasticity,exp3,False,,,,,,,,,,32A
s3://braingeneersdev/asrobbin/braindance_data/24-03-25_plasticity/,p001237,exp3/exp3_cartpole_long_6,s3://braingeneersdev/asrobbin/braindance_data/24-03-25_plasticity/p001237/exp3/exp3_cartpole_long_6.raw.h5,1773,2.0,1.9727134425919208,True,stim,24,True,217.0,24-03-25_plasticity,exp3,False,,,,,,,,,,32A
s3://braingeneersdev/asrobbin/braindance_data/24-03-25_plasticity/,p001237,exp3/exp3_cartpole_long_3,s3://braingeneersdev/asrobbin/braindance_data/24-03-25_plasticity/p001237/exp3/exp3_cartpole_long_3.raw.h5,2456,2.0,2.731995089944448,True,stim,24,True,217.0,24-03-25_plasticity,exp3,False,,,,,,,,,,32A
s3://braingeneersdev/asrobbin/braindance_data/24-03-25_plasticity/,p001237,exp3/exp3_cartpole_long_15,s3://braingeneersdev/asrobbin/braindance_data/24-03-25_plasticity/p001237/exp3/exp3_cartpole_long_15.raw.h5,2150,2.0,2.3954934681247724,True,stim,24,True,217.0,24-03-25_plasticity,exp3,False,,,,,,,,,,32A
s3://braingeneersdev/asrobbin/braindance_data/24-03-25_plasticity/,p001237,exp4/exp4_cartpole_long_1,s3://braingeneersdev/asrobbin/braindance_data/24-03-25_plasticity/p001237/exp4/exp4_cartpole_long_1.raw.h5,1441,2.0,1.6024002636568977,True,stim,19,True,147.0,24-03-25_plasticity,exp4,False,,,,,,,,,,32A
s3://braingeneersdev/asrobbin/braindance_data/24-03-25_plasticity/,p001237,exp4/exp4_cartpole_long_4,s3://braingeneersdev/asrobbin/braindance_data/24-03-25_plasticity/p001237/exp4/exp4_cartpole_long_4.raw.h5,1416,2.0,1.575393131955812,True,stim,19,True,147.0,24-03-25_plasticity,exp4,False,,,,,,,,,,32A
s3://braingeneersdev/asrobbin/braindance_data/24-03-25_plasticity/,p001237,exp4/exp4_cartpole_long_13,s3://braingeneersdev/asrobbin/braindance_data/24-03-25_plasticity/p001237/exp4/exp4_cartpole_long_13.raw.h5,1468,2.0,1.6371794415352017,True,stim,19,True,147.0,24-03-25_plasticity,exp4,False,,,,,,,,,,32A
s3://braingeneersdev/asrobbin/braindance_data/24-03-25_plasticity/,p001237,exp4/exp4_cartpole_long_6,s3://braingeneersdev/asrobbin/braindance_data/24-03-25_plasticity/p001237/exp4/exp4_cartpole_long_6.raw.h5,1795,2.0,1.9968825966318484,True,stim,19,True,147.0,24-03-25_plasticity,exp4,False,,,,,,,,,,32A
s3://braingeneersdev/asrobbin/braindance_data/24-03-25_plasticity/,p001237,exp4/exp4_cartpole_long_11,s3://braingeneersdev/asrobbin/braindance_data/24-03-25_plasticity/p001237/exp4/exp4_cartpole_long_11.raw.h5,1433,2.0,1.5955314376114746,True,stim,19,True,147.0,24-03-25_plasticity,exp4,False,,,,,,,,,,32A
s3://braingeneersdev/asrobbin/braindance_data/24-03-25_plasticity/,p001237,exp4/exp4_cartpole_long,s3://braingeneersdev/asrobbin/braindance_data/24-03-25_plasticity/p001237/exp4/exp4_cartpole_long.raw.h5,1986,2.0,2.2109299618999723,True,stim,19,True,147.0,24-03-25_plasticity,exp4,False,,,,,,,,,,32A
s3://braingeneersdev/asrobbin/braindance_data/24-03-25_plasticity/,p001237,exp4/exp4_cartpole_long_2,s3://braingeneersdev/asrobbin/braindance_data/24-03-25_plasticity/p001237/exp4/exp4_cartpole_long_2.raw.h5,1433,2.0,1.5967905354306615,True,stim,19,True,147.0,24-03-25_plasticity,exp4,False,,,,,,,,,,32A
s3://braingeneersdev/asrobbin/braindance_data/24-03-25_plasticity/,p001237,exp4/exp4_causal,s3://braingeneersdev/asrobbin/braindance_data/24-03-25_plasticity/p001237/exp4/exp4_causal.raw.h5,1150,2.0,2.0000198576696575,True,stim,19,True,147.0,24-03-25_plasticity,exp4,False,,,,,,,,,,32A
s3://braingeneersdev/asrobbin/braindance_data/24-03-25_plasticity/,p001237,exp4/exp4,s3://braingeneersdev/asrobbin/braindance_data/24-03-25_plasticity/p001237/exp4/exp4.raw.h5,0,0.0,,False,spontaneous,19,True,147.0,24-03-25_plasticity,exp4,True,,,,,,,,,,32A
s3://braingeneersdev/asrobbin/braindance_data/24-03-25_plasticity/,p001237,exp4/exp4_cartpole_long_3,s3://braingeneersdev/asrobbin/braindance_data/24-03-25_plasticity/p001237/exp4/exp4_cartpole_long_3.raw.h5,1822,2.0,2.0262780080315896,True,stim,19,True,147.0,24-03-25_plasticity,exp4,False,,,,,,,,,,32A
s3://braingeneersdev/asrobbin/braindance_data/24-03-25_plasticity/,p001237,exp4/exp4_cartpole_long_5,s3://braingeneersdev/asrobbin/braindance_data/24-03-25_plasticity/p001237/exp4/exp4_cartpole_long_5.raw.h5,1421,2.0,1.581628113524946,True,stim,19,True,147.0,24-03-25_plasticity,exp4,False,,,,,,,,,,32A
s3://braingeneersdev/asrobbin/braindance_data/24-03-25_plasticity/,p001237,exp4/exp4_cartpole_long_7,s3://braingeneersdev/asrobbin/braindance_data/24-03-25_plasticity/p001237/exp4/exp4_cartpole_long_7.raw.h5,1410,2.0,1.5702357681101395,True,stim,19,True,147.0,24-03-25_plasticity,exp4,False,,,,,,,,,,32A
s3://braingeneersdev/asrobbin/braindance_data/24-03-25_plasticity/,p001237,exp4/exp4_cartpole_long_14,s3://braingeneersdev/asrobbin/braindance_data/24-03-25_plasticity/p001237/exp4/exp4_cartpole_long_14.raw.h5,1497,2.0,1.667134294998387,True,stim,19,True,147.0,24-03-25_plasticity,exp4,False,,,,,,,,,,32A
s3://braingeneersdev/asrobbin/braindance_data/24-03-25_plasticity/,p001237,exp4/exp4_cartpole_long_9,s3://braingeneersdev/asrobbin/braindance_data/24-03-25_plasticity/p001237/exp4/exp4_cartpole_long_9.raw.h5,1809,2.0,2.020349849965494,True,stim,19,True,147.0,24-03-25_plasticity,exp4,False,,,,,,,,,,32A
s3://braingeneersdev/asrobbin/braindance_data/24-03-25_plasticity/,p001237,exp4/exp4_cartpole_long_12,s3://braingeneersdev/asrobbin/braindance_data/24-03-25_plasticity/p001237/exp4/exp4_cartpole_long_12.raw.h5,1848,2.0,2.0604169512888246,True,stim,19,True,147.0,24-03-25_plasticity,exp4,False,,,,,,,,,,32A
s3://braingeneersdev/asrobbin/braindance_data/24-03-25_plasticity/,p001237,exp4/exp4_cartpole_long_8,s3://braingeneersdev/asrobbin/braindance_data/24-03-25_plasticity/p001237/exp4/exp4_cartpole_long_8.raw.h5,1453,2.0,1.6192932070631465,True,stim,19,True,147.0,24-03-25_plasticity,exp4,False,,,,,,,,,,32A
s3://braingeneersdev/asrobbin/braindance_data/24-03-25_plasticity/,p001237,exp4/exp4_cartpole_long_15,s3://braingeneersdev/asrobbin/braindance_data/24-03-25_plasticity/p001237/exp4/exp4_cartpole_long_15.raw.h5,1806,2.0,2.0132941676087808,True,stim,19,True,147.0,24-03-25_plasticity,exp4,False,,,,,,,,,,32A
s3://braingeneersdev/asrobbin/braindance_data/24-03-25_plasticity/,p001237,exp4/exp4_cartpole_long_16,s3://braingeneersdev/asrobbin/braindance_data/24-03-25_plasticity/p001237/exp4/exp4_cartpole_long_16.raw.h5,1413,2.0,1.5776422945872004,True,stim,19,True,147.0,24-03-25_plasticity,exp4,False,,,,,,,,,,32A
s3://braingeneersdev/asrobbin/braindance_data/24-03-25_plasticity/,p001237,exp4/exp4_cartpole_long_10,s3://braingeneersdev/asrobbin/braindance_data/24-03-25_plasticity/p001237/exp4/exp4_cartpole_long_10.raw.h5,1443,2.0,1.6060910950731386,True,stim,19,True,147.0,24-03-25_plasticity,exp4,False,,,,,,,,,,32A
s3://braingeneersdev/asrobbin/braindance_data/24-03-25_plasticity/,p001237,exp5/exp5_cartpole_F_6,s3://braingeneersdev/asrobbin/braindance_data/24-03-25_plasticity/p001237/exp5/exp5_cartpole_F_6.raw.h5,4358,4.0,4.066076769871547,True,stim,9,True,155.0,24-03-25_plasticity,exp5,False,,,,,,,,,,32A
s3://braingeneersdev/asrobbin/braindance_data/24-03-25_plasticity/,p001237,exp5/exp5_cartpole_F_2,s3://braingeneersdev/asrobbin/braindance_data/24-03-25_plasticity/p001237/exp5/exp5_cartpole_F_2.raw.h5,2790,4.0,4.611598107458128,True,stim,9,True,155.0,24-03-25_plasticity,exp5,False,,,,,,,,,,32A
s3://braingeneersdev/asrobbin/braindance_data/24-03-25_plasticity/,p001237,exp5/exp5_cartpole_F_4,s3://braingeneersdev/asrobbin/braindance_data/24-03-25_plasticity/p001237/exp5/exp5_cartpole_F_4.raw.h5,3737,4.0,4.262084524911836,True,stim,9,True,155.0,24-03-25_plasticity,exp5,False,,,,,,,,,,32A
s3://braingeneersdev/asrobbin/braindance_data/24-03-25_plasticity/,p001237,exp5/exp5_causal,s3://braingeneersdev/asrobbin/braindance_data/24-03-25_plasticity/p001237/exp5/exp5_causal.raw.h5,1350,2.0,2.0000230727466985,True,stim,9,True,155.0,24-03-25_plasticity,exp5,False,,,,,,,,,,32A
s3://braingeneersdev/asrobbin/braindance_data/24-03-25_plasticity/,p001237,exp5/exp5_cartpole_F_3,s3://braingeneersdev/asrobbin/braindance_data/24-03-25_plasticity/p001237/exp5/exp5_cartpole_F_3.raw.h5,3072,4.0,4.41954682420618,True,stim,9,True,155.0,24-03-25_plasticity,exp5,False,,,,,,,,,,32A
s3://braingeneersdev/asrobbin/braindance_data/24-03-25_plasticity/,p001237,exp5/exp5_cartpole_F,s3://braingeneersdev/asrobbin/braindance_data/24-03-25_plasticity/p001237/exp5/exp5_cartpole_F.raw.h5,5956,4.0,3.9799185337107423,True,stim,9,True,155.0,24-03-25_plasticity,exp5,False,,,,,,,,,,32A
s3://braingeneersdev/asrobbin/braindance_data/24-03-25_plasticity/,p001237,exp5/exp5,s3://braingeneersdev/asrobbin/braindance_data/24-03-25_plasticity/p001237/exp5/exp5.raw.h5,0,0.0,,False,spontaneous,9,True,155.0,24-03-25_plasticity,exp5,True,,,,,,,,,,32A
s3://braingeneersdev/asrobbin/braindance_data/24-03-25_plasticity/,p001237,exp5/exp5_cartpole_F_1,s3://braingeneersdev/asrobbin/braindance_data/24-03-25_plasticity/p001237/exp5/exp5_cartpole_F_1.raw.h5,2698,4.0,4.597947120892086,True,stim,9,True,155.0,24-03-25_plasticity,exp5,False,,,,,,,,,,32A
s3://braingeneersdev/asrobbin/braindance_data/24-03-25_plasticity/,p001237,exp5/exp5_cartpole_F_5,s3://braingeneersdev/asrobbin/braindance_data/24-03-25_plasticity/p001237/exp5/exp5_cartpole_F_5.raw.h5,3354,4.0,4.384496063050931,True,stim,9,True,155.0,24-03-25_plasticity,exp5,False,,,,,,,,,,32A
s3://braingeneersdev/asrobbin/braindance_data/24-03-25_plasticity/,p001237,exp6/exp6_cartpole_long,s3://braingeneersdev/asrobbin/braindance_data/24-03-25_plasticity/p001237/exp6/exp6_cartpole_long.raw.h5,1333,2.0,2.189695441304576,True,stim,15,True,159.0,24-03-25_plasticity,exp6,False,,,,,,,,,,32A
s3://braingeneersdev/asrobbin/braindance_data/24-03-25_plasticity/,p001237,exp6/exp6_causal_1,s3://braingeneersdev/asrobbin/braindance_data/24-03-25_plasticity/p001237/exp6/exp6_causal_1.raw.h5,850,2.0,2.0000029239241837,True,stim,15,True,159.0,24-03-25_plasticity,exp6,False,,,,,,,,,,32A
s3://braingeneersdev/asrobbin/braindance_data/24-03-25_plasticity/,p001237,exp6/exp6_cartpole_long_1,s3://braingeneersdev/asrobbin/braindance_data/24-03-25_plasticity/p001237/exp6/exp6_cartpole_long_1.raw.h5,2017,2.0,2.246188520406316,True,stim,15,True,159.0,24-03-25_plasticity,exp6,False,,,,,,,,,,32A
s3://braingeneersdev/asrobbin/braindance_data/24-03-25_plasticity/,p001237,exp6/exp6_cartpole_long_3,s3://braingeneersdev/asrobbin/braindance_data/24-03-25_plasticity/p001237/exp6/exp6_cartpole_long_3.raw.h5,5023,4.0,5.597396841075947,True,stim,15,True,159.0,24-03-25_plasticity,exp6,False,,,,,,,,,,32A
s3://braingeneersdev/asrobbin/braindance_data/24-03-25_plasticity/,p001237,exp6/exp6_cartpole_long_5,s3://braingeneersdev/asrobbin/braindance_data/24-03-25_plasticity/p001237/exp6/exp6_cartpole_long_5.raw.h5,2597,2.0,2.8865647984051064,True,stim,15,True,159.0,24-03-25_plasticity,exp6,False,,,,,,,,,,32A
s3://braingeneersdev/asrobbin/braindance_data/24-03-25_plasticity/,p001237,exp6/exp6_cartpole_long_6,s3://braingeneersdev/asrobbin/braindance_data/24-03-25_plasticity/p001237/exp6/exp6_cartpole_long_6.raw.h5,2812,4.0,3.1266796252448863,True,stim,15,True,159.0,24-03-25_plasticity,exp6,False,,,,,,,,,,32A
s3://braingeneersdev/asrobbin/braindance_data/24-03-25_plasticity/,p001237,exp6/exp6_cartpole_long_7,s3://braingeneersdev/asrobbin/braindance_data/24-03-25_plasticity/p001237/exp6/exp6_cartpole_long_7.raw.h5,2715,4.0,3.018427534798508,True,stim,15,True,159.0,24-03-25_plasticity,exp6,False,,,,,,,,,,32A
s3://braingeneersdev/asrobbin/braindance_data/24-03-25_plasticity/,p001237,exp6/exp6_cartpole_long_8,s3://braingeneersdev/asrobbin/braindance_data/24-03-25_plasticity/p001237/exp6/exp6_cartpole_long_8.raw.h5,2566,2.0,2.852446676968146,True,stim,15,True,159.0,24-03-25_plasticity,exp6,False,,,,,,,,,,32A
s3://braingeneersdev/asrobbin/braindance_data/24-03-25_plasticity/,p001237,exp6/exp6_cartpole_long_9,s3://braingeneersdev/asrobbin/braindance_data/24-03-25_plasticity/p001237/exp6/exp6_cartpole_long_9.raw.h5,2759,4.0,3.0698264758155456,True,stim,15,True,159.0,24-03-25_plasticity,exp6,False,,,,,,,,,,32A
s3://braingeneersdev/asrobbin/braindance_data/24-03-25_plasticity/,p001237,exp6/exp6_cartpole_long_10,s3://braingeneersdev/asrobbin/braindance_data/24-03-25_plasticity/p001237/exp6/exp6_cartpole_long_10.raw.h5,2666,2.0,2.9645468484146194,True,stim,15,True,159.0,24-03-25_plasticity,exp6,False,,,,,,,,,,32A
s3://braingeneersdev/asrobbin/braindance_data/24-03-25_plasticity/,p001237,exp6/exp6,s3://braingeneersdev/asrobbin/braindance_data/24-03-25_plasticity/p001237/exp6/exp6.raw.h5,0,0.0,,False,spontaneous,15,True,159.0,24-03-25_plasticity,exp6,True,,,,,,,,,,32A
s3://braingeneersdev/asrobbin/braindance_data/24-03-25_plasticity/,p001237,exp6/exp6_cartpole_long_4,s3://braingeneersdev/asrobbin/braindance_data/24-03-25_plasticity/p001237/exp6/exp6_cartpole_long_4.raw.h5,2622,2.0,2.9149242619573803,True,stim,15,True,159.0,24-03-25_plasticity,exp6,False,,,,,,,,,,32A
s3://braingeneersdev/asrobbin/braindance_data/24-03-25_plasticity/,p001237,exp6/exp6_causal,s3://braingeneersdev/asrobbin/braindance_data/24-03-25_plasticity/p001237/exp6/exp6_causal.raw.h5,1400,2.0,2.000014048358863,True,stim,15,True,159.0,24-03-25_plasticity,exp6,False,,,,,,,,,,32A
s3://braingeneersdev/asrobbin/braindance_data/24-03-25_plasticity/,p001237,exp6/exp6_cartpole_long_2,s3://braingeneersdev/asrobbin/braindance_data/24-03-25_plasticity/p001237/exp6/exp6_cartpole_long_2.raw.h5,119,2.0,1.7470773333396217,True,stim,15,True,159.0,24-03-25_plasticity,exp6,False,,,,,,,,,,32A
s3://braingeneersdev/asrobbin/braindance_data/24-03-25_plasticity/,p001237,exp7/exp7_cartpole_long_1,s3://braingeneersdev/asrobbin/braindance_data/24-03-25_plasticity/p001237/exp7/exp7_cartpole_long_1.raw.h5,2006,2.0,2.231703765051836,True,stim,6,True,110.0,24-03-25_plasticity,exp7,False,,,,,,,,,,32A
s3://braingeneersdev/asrobbin/braindance_data/24-03-25_plasticity/,p001237,exp7/exp7_causal,s3://braingeneersdev/asrobbin/braindance_data/24-03-25_plasticity/p001237/exp7/exp7_causal.raw.h5,1350,2.0,2.0000014304621,True,stim,6,True,110.0,24-03-25_plasticity,exp7,False,,,,,,,,,,32A
s3://braingeneersdev/asrobbin/braindance_data/24-03-25_plasticity/,p001237,exp7/exp7_cartpole_long_3,s3://braingeneersdev/asrobbin/braindance_data/24-03-25_plasticity/p001237/exp7/exp7_cartpole_long_3.raw.h5,2367,2.0,2.980962103302124,True,stim,6,True,110.0,24-03-25_plasticity,exp7,False,,,,,,,,,,32A
s3://braingeneersdev/asrobbin/braindance_data/24-03-25_plasticity/,p001237,exp7/exp7_cartpole_long,s3://braingeneersdev/asrobbin/braindance_data/24-03-25_plasticity/p001237/exp7/exp7_cartpole_long.raw.h5,2143,2.0,2.386681169658358,True,stim,6,True,110.0,24-03-25_plasticity,exp7,False,,,,,,,,,,32A
s3://braingeneersdev/asrobbin/braindance_data/24-03-25_plasticity/,p001237,exp7/exp7_cartpole_long_2,s3://braingeneersdev/asrobbin/braindance_data/24-03-25_plasticity/p001237/exp7/exp7_cartpole_long_2.raw.h5,163,2.0,2.1931939786432753,True,stim,6,True,110.0,24-03-25_plasticity,exp7,False,,,,,,,,,,32A
s3://braingeneersdev/asrobbin/braindance_data/24-03-25_plasticity/,p001237,exp7/exp7,s3://braingeneersdev/asrobbin/braindance_data/24-03-25_plasticity/p001237/exp7/exp7.raw.h5,0,0.0,,False,spontaneous,6,True,110.0,24-03-25_plasticity,exp7,True,,,,,,,,,,32A
s3://braingeneersdev/asrobbin/braindance_data/24-03-25_plasticity/,p001237,exp8/exp8_causal,s3://braingeneersdev/asrobbin/braindance_data/24-03-25_plasticity/p001237/exp8/exp8_causal.raw.h5,1300,2.0,2.000015270475313,True,stim,17,True,131.0,24-03-25_plasticity,exp8,False,,,,,,,,,,32A
s3://braingeneersdev/asrobbin/braindance_data/24-03-25_plasticity/,p001237,exp8/exp8_cartpole_long_10,s3://braingeneersdev/asrobbin/braindance_data/24-03-25_plasticity/p001237/exp8/exp8_cartpole_long_10.raw.h5,2125,2.0,2.3704540948631623,True,stim,17,True,131.0,24-03-25_plasticity,exp8,False,,,,,,,,,,32A
s3://braingeneersdev/asrobbin/braindance_data/24-03-25_plasticity/,p001237,exp8/exp8_cartpole_long,s3://braingeneersdev/asrobbin/braindance_data/24-03-25_plasticity/p001237/exp8/exp8_cartpole_long.raw.h5,1987,2.0,2.2197596186906834,True,stim,17,True,131.0,24-03-25_plasticity,exp8,False,,,,,,,,,,32A
s3://braingeneersdev/asrobbin/braindance_data/24-03-25_plasticity/,p001237,exp8/exp8_cartpole_long_4,s3://braingeneersdev/asrobbin/braindance_data/24-03-25_plasticity/p001237/exp8/exp8_cartpole_long_4.raw.h5,2311,2.0,2.576384360111881,True,stim,17,True,131.0,24-03-25_plasticity,exp8,False,,,,,,,,,,32A
s3://braingeneersdev/asrobbin/braindance_data/24-03-25_plasticity/,p001237,exp8/exp8_cartpole_long_6,s3://braingeneersdev/asrobbin/braindance_data/24-03-25_plasticity/p001237/exp8/exp8_cartpole_long_6.raw.h5,1831,2.0,2.036654401511358,True,stim,17,True,131.0,24-03-25_plasticity,exp8,False,,,,,,,,,,32A
s3://braingeneersdev/asrobbin/braindance_data/24-03-25_plasticity/,p001237,exp8/exp8_cartpole_long_7,s3://braingeneersdev/asrobbin/braindance_data/24-03-25_plasticity/p001237/exp8/exp8_cartpole_long_7.raw.h5,2465,2.0,2.7423439436102997,True,stim,17,True,131.0,24-03-25_plasticity,exp8,False,,,,,,,,,,32A
s3://braingeneersdev/asrobbin/braindance_data/24-03-25_plasticity/,p001237,exp8/exp8_cartpole_long_5,s3://braingeneersdev/asrobbin/braindance_data/24-03-25_plasticity/p001237/exp8/exp8_cartpole_long_5.raw.h5,2043,2.0,2.272380550506272,True,stim,17,True,131.0,24-03-25_plasticity,exp8,False,,,,,,,,,,32A
s3://braingeneersdev/asrobbin/braindance_data/24-03-25_plasticity/,p001237,exp8/exp8_cartpole_long_1,s3://braingeneersdev/asrobbin/braindance_data/24-03-25_plasticity/p001237/exp8/exp8_cartpole_long_1.raw.h5,2247,2.0,2.504883786444751,True,stim,17,True,131.0,24-03-25_plasticity,exp8,False,,,,,,,,,,32A
s3://braingeneersdev/asrobbin/braindance_data/24-03-25_plasticity/,p001237,exp8/exp8_cartpole_long_11,s3://braingeneersdev/asrobbin/braindance_data/24-03-25_plasticity/p001237/exp8/exp8_cartpole_long_11.raw.h5,2130,2.0,2.3686308698983094,True,stim,17,True,131.0,24-03-25_plasticity,exp8,False,,,,,,,,,,32A
s3://braingeneersdev/asrobbin/braindance_data/24-03-25_plasticity/,p001237,exp8/exp8_cartpole_long_13,s3://braingeneersdev/asrobbin/braindance_data/24-03-25_plasticity/p001237/exp8/exp8_cartpole_long_13.raw.h5,2339,2.0,2.6008910619407173,True,stim,17,True,131.0,24-03-25_plasticity,exp8,False,,,,,,,,,,32A
s3://braingeneersdev/asrobbin/braindance_data/24-03-25_plasticity/,p001237,exp8/exp8_cartpole_long_8,s3://braingeneersdev/asrobbin/braindance_data/24-03-25_plasticity/p001237/exp8/exp8_cartpole_long_8.raw.h5,2145,2.0,2.387355931486686,True,stim,17,True,131.0,24-03-25_plasticity,exp8,False,,,,,,,,,,32A
s3://braingeneersdev/asrobbin/braindance_data/24-03-25_plasticity/,p001237,exp8/exp8,s3://braingeneersdev/asrobbin/braindance_data/24-03-25_plasticity/p001237/exp8/exp8.raw.h5,0,0.0,,False,spontaneous,17,True,131.0,24-03-25_plasticity,exp8,True,,,,,,,,,,32A
s3://braingeneersdev/asrobbin/braindance_data/24-03-25_plasticity/,p001237,exp8/exp8_cartpole_long_2,s3://braingeneersdev/asrobbin/braindance_data/24-03-25_plasticity/p001237/exp8/exp8_cartpole_long_2.raw.h5,2073,2.0,2.3052242431369314,True,stim,17,True,131.0,24-03-25_plasticity,exp8,False,,,,,,,,,,32A
s3://braingeneersdev/asrobbin/braindance_data/24-03-25_plasticity/,p001237,exp8/exp8_cartpole_long_9,s3://braingeneersdev/asrobbin/braindance_data/24-03-25_plasticity/p001237/exp8/exp8_cartpole_long_9.raw.h5,1640,2.0,1.8252829486850897,True,stim,17,True,131.0,24-03-25_plasticity,exp8,False,,,,,,,,,,32A
s3://braingeneersdev/asrobbin/braindance_data/24-03-25_plasticity/,p001237,exp8/exp8_cartpole_long_14,s3://braingeneersdev/asrobbin/braindance_data/24-03-25_plasticity/p001237/exp8/exp8_cartpole_long_14.raw.h5,2183,2.0,2.428570436926141,True,stim,17,True,131.0,24-03-25_plasticity,exp8,False,,,,,,,,,,32A
s3://braingeneersdev/asrobbin/braindance_data/24-03-25_plasticity/,p001237,exp8/exp8_cartpole_long_12,s3://braingeneersdev/asrobbin/braindance_data/24-03-25_plasticity/p001237/exp8/exp8_cartpole_long_12.raw.h5,1737,2.0,1.9365627723769712,True,stim,17,True,131.0,24-03-25_plasticity,exp8,False,,,,,,,,,,32A
s3://braingeneersdev/asrobbin/braindance_data/24-03-25_plasticity/,p001237,exp8/exp8_cartpole_long_3,s3://braingeneersdev/asrobbin/braindance_data/24-03-25_plasticity/p001237/exp8/exp8_cartpole_long_3.raw.h5,1772,2.0,1.9704239112704944,True,stim,17,True,131.0,24-03-25_plasticity,exp8,False,,,,,,,,,,32A
s3://braingeneersdev/asrobbin/braindance_data/24-03-25_plasticity/,p001280,RL_pharma/RL_pharma_cartpole_long_5,s3://braingeneersdev/asrobbin/braindance_data/24-03-25_plasticity/p001280/RL_pharma/RL_pharma_cartpole_long_5.raw.h5,2297,2.0,2.5604962472406863,True,stim,9,True,198.0,24-03-25_plasticity,RL_pharma,False,,,,,,,,,,33A
s3://braingeneersdev/asrobbin/braindance_data/24-03-25_plasticity/,p001280,RL_pharma/RL_pharma_cartpole_long,s3://braingeneersdev/asrobbin/braindance_data/24-03-25_plasticity/p001280/RL_pharma/RL_pharma_cartpole_long.raw.h5,2206,2.0,2.4611758855406975,True,stim,9,True,198.0,24-03-25_plasticity,RL_pharma,False,,,,,,,,,,33A
s3://braingeneersdev/asrobbin/braindance_data/24-03-25_plasticity/,p001280,RL_pharma/RL_pharma_cartpole_long_4,s3://braingeneersdev/asrobbin/braindance_data/24-03-25_plasticity/p001280/RL_pharma/RL_pharma_cartpole_long_4.raw.h5,2414,2.0,2.6994021529930636,True,stim,9,True,198.0,24-03-25_plasticity,RL_pharma,False,,,,,,,,,,33A
s3://braingeneersdev/asrobbin/braindance_data/24-03-25_plasticity/,p001280,RL_pharma/RL_pharma_cartpole_long_1,s3://braingeneersdev/asrobbin/braindance_data/24-03-25_plasticity/p001280/RL_pharma/RL_pharma_cartpole_long_1.raw.h5,2162,2.0,2.418792938935862,True,stim,9,True,198.0,24-03-25_plasticity,RL_pharma,False,,,,,,,,,,33A
s3://braingeneersdev/asrobbin/braindance_data/24-03-25_plasticity/,p001280,RL_pharma/RL_pharma,s3://braingeneersdev/asrobbin/braindance_data/24-03-25_plasticity/p001280/RL_pharma/RL_pharma.raw.h5,0,0.0,,False,spontaneous,9,True,198.0,24-03-25_plasticity,RL_pharma,True,,,,,,,,,,33A
s3://braingeneersdev/asrobbin/braindance_data/24-03-25_plasticity/,p001280,RL_pharma/RL_pharma_causal,s3://braingeneersdev/asrobbin/braindance_data/24-03-25_plasticity/p001280/RL_pharma/RL_pharma_causal.raw.h5,1100,2.0,2.0000105398102397,True,stim,9,True,198.0,24-03-25_plasticity,RL_pharma,False,,,,,,,,,,33A
s3://braingeneersdev/asrobbin/braindance_data/24-03-25_plasticity/,p001280,RL_pharma/RL_pharma_cartpole_long_2,s3://braingeneersdev/asrobbin/braindance_data/24-03-25_plasticity/p001280/RL_pharma/RL_pharma_cartpole_long_2.raw.h5,2409,2.0,2.68218318066732,True,stim,9,True,198.0,24-03-25_plasticity,RL_pharma,False,,,,,,,,,,33A
s3://braingeneersdev/asrobbin/braindance_data/24-03-25_plasticity/,p001280,RL_pharma/RL_pharma_cartpole_long_3,s3://braingeneersdev/asrobbin/braindance_data/24-03-25_plasticity/p001280/RL_pharma/RL_pharma_cartpole_long_3.raw.h5,2370,2.0,2.641513340946566,True,stim,9,True,198.0,24-03-25_plasticity,RL_pharma,False,,,,,,,,,,33A
s3://braingeneersdev/asrobbin/braindance_data/24-03-25_plasticity/,p001346,exp1/exp1_cartpole_long_8,s3://braingeneersdev/asrobbin/braindance_data/24-03-25_plasticity/p001346/exp1/exp1_cartpole_long_8.raw.h5,2152,2.0,2.8161529651823174,True,stim,22,True,16.0,24-03-25_plasticity,exp1,False,,,,,,,,,,34A
s3://braingeneersdev/asrobbin/braindance_data/24-03-25_plasticity/,p001346,exp1/exp1_cartpole_long,s3://braingeneersdev/asrobbin/braindance_data/24-03-25_plasticity/p001346/exp1/exp1_cartpole_long.raw.h5,1945,2.0,2.168725111991397,True,stim,22,True,16.0,24-03-25_plasticity,exp1,False,,,,,,,,,,34A
s3://braingeneersdev/asrobbin/braindance_data/24-03-25_plasticity/,p001346,exp1/exp1_cartpole_F_2,s3://braingeneersdev/asrobbin/braindance_data/24-03-25_plasticity/p001346/exp1/exp1_cartpole_F_2.raw.h5,1419,2.0,2.3621834511019117,True,stim,22,True,16.0,24-03-25_plasticity,exp1,False,,,,,,,,,,34A
s3://braingeneersdev/asrobbin/braindance_data/24-03-25_plasticity/,p001346,exp1/exp1_cartpole_long_6,s3://braingeneersdev/asrobbin/braindance_data/24-03-25_plasticity/p001346/exp1/exp1_cartpole_long_6.raw.h5,2093,2.0,2.327125943132125,True,stim,22,True,16.0,24-03-25_plasticity,exp1,False,,,,,,,,,,34A
s3://braingeneersdev/asrobbin/braindance_data/24-03-25_plasticity/,p001346,exp1/exp1,s3://braingeneersdev/asrobbin/braindance_data/24-03-25_plasticity/p001346/exp1/exp1.raw.h5,0,0.0,,False,spontaneous,22,True,16.0,24-03-25_plasticity,exp1,True,,,,,,,,,,34A
s3://braingeneersdev/asrobbin/braindance_data/24-03-25_plasticity/,p001346,exp1/exp1_cartpole_long_1,s3://braingeneersdev/asrobbin/braindance_data/24-03-25_plasticity/p001346/exp1/exp1_cartpole_long_1.raw.h5,2554,2.0,2.840790090764829,True,stim,22,True,16.0,24-03-25_plasticity,exp1,False,,,,,,,,,,34A
s3://braingeneersdev/asrobbin/braindance_data/24-03-25_plasticity/,p001346,exp1/exp1_cartpole_long_11,s3://braingeneersdev/asrobbin/braindance_data/24-03-25_plasticity/p001346/exp1/exp1_cartpole_long_11.raw.h5,2601,2.0,2.8932983049686567,True,stim,22,True,16.0,24-03-25_plasticity,exp1,False,,,,,,,,,,34A
s3://braingeneersdev/asrobbin/braindance_data/24-03-25_plasticity/,p001346,exp1/exp1_cartpole_long_2,s3://braingeneersdev/asrobbin/braindance_data/24-03-25_plasticity/p001346/exp1/exp1_cartpole_long_2.raw.h5,2609,2.0,2.9003866618862255,True,stim,22,True,16.0,24-03-25_plasticity,exp1,False,,,,,,,,,,34A
s3://braingeneersdev/asrobbin/braindance_data/24-03-25_plasticity/,p001346,exp1/exp1_cartpole_long_3,s3://braingeneersdev/asrobbin/braindance_data/24-03-25_plasticity/p001346/exp1/exp1_cartpole_long_3.raw.h5,1829,2.0,2.409931075957307,True,stim,22,True,16.0,24-03-25_plasticity,exp1,False,,,,,,,,,,34A
s3://braingeneersdev/asrobbin/braindance_data/24-03-25_plasticity/,p001346,exp1/exp1_cartpole_long_9,s3://braingeneersdev/asrobbin/braindance_data/24-03-25_plasticity/p001346/exp1/exp1_cartpole_long_9.raw.h5,1808,2.0,2.163610074455642,True,stim,22,True,16.0,24-03-25_plasticity,exp1,False,,,,,,,,,,34A
s3://braingeneersdev/asrobbin/braindance_data/24-03-25_plasticity/,p001346,exp1/exp1_cartpole_long_14,s3://braingeneersdev/asrobbin/braindance_data/24-03-25_plasticity/p001346/exp1/exp1_cartpole_long_14.raw.h5,2265,2.0,2.6180683361843617,True,stim,22,True,16.0,24-03-25_plasticity,exp1,False,,,,,,,,,,34A
s3://braingeneersdev/asrobbin/braindance_data/24-03-25_plasticity/,p001346,exp1/exp1_causal,s3://braingeneersdev/asrobbin/braindance_data/24-03-25_plasticity/p001346/exp1/exp1_causal.raw.h5,1000,2.0,2.000017900071948,True,stim,22,True,16.0,24-03-25_plasticity,exp1,False,,,,,,,,,,34A
s3://braingeneersdev/asrobbin/braindance_data/24-03-25_plasticity/,p001346,exp1/exp1_cartpole_long_12,s3://braingeneersdev/asrobbin/braindance_data/24-03-25_plasticity/p001346/exp1/exp1_cartpole_long_12.raw.h5,2079,2.0,2.318340986886439,True,stim,22,True,16.0,24-03-25_plasticity,exp1,False,,,,,,,,,,34A
s3://braingeneersdev/asrobbin/braindance_data/24-03-25_plasticity/,p001346,exp1/exp1_cartpole_F_1,s3://braingeneersdev/asrobbin/braindance_data/24-03-25_plasticity/p001346/exp1/exp1_cartpole_F_1.raw.h5,1502,2.0,2.8492623541053503,True,stim,22,True,16.0,24-03-25_plasticity,exp1,False,,,,,,,,,,34A
s3://braingeneersdev/asrobbin/braindance_data/24-03-25_plasticity/,p001346,exp1/exp1_cartpole_long_15,s3://braingeneersdev/asrobbin/braindance_data/24-03-25_plasticity/p001346/exp1/exp1_cartpole_long_15.raw.h5,2328,2.0,2.587486456956513,True,stim,22,True,16.0,24-03-25_plasticity,exp1,False,,,,,,,,,,34A
s3://braingeneersdev/asrobbin/braindance_data/24-03-25_plasticity/,p001346,exp1/exp1_cartpole_F,s3://braingeneersdev/asrobbin/braindance_data/24-03-25_plasticity/p001346/exp1/exp1_cartpole_F.raw.h5,2025,2.0,2.8652227694988546,True,stim,22,True,16.0,24-03-25_plasticity,exp1,False,,,,,,,,,,34A
s3://braingeneersdev/asrobbin/braindance_data/24-03-25_plasticity/,p001346,exp1/exp1_cartpole_long_4,s3://braingeneersdev/asrobbin/braindance_data/24-03-25_plasticity/p001346/exp1/exp1_cartpole_long_4.raw.h5,2223,2.0,2.8107281771538375,True,stim,22,True,16.0,24-03-25_plasticity,exp1,False,,,,,,,,,,34A
s3://braingeneersdev/asrobbin/braindance_data/24-03-25_plasticity/,p001346,exp1/exp1_cartpole_long_5,s3://braingeneersdev/asrobbin/braindance_data/24-03-25_plasticity/p001346/exp1/exp1_cartpole_long_5.raw.h5,2516,2.0,2.797212435000751,True,stim,22,True,16.0,24-03-25_plasticity,exp1,False,,,,,,,,,,34A
s3://braingeneersdev/asrobbin/braindance_data/24-03-25_plasticity/,p001346,exp1/exp1_cartpole_long_10,s3://braingeneersdev/asrobbin/braindance_data/24-03-25_plasticity/p001346/exp1/exp1_cartpole_long_10.raw.h5,2696,4.0,3.004154023607015,True,stim,22,True,16.0,24-03-25_plasticity,exp1,False,,,,,,,,,,34A
s3://braingeneersdev/asrobbin/braindance_data/24-03-25_plasticity/,p001346,exp1/exp1_cartpole_long_16,s3://braingeneersdev/asrobbin/braindance_data/24-03-25_plasticity/p001346/exp1/exp1_cartpole_long_16.raw.h5,628,2.0,2.496829265898647,True,stim,22,True,16.0,24-03-25_plasticity,exp1,False,,,,,,,,,,34A
s3://braingeneersdev/asrobbin/braindance_data/24-03-25_plasticity/,p001346,exp1/exp1_cartpole_long_13,s3://braingeneersdev/asrobbin/braindance_data/24-03-25_plasticity/p001346/exp1/exp1_cartpole_long_13.raw.h5,2555,2.0,2.841534090185436,True,stim,22,True,16.0,24-03-25_plasticity,exp1,False,,,,,,,,,,34A
s3://braingeneersdev/asrobbin/braindance_data/24-03-25_plasticity/,p001346,exp1/exp1_cartpole_long_7,s3://braingeneersdev/asrobbin/braindance_data/24-03-25_plasticity/p001346/exp1/exp1_cartpole_long_7.raw.h5,2431,2.0,2.801635097847205,True,stim,22,True,16.0,24-03-25_plasticity,exp1,False,,,,,,,,,,34A
s3://braingeneersdev/asrobbin/braindance_data/24-03-25_plasticity/,p001346,exp2/exp2_causal,s3://braingeneersdev/asrobbin/braindance_data/24-03-25_plasticity/p001346/exp2/exp2_causal.raw.h5,550,2.0,2.000020821244231,True,stim,3,True,26.0,24-03-25_plasticity,exp2,False,,,,,,,,,,34A
s3://braingeneersdev/asrobbin/braindance_data/24-03-25_plasticity/,p001346,exp2/exp2_causal_1,s3://braingeneersdev/asrobbin/braindance_data/24-03-25_plasticity/p001346/exp2/exp2_causal_1.raw.h5,550,2.0,2.0000223299413182,True,stim,3,True,26.0,24-03-25_plasticity,exp2,False,,,,,,,,,,34A
s3://braingeneersdev/asrobbin/braindance_data/24-03-25_plasticity/,p001346,exp2/exp2,s3://braingeneersdev/asrobbin/braindance_data/24-03-25_plasticity/p001346/exp2/exp2.raw.h5,0,0.0,,False,spontaneous,3,True,26.0,24-03-25_plasticity,exp2,True,,,,,,,,,,34A
s3://braingeneersdev/asrobbin/braindance_data/24-03-25_plasticity/,p001384,exp2/exp2,s3://braingeneersdev/asrobbin/braindance_data/24-03-25_plasticity/p001384/exp2/exp2.raw.h5,0,0.0,,False,spontaneous,5,True,149.0,24-03-25_plasticity,exp2,True,,,,,,,,,,35A
s3://braingeneersdev/asrobbin/braindance_data/24-03-25_plasticity/,p001384,exp2/exp2_cartpole_F_2,s3://braingeneersdev/asrobbin/braindance_data/24-03-25_plasticity/p001384/exp2/exp2_cartpole_F_2.raw.h5,143,4.0,4.121962399175173,True,stim,5,True,149.0,24-03-25_plasticity,exp2,False,,,,,,,,,,35A
s3://braingeneersdev/asrobbin/braindance_data/24-03-25_plasticity/,p001384,exp2/exp2_cartpole_F_1,s3://braingeneersdev/asrobbin/braindance_data/24-03-25_plasticity/p001384/exp2/exp2_cartpole_F_1.raw.h5,9337,8.0,10.117262492899645,True,stim,5,True,149.0,24-03-25_plasticity,exp2,False,,,,,,,,,,35A
s3://braingeneersdev/asrobbin/braindance_data/24-03-25_plasticity/,p001384,exp2/exp2_cartpole_F,s3://braingeneersdev/asrobbin/braindance_data/24-03-25_plasticity/p001384/exp2/exp2_cartpole_F.raw.h5,574,4.0,4.086858207191665,True,stim,5,True,149.0,24-03-25_plasticity,exp2,False,,,,,,,,,,35A
s3://braingeneersdev/asrobbin/braindance_data/24-03-25_plasticity/,p001384,exp2/exp2_causal,s3://braingeneersdev/asrobbin/braindance_data/24-03-25_plasticity/p001384/exp2/exp2_causal.raw.h5,650,2.0,2.0000214608154736,True,stim,5,True,149.0,24-03-25_plasticity,exp2,False,,,,,,,,,,35A
s3://braingeneersdev/asrobbin/braindance_data/25-02-2025_cp_drugs_gpu/,25123ic,full1/full1_cartpole_F_15,s3://braingeneersdev/asrobbin/braindance_data/25-02-2025_cp_drugs_gpu/25123ic/full1/full1_cartpole_F_15.raw.h5,2306,2.0,2.5624137125644606,True,stim,19,True,205.0,25-02-2025_cp_drugs_gpu,full1,False,,,1,dorsal ,C57BL6,1/15/25,36.0,2/12/25,77.0,18B
s3://braingeneersdev/asrobbin/braindance_data/25-02-2025_cp_drugs_gpu/,25123ic,full1/full1_cartpole_F_8,s3://braingeneersdev/asrobbin/braindance_data/25-02-2025_cp_drugs_gpu/25123ic/full1/full1_cartpole_F_8.raw.h5,2079,2.0,2.310253622444493,True,stim,19,True,205.0,25-02-2025_cp_drugs_gpu,full1,False,,,1,dorsal ,C57BL6,1/15/25,36.0,2/12/25,77.0,18B
s3://braingeneersdev/asrobbin/braindance_data/25-02-2025_cp_drugs_gpu/,25123ic,full1/full1_cartpole_F_4,s3://braingeneersdev/asrobbin/braindance_data/25-02-2025_cp_drugs_gpu/25123ic/full1/full1_cartpole_F_4.raw.h5,2396,2.0,2.663922563393562,True,stim,19,True,205.0,25-02-2025_cp_drugs_gpu,full1,False,,,1,dorsal ,C57BL6,1/15/25,36.0,2/12/25,77.0,18B
s3://braingeneersdev/asrobbin/braindance_data/25-02-2025_cp_drugs_gpu/,25123ic,full1/full1_cartpole_F_11,s3://braingeneersdev/asrobbin/braindance_data/25-02-2025_cp_drugs_gpu/25123ic/full1/full1_cartpole_F_11.raw.h5,2204,2.0,2.448873874576036,True,stim,19,True,205.0,25-02-2025_cp_drugs_gpu,full1,False,,,1,dorsal ,C57BL6,1/15/25,36.0,2/12/25,77.0,18B
s3://braingeneersdev/asrobbin/braindance_data/25-02-2025_cp_drugs_gpu/,25123ic,full1/full1_cartpole_F_1,s3://braingeneersdev/asrobbin/braindance_data/25-02-2025_cp_drugs_gpu/25123ic/full1/full1_cartpole_F_1.raw.h5,2222,2.0,2.471775317110762,True,stim,19,True,205.0,25-02-2025_cp_drugs_gpu,full1,False,,,1,dorsal ,C57BL6,1/15/25,36.0,2/12/25,77.0,18B
s3://braingeneersdev/asrobbin/braindance_data/25-02-2025_cp_drugs_gpu/,25123ic,full1/full1_cartpole_F_14,s3://braingeneersdev/asrobbin/braindance_data/25-02-2025_cp_drugs_gpu/25123ic/full1/full1_cartpole_F_14.raw.h5,2366,2.0,2.629387156854726,True,stim,19,True,205.0,25-02-2025_cp_drugs_gpu,full1,False,,,1,dorsal ,C57BL6,1/15/25,36.0,2/12/25,77.0,18B
s3://braingeneersdev/asrobbin/braindance_data/25-02-2025_cp_drugs_gpu/,25123ic,full1/full1_cartpole_F_13,s3://braingeneersdev/asrobbin/braindance_data/25-02-2025_cp_drugs_gpu/25123ic/full1/full1_cartpole_F_13.raw.h5,2336,2.0,2.6031673505184947,True,stim,19,True,205.0,25-02-2025_cp_drugs_gpu,full1,False,,,1,dorsal ,C57BL6,1/15/25,36.0,2/12/25,77.0,18B
s3://braingeneersdev/asrobbin/braindance_data/25-02-2025_cp_drugs_gpu/,25123ic,full1/full1_cartpole_F_12,s3://braingeneersdev/asrobbin/braindance_data/25-02-2025_cp_drugs_gpu/25123ic/full1/full1_cartpole_F_12.raw.h5,2255,2.0,2.506104646394425,True,stim,19,True,205.0,25-02-2025_cp_drugs_gpu,full1,False,,,1,dorsal ,C57BL6,1/15/25,36.0,2/12/25,77.0,18B
s3://braingeneersdev/asrobbin/braindance_data/25-02-2025_cp_drugs_gpu/,25123ic,full1/full1_cartpole_F,s3://braingeneersdev/asrobbin/braindance_data/25-02-2025_cp_drugs_gpu/25123ic/full1/full1_cartpole_F.raw.h5,2150,2.0,2.3924860558059486,True,stim,19,True,205.0,25-02-2025_cp_drugs_gpu,full1,False,,,1,dorsal ,C57BL6,1/15/25,36.0,2/12/25,77.0,18B
s3://braingeneersdev/asrobbin/braindance_data/25-02-2025_cp_drugs_gpu/,25123ic,full1/full1_cartpole_F_10,s3://braingeneersdev/asrobbin/braindance_data/25-02-2025_cp_drugs_gpu/25123ic/full1/full1_cartpole_F_10.raw.h5,2138,2.0,2.382575766749615,True,stim,19,True,205.0,25-02-2025_cp_drugs_gpu,full1,False,,,1,dorsal ,C57BL6,1/15/25,36.0,2/12/25,77.0,18B
s3://braingeneersdev/asrobbin/braindance_data/25-02-2025_cp_drugs_gpu/,25123ic,full1/full1_cartpole_F_3,s3://braingeneersdev/asrobbin/braindance_data/25-02-2025_cp_drugs_gpu/25123ic/full1/full1_cartpole_F_3.raw.h5,1243,2.0,2.2749322175798414,True,stim,19,True,205.0,25-02-2025_cp_drugs_gpu,full1,False,,,1,dorsal ,C57BL6,1/15/25,36.0,2/12/25,77.0,18B
s3://braingeneersdev/asrobbin/braindance_data/25-02-2025_cp_drugs_gpu/,25123ic,full1/full1_cartpole_F_7,s3://braingeneersdev/asrobbin/braindance_data/25-02-2025_cp_drugs_gpu/25123ic/full1/full1_cartpole_F_7.raw.h5,2116,2.0,2.3523662342045712,True,stim,19,True,205.0,25-02-2025_cp_drugs_gpu,full1,False,,,1,dorsal ,C57BL6,1/15/25,36.0,2/12/25,77.0,18B
s3://braingeneersdev/asrobbin/braindance_data/25-02-2025_cp_drugs_gpu/,25123ic,full1/full1_cartpole_F_5,s3://braingeneersdev/asrobbin/braindance_data/25-02-2025_cp_drugs_gpu/25123ic/full1/full1_cartpole_F_5.raw.h5,1823,2.0,2.026320460842556,True,stim,19,True,205.0,25-02-2025_cp_drugs_gpu,full1,False,,,1,dorsal ,C57BL6,1/15/25,36.0,2/12/25,77.0,18B
s3://braingeneersdev/asrobbin/braindance_data/25-02-2025_cp_drugs_gpu/,25123ic,full1/full1,s3://braingeneersdev/asrobbin/braindance_data/25-02-2025_cp_drugs_gpu/25123ic/full1/full1.raw.h5,0,0.0,,False,spontaneous,19,True,205.0,25-02-2025_cp_drugs_gpu,full1,True,,,1,dorsal ,C57BL6,1/15/25,36.0,2/12/25,77.0,18B
s3://braingeneersdev/asrobbin/braindance_data/25-02-2025_cp_drugs_gpu/,25123ic,full1/full1_cartpole_F_9,s3://braingeneersdev/asrobbin/braindance_data/25-02-2025_cp_drugs_gpu/25123ic/full1/full1_cartpole_F_9.raw.h5,2415,2.0,2.683753894429771,True,stim,19,True,205.0,25-02-2025_cp_drugs_gpu,full1,False,,,1,dorsal ,C57BL6,1/15/25,36.0,2/12/25,77.0,18B
s3://braingeneersdev/asrobbin/braindance_data/25-02-2025_cp_drugs_gpu/,25123ic,full1/full1_cartpole_F_2,s3://braingeneersdev/asrobbin/braindance_data/25-02-2025_cp_drugs_gpu/25123ic/full1/full1_cartpole_F_2.raw.h5,2064,2.0,2.293382733880275,True,stim,19,True,205.0,25-02-2025_cp_drugs_gpu,full1,False,,,1,dorsal ,C57BL6,1/15/25,36.0,2/12/25,77.0,18B
s3://braingeneersdev/asrobbin/braindance_data/25-02-2025_cp_drugs_gpu/,25123ic,full1/full1_cartpole_F_16,s3://braingeneersdev/asrobbin/braindance_data/25-02-2025_cp_drugs_gpu/25123ic/full1/full1_cartpole_F_16.raw.h5,2180,2.0,2.425744314475362,True,stim,19,True,205.0,25-02-2025_cp_drugs_gpu,full1,False,,,1,dorsal ,C57BL6,1/15/25,36.0,2/12/25,77.0,18B
s3://braingeneersdev/asrobbin/braindance_data/25-02-2025_cp_drugs_gpu/,25123ic,full1/full1_cartpole_F_6,s3://braingeneersdev/asrobbin/braindance_data/25-02-2025_cp_drugs_gpu/25123ic/full1/full1_cartpole_F_6.raw.h5,1837,2.0,2.0408776319029203,True,stim,19,True,205.0,25-02-2025_cp_drugs_gpu,full1,False,,,1,dorsal ,C57BL6,1/15/25,36.0,2/12/25,77.0,18B
s3://braingeneersdev/asrobbin/braindance_data/25-02-2025_cp_drugs_gpu/,25178ic,drug1/drug1_cartpole_F,s3://braingeneersdev/asrobbin/braindance_data/25-02-2025_cp_drugs_gpu/25178ic/drug1/drug1_cartpole_F.raw.h5,181,2.0,2.35491696695073,True,stim,12,True,256.0,25-02-2025_cp_drugs_gpu,drug1,False,,,1,dorsal ,C57BL6,1/15/25,36.0,2/12/25,77.0,25A
s3://braingeneersdev/asrobbin/braindance_data/25-02-2025_cp_drugs_gpu/,25178ic,drug1/drug1_cartpole_F_5,s3://braingeneersdev/asrobbin/braindance_data/25-02-2025_cp_drugs_gpu/25178ic/drug1/drug1_cartpole_F_5.raw.h5,214,2.0,2.797530497495333,True,stim,12,True,256.0,25-02-2025_cp_drugs_gpu,drug1,False,,,1,dorsal ,C57BL6,1/15/25,36.0,2/12/25,77.0,25A
s3://braingeneersdev/asrobbin/braindance_data/25-02-2025_cp_drugs_gpu/,25178ic,drug1/drug1_cartpole_F_7,s3://braingeneersdev/asrobbin/braindance_data/25-02-2025_cp_drugs_gpu/25178ic/drug1/drug1_cartpole_F_7.raw.h5,7167,2.0,2.8910610648454105,True,stim,12,True,256.0,25-02-2025_cp_drugs_gpu,drug1,False,,,1,dorsal ,C57BL6,1/15/25,36.0,2/12/25,77.0,25A
s3://braingeneersdev/asrobbin/braindance_data/25-02-2025_cp_drugs_gpu/,25178ic,drug1/drug1_cartpole_F_6,s3://braingeneersdev/asrobbin/braindance_data/25-02-2025_cp_drugs_gpu/25178ic/drug1/drug1_cartpole_F_6.raw.h5,2460,2.0,2.6068130780397314,True,stim,12,True,256.0,25-02-2025_cp_drugs_gpu,drug1,False,,,1,dorsal ,C57BL6,1/15/25,36.0,2/12/25,77.0,25A
s3://braingeneersdev/asrobbin/braindance_data/25-02-2025_cp_drugs_gpu/,25178ic,drug1/drug1_cartpole_F_2,s3://braingeneersdev/asrobbin/braindance_data/25-02-2025_cp_drugs_gpu/25178ic/drug1/drug1_cartpole_F_2.raw.h5,402,2.0,2.2643464198062575,True,stim,12,True,256.0,25-02-2025_cp_drugs_gpu,drug1,False,,,1,dorsal ,C57BL6,1/15/25,36.0,2/12/25,77.0,25A
s3://braingeneersdev/asrobbin/braindance_data/25-02-2025_cp_drugs_gpu/,25178ic,drug1/drug1_cartpole_F_4,s3://braingeneersdev/asrobbin/braindance_data/25-02-2025_cp_drugs_gpu/25178ic/drug1/drug1_cartpole_F_4.raw.h5,154,2.0,2.63897334368756,True,stim,12,True,256.0,25-02-2025_cp_drugs_gpu,drug1,False,,,1,dorsal ,C57BL6,1/15/25,36.0,2/12/25,77.0,25A
s3://braingeneersdev/asrobbin/braindance_data/25-02-2025_cp_drugs_gpu/,25178ic,drug1/drug1_cartpole_F_9,s3://braingeneersdev/asrobbin/braindance_data/25-02-2025_cp_drugs_gpu/25178ic/drug1/drug1_cartpole_F_9.raw.h5,2246,2.0,2.643897938679011,True,stim,12,True,256.0,25-02-2025_cp_drugs_gpu,drug1,False,,,1,dorsal ,C57BL6,1/15/25,36.0,2/12/25,77.0,25A
s3://braingeneersdev/asrobbin/braindance_data/25-02-2025_cp_drugs_gpu/,25178ic,drug1/drug1_cartpole_F_8,s3://braingeneersdev/asrobbin/braindance_data/25-02-2025_cp_drugs_gpu/25178ic/drug1/drug1_cartpole_F_8.raw.h5,3550,2.0,2.465630296736867,True,stim,12,True,256.0,25-02-2025_cp_drugs_gpu,drug1,False,,,1,dorsal ,C57BL6,1/15/25,36.0,2/12/25,77.0,25A
s3://braingeneersdev/asrobbin/braindance_data/25-02-2025_cp_drugs_gpu/,25178ic,drug1/drug1,s3://braingeneersdev/asrobbin/braindance_data/25-02-2025_cp_drugs_gpu/25178ic/drug1/drug1.raw.h5,0,0.0,,False,spontaneous,12,True,256.0,25-02-2025_cp_drugs_gpu,drug1,True,,,1,dorsal ,C57BL6,1/15/25,36.0,2/12/25,77.0,25A
s3://braingeneersdev/asrobbin/braindance_data/25-02-2025_cp_drugs_gpu/,25178ic,drug1/drug1_cartpole_F_1,s3://braingeneersdev/asrobbin/braindance_data/25-02-2025_cp_drugs_gpu/25178ic/drug1/drug1_cartpole_F_1.raw.h5,197,2.0,2.221152821629219,True,stim,12,True,256.0,25-02-2025_cp_drugs_gpu,drug1,False,,,1,dorsal ,C57BL6,1/15/25,36.0,2/12/25,77.0,25A
s3://braingeneersdev/asrobbin/braindance_data/25-02-2025_cp_drugs_gpu/,25178ic,drug1/drug1_cartpole_F_3,s3://braingeneersdev/asrobbin/braindance_data/25-02-2025_cp_drugs_gpu/25178ic/drug1/drug1_cartpole_F_3.raw.h5,871,2.0,2.603993052312518,True,stim,12,True,256.0,25-02-2025_cp_drugs_gpu,drug1,False,,,1,dorsal ,C57BL6,1/15/25,36.0,2/12/25,77.0,25A
s3://braingeneersdev/asrobbin/braindance_data/25-02-2025_cp_drugs_gpu/,25178ic,drug1/drug1_causal,s3://braingeneersdev/asrobbin/braindance_data/25-02-2025_cp_drugs_gpu/25178ic/drug1/drug1_causal.raw.h5,1250,2.0,1.9999931340059685,True,stim,12,True,256.0,25-02-2025_cp_drugs_gpu,drug1,False,,,1,dorsal ,C57BL6,1/15/25,36.0,2/12/25,77.0,25A
s3://braingeneersdev/asrobbin/braindance_data/25-02-2025_cp_drugs_gpu/,25178ic,drug4/drug4_cartpole_F_2,s3://braingeneersdev/asrobbin/braindance_data/25-02-2025_cp_drugs_gpu/25178ic/drug4/drug4_cartpole_F_2.raw.h5,2297,2.0,2.5520876893683218,True,stim,5,True,184.0,25-02-2025_cp_drugs_gpu,drug4,False,,,1,dorsal ,C57BL6,1/15/25,36.0,2/12/25,77.0,25A
s3://braingeneersdev/asrobbin/braindance_data/25-02-2025_cp_drugs_gpu/,25178ic,drug4/drug4_cartpole_F_1,s3://braingeneersdev/asrobbin/braindance_data/25-02-2025_cp_drugs_gpu/25178ic/drug4/drug4_cartpole_F_1.raw.h5,2316,2.0,2.5736035285007546,True,stim,5,True,184.0,25-02-2025_cp_drugs_gpu,drug4,False,,,1,dorsal ,C57BL6,1/15/25,36.0,2/12/25,77.0,25A
s3://braingeneersdev/asrobbin/braindance_data/25-02-2025_cp_drugs_gpu/,25178ic,drug4/drug4_cartpole_F,s3://braingeneersdev/asrobbin/braindance_data/25-02-2025_cp_drugs_gpu/25178ic/drug4/drug4_cartpole_F.raw.h5,2579,2.0,2.8669347374718193,True,stim,5,True,184.0,25-02-2025_cp_drugs_gpu,drug4,False,,,1,dorsal ,C57BL6,1/15/25,36.0,2/12/25,77.0,25A
s3://braingeneersdev/asrobbin/braindance_data/25-02-2025_cp_drugs_gpu/,25178ic,drug4/drug4,s3://braingeneersdev/asrobbin/braindance_data/25-02-2025_cp_drugs_gpu/25178ic/drug4/drug4.raw.h5,0,0.0,,False,spontaneous,5,True,184.0,25-02-2025_cp_drugs_gpu,drug4,True,,,1,dorsal ,C57BL6,1/15/25,36.0,2/12/25,77.0,25A
s3://braingeneersdev/asrobbin/braindance_data/25-02-2025_cp_drugs_gpu/,25178ic,full3/full3_cartpole_F_16,s3://braingeneersdev/asrobbin/braindance_data/25-02-2025_cp_drugs_gpu/25178ic/full3/full3_cartpole_F_16.raw.h5,2466,2.0,2.7409576465724834,True,stim,28,True,292.0,25-02-2025_cp_drugs_gpu,full3,False,,,1,dorsal ,C57BL6,1/15/25,36.0,2/12/25,77.0,25A
s3://braingeneersdev/asrobbin/braindance_data/25-02-2025_cp_drugs_gpu/,25178ic,full3/full3_cartpole_F_11,s3://braingeneersdev/asrobbin/braindance_data/25-02-2025_cp_drugs_gpu/25178ic/full3/full3_cartpole_F_11.raw.h5,2532,2.0,2.8142123900477194,True,stim,28,True,292.0,25-02-2025_cp_drugs_gpu,full3,False,,,1,dorsal ,C57BL6,1/15/25,36.0,2/12/25,77.0,25A
s3://braingeneersdev/asrobbin/braindance_data/25-02-2025_cp_drugs_gpu/,25178ic,full3/full3_cartpole_F_25,s3://braingeneersdev/asrobbin/braindance_data/25-02-2025_cp_drugs_gpu/25178ic/full3/full3_cartpole_F_25.raw.h5,2463,2.0,2.737351183904849,True,stim,28,True,292.0,25-02-2025_cp_drugs_gpu,full3,False,,,1,dorsal ,C57BL6,1/15/25,36.0,2/12/25,77.0,25A
s3://braingeneersdev/asrobbin/braindance_data/25-02-2025_cp_drugs_gpu/,25178ic,full3/full3_cartpole_F_9,s3://braingeneersdev/asrobbin/braindance_data/25-02-2025_cp_drugs_gpu/25178ic/full3/full3_cartpole_F_9.raw.h5,2549,2.0,2.841107753237603,True,stim,28,True,292.0,25-02-2025_cp_drugs_gpu,full3,False,,,1,dorsal ,C57BL6,1/15/25,36.0,2/12/25,77.0,25A
s3://braingeneersdev/asrobbin/braindance_data/25-02-2025_cp_drugs_gpu/,25178ic,full3/full3_cartpole_F_2,s3://braingeneersdev/asrobbin/braindance_data/25-02-2025_cp_drugs_gpu/25178ic/full3/full3_cartpole_F_2.raw.h5,2332,2.0,2.591399016024067,True,stim,28,True,292.0,25-02-2025_cp_drugs_gpu,full3,False,,,1,dorsal ,C57BL6,1/15/25,36.0,2/12/25,77.0,25A
s3://braingeneersdev/asrobbin/braindance_data/25-02-2025_cp_drugs_gpu/,25178ic,full3/full3_cartpole_F_14,s3://braingeneersdev/asrobbin/braindance_data/25-02-2025_cp_drugs_gpu/25178ic/full3/full3_cartpole_F_14.raw.h5,2524,2.0,2.804749041047951,True,stim,28,True,292.0,25-02-2025_cp_drugs_gpu,full3,False,,,1,dorsal ,C57BL6,1/15/25,36.0,2/12/25,77.0,25A
s3://braingeneersdev/asrobbin/braindance_data/25-02-2025_cp_drugs_gpu/,25178ic,full3/full3_cartpole_F_23,s3://braingeneersdev/asrobbin/braindance_data/25-02-2025_cp_drugs_gpu/25178ic/full3/full3_cartpole_F_23.raw.h5,2619,2.0,2.910596526547467,True,stim,28,True,292.0,25-02-2025_cp_drugs_gpu,full3,False,,,1,dorsal ,C57BL6,1/15/25,36.0,2/12/25,77.0,25A
s3://braingeneersdev/asrobbin/braindance_data/25-02-2025_cp_drugs_gpu/,25178ic,full3/full3_cartpole_F,s3://braingeneersdev/asrobbin/braindance_data/25-02-2025_cp_drugs_gpu/25178ic/full3/full3_cartpole_F.raw.h5,2205,2.0,2.450792610818865,True,stim,28,True,292.0,25-02-2025_cp_drugs_gpu,full3,False,,,1,dorsal ,C57BL6,1/15/25,36.0,2/12/25,77.0,25A
s3://braingeneersdev/asrobbin/braindance_data/25-02-2025_cp_drugs_gpu/,25178ic,full3/full3_cartpole_F_6,s3://braingeneersdev/asrobbin/braindance_data/25-02-2025_cp_drugs_gpu/25178ic/full3/full3_cartpole_F_6.raw.h5,2180,2.0,2.955543829765952,True,stim,28,True,292.0,25-02-2025_cp_drugs_gpu,full3,False,,,1,dorsal ,C57BL6,1/15/25,36.0,2/12/25,77.0,25A
s3://braingeneersdev/asrobbin/braindance_data/25-02-2025_cp_drugs_gpu/,25178ic,full3/full3_cartpole_F_22,s3://braingeneersdev/asrobbin/braindance_data/25-02-2025_cp_drugs_gpu/25178ic/full3/full3_cartpole_F_22.raw.h5,2632,2.0,2.9247185011448473,True,stim,28,True,292.0,25-02-2025_cp_drugs_gpu,full3,False,,,1,dorsal ,C57BL6,1/15/25,36.0,2/12/25,77.0,25A
s3://braingeneersdev/asrobbin/braindance_data/25-02-2025_cp_drugs_gpu/,25178ic,full3/full3_cartpole_F_8,s3://braingeneersdev/asrobbin/braindance_data/25-02-2025_cp_drugs_gpu/25178ic/full3/full3_cartpole_F_8.raw.h5,2545,2.0,2.830360870663747,True,stim,28,True,292.0,25-02-2025_cp_drugs_gpu,full3,False,,,1,dorsal ,C57BL6,1/15/25,36.0,2/12/25,77.0,25A
s3://braingeneersdev/asrobbin/braindance_data/25-02-2025_cp_drugs_gpu/,25178ic,full3/full3_cartpole_F_1,s3://braingeneersdev/asrobbin/braindance_data/25-02-2025_cp_drugs_gpu/25178ic/full3/full3_cartpole_F_1.raw.h5,2509,2.0,2.7919053600006474,True,stim,28,True,292.0,25-02-2025_cp_drugs_gpu,full3,False,,,1,dorsal ,C57BL6,1/15/25,36.0,2/12/25,77.0,25A
s3://braingeneersdev/asrobbin/braindance_data/25-02-2025_cp_drugs_gpu/,25178ic,full3/full3_cartpole_F_17,s3://braingeneersdev/asrobbin/braindance_data/25-02-2025_cp_drugs_gpu/25178ic/full3/full3_cartpole_F_17.raw.h5,2492,2.0,2.7692078728178235,True,stim,28,True,292.0,25-02-2025_cp_drugs_gpu,full3,False,,,1,dorsal ,C57BL6,1/15/25,36.0,2/12/25,77.0,25A
s3://braingeneersdev/asrobbin/braindance_data/25-02-2025_cp_drugs_gpu/,25178ic,full3/full3_cartpole_F_5,s3://braingeneersdev/asrobbin/braindance_data/25-02-2025_cp_drugs_gpu/25178ic/full3/full3_cartpole_F_5.raw.h5,2529,2.0,2.811418052689419,True,stim,28,True,292.0,25-02-2025_cp_drugs_gpu,full3,False,,,1,dorsal ,C57BL6,1/15/25,36.0,2/12/25,77.0,25A
s3://braingeneersdev/asrobbin/braindance_data/25-02-2025_cp_drugs_gpu/,25178ic,full3/full3_cartpole_F_7,s3://braingeneersdev/asrobbin/braindance_data/25-02-2025_cp_drugs_gpu/25178ic/full3/full3_cartpole_F_7.raw.h5,2388,2.0,2.654711664638226,True,stim,28,True,292.0,25-02-2025_cp_drugs_gpu,full3,False,,,1,dorsal ,C57BL6,1/15/25,36.0,2/12/25,77.0,25A
s3://braingeneersdev/asrobbin/braindance_data/25-02-2025_cp_drugs_gpu/,25178ic,full3/full3_cartpole_F_24,s3://braingeneersdev/asrobbin/braindance_data/25-02-2025_cp_drugs_gpu/25178ic/full3/full3_cartpole_F_24.raw.h5,2499,2.0,2.7777899788453313,True,stim,28,True,292.0,25-02-2025_cp_drugs_gpu,full3,False,,,1,dorsal ,C57BL6,1/15/25,36.0,2/12/25,77.0,25A
s3://braingeneersdev/asrobbin/braindance_data/25-02-2025_cp_drugs_gpu/,25178ic,full3/full3_cartpole_F_4,s3://braingeneersdev/asrobbin/braindance_data/25-02-2025_cp_drugs_gpu/25178ic/full3/full3_cartpole_F_4.raw.h5,2114,2.0,2.355262545865006,True,stim,28,True,292.0,25-02-2025_cp_drugs_gpu,full3,False,,,1,dorsal ,C57BL6,1/15/25,36.0,2/12/25,77.0,25A
s3://braingeneersdev/asrobbin/braindance_data/25-02-2025_cp_drugs_gpu/,25178ic,full3/full3_cartpole_F_18,s3://braingeneersdev/asrobbin/braindance_data/25-02-2025_cp_drugs_gpu/25178ic/full3/full3_cartpole_F_18.raw.h5,2526,2.0,2.807057026988418,True,stim,28,True,292.0,25-02-2025_cp_drugs_gpu,full3,False,,,1,dorsal ,C57BL6,1/15/25,36.0,2/12/25,77.0,25A
s3://braingeneersdev/asrobbin/braindance_data/25-02-2025_cp_drugs_gpu/,25178ic,full3/full3_cartpole_F_15,s3://braingeneersdev/asrobbin/braindance_data/25-02-2025_cp_drugs_gpu/25178ic/full3/full3_cartpole_F_15.raw.h5,2569,2.0,2.8562681395762928,True,stim,28,True,292.0,25-02-2025_cp_drugs_gpu,full3,False,,,1,dorsal ,C57BL6,1/15/25,36.0,2/12/25,77.0,25A
s3://braingeneersdev/asrobbin/braindance_data/25-02-2025_cp_drugs_gpu/,25178ic,full3/full3_cartpole_F_10,s3://braingeneersdev/asrobbin/braindance_data/25-02-2025_cp_drugs_gpu/25178ic/full3/full3_cartpole_F_10.raw.h5,2625,2.0,2.9174776122059436,True,stim,28,True,292.0,25-02-2025_cp_drugs_gpu,full3,False,,,1,dorsal ,C57BL6,1/15/25,36.0,2/12/25,77.0,25A
s3://braingeneersdev/asrobbin/braindance_data/25-02-2025_cp_drugs_gpu/,25178ic,full3/full3_cartpole_F_20,s3://braingeneersdev/asrobbin/braindance_data/25-02-2025_cp_drugs_gpu/25178ic/full3/full3_cartpole_F_20.raw.h5,2504,2.0,2.7829113168874633,True,stim,28,True,292.0,25-02-2025_cp_drugs_gpu,full3,False,,,1,dorsal ,C57BL6,1/15/25,36.0,2/12/25,77.0,25A
s3://braingeneersdev/asrobbin/braindance_data/25-02-2025_cp_drugs_gpu/,25178ic,full3/full3_cartpole_F_12,s3://braingeneersdev/asrobbin/braindance_data/25-02-2025_cp_drugs_gpu/25178ic/full3/full3_cartpole_F_12.raw.h5,2489,2.0,2.765761507431301,True,stim,28,True,292.0,25-02-2025_cp_drugs_gpu,full3,False,,,1,dorsal ,C57BL6,1/15/25,36.0,2/12/25,77.0,25A
s3://braingeneersdev/asrobbin/braindance_data/25-02-2025_cp_drugs_gpu/,25178ic,full3/full3,s3://braingeneersdev/asrobbin/braindance_data/25-02-2025_cp_drugs_gpu/25178ic/full3/full3.raw.h5,0,0.0,,False,spontaneous,28,True,292.0,25-02-2025_cp_drugs_gpu,full3,True,,,1,dorsal ,C57BL6,1/15/25,36.0,2/12/25,77.0,25A
s3://braingeneersdev/asrobbin/braindance_data/25-02-2025_cp_drugs_gpu/,25178ic,full3/full3_cartpole_F_21,s3://braingeneersdev/asrobbin/braindance_data/25-02-2025_cp_drugs_gpu/25178ic/full3/full3_cartpole_F_21.raw.h5,2460,2.0,2.7334218329117146,True,stim,28,True,292.0,25-02-2025_cp_drugs_gpu,full3,False,,,1,dorsal ,C57BL6,1/15/25,36.0,2/12/25,77.0,25A
s3://braingeneersdev/asrobbin/braindance_data/25-02-2025_cp_drugs_gpu/,25178ic,full3/full3_cartpole_F_19,s3://braingeneersdev/asrobbin/braindance_data/25-02-2025_cp_drugs_gpu/25178ic/full3/full3_cartpole_F_19.raw.h5,2567,2.0,2.852908771325261,True,stim,28,True,292.0,25-02-2025_cp_drugs_gpu,full3,False,,,1,dorsal ,C57BL6,1/15/25,36.0,2/12/25,77.0,25A
s3://braingeneersdev/asrobbin/braindance_data/25-02-2025_cp_drugs_gpu/,25178ic,full3/full3_cartpole_F_3,s3://braingeneersdev/asrobbin/braindance_data/25-02-2025_cp_drugs_gpu/25178ic/full3/full3_cartpole_F_3.raw.h5,2232,2.0,2.4812144038606023,True,stim,28,True,292.0,25-02-2025_cp_drugs_gpu,full3,False,,,1,dorsal ,C57BL6,1/15/25,36.0,2/12/25,77.0,25A
s3://braingeneersdev/asrobbin/braindance_data/25-02-2025_cp_drugs_gpu/,25178ic,full3/full3_cartpole_F_13,s3://braingeneersdev/asrobbin/braindance_data/25-02-2025_cp_drugs_gpu/25178ic/full3/full3_cartpole_F_13.raw.h5,2490,2.0,2.7668471220823734,True,stim,28,True,292.0,25-02-2025_cp_drugs_gpu,full3,False,,,1,dorsal ,C57BL6,1/15/25,36.0,2/12/25,77.0,25A
s3://braingeneersdev/asrobbin/braindance_data/25-02-2025_cp_drugs_gpu/,25178ic,test/test_recording,s3://braingeneersdev/asrobbin/braindance_data/25-02-2025_cp_drugs_gpu/25178ic/test/test_recording.raw.h5,0,0.0,,False,spontaneous,1,True,184.0,25-02-2025_cp_drugs_gpu,test,False,drug4,,1,dorsal ,C57BL6,1/15/25,36.0,2/12/25,77.0,25A
s3://braingeneersdev/asrobbin/braindance_data/25-02-2025_cp_drugs_gpu/,25178ic,test2/test2_recording,s3://braingeneersdev/asrobbin/braindance_data/25-02-2025_cp_drugs_gpu/25178ic/test2/test2_recording.raw.h5,0,0.0,,False,spontaneous,1,True,256.0,25-02-2025_cp_drugs_gpu,test2,False,drug1,,1,dorsal ,C57BL6,1/15/25,36.0,2/12/25,77.0,25A
s3://braingeneersdev/asrobbin/braindance_data/25-02-2025_cp_drugs_gpu/,25178ic,test4/test4_recording,s3://braingeneersdev/asrobbin/braindance_data/25-02-2025_cp_drugs_gpu/25178ic/test4/test4_recording.raw.h5,0,0.0,,False,spontaneous,1,True,184.0,25-02-2025_cp_drugs_gpu,test4,False,drug4,,1,dorsal ,C57BL6,1/15/25,36.0,2/12/25,77.0,25A
s3://braingeneersdev/asrobbin/braindance_data/2024-05-30_drugs_cartpole/,20264,baseline/baseline_cartpole_long_2,s3://braingeneersdev/asrobbin/braindance_data/2024-05-30_drugs_cartpole/20264/baseline/baseline_cartpole_long_2.raw.h5,561,2.0,2.318167227693875,True,stim,12,True,106.0,2024-05-30_drugs_cartpole,baseline,False,,,,,,,,,,3A
s3://braingeneersdev/asrobbin/braindance_data/2024-05-30_drugs_cartpole/,20264,baseline/baseline_cartpole_long_3,s3://braingeneersdev/asrobbin/braindance_data/2024-05-30_drugs_cartpole/20264/baseline/baseline_cartpole_long_3.raw.h5,1781,2.0,2.160655335078331,True,stim,12,True,106.0,2024-05-30_drugs_cartpole,baseline,False,,,,,,,,,,3A
s3://braingeneersdev/asrobbin/braindance_data/2024-05-30_drugs_cartpole/,20264,baseline/baseline,s3://braingeneersdev/asrobbin/braindance_data/2024-05-30_drugs_cartpole/20264/baseline/baseline.raw.h5,0,0.0,,False,spontaneous,12,True,106.0,2024-05-30_drugs_cartpole,baseline,True,,,,,,,,,,3A
s3://braingeneersdev/asrobbin/braindance_data/2024-05-30_drugs_cartpole/,20264,baseline/baseline_cartpole_long_8,s3://braingeneersdev/asrobbin/braindance_data/2024-05-30_drugs_cartpole/20264/baseline/baseline_cartpole_long_8.raw.h5,1993,2.0,2.2170786628162675,True,stim,12,True,106.0,2024-05-30_drugs_cartpole,baseline,False,,,,,,,,,,3A
s3://braingeneersdev/asrobbin/braindance_data/2024-05-30_drugs_cartpole/,20264,baseline/baseline_cartpole_long_5,s3://braingeneersdev/asrobbin/braindance_data/2024-05-30_drugs_cartpole/20264/baseline/baseline_cartpole_long_5.raw.h5,1929,2.0,2.145712950591063,True,stim,12,True,106.0,2024-05-30_drugs_cartpole,baseline,False,,,,,,,,,,3A
s3://braingeneersdev/asrobbin/braindance_data/2024-05-30_drugs_cartpole/,20264,baseline/baseline_cartpole_long_6,s3://braingeneersdev/asrobbin/braindance_data/2024-05-30_drugs_cartpole/20264/baseline/baseline_cartpole_long_6.raw.h5,1934,2.0,2.151343843156978,True,stim,12,True,106.0,2024-05-30_drugs_cartpole,baseline,False,,,,,,,,,,3A
s3://braingeneersdev/asrobbin/braindance_data/2024-05-30_drugs_cartpole/,20264,baseline/baseline_causal,s3://braingeneersdev/asrobbin/braindance_data/2024-05-30_drugs_cartpole/20264/baseline/baseline_causal.raw.h5,1300,2.0,1.9999892845470073,True,stim,12,True,106.0,2024-05-30_drugs_cartpole,baseline,False,,,,,,,,,,3A
s3://braingeneersdev/asrobbin/braindance_data/2024-05-30_drugs_cartpole/,20264,baseline/baseline_cartpole_long_1,s3://braingeneersdev/asrobbin/braindance_data/2024-05-30_drugs_cartpole/20264/baseline/baseline_cartpole_long_1.raw.h5,519,2.0,2.2019434589079565,True,stim,12,True,106.0,2024-05-30_drugs_cartpole,baseline,False,,,,,,,,,,3A
s3://braingeneersdev/asrobbin/braindance_data/2024-05-30_drugs_cartpole/,20264,baseline/baseline_cartpole_long_7,s3://braingeneersdev/asrobbin/braindance_data/2024-05-30_drugs_cartpole/20264/baseline/baseline_cartpole_long_7.raw.h5,2133,2.0,2.374851488480831,True,stim,12,True,106.0,2024-05-30_drugs_cartpole,baseline,False,,,,,,,,,,3A
s3://braingeneersdev/asrobbin/braindance_data/2024-05-30_drugs_cartpole/,20264,baseline/baseline_cartpole_long_9,s3://braingeneersdev/asrobbin/braindance_data/2024-05-30_drugs_cartpole/20264/baseline/baseline_cartpole_long_9.raw.h5,412,2.0,2.53150765750578,True,stim,12,True,106.0,2024-05-30_drugs_cartpole,baseline,False,,,,,,,,,,3A
s3://braingeneersdev/asrobbin/braindance_data/2024-05-30_drugs_cartpole/,20264,baseline/baseline_cartpole_long,s3://braingeneersdev/asrobbin/braindance_data/2024-05-30_drugs_cartpole/20264/baseline/baseline_cartpole_long.raw.h5,294,2.0,2.1341123066113163,True,stim,12,True,106.0,2024-05-30_drugs_cartpole,baseline,False,,,,,,,,,,3A
s3://braingeneersdev/asrobbin/braindance_data/2024-05-30_drugs_cartpole/,20264,baseline/baseline_cartpole_long_4,s3://braingeneersdev/asrobbin/braindance_data/2024-05-30_drugs_cartpole/20264/baseline/baseline_cartpole_long_4.raw.h5,2108,2.0,2.344223146666871,True,stim,12,True,106.0,2024-05-30_drugs_cartpole,baseline,False,,,,,,,,,,3A
s3://braingeneersdev/asrobbin/braindance_data/2025-03-24_cp_full_drugs/,25245lc,full5/full5_cartpole_F_3,s3://braingeneersdev/asrobbin/braindance_data/2025-03-24_cp_full_drugs/25245ic/full5/full5_cartpole_F_3.raw.h5,2006,2.0,2.230723877279141,True,stim,14,True,122.0,2025-03-24_cp_full_drugs,full5,False,,,1,dorsal ,C57BL6,1/15/25,68.0,2/12/25,77.0,29A
s3://braingeneersdev/asrobbin/braindance_data/2025-03-24_cp_full_drugs/,25245lc,full5/full5_cartpole_F_4,s3://braingeneersdev/asrobbin/braindance_data/2025-03-24_cp_full_drugs/25245ic/full5/full5_cartpole_F_4.raw.h5,1778,2.0,2.3264013143613305,True,stim,14,True,122.0,2025-03-24_cp_full_drugs,full5,False,,,1,dorsal ,C57BL6,1/15/25,68.0,2/12/25,77.0,29A
s3://braingeneersdev/asrobbin/braindance_data/2025-03-24_cp_full_drugs/,25245lc,full5/full5_cartpole_F_8,s3://braingeneersdev/asrobbin/braindance_data/2025-03-24_cp_full_drugs/25245ic/full5/full5_cartpole_F_8.raw.h5,1958,2.0,2.183860731880489,True,stim,14,True,122.0,2025-03-24_cp_full_drugs,full5,False,,,1,dorsal ,C57BL6,1/15/25,68.0,2/12/25,77.0,29A
s3://braingeneersdev/asrobbin/braindance_data/2025-03-24_cp_full_drugs/,25245lc,full5/full5_cartpole_F_9,s3://braingeneersdev/asrobbin/braindance_data/2025-03-24_cp_full_drugs/25245ic/full5/full5_cartpole_F_9.raw.h5,2121,2.0,2.3607324137234555,True,stim,14,True,122.0,2025-03-24_cp_full_drugs,full5,False,,,1,dorsal ,C57BL6,1/15/25,68.0,2/12/25,77.0,29A
s3://braingeneersdev/asrobbin/braindance_data/2025-03-24_cp_full_drugs/,25245lc,full5/full5_cartpole_F_10,s3://braingeneersdev/asrobbin/braindance_data/2025-03-24_cp_full_drugs/25245ic/full5/full5_cartpole_F_10.raw.h5,2387,2.0,2.654063184666138,True,stim,14,True,122.0,2025-03-24_cp_full_drugs,full5,False,,,1,dorsal ,C57BL6,1/15/25,68.0,2/12/25,77.0,29A
s3://braingeneersdev/asrobbin/braindance_data/2025-03-24_cp_full_drugs/,25245lc,full5/full5_cartpole_F_6,s3://braingeneersdev/asrobbin/braindance_data/2025-03-24_cp_full_drugs/25245ic/full5/full5_cartpole_F_6.raw.h5,1784,2.0,1.986683768659909,True,stim,14,True,122.0,2025-03-24_cp_full_drugs,full5,False,,,1,dorsal ,C57BL6,1/15/25,68.0,2/12/25,77.0,29A
s3://braingeneersdev/asrobbin/braindance_data/2025-03-24_cp_full_drugs/,25245lc,full5/full5_cartpole_F_7,s3://braingeneersdev/asrobbin/braindance_data/2025-03-24_cp_full_drugs/25245ic/full5/full5_cartpole_F_7.raw.h5,1790,2.0,1.9990282703126512,True,stim,14,True,122.0,2025-03-24_cp_full_drugs,full5,False,,,1,dorsal ,C57BL6,1/15/25,68.0,2/12/25,77.0,29A
s3://braingeneersdev/asrobbin/braindance_data/2025-03-24_cp_full_drugs/,25245lc,full5/full5_cartpole_F_5,s3://braingeneersdev/asrobbin/braindance_data/2025-03-24_cp_full_drugs/25245ic/full5/full5_cartpole_F_5.raw.h5,2359,2.0,2.6269525405241687,True,stim,14,True,122.0,2025-03-24_cp_full_drugs,full5,False,,,1,dorsal ,C57BL6,1/15/25,68.0,2/12/25,77.0,29A
s3://braingeneersdev/asrobbin/braindance_data/2025-03-24_cp_full_drugs/,25245lc,full5/full5_cartpole_F_2,s3://braingeneersdev/asrobbin/braindance_data/2025-03-24_cp_full_drugs/25245ic/full5/full5_cartpole_F_2.raw.h5,2355,2.0,2.619477650568133,True,stim,14,True,122.0,2025-03-24_cp_full_drugs,full5,False,,,1,dorsal ,C57BL6,1/15/25,68.0,2/12/25,77.0,29A
s3://braingeneersdev/asrobbin/braindance_data/2025-03-24_cp_full_drugs/,25245lc,full5/full5_cartpole_F_1,s3://braingeneersdev/asrobbin/braindance_data/2025-03-24_cp_full_drugs/25245ic/full5/full5_cartpole_F_1.raw.h5,2395,2.0,2.6672203901319755,True,stim,14,True,122.0,2025-03-24_cp_full_drugs,full5,False,,,1,dorsal ,C57BL6,1/15/25,68.0,2/12/25,77.0,29A
s3://braingeneersdev/asrobbin/braindance_data/2025-03-24_cp_full_drugs/,25245lc,full5/full5,s3://braingeneersdev/asrobbin/braindance_data/2025-03-24_cp_full_drugs/25245ic/full5/full5.raw.h5,0,0.0,,False,spontaneous,14,True,122.0,2025-03-24_cp_full_drugs,full5,True,,,1,dorsal ,C57BL6,1/15/25,68.0,2/12/25,77.0,29A
s3://braingeneersdev/asrobbin/braindance_data/2025-03-24_cp_full_drugs/,25245lc,full5/full5_cartpole_F,s3://braingeneersdev/asrobbin/braindance_data/2025-03-24_cp_full_drugs/25245ic/full5/full5_cartpole_F.raw.h5,139,2.0,2.263087801036934,True,stim,14,True,122.0,2025-03-24_cp_full_drugs,full5,False,,,1,dorsal ,C57BL6,1/15/25,68.0,2/12/25,77.0,29A
s3://braingeneersdev/asrobbin/braindance_data/2025-03-24_cp_full_drugs/,25245lc,full5/full5_cartpole_F_11,s3://braingeneersdev/asrobbin/braindance_data/2025-03-24_cp_full_drugs/25245ic/full5/full5_cartpole_F_11.raw.h5,2070,2.0,2.307226455452064,True,stim,14,True,122.0,2025-03-24_cp_full_drugs,full5,False,,,1,dorsal ,C57BL6,1/15/25,68.0,2/12/25,77.0,29A
s3://braingeneers/braindance/bee_25-11-26/,25126hs3,exp1/exp1_cont_184,s3://braingeneers/braindance/bee_25-11-26/25126hs3/exp1/exp1_cont_184.raw.h5,0,0.0,,False,spontaneous,263,True,163.0,bee_25-11-26,exp1,False,,,,,,,,,,21A
s3://braingeneers/braindance/bee_25-11-26/,25126hs3,exp1/exp1_cont_158,s3://braingeneers/braindance/bee_25-11-26/25126hs3/exp1/exp1_cont_158.raw.h5,0,0.0,,False,spontaneous,263,True,163.0,bee_25-11-26,exp1,False,,,,,,,,,,21A
s3://braingeneers/braindance/bee_25-11-26/,25126hs3,exp1/exp1_cont_50,s3://braingeneers/braindance/bee_25-11-26/25126hs3/exp1/exp1_cont_50.raw.h5,0,0.0,,False,spontaneous,263,True,163.0,bee_25-11-26,exp1,False,,,,,,,,,,21A
s3://braingeneers/braindance/bee_25-11-26/,25126hs3,exp1/exp1_cont_54,s3://braingeneers/braindance/bee_25-11-26/25126hs3/exp1/exp1_cont_54.raw.h5,0,0.0,,False,spontaneous,263,True,163.0,bee_25-11-26,exp1,False,,,,,,,,,,21A
s3://braingeneers/braindance/bee_25-11-26/,25126hs3,exp1/exp1_cont_153,s3://braingeneers/braindance/bee_25-11-26/25126hs3/exp1/exp1_cont_153.raw.h5,1500,1.0,0.9999995395405694,True,stim,263,True,163.0,bee_25-11-26,exp1,False,,,,,,,,,,21A
s3://braingeneers/braindance/bee_25-11-26/,25126hs3,exp1/exp1_cont_213,s3://braingeneers/braindance/bee_25-11-26/25126hs3/exp1/exp1_cont_213.raw.h5,1500,1.0,0.9999998482129272,True,stim,263,True,163.0,bee_25-11-26,exp1,False,,,,,,,,,,21A
s3://braingeneers/braindance/bee_25-11-26/,25126hs3,exp1/exp1_cont_191,s3://braingeneers/braindance/bee_25-11-26/25126hs3/exp1/exp1_cont_191.raw.h5,750,0.5,0.4999997932394019,True,stim,263,True,163.0,bee_25-11-26,exp1,False,,,,,,,,,,21A
s3://braingeneers/braindance/bee_25-11-26/,25126hs3,exp1/exp1_cont_45,s3://braingeneers/braindance/bee_25-11-26/25126hs3/exp1/exp1_cont_45.raw.h5,3000,2.0,2.0000009329580255,True,stim,263,True,163.0,bee_25-11-26,exp1,False,,,,,,,,,,21A
s3://braingeneers/braindance/bee_25-11-26/,25126hs3,exp1/exp1_cont_236,s3://braingeneers/braindance/bee_25-11-26/25126hs3/exp1/exp1_cont_236.raw.h5,0,0.0,,False,spontaneous,263,True,163.0,bee_25-11-26,exp1,False,,,,,,,,,,21A
s3://braingeneers/braindance/bee_25-11-26/,25126hs3,exp1/exp1_cont_250,s3://braingeneers/braindance/bee_25-11-26/25126hs3/exp1/exp1_cont_250.raw.h5,0,0.0,,False,spontaneous,263,True,163.0,bee_25-11-26,exp1,False,,,,,,,,,,21A
s3://braingeneers/braindance/bee_25-11-26/,25126hs3,exp1/exp1_cont_25,s3://braingeneers/braindance/bee_25-11-26/25126hs3/exp1/exp1_cont_25.raw.h5,3000,2.0,2.0000017530645824,True,stim,263,True,163.0,bee_25-11-26,exp1,False,,,,,,,,,,21A
s3://braingeneers/braindance/bee_25-11-26/,25126hs3,exp1/exp1_cont_146,s3://braingeneers/braindance/bee_25-11-26/25126hs3/exp1/exp1_cont_146.raw.h5,0,0.0,,False,spontaneous,263,True,163.0,bee_25-11-26,exp1,False,,,,,,,,,,21A
s3://braingeneers/braindance/bee_25-11-26/,25126hs3,exp1/exp1_cont_80,s3://braingeneers/braindance/bee_25-11-26/25126hs3/exp1/exp1_cont_80.raw.h5,0,0.0,,False,spontaneous,263,True,163.0,bee_25-11-26,exp1,False,,,,,,,,,,21A
s3://braingeneers/braindance/bee_25-11-26/,25126hs3,exp1/exp1_cont_197,s3://braingeneers/braindance/bee_25-11-26/25126hs3/exp1/exp1_cont_197.raw.h5,6000,4.0,3.999997004460235,True,stim,263,True,163.0,bee_25-11-26,exp1,False,,,,,,,,,,21A
s3://braingeneers/braindance/bee_25-11-26/,25126hs3,exp1/exp1_cont_166,s3://braingeneers/braindance/bee_25-11-26/25126hs3/exp1/exp1_cont_166.raw.h5,0,0.0,,False,spontaneous,263,True,163.0,bee_25-11-26,exp1,False,,,,,,,,,,21A
s3://braingeneers/braindance/bee_25-11-26/,25126hs3,exp1/exp1_cont_39,s3://braingeneers/braindance/bee_25-11-26/25126hs3/exp1/exp1_cont_39.raw.h5,12000,8.0,8.000008313624654,True,stim,263,True,163.0,bee_25-11-26,exp1,False,,,,,,,,,,21A
s3://braingeneers/braindance/bee_25-11-26/,25126hs3,exp1/exp1_cont_131,s3://braingeneers/braindance/bee_25-11-26/25126hs3/exp1/exp1_cont_131.raw.h5,750,0.5,0.499999845268387,True,stim,263,True,163.0,bee_25-11-26,exp1,False,,,,,,,,,,21A
s3://braingeneers/braindance/bee_25-11-26/,25126hs3,exp1/exp1_cont_121,s3://braingeneers/braindance/bee_25-11-26/25126hs3/exp1/exp1_cont_121.raw.h5,750,0.5,0.499999490112368,True,stim,263,True,163.0,bee_25-11-26,exp1,False,,,,,,,,,,21A
s3://braingeneers/braindance/bee_25-11-26/,25126hs3,exp1/exp1_cont_144,s3://braingeneers/braindance/bee_25-11-26/25126hs3/exp1/exp1_cont_144.raw.h5,0,0.0,,False,spontaneous,263,True,163.0,bee_25-11-26,exp1,False,,,,,,,,,,21A
s3://braingeneers/braindance/bee_25-11-26/,25126hs3,exp1/exp1_cont_204,s3://braingeneers/braindance/bee_25-11-26/25126hs3/exp1/exp1_cont_204.raw.h5,0,0.0,,False,spontaneous,263,True,163.0,bee_25-11-26,exp1,False,,,,,,,,,,21A
s3://braingeneers/braindance/bee_25-11-26/,25126hs3,exp1/exp1_cont_46,s3://braingeneers/braindance/bee_25-11-26/25126hs3/exp1/exp1_cont_46.raw.h5,0,0.0,,False,spontaneous,263,True,163.0,bee_25-11-26,exp1,False,,,,,,,,,,21A
s3://braingeneers/braindance/bee_25-11-26/,25126hs3,exp1/exp1_cont_238,s3://braingeneers/braindance/bee_25-11-26/25126hs3/exp1/exp1_cont_238.raw.h5,0,0.0,,False,spontaneous,263,True,163.0,bee_25-11-26,exp1,False,,,,,,,,,,21A
s3://braingeneers/braindance/bee_25-11-26/,25126hs3,exp1/exp1_cont_125,s3://braingeneers/braindance/bee_25-11-26/25126hs3/exp1/exp1_cont_125.raw.h5,3000,2.0,1.9999958854343365,True,stim,263,True,163.0,bee_25-11-26,exp1,False,,,,,,,,,,21A
s3://braingeneers/braindance/bee_25-11-26/,25126hs3,exp1/exp1_cont_133,s3://braingeneers/braindance/bee_25-11-26/25126hs3/exp1/exp1_cont_133.raw.h5,1500,1.0,1.0000005903046243,True,stim,263,True,163.0,bee_25-11-26,exp1,False,,,,,,,,,,21A
s3://braingeneers/braindance/bee_25-11-26/,25126hs3,exp1/exp1_cont_24,s3://braingeneers/braindance/bee_25-11-26/25126hs3/exp1/exp1_cont_24.raw.h5,0,0.0,,False,spontaneous,263,True,163.0,bee_25-11-26,exp1,False,,,,,,,,,,21A
s3://braingeneers/braindance/bee_25-11-26/,25126hs3,exp1/exp1_cont_136,s3://braingeneers/braindance/bee_25-11-26/25126hs3/exp1/exp1_cont_136.raw.h5,0,0.0,,False,spontaneous,263,True,163.0,bee_25-11-26,exp1,False,,,,,,,,,,21A
s3://braingeneers/braindance/bee_25-11-26/,25126hs3,exp1/exp1_cont_180,s3://braingeneers/braindance/bee_25-11-26/25126hs3/exp1/exp1_cont_180.raw.h5,0,0.0,,False,spontaneous,263,True,163.0,bee_25-11-26,exp1,False,,,,,,,,,,21A
s3://braingeneers/braindance/bee_25-11-26/,25126hs3,exp1/exp1_cont_244,s3://braingeneers/braindance/bee_25-11-26/25126hs3/exp1/exp1_cont_244.raw.h5,0,0.0,,False,spontaneous,263,True,163.0,bee_25-11-26,exp1,False,,,,,,,,,,21A
s3://braingeneers/braindance/bee_25-11-26/,25126hs3,exp1/exp1_cont_152,s3://braingeneers/braindance/bee_25-11-26/25126hs3/exp1/exp1_cont_152.raw.h5,0,0.0,,False,spontaneous,263,True,163.0,bee_25-11-26,exp1,False,,,,,,,,,,21A
s3://braingeneers/braindance/bee_25-11-26/,25126hs3,exp1/exp1_cont_223,s3://braingeneers/braindance/bee_25-11-26/25126hs3/exp1/exp1_cont_223.raw.h5,1500,1.0,1.0000007176715402,True,stim,263,True,163.0,bee_25-11-26,exp1,False,,,,,,,,,,21A
s3://braingeneers/braindance/bee_25-11-26/,25126hs3,exp1/exp1_cont_90,s3://braingeneers/braindance/bee_25-11-26/25126hs3/exp1/exp1_cont_90.raw.h5,0,0.0,,False,spontaneous,263,True,163.0,bee_25-11-26,exp1,False,,,,,,,,,,21A
s3://braingeneers/braindance/bee_25-11-26/,25126hs3,exp1/exp1_cont_243,s3://braingeneers/braindance/bee_25-11-26/25126hs3/exp1/exp1_cont_243.raw.h5,1500,1.0,0.9999990059383992,True,stim,263,True,163.0,bee_25-11-26,exp1,False,,,,,,,,,,21A
s3://braingeneers/braindance/bee_25-11-26/,25126hs3,exp1/exp1_cont_135,s3://braingeneers/braindance/bee_25-11-26/25126hs3/exp1/exp1_cont_135.raw.h5,3000,2.0,2.0000022892938145,True,stim,263,True,163.0,bee_25-11-26,exp1,False,,,,,,,,,,21A
s3://braingeneers/braindance/bee_25-11-26/,25126hs3,exp1/exp1_cont_145,s3://braingeneers/braindance/bee_25-11-26/25126hs3/exp1/exp1_cont_145.raw.h5,3000,2.0,1.999995992935045,True,stim,263,True,163.0,bee_25-11-26,exp1,False,,,,,,,,,,21A
s3://braingeneers/braindance/bee_25-11-26/,25126hs3,exp1/exp1_cont_32,s3://braingeneers/braindance/bee_25-11-26/25126hs3/exp1/exp1_cont_32.raw.h5,0,0.0,,False,spontaneous,263,True,163.0,bee_25-11-26,exp1,False,,,,,,,,,,21A
s3://braingeneers/braindance/bee_25-11-26/,25126hs3,exp1/exp1_cont_65,s3://braingeneers/braindance/bee_25-11-26/25126hs3/exp1/exp1_cont_65.raw.h5,3000,2.0,2.000001011105351,True,stim,263,True,163.0,bee_25-11-26,exp1,False,,,,,,,,,,21A
s3://braingeneers/braindance/bee_25-11-26/,25126hs3,exp1/exp1_cont_210,s3://braingeneers/braindance/bee_25-11-26/25126hs3/exp1/exp1_cont_210.raw.h5,0,0.0,,False,spontaneous,263,True,163.0,bee_25-11-26,exp1,False,,,,,,,,,,21A
s3://braingeneers/braindance/bee_25-11-26/,25126hs3,exp1/exp1_cont_124,s3://braingeneers/braindance/bee_25-11-26/25126hs3/exp1/exp1_cont_124.raw.h5,0,0.0,,False,spontaneous,263,True,163.0,bee_25-11-26,exp1,False,,,,,,,,,,21A
s3://braingeneers/braindance/bee_25-11-26/,25126hs3,exp1/exp1_cont_12,s3://braingeneers/braindance/bee_25-11-26/25126hs3/exp1/exp1_cont_12.raw.h5,0,0.0,,False,spontaneous,263,True,163.0,bee_25-11-26,exp1,False,,,,,,,,,,21A
s3://braingeneers/braindance/bee_25-11-26/,25126hs3,exp1/exp1_cont_18,s3://braingeneers/braindance/bee_25-11-26/25126hs3/exp1/exp1_cont_18.raw.h5,0,0.0,,False,spontaneous,263,True,163.0,bee_25-11-26,exp1,False,,,,,,,,,,21A
s3://braingeneers/braindance/bee_25-11-26/,25126hs3,exp1/exp1_cont_75,s3://braingeneers/braindance/bee_25-11-26/25126hs3/exp1/exp1_cont_75.raw.h5,3000,2.0,2.0000004109984197,True,stim,263,True,163.0,bee_25-11-26,exp1,False,,,,,,,,,,21A
s3://braingeneers/braindance/bee_25-11-26/,25126hs3,exp1/exp1_cont_77,s3://braingeneers/braindance/bee_25-11-26/25126hs3/exp1/exp1_cont_77.raw.h5,6000,4.0,3.999992584988278,True,stim,263,True,163.0,bee_25-11-26,exp1,False,,,,,,,,,,21A
s3://braingeneers/braindance/bee_25-11-26/,25126hs3,exp1/exp1_cont_249,s3://braingeneers/braindance/bee_25-11-26/25126hs3/exp1/exp1_cont_249.raw.h5,12000,8.0,8.000006122994773,True,stim,263,True,163.0,bee_25-11-26,exp1,False,,,,,,,,,,21A
s3://braingeneers/braindance/bee_25-11-26/,25126hs3,exp1/exp1_cont_175,s3://braingeneers/braindance/bee_25-11-26/25126hs3/exp1/exp1_cont_175.raw.h5,3000,2.0,2.0000006685525715,True,stim,263,True,163.0,bee_25-11-26,exp1,False,,,,,,,,,,21A
s3://braingeneers/braindance/bee_25-11-26/,25126hs3,exp1/exp1_cont_94,s3://braingeneers/braindance/bee_25-11-26/25126hs3/exp1/exp1_cont_94.raw.h5,0,0.0,,False,spontaneous,263,True,163.0,bee_25-11-26,exp1,False,,,,,,,,,,21A
s3://braingeneers/braindance/bee_25-11-26/,25126hs3,exp1/exp1_cont_169,s3://braingeneers/braindance/bee_25-11-26/25126hs3/exp1/exp1_cont_169.raw.h5,12000,8.0,7.999995237968499,True,stim,263,True,163.0,bee_25-11-26,exp1,False,,,,,,,,,,21A
s3://braingeneers/braindance/bee_25-11-26/,25126hs3,exp1/exp1_cont_114,s3://braingeneers/braindance/bee_25-11-26/25126hs3/exp1/exp1_cont_114.raw.h5,0,0.0,,False,spontaneous,263,True,163.0,bee_25-11-26,exp1,False,,,,,,,,,,21A
s3://braingeneers/braindance/bee_25-11-26/,25126hs3,exp1/exp1_cont_108,s3://braingeneers/braindance/bee_25-11-26/25126hs3/exp1/exp1_cont_108.raw.h5,0,0.0,,False,spontaneous,263,True,163.0,bee_25-11-26,exp1,False,,,,,,,,,,21A
s3://braingeneers/braindance/bee_25-11-26/,25126hs3,exp1/exp1_cont_48,s3://braingeneers/braindance/bee_25-11-26/25126hs3/exp1/exp1_cont_48.raw.h5,0,0.0,,False,spontaneous,263,True,163.0,bee_25-11-26,exp1,False,,,,,,,,,,21A
s3://braingeneers/braindance/bee_25-11-26/,25126hs3,exp1/exp1_cont_182,s3://braingeneers/braindance/bee_25-11-26/25126hs3/exp1/exp1_cont_182.raw.h5,0,0.0,,False,spontaneous,263,True,163.0,bee_25-11-26,exp1,False,,,,,,,,,,21A
s3://braingeneers/braindance/bee_25-11-26/,25126hs3,exp1/exp1_cont_62,s3://braingeneers/braindance/bee_25-11-26/25126hs3/exp1/exp1_cont_62.raw.h5,0,0.0,,False,spontaneous,263,True,163.0,bee_25-11-26,exp1,False,,,,,,,,,,21A
s3://braingeneers/braindance/bee_25-11-26/,25126hs3,exp1/exp1_cont_53,s3://braingeneers/braindance/bee_25-11-26/25126hs3/exp1/exp1_cont_53.raw.h5,1500,1.0,0.9999970748664708,True,stim,263,True,163.0,bee_25-11-26,exp1,False,,,,,,,,,,21A
s3://braingeneers/braindance/bee_25-11-26/,25126hs3,exp1/exp1_cont_205,s3://braingeneers/braindance/bee_25-11-26/25126hs3/exp1/exp1_cont_205.raw.h5,3000,2.0,2.000001691287884,True,stim,263,True,163.0,bee_25-11-26,exp1,False,,,,,,,,,,21A
s3://braingeneers/braindance/bee_25-11-26/,25126hs3,exp1/exp1_cont_119,s3://braingeneers/braindance/bee_25-11-26/25126hs3/exp1/exp1_cont_119.raw.h5,12000,8.0,8.000001726725671,True,stim,263,True,163.0,bee_25-11-26,exp1,False,,,,,,,,,,21A
s3://braingeneers/braindance/bee_25-11-26/,25126hs3,exp1/exp1_cont_130,s3://braingeneers/braindance/bee_25-11-26/25126hs3/exp1/exp1_cont_130.raw.h5,0,0.0,,False,spontaneous,263,True,163.0,bee_25-11-26,exp1,False,,,,,,,,,,21A
s3://braingeneers/braindance/bee_25-11-26/,25126hs3,exp1/exp1_cont_55,s3://braingeneers/braindance/bee_25-11-26/25126hs3/exp1/exp1_cont_55.raw.h5,3000,2.0,2.0000006324974144,True,stim,263,True,163.0,bee_25-11-26,exp1,False,,,,,,,,,,21A
s3://braingeneers/braindance/bee_25-11-26/,25126hs3,exp1/exp1_cont_189,s3://braingeneers/braindance/bee_25-11-26/25126hs3/exp1/exp1_cont_189.raw.h5,12000,8.0,7.99999150572248,True,stim,263,True,163.0,bee_25-11-26,exp1,False,,,,,,,,,,21A
s3://braingeneers/braindance/bee_25-11-26/,25126hs3,exp1/exp1_cont_122,s3://braingeneers/braindance/bee_25-11-26/25126hs3/exp1/exp1_cont_122.raw.h5,0,0.0,,False,spontaneous,263,True,163.0,bee_25-11-26,exp1,False,,,,,,,,,,21A
s3://braingeneers/braindance/bee_25-11-26/,25126hs3,exp1/exp1_cont_60,s3://braingeneers/braindance/bee_25-11-26/25126hs3/exp1/exp1_cont_60.raw.h5,0,0.0,,False,spontaneous,263,True,163.0,bee_25-11-26,exp1,False,,,,,,,,,,21A
s3://braingeneers/braindance/bee_25-11-26/,25126hs3,exp1/exp1_cont_101,s3://braingeneers/braindance/bee_25-11-26/25126hs3/exp1/exp1_cont_101.raw.h5,750,0.5,0.5000010887050158,True,stim,263,True,163.0,bee_25-11-26,exp1,False,,,,,,,,,,21A
s3://braingeneers/braindance/bee_25-11-26/,25126hs3,exp1/exp1_cont_217,s3://braingeneers/braindance/bee_25-11-26/25126hs3/exp1/exp1_cont_217.raw.h5,6000,4.0,3.9999970460562464,True,stim,263,True,163.0,bee_25-11-26,exp1,False,,,,,,,,,,21A
s3://braingeneers/braindance/bee_25-11-26/,25126hs3,exp1/exp1_cont_247,s3://braingeneers/braindance/bee_25-11-26/25126hs3/exp1/exp1_cont_247.raw.h5,6000,4.0,4.000002725614013,True,stim,263,True,163.0,bee_25-11-26,exp1,False,,,,,,,,,,21A
s3://braingeneers/braindance/bee_25-11-26/,25126hs3,exp1/exp1_cont_168,s3://braingeneers/braindance/bee_25-11-26/25126hs3/exp1/exp1_cont_168.raw.h5,0,0.0,,False,spontaneous,263,True,163.0,bee_25-11-26,exp1,False,,,,,,,,,,21A
s3://braingeneers/braindance/bee_25-11-26/,25126hs3,exp1/exp1_cont_129,s3://braingeneers/braindance/bee_25-11-26/25126hs3/exp1/exp1_cont_129.raw.h5,12000,8.0,8.000013982575428,True,stim,263,True,163.0,bee_25-11-26,exp1,False,,,,,,,,,,21A
s3://braingeneers/braindance/bee_25-11-26/,25126hs3,exp1/exp1_cont_202,s3://braingeneers/braindance/bee_25-11-26/25126hs3/exp1/exp1_cont_202.raw.h5,0,0.0,,False,spontaneous,263,True,163.0,bee_25-11-26,exp1,False,,,,,,,,,,21A
s3://braingeneers/braindance/bee_25-11-26/,25126hs3,exp1/exp1_cont_156,s3://braingeneers/braindance/bee_25-11-26/25126hs3/exp1/exp1_cont_156.raw.h5,0,0.0,,False,spontaneous,263,True,163.0,bee_25-11-26,exp1,False,,,,,,,,,,21A
s3://braingeneers/braindance/bee_25-11-26/,25126hs3,exp1/exp1_cont_127,s3://braingeneers/braindance/bee_25-11-26/25126hs3/exp1/exp1_cont_127.raw.h5,6000,4.0,4.00000292900745,True,stim,263,True,163.0,bee_25-11-26,exp1,False,,,,,,,,,,21A
s3://braingeneers/braindance/bee_25-11-26/,25126hs3,exp1/exp1_cont_40,s3://braingeneers/braindance/bee_25-11-26/25126hs3/exp1/exp1_cont_40.raw.h5,0,0.0,,False,spontaneous,263,True,163.0,bee_25-11-26,exp1,False,,,,,,,,,,21A
s3://braingeneers/braindance/bee_25-11-26/,25126hs3,exp1/exp1_cont_134,s3://braingeneers/braindance/bee_25-11-26/25126hs3/exp1/exp1_cont_134.raw.h5,0,0.0,,False,spontaneous,263,True,163.0,bee_25-11-26,exp1,False,,,,,,,,,,21A
s3://braingeneers/braindance/bee_25-11-26/,25126hs3,exp1/exp1_cont_87,s3://braingeneers/braindance/bee_25-11-26/25126hs3/exp1/exp1_cont_87.raw.h5,6000,4.0,3.9999965055962994,True,stim,263,True,163.0,bee_25-11-26,exp1,False,,,,,,,,,,21A
s3://braingeneers/braindance/bee_25-11-26/,25126hs3,exp1/exp1,s3://braingeneers/braindance/bee_25-11-26/25126hs3/exp1/exp1.raw.h5,0,0.0,,False,spontaneous,263,True,163.0,bee_25-11-26,exp1,True,,,,,,,,,,21A
s3://braingeneers/braindance/bee_25-11-26/,25126hs3,exp1/exp1_cont_115,s3://braingeneers/braindance/bee_25-11-26/25126hs3/exp1/exp1_cont_115.raw.h5,3000,2.0,1.999995397219097,True,stim,263,True,163.0,bee_25-11-26,exp1,False,,,,,,,,,,21A
s3://braingeneers/braindance/bee_25-11-26/,25126hs3,exp1/exp1_cont_200,s3://braingeneers/braindance/bee_25-11-26/25126hs3/exp1/exp1_cont_200.raw.h5,0,0.0,,False,spontaneous,263,True,163.0,bee_25-11-26,exp1,False,,,,,,,,,,21A
s3://braingeneers/braindance/bee_25-11-26/,25126hs3,exp1/exp1_cont_82,s3://braingeneers/braindance/bee_25-11-26/25126hs3/exp1/exp1_cont_82.raw.h5,0,0.0,,False,spontaneous,263,True,163.0,bee_25-11-26,exp1,False,,,,,,,,,,21A
s3://braingeneers/braindance/bee_25-11-26/,25126hs3,exp1/exp1_cont_239,s3://braingeneers/braindance/bee_25-11-26/25126hs3/exp1/exp1_cont_239.raw.h5,12000,8.0,8.000001896626804,True,stim,263,True,163.0,bee_25-11-26,exp1,False,,,,,,,,,,21A
s3://braingeneers/braindance/bee_25-11-26/,25126hs3,exp1/exp1_cont_85,s3://braingeneers/braindance/bee_25-11-26/25126hs3/exp1/exp1_cont_85.raw.h5,3000,2.0,1.9999996201521324,True,stim,263,True,163.0,bee_25-11-26,exp1,False,,,,,,,,,,21A
s3://braingeneers/braindance/bee_25-11-26/,25126hs3,exp1/exp1_cont_9,s3://braingeneers/braindance/bee_25-11-26/25126hs3/exp1/exp1_cont_9.raw.h5,12000,8.0,7.99998571461174,True,stim,263,True,163.0,bee_25-11-26,exp1,False,,,,,,,,,,21A
s3://braingeneers/braindance/bee_25-11-26/,25126hs3,exp1/exp1_cont_226,s3://braingeneers/braindance/bee_25-11-26/25126hs3/exp1/exp1_cont_226.raw.h5,0,0.0,,False,spontaneous,263,True,163.0,bee_25-11-26,exp1,False,,,,,,,,,,21A
s3://braingeneers/braindance/bee_25-11-26/,25126hs3,exp1/exp1_cont_28,s3://braingeneers/braindance/bee_25-11-26/25126hs3/exp1/exp1_cont_28.raw.h5,0,0.0,,False,spontaneous,263,True,163.0,bee_25-11-26,exp1,False,,,,,,,,,,21A
s3://braingeneers/braindance/bee_25-11-26/,25126hs3,exp1/exp1_cont_102,s3://braingeneers/braindance/bee_25-11-26/25126hs3/exp1/exp1_cont_102.raw.h5,0,0.0,,False,spontaneous,263,True,163.0,bee_25-11-26,exp1,False,,,,,,,,,,21A
s3://braingeneers/braindance/bee_25-11-26/,25126hs3,exp1/exp1_cont_78,s3://braingeneers/braindance/bee_25-11-26/25126hs3/exp1/exp1_cont_78.raw.h5,0,0.0,,False,spontaneous,263,True,163.0,bee_25-11-26,exp1,False,,,,,,,,,,21A
s3://braingeneers/braindance/bee_25-11-26/,25126hs3,exp1/exp1_cont_252,s3://braingeneers/braindance/bee_25-11-26/25126hs3/exp1/exp1_cont_252.raw.h5,0,0.0,,False,spontaneous,263,True,163.0,bee_25-11-26,exp1,False,,,,,,,,,,21A
s3://braingeneers/braindance/bee_25-11-26/,25126hs3,exp1/exp1_cont_58,s3://braingeneers/braindance/bee_25-11-26/25126hs3/exp1/exp1_cont_58.raw.h5,0,0.0,,False,spontaneous,263,True,163.0,bee_25-11-26,exp1,False,,,,,,,,,,21A
s3://braingeneers/braindance/bee_25-11-26/,25126hs3,exp1/exp1_cont_113,s3://braingeneers/braindance/bee_25-11-26/25126hs3/exp1/exp1_cont_113.raw.h5,1500,1.0,0.99999834134567,True,stim,263,True,163.0,bee_25-11-26,exp1,False,,,,,,,,,,21A
s3://braingeneers/braindance/bee_25-11-26/,25126hs3,exp1/exp1_cont_255,s3://braingeneers/braindance/bee_25-11-26/25126hs3/exp1/exp1_cont_255.raw.h5,3000,2.0,1.9999956467183344,True,stim,263,True,163.0,bee_25-11-26,exp1,False,,,,,,,,,,21A
s3://braingeneers/braindance/bee_25-11-26/,25126hs3,exp1/exp1_cont_37,s3://braingeneers/braindance/bee_25-11-26/25126hs3/exp1/exp1_cont_37.raw.h5,6000,4.0,3.999996855774248,True,stim,263,True,163.0,bee_25-11-26,exp1,False,,,,,,,,,,21A
s3://braingeneers/braindance/bee_25-11-26/,25126hs3,exp1/exp1_cont_139,s3://braingeneers/braindance/bee_25-11-26/25126hs3/exp1/exp1_cont_139.raw.h5,12000,8.0,7.999978983012381,True,stim,263,True,163.0,bee_25-11-26,exp1,False,,,,,,,,,,21A
s3://braingeneers/braindance/bee_25-11-26/,25126hs3,exp1/exp1_cont_47,s3://braingeneers/braindance/bee_25-11-26/25126hs3/exp1/exp1_cont_47.raw.h5,6000,4.0,4.000000969260659,True,stim,263,True,163.0,bee_25-11-26,exp1,False,,,,,,,,,,21A
s3://braingeneers/braindance/bee_25-11-26/,25126hs3,exp1/exp1_cont_116,s3://braingeneers/braindance/bee_25-11-26/25126hs3/exp1/exp1_cont_116.raw.h5,0,0.0,,False,spontaneous,263,True,163.0,bee_25-11-26,exp1,False,,,,,,,,,,21A
s3://braingeneers/braindance/bee_25-11-26/,25126hs3,exp1/exp1_cont_123,s3://braingeneers/braindance/bee_25-11-26/25126hs3/exp1/exp1_cont_123.raw.h5,1500,1.0,0.9999992617983304,True,stim,263,True,163.0,bee_25-11-26,exp1,False,,,,,,,,,,21A
s3://braingeneers/braindance/bee_25-11-26/,25126hs3,exp1/exp1_cont_151,s3://braingeneers/braindance/bee_25-11-26/25126hs3/exp1/exp1_cont_151.raw.h5,750,0.5,0.4999985060976187,True,stim,263,True,163.0,bee_25-11-26,exp1,False,,,,,,,,,,21A
s3://braingeneers/braindance/bee_25-11-26/,25126hs3,exp1/exp1_cont_212,s3://braingeneers/braindance/bee_25-11-26/25126hs3/exp1/exp1_cont_212.raw.h5,0,0.0,,False,spontaneous,263,True,163.0,bee_25-11-26,exp1,False,,,,,,,,,,21A
s3://braingeneers/braindance/bee_25-11-26/,25126hs3,exp1/exp1_cont_95,s3://braingeneers/braindance/bee_25-11-26/25126hs3/exp1/exp1_cont_95.raw.h5,3000,2.0,1.9999987514257629,True,stim,263,True,163.0,bee_25-11-26,exp1,False,,,,,,,,,,21A
s3://braingeneers/braindance/bee_25-11-26/,25126hs3,exp1/exp1_cont_117,s3://braingeneers/braindance/bee_25-11-26/25126hs3/exp1/exp1_cont_117.raw.h5,6000,4.0,3.999995373367434,True,stim,263,True,163.0,bee_25-11-26,exp1,False,,,,,,,,,,21A
s3://braingeneers/braindance/bee_25-11-26/,25126hs3,exp1/exp1_cont_17,s3://braingeneers/braindance/bee_25-11-26/25126hs3/exp1/exp1_cont_17.raw.h5,6000,4.0,3.999991596491778,True,stim,263,True,163.0,bee_25-11-26,exp1,False,,,,,,,,,,21A
s3://braingeneers/braindance/bee_25-11-26/,25126hs3,exp1/exp1_cont_230,s3://braingeneers/braindance/bee_25-11-26/25126hs3/exp1/exp1_cont_230.raw.h5,0,0.0,,False,spontaneous,263,True,163.0,bee_25-11-26,exp1,False,,,,,,,,,,21A
s3://braingeneers/braindance/bee_25-11-26/,25126hs3,exp1/exp1_cont_33,s3://braingeneers/braindance/bee_25-11-26/25126hs3/exp1/exp1_cont_33.raw.h5,1500,1.0,1.0000013298583348,True,stim,263,True,163.0,bee_25-11-26,exp1,False,,,,,,,,,,21A
s3://braingeneers/braindance/bee_25-11-26/,25126hs3,exp1/exp1_cont_128,s3://braingeneers/braindance/bee_25-11-26/25126hs3/exp1/exp1_cont_128.raw.h5,0,0.0,,False,spontaneous,263,True,163.0,bee_25-11-26,exp1,False,,,,,,,,,,21A
s3://braingeneers/braindance/bee_25-11-26/,25126hs3,exp1/exp1_cont_218,s3://braingeneers/braindance/bee_25-11-26/25126hs3/exp1/exp1_cont_218.raw.h5,0,0.0,,False,spontaneous,263,True,163.0,bee_25-11-26,exp1,False,,,,,,,,,,21A
s3://braingeneers/braindance/bee_25-11-26/,25126hs3,exp1/exp1_cont_221,s3://braingeneers/braindance/bee_25-11-26/25126hs3/exp1/exp1_cont_221.raw.h5,750,0.5,0.5000003924976743,True,stim,263,True,163.0,bee_25-11-26,exp1,False,,,,,,,,,,21A
s3://braingeneers/braindance/bee_25-11-26/,25126hs3,exp1/exp1_cont_240,s3://braingeneers/braindance/bee_25-11-26/25126hs3/exp1/exp1_cont_240.raw.h5,0,0.0,,False,spontaneous,263,True,163.0,bee_25-11-26,exp1,False,,,,,,,,,,21A
s3://braingeneers/braindance/bee_25-11-26/,25126hs3,exp1/exp1_cont_16,s3://braingeneers/braindance/bee_25-11-26/25126hs3/exp1/exp1_cont_16.raw.h5,0,0.0,,False,spontaneous,263,True,163.0,bee_25-11-26,exp1,False,,,,,,,,,,21A
s3://braingeneers/braindance/bee_25-11-26/,25126hs3,exp1/exp1_cont_190,s3://braingeneers/braindance/bee_25-11-26/25126hs3/exp1/exp1_cont_190.raw.h5,0,0.0,,False,spontaneous,263,True,163.0,bee_25-11-26,exp1,False,,,,,,,,,,21A
s3://braingeneers/braindance/bee_25-11-26/,25126hs3,exp1/exp1_cont_34,s3://braingeneers/braindance/bee_25-11-26/25126hs3/exp1/exp1_cont_34.raw.h5,0,0.0,,False,spontaneous,263,True,163.0,bee_25-11-26,exp1,False,,,,,,,,,,21A
s3://braingeneers/braindance/bee_25-11-26/,25126hs3,exp1/exp1_cont_186,s3://braingeneers/braindance/bee_25-11-26/25126hs3/exp1/exp1_cont_186.raw.h5,0,0.0,,False,spontaneous,263,True,163.0,bee_25-11-26,exp1,False,,,,,,,,,,21A
s3://braingeneers/braindance/bee_25-11-26/,25126hs3,exp1/exp1_cont_251,s3://braingeneers/braindance/bee_25-11-26/25126hs3/exp1/exp1_cont_251.raw.h5,750,0.5,0.5000002416076054,True,stim,263,True,163.0,bee_25-11-26,exp1,False,,,,,,,,,,21A
s3://braingeneers/braindance/bee_25-11-26/,25126hs3,exp1/exp1_cont_64,s3://braingeneers/braindance/bee_25-11-26/25126hs3/exp1/exp1_cont_64.raw.h5,0,0.0,,False,spontaneous,263,True,163.0,bee_25-11-26,exp1,False,,,,,,,,,,21A
s3://braingeneers/braindance/bee_25-11-26/,25126hs3,exp1/exp1_cont_206,s3://braingeneers/braindance/bee_25-11-26/25126hs3/exp1/exp1_cont_206.raw.h5,0,0.0,,False,spontaneous,263,True,163.0,bee_25-11-26,exp1,False,,,,,,,,,,21A
s3://braingeneers/braindance/bee_25-11-26/,25126hs3,exp1/exp1_cont_234,s3://braingeneers/braindance/bee_25-11-26/25126hs3/exp1/exp1_cont_234.raw.h5,0,0.0,,False,spontaneous,263,True,163.0,bee_25-11-26,exp1,False,,,,,,,,,,21A
s3://braingeneers/braindance/bee_25-11-26/,25126hs3,exp1/exp1_cont_49,s3://braingeneers/braindance/bee_25-11-26/25126hs3/exp1/exp1_cont_49.raw.h5,12000,8.0,8.00000223730709,True,stim,263,True,163.0,bee_25-11-26,exp1,False,,,,,,,,,,21A
s3://braingeneers/braindance/bee_25-11-26/,25126hs3,exp1/exp1_cont_219,s3://braingeneers/braindance/bee_25-11-26/25126hs3/exp1/exp1_cont_219.raw.h5,12000,8.0,7.99998679588665,True,stim,263,True,163.0,bee_25-11-26,exp1,False,,,,,,,,,,21A
s3://braingeneers/braindance/bee_25-11-26/,25126hs3,exp1/exp1_cont_1,s3://braingeneers/braindance/bee_25-11-26/25126hs3/exp1/exp1_cont_1.raw.h5,750,0.5,0.4999985669477378,True,stim,263,True,163.0,bee_25-11-26,exp1,False,,,,,,,,,,21A
s3://braingeneers/braindance/bee_25-11-26/,25126hs3,exp1/exp1_cont_52,s3://braingeneers/braindance/bee_25-11-26/25126hs3/exp1/exp1_cont_52.raw.h5,0,0.0,,False,spontaneous,263,True,163.0,bee_25-11-26,exp1,False,,,,,,,,,,21A
s3://braingeneers/braindance/bee_25-11-26/,25126hs3,exp1/exp1_cont_79,s3://braingeneers/braindance/bee_25-11-26/25126hs3/exp1/exp1_cont_79.raw.h5,12000,8.0,8.00000828708342,True,stim,263,True,163.0,bee_25-11-26,exp1,False,,,,,,,,,,21A
s3://braingeneers/braindance/bee_25-11-26/,25126hs3,exp1/exp1_cont_208,s3://braingeneers/braindance/bee_25-11-26/25126hs3/exp1/exp1_cont_208.raw.h5,0,0.0,,False,spontaneous,263,True,163.0,bee_25-11-26,exp1,False,,,,,,,,,,21A
s3://braingeneers/braindance/bee_25-11-26/,25126hs3,exp1/exp1_cont_71,s3://braingeneers/braindance/bee_25-11-26/25126hs3/exp1/exp1_cont_71.raw.h5,750,0.5,0.5000000333481737,True,stim,263,True,163.0,bee_25-11-26,exp1,False,,,,,,,,,,21A
s3://braingeneers/braindance/bee_25-11-26/,25126hs3,exp1/exp1_cont_91,s3://braingeneers/braindance/bee_25-11-26/25126hs3/exp1/exp1_cont_91.raw.h5,750,0.5,0.5000009451345756,True,stim,263,True,163.0,bee_25-11-26,exp1,False,,,,,,,,,,21A
s3://braingeneers/braindance/bee_25-11-26/,25126hs3,exp1/exp1_cont_15,s3://braingeneers/braindance/bee_25-11-26/25126hs3/exp1/exp1_cont_15.raw.h5,3000,2.0,1.999996184188639,True,stim,263,True,163.0,bee_25-11-26,exp1,False,,,,,,,,,,21A
s3://braingeneers/braindance/bee_25-11-26/,25126hs3,exp1/exp1_cont_22,s3://braingeneers/braindance/bee_25-11-26/25126hs3/exp1/exp1_cont_22.raw.h5,0,0.0,,False,spontaneous,263,True,163.0,bee_25-11-26,exp1,False,,,,,,,,,,21A
s3://braingeneers/braindance/bee_25-11-26/,25126hs3,exp1/exp1_cont_69,s3://braingeneers/braindance/bee_25-11-26/25126hs3/exp1/exp1_cont_69.raw.h5,12000,8.0,8.000007409830632,True,stim,263,True,163.0,bee_25-11-26,exp1,False,,,,,,,,,,21A
s3://braingeneers/braindance/bee_25-11-26/,25126hs3,exp1/exp1_cont_159,s3://braingeneers/braindance/bee_25-11-26/25126hs3/exp1/exp1_cont_159.raw.h5,12000,8.0,7.99999045593003,True,stim,263,True,163.0,bee_25-11-26,exp1,False,,,,,,,,,,21A
s3://braingeneers/braindance/bee_25-11-26/,25126hs3,exp1/exp1_cont_61,s3://braingeneers/braindance/bee_25-11-26/25126hs3/exp1/exp1_cont_61.raw.h5,750,0.5,0.4999995977452863,True,stim,263,True,163.0,bee_25-11-26,exp1,False,,,,,,,,,,21A
s3://braingeneers/braindance/bee_25-11-26/,25126hs3,exp1/exp1_cont_209,s3://braingeneers/braindance/bee_25-11-26/25126hs3/exp1/exp1_cont_209.raw.h5,12000,8.0,8.000001594501562,True,stim,263,True,163.0,bee_25-11-26,exp1,False,,,,,,,,,,21A
s3://braingeneers/braindance/bee_25-11-26/,25126hs3,exp1/exp1_cont_173,s3://braingeneers/braindance/bee_25-11-26/25126hs3/exp1/exp1_cont_173.raw.h5,1500,1.0,1.0000025997752422,True,stim,263,True,163.0,bee_25-11-26,exp1,False,,,,,,,,,,21A
s3://braingeneers/braindance/bee_25-11-26/,25126hs3,exp1/exp1_cont_160,s3://braingeneers/braindance/bee_25-11-26/25126hs3/exp1/exp1_cont_160.raw.h5,0,0.0,,False,spontaneous,263,True,163.0,bee_25-11-26,exp1,False,,,,,,,,,,21A
s3://braingeneers/braindance/bee_25-11-26/,25126hs3,exp1/exp1_cont_81,s3://braingeneers/braindance/bee_25-11-26/25126hs3/exp1/exp1_cont_81.raw.h5,750,0.5,0.5000006111602816,True,stim,263,True,163.0,bee_25-11-26,exp1,False,,,,,,,,,,21A
s3://braingeneers/braindance/bee_25-11-26/,25126hs3,exp1/exp1_cont_232,s3://braingeneers/braindance/bee_25-11-26/25126hs3/exp1/exp1_cont_232.raw.h5,0,0.0,,False,spontaneous,263,True,163.0,bee_25-11-26,exp1,False,,,,,,,,,,21A
s3://braingeneers/braindance/bee_25-11-26/,25126hs3,exp1/exp1_cont_89,s3://braingeneers/braindance/bee_25-11-26/25126hs3/exp1/exp1_cont_89.raw.h5,12000,8.0,7.999982144221428,True,stim,263,True,163.0,bee_25-11-26,exp1,False,,,,,,,,,,21A
s3://braingeneers/braindance/bee_25-11-26/,25126hs3,exp1/exp1_cont_176,s3://braingeneers/braindance/bee_25-11-26/25126hs3/exp1/exp1_cont_176.raw.h5,0,0.0,,False,spontaneous,263,True,163.0,bee_25-11-26,exp1,False,,,,,,,,,,21A
s3://braingeneers/braindance/bee_25-11-26/,25126hs3,exp1/exp1_cont_224,s3://braingeneers/braindance/bee_25-11-26/25126hs3/exp1/exp1_cont_224.raw.h5,0,0.0,,False,spontaneous,263,True,163.0,bee_25-11-26,exp1,False,,,,,,,,,,21A
s3://braingeneers/braindance/bee_25-11-26/,25126hs3,exp1/exp1_cont,s3://braingeneers/braindance/bee_25-11-26/25126hs3/exp1/exp1_cont.raw.h5,0,0.0,,False,spontaneous,263,True,163.0,bee_25-11-26,exp1,False,,,,,,,,,,21A
s3://braingeneers/braindance/bee_25-11-26/,25126hs3,exp1/exp1_cont_72,s3://braingeneers/braindance/bee_25-11-26/25126hs3/exp1/exp1_cont_72.raw.h5,0,0.0,,False,spontaneous,263,True,163.0,bee_25-11-26,exp1,False,,,,,,,,,,21A
s3://braingeneers/braindance/bee_25-11-26/,25126hs3,exp1/exp1_cont_237,s3://braingeneers/braindance/bee_25-11-26/25126hs3/exp1/exp1_cont_237.raw.h5,6000,4.0,3.9999927835351543,True,stim,263,True,163.0,bee_25-11-26,exp1,False,,,,,,,,,,21A
s3://braingeneers/braindance/bee_25-11-26/,25126hs3,exp1/exp1_cont_261,s3://braingeneers/braindance/bee_25-11-26/25126hs3/exp1/exp1_cont_261.raw.h5,275,0.5,0.4999987738214535,True,stim,263,True,163.0,bee_25-11-26,exp1,False,,,,,,,,,,21A
s3://braingeneers/braindance/bee_25-11-26/,25126hs3,exp1/exp1_cont_143,s3://braingeneers/braindance/bee_25-11-26/25126hs3/exp1/exp1_cont_143.raw.h5,1500,1.0,0.999996692915539,True,stim,263,True,163.0,bee_25-11-26,exp1,False,,,,,,,,,,21A
s3://braingeneers/braindance/bee_25-11-26/,25126hs3,exp1/exp1_cont_199,s3://braingeneers/braindance/bee_25-11-26/25126hs3/exp1/exp1_cont_199.raw.h5,12000,8.0,8.00000632923069,True,stim,263,True,163.0,bee_25-11-26,exp1,False,,,,,,,,,,21A
s3://braingeneers/braindance/bee_25-11-26/,25126hs3,exp1/exp1_cont_13,s3://braingeneers/braindance/bee_25-11-26/25126hs3/exp1/exp1_cont_13.raw.h5,1500,1.0,0.999997352191074,True,stim,263,True,163.0,bee_25-11-26,exp1,False,,,,,,,,,,21A
s3://braingeneers/braindance/bee_25-11-26/,25126hs3,exp1/exp1_cont_260,s3://braingeneers/braindance/bee_25-11-26/25126hs3/exp1/exp1_cont_260.raw.h5,0,0.0,,False,spontaneous,263,True,163.0,bee_25-11-26,exp1,False,,,,,,,,,,21A
s3://braingeneers/braindance/bee_25-11-26/,25126hs3,exp1/exp1_cont_170,s3://braingeneers/braindance/bee_25-11-26/25126hs3/exp1/exp1_cont_170.raw.h5,0,0.0,,False,spontaneous,263,True,163.0,bee_25-11-26,exp1,False,,,,,,,,,,21A
s3://braingeneers/braindance/bee_25-11-26/,25126hs3,exp1/exp1_cont_4,s3://braingeneers/braindance/bee_25-11-26/25126hs3/exp1/exp1_cont_4.raw.h5,0,0.0,,False,spontaneous,263,True,163.0,bee_25-11-26,exp1,False,,,,,,,,,,21A
s3://braingeneers/braindance/bee_25-11-26/,25126hs3,exp1/exp1_cont_59,s3://braingeneers/braindance/bee_25-11-26/25126hs3/exp1/exp1_cont_59.raw.h5,12000,8.0,7.999995903943735,True,stim,263,True,163.0,bee_25-11-26,exp1,False,,,,,,,,,,21A
s3://braingeneers/braindance/bee_25-11-26/,25126hs3,exp1/exp1_cont_227,s3://braingeneers/braindance/bee_25-11-26/25126hs3/exp1/exp1_cont_227.raw.h5,6000,4.0,3.9999942241068784,True,stim,263,True,163.0,bee_25-11-26,exp1,False,,,,,,,,,,21A
s3://braingeneers/braindance/bee_25-11-26/,25126hs3,exp1/exp1_cont_137,s3://braingeneers/braindance/bee_25-11-26/25126hs3/exp1/exp1_cont_137.raw.h5,6000,4.0,4.000001198917882,True,stim,263,True,163.0,bee_25-11-26,exp1,False,,,,,,,,,,21A
s3://braingeneers/braindance/bee_25-11-26/,25126hs3,exp1/exp1_cont_229,s3://braingeneers/braindance/bee_25-11-26/25126hs3/exp1/exp1_cont_229.raw.h5,12000,8.0,7.999988811120054,True,stim,263,True,163.0,bee_25-11-26,exp1,False,,,,,,,,,,21A
s3://braingeneers/braindance/bee_25-11-26/,25126hs3,exp1/exp1_cont_96,s3://braingeneers/braindance/bee_25-11-26/25126hs3/exp1/exp1_cont_96.raw.h5,0,0.0,,False,spontaneous,263,True,163.0,bee_25-11-26,exp1,False,,,,,,,,,,21A
s3://braingeneers/braindance/bee_25-11-26/,25126hs3,exp1/exp1_cont_183,s3://braingeneers/braindance/bee_25-11-26/25126hs3/exp1/exp1_cont_183.raw.h5,1500,1.0,0.999998885285472,True,stim,263,True,163.0,bee_25-11-26,exp1,False,,,,,,,,,,21A
s3://braingeneers/braindance/bee_25-11-26/,25126hs3,exp1/exp1_cont_88,s3://braingeneers/braindance/bee_25-11-26/25126hs3/exp1/exp1_cont_88.raw.h5,0,0.0,,False,spontaneous,263,True,163.0,bee_25-11-26,exp1,False,,,,,,,,,,21A
s3://braingeneers/braindance/bee_25-11-26/,25126hs3,exp1/exp1_cont_3,s3://braingeneers/braindance/bee_25-11-26/25126hs3/exp1/exp1_cont_3.raw.h5,1500,1.0,1.000001727094411,True,stim,263,True,163.0,bee_25-11-26,exp1,False,,,,,,,,,,21A
s3://braingeneers/braindance/bee_25-11-26/,25126hs3,exp1/exp1_cont_111,s3://braingeneers/braindance/bee_25-11-26/25126hs3/exp1/exp1_cont_111.raw.h5,750,0.5,0.5000001256188472,True,stim,263,True,163.0,bee_25-11-26,exp1,False,,,,,,,,,,21A
s3://braingeneers/braindance/bee_25-11-26/,25126hs3,exp1/exp1_cont_138,s3://braingeneers/braindance/bee_25-11-26/25126hs3/exp1/exp1_cont_138.raw.h5,0,0.0,,False,spontaneous,263,True,163.0,bee_25-11-26,exp1,False,,,,,,,,,,21A
s3://braingeneers/braindance/bee_25-11-26/,25126hs3,exp1/exp1_cont_36,s3://braingeneers/braindance/bee_25-11-26/25126hs3/exp1/exp1_cont_36.raw.h5,0,0.0,,False,spontaneous,263,True,163.0,bee_25-11-26,exp1,False,,,,,,,,,,21A
s3://braingeneers/braindance/bee_25-11-26/,25126hs3,exp1/exp1_cont_67,s3://braingeneers/braindance/bee_25-11-26/25126hs3/exp1/exp1_cont_67.raw.h5,6000,4.0,3.9999585473875374,True,stim,263,True,163.0,bee_25-11-26,exp1,False,,,,,,,,,,21A
s3://braingeneers/braindance/bee_25-11-26/,25126hs3,exp1/exp1_cont_179,s3://braingeneers/braindance/bee_25-11-26/25126hs3/exp1/exp1_cont_179.raw.h5,12000,8.0,7.999994803393856,True,stim,263,True,163.0,bee_25-11-26,exp1,False,,,,,,,,,,21A
s3://braingeneers/braindance/bee_25-11-26/,25126hs3,exp1/exp1_cont_42,s3://braingeneers/braindance/bee_25-11-26/25126hs3/exp1/exp1_cont_42.raw.h5,0,0.0,,False,spontaneous,263,True,163.0,bee_25-11-26,exp1,False,,,,,,,,,,21A
s3://braingeneers/braindance/bee_25-11-26/,25126hs3,exp1/exp1_cont_31,s3://braingeneers/braindance/bee_25-11-26/25126hs3/exp1/exp1_cont_31.raw.h5,750,0.5,0.4999988423404323,True,stim,263,True,163.0,bee_25-11-26,exp1,False,,,,,,,,,,21A
s3://braingeneers/braindance/bee_25-11-26/,25126hs3,exp1/exp1_cont_84,s3://braingeneers/braindance/bee_25-11-26/25126hs3/exp1/exp1_cont_84.raw.h5,0,0.0,,False,spontaneous,263,True,163.0,bee_25-11-26,exp1,False,,,,,,,,,,21A
s3://braingeneers/braindance/bee_25-11-26/,25126hs3,exp1/exp1_cont_38,s3://braingeneers/braindance/bee_25-11-26/25126hs3/exp1/exp1_cont_38.raw.h5,0,0.0,,False,spontaneous,263,True,163.0,bee_25-11-26,exp1,False,,,,,,,,,,21A
s3://braingeneers/braindance/bee_25-11-26/,25126hs3,exp1/exp1_cont_188,s3://braingeneers/braindance/bee_25-11-26/25126hs3/exp1/exp1_cont_188.raw.h5,0,0.0,,False,spontaneous,263,True,163.0,bee_25-11-26,exp1,False,,,,,,,,,,21A
s3://braingeneers/braindance/bee_25-11-26/,25126hs3,exp1/exp1_cont_106,s3://braingeneers/braindance/bee_25-11-26/25126hs3/exp1/exp1_cont_106.raw.h5,0,0.0,,False,spontaneous,263,True,163.0,bee_25-11-26,exp1,False,,,,,,,,,,21A
s3://braingeneers/braindance/bee_25-11-26/,25126hs3,exp1/exp1_cont_215,s3://braingeneers/braindance/bee_25-11-26/25126hs3/exp1/exp1_cont_215.raw.h5,3000,2.0,1.9999957719087924,True,stim,263,True,163.0,bee_25-11-26,exp1,False,,,,,,,,,,21A
s3://braingeneers/braindance/bee_25-11-26/,25126hs3,exp1/exp1_cont_174,s3://braingeneers/braindance/bee_25-11-26/25126hs3/exp1/exp1_cont_174.raw.h5,0,0.0,,False,spontaneous,263,True,163.0,bee_25-11-26,exp1,False,,,,,,,,,,21A
s3://braingeneers/braindance/bee_25-11-26/,25126hs3,exp1/exp1_cont_76,s3://braingeneers/braindance/bee_25-11-26/25126hs3/exp1/exp1_cont_76.raw.h5,0,0.0,,False,spontaneous,263,True,163.0,bee_25-11-26,exp1,False,,,,,,,,,,21A
s3://braingeneers/braindance/bee_25-11-26/,25126hs3,exp1/exp1_cont_148,s3://braingeneers/braindance/bee_25-11-26/25126hs3/exp1/exp1_cont_148.raw.h5,0,0.0,,False,spontaneous,263,True,163.0,bee_25-11-26,exp1,False,,,,,,,,,,21A
s3://braingeneers/braindance/bee_25-11-26/,25126hs3,exp1/exp1_cont_110,s3://braingeneers/braindance/bee_25-11-26/25126hs3/exp1/exp1_cont_110.raw.h5,0,0.0,,False,spontaneous,263,True,163.0,bee_25-11-26,exp1,False,,,,,,,,,,21A
s3://braingeneers/braindance/bee_25-11-26/,25126hs3,exp1/exp1_cont_161,s3://braingeneers/braindance/bee_25-11-26/25126hs3/exp1/exp1_cont_161.raw.h5,750,0.5,0.5000000425930904,True,stim,263,True,163.0,bee_25-11-26,exp1,False,,,,,,,,,,21A
s3://braingeneers/braindance/bee_25-11-26/,25126hs3,exp1/exp1_cont_241,s3://braingeneers/braindance/bee_25-11-26/25126hs3/exp1/exp1_cont_241.raw.h5,750,0.5,0.4999988669785575,True,stim,263,True,163.0,bee_25-11-26,exp1,False,,,,,,,,,,21A
s3://braingeneers/braindance/bee_25-11-26/,25126hs3,exp1/exp1_cont_178,s3://braingeneers/braindance/bee_25-11-26/25126hs3/exp1/exp1_cont_178.raw.h5,0,0.0,,False,spontaneous,263,True,163.0,bee_25-11-26,exp1,False,,,,,,,,,,21A
s3://braingeneers/braindance/bee_25-11-26/,25126hs3,exp1/exp1_cont_83,s3://braingeneers/braindance/bee_25-11-26/25126hs3/exp1/exp1_cont_83.raw.h5,1500,1.0,1.000001566313993,True,stim,263,True,163.0,bee_25-11-26,exp1,False,,,,,,,,,,21A
s3://braingeneers/braindance/bee_25-11-26/,25126hs3,exp1/exp1_cont_235,s3://braingeneers/braindance/bee_25-11-26/25126hs3/exp1/exp1_cont_235.raw.h5,3000,2.0,1.9999973123196997,True,stim,263,True,163.0,bee_25-11-26,exp1,False,,,,,,,,,,21A
s3://braingeneers/braindance/bee_25-11-26/,25126hs3,exp1/exp1_cont_107,s3://braingeneers/braindance/bee_25-11-26/25126hs3/exp1/exp1_cont_107.raw.h5,6000,4.0,4.000001325194685,True,stim,263,True,163.0,bee_25-11-26,exp1,False,,,,,,,,,,21A
s3://braingeneers/braindance/bee_25-11-26/,25126hs3,exp1/exp1_cont_97,s3://braingeneers/braindance/bee_25-11-26/25126hs3/exp1/exp1_cont_97.raw.h5,6000,4.0,3.999997816309171,True,stim,263,True,163.0,bee_25-11-26,exp1,False,,,,,,,,,,21A
s3://braingeneers/braindance/bee_25-11-26/,25126hs3,exp1/exp1_cont_140,s3://braingeneers/braindance/bee_25-11-26/25126hs3/exp1/exp1_cont_140.raw.h5,0,0.0,,False,spontaneous,263,True,163.0,bee_25-11-26,exp1,False,,,,,,,,,,21A
s3://braingeneers/braindance/bee_25-11-26/,25126hs3,exp1/exp1_cont_164,s3://braingeneers/braindance/bee_25-11-26/25126hs3/exp1/exp1_cont_164.raw.h5,0,0.0,,False,spontaneous,263,True,163.0,bee_25-11-26,exp1,False,,,,,,,,,,21A
s3://braingeneers/braindance/bee_25-11-26/,25126hs3,exp1/exp1_cont_220,s3://braingeneers/braindance/bee_25-11-26/25126hs3/exp1/exp1_cont_220.raw.h5,0,0.0,,False,spontaneous,263,True,163.0,bee_25-11-26,exp1,False,,,,,,,,,,21A
s3://braingeneers/braindance/bee_25-11-26/,25126hs3,exp1/exp1_cont_109,s3://braingeneers/braindance/bee_25-11-26/25126hs3/exp1/exp1_cont_109.raw.h5,12000,8.0,7.999983033592973,True,stim,263,True,163.0,bee_25-11-26,exp1,False,,,,,,,,,,21A
s3://braingeneers/braindance/bee_25-11-26/,25126hs3,exp1/exp1_cont_181,s3://braingeneers/braindance/bee_25-11-26/25126hs3/exp1/exp1_cont_181.raw.h5,750,0.5,0.4999999021615673,True,stim,263,True,163.0,bee_25-11-26,exp1,False,,,,,,,,,,21A
s3://braingeneers/braindance/bee_25-11-26/,25126hs3,exp1/exp1_cont_192,s3://braingeneers/braindance/bee_25-11-26/25126hs3/exp1/exp1_cont_192.raw.h5,0,0.0,,False,spontaneous,263,True,163.0,bee_25-11-26,exp1,False,,,,,,,,,,21A
s3://braingeneers/braindance/bee_25-11-26/,25126hs3,exp1/exp1_cont_195,s3://braingeneers/braindance/bee_25-11-26/25126hs3/exp1/exp1_cont_195.raw.h5,3000,2.0,1.999992963072187,True,stim,263,True,163.0,bee_25-11-26,exp1,False,,,,,,,,,,21A
s3://braingeneers/braindance/bee_25-11-26/,25126hs3,exp1/exp1_cont_92,s3://braingeneers/braindance/bee_25-11-26/25126hs3/exp1/exp1_cont_92.raw.h5,0,0.0,,False,spontaneous,263,True,163.0,bee_25-11-26,exp1,False,,,,,,,,,,21A
s3://braingeneers/braindance/bee_25-11-26/,25126hs3,exp1/exp1_cont_73,s3://braingeneers/braindance/bee_25-11-26/25126hs3/exp1/exp1_cont_73.raw.h5,1500,1.0,1.0000021996772372,True,stim,263,True,163.0,bee_25-11-26,exp1,False,,,,,,,,,,21A
s3://braingeneers/braindance/bee_25-11-26/,25126hs3,exp1/exp1_cont_193,s3://braingeneers/braindance/bee_25-11-26/25126hs3/exp1/exp1_cont_193.raw.h5,1500,1.0,0.9999996932715826,True,stim,263,True,163.0,bee_25-11-26,exp1,False,,,,,,,,,,21A
s3://braingeneers/braindance/bee_25-11-26/,25126hs3,exp1/exp1_cont_225,s3://braingeneers/braindance/bee_25-11-26/25126hs3/exp1/exp1_cont_225.raw.h5,3000,2.0,1.9999965938917663,True,stim,263,True,163.0,bee_25-11-26,exp1,False,,,,,,,,,,21A
s3://braingeneers/braindance/bee_25-11-26/,25126hs3,exp1/exp1_cont_157,s3://braingeneers/braindance/bee_25-11-26/25126hs3/exp1/exp1_cont_157.raw.h5,6000,4.0,3.999992178586673,True,stim,263,True,163.0,bee_25-11-26,exp1,False,,,,,,,,,,21A
s3://braingeneers/braindance/bee_25-11-26/,25126hs3,exp1/exp1_cont_105,s3://braingeneers/braindance/bee_25-11-26/25126hs3/exp1/exp1_cont_105.raw.h5,3000,2.0,2.0000005961149454,True,stim,263,True,163.0,bee_25-11-26,exp1,False,,,,,,,,,,21A
s3://braingeneers/braindance/bee_25-11-26/,25126hs3,exp1/exp1_cont_198,s3://braingeneers/braindance/bee_25-11-26/25126hs3/exp1/exp1_cont_198.raw.h5,0,0.0,,False,spontaneous,263,True,163.0,bee_25-11-26,exp1,False,,,,,,,,,,21A
s3://braingeneers/braindance/bee_25-11-26/,25126hs3,exp1/exp1_cont_246,s3://braingeneers/braindance/bee_25-11-26/25126hs3/exp1/exp1_cont_246.raw.h5,0,0.0,,False,spontaneous,263,True,163.0,bee_25-11-26,exp1,False,,,,,,,,,,21A
s3://braingeneers/braindance/bee_25-11-26/,25126hs3,exp1/exp1_cont_74,s3://braingeneers/braindance/bee_25-11-26/25126hs3/exp1/exp1_cont_74.raw.h5,0,0.0,,False,spontaneous,263,True,163.0,bee_25-11-26,exp1,False,,,,,,,,,,21A
s3://braingeneers/braindance/bee_25-11-26/,25126hs3,exp1/exp1_cont_228,s3://braingeneers/braindance/bee_25-11-26/25126hs3/exp1/exp1_cont_228.raw.h5,0,0.0,,False,spontaneous,263,True,163.0,bee_25-11-26,exp1,False,,,,,,,,,,21A
s3://braingeneers/braindance/bee_25-11-26/,25126hs3,exp1/exp1_cont_10,s3://braingeneers/braindance/bee_25-11-26/25126hs3/exp1/exp1_cont_10.raw.h5,0,0.0,,False,spontaneous,263,True,163.0,bee_25-11-26,exp1,False,,,,,,,,,,21A
s3://braingeneers/braindance/bee_25-11-26/,25126hs3,exp1/exp1_cont_216,s3://braingeneers/braindance/bee_25-11-26/25126hs3/exp1/exp1_cont_216.raw.h5,0,0.0,,False,spontaneous,263,True,163.0,bee_25-11-26,exp1,False,,,,,,,,,,21A
s3://braingeneers/braindance/bee_25-11-26/,25126hs3,exp1/exp1_cont_150,s3://braingeneers/braindance/bee_25-11-26/25126hs3/exp1/exp1_cont_150.raw.h5,0,0.0,,False,spontaneous,263,True,163.0,bee_25-11-26,exp1,False,,,,,,,,,,21A
s3://braingeneers/braindance/bee_25-11-26/,25126hs3,exp1/exp1_cont_70,s3://braingeneers/braindance/bee_25-11-26/25126hs3/exp1/exp1_cont_70.raw.h5,0,0.0,,False,spontaneous,263,True,163.0,bee_25-11-26,exp1,False,,,,,,,,,,21A
s3://braingeneers/braindance/bee_25-11-26/,25126hs3,exp1/exp1_cont_163,s3://braingeneers/braindance/bee_25-11-26/25126hs3/exp1/exp1_cont_163.raw.h5,1500,1.0,1.000001012057741,True,stim,263,True,163.0,bee_25-11-26,exp1,False,,,,,,,,,,21A
s3://braingeneers/braindance/bee_25-11-26/,25126hs3,exp1/exp1_cont_149,s3://braingeneers/braindance/bee_25-11-26/25126hs3/exp1/exp1_cont_149.raw.h5,12000,8.0,7.99999733342077,True,stim,263,True,163.0,bee_25-11-26,exp1,False,,,,,,,,,,21A
s3://braingeneers/braindance/bee_25-11-26/,25126hs3,exp1/exp1_cont_211,s3://braingeneers/braindance/bee_25-11-26/25126hs3/exp1/exp1_cont_211.raw.h5,750,0.5,0.5000001984289845,True,stim,263,True,163.0,bee_25-11-26,exp1,False,,,,,,,,,,21A
s3://braingeneers/braindance/bee_25-11-26/,25126hs3,exp1/exp1_cont_57,s3://braingeneers/braindance/bee_25-11-26/25126hs3/exp1/exp1_cont_57.raw.h5,6000,4.0,4.00000077870319,True,stim,263,True,163.0,bee_25-11-26,exp1,False,,,,,,,,,,21A
s3://braingeneers/braindance/bee_25-11-26/,25126hs3,exp1/exp1_cont_214,s3://braingeneers/braindance/bee_25-11-26/25126hs3/exp1/exp1_cont_214.raw.h5,0,0.0,,False,spontaneous,263,True,163.0,bee_25-11-26,exp1,False,,,,,,,,,,21A
s3://braingeneers/braindance/bee_25-11-26/,25126hs3,exp1/exp1_cont_120,s3://braingeneers/braindance/bee_25-11-26/25126hs3/exp1/exp1_cont_120.raw.h5,0,0.0,,False,spontaneous,263,True,163.0,bee_25-11-26,exp1,False,,,,,,,,,,21A
s3://braingeneers/braindance/bee_25-11-26/,25126hs3,exp1/exp1_cont_142,s3://braingeneers/braindance/bee_25-11-26/25126hs3/exp1/exp1_cont_142.raw.h5,0,0.0,,False,spontaneous,263,True,163.0,bee_25-11-26,exp1,False,,,,,,,,,,21A
s3://braingeneers/braindance/bee_25-11-26/,25126hs3,exp1/exp1_cont_86,s3://braingeneers/braindance/bee_25-11-26/25126hs3/exp1/exp1_cont_86.raw.h5,0,0.0,,False,spontaneous,263,True,163.0,bee_25-11-26,exp1,False,,,,,,,,,,21A
s3://braingeneers/braindance/bee_25-11-26/,25126hs3,exp1/exp1_cont_196,s3://braingeneers/braindance/bee_25-11-26/25126hs3/exp1/exp1_cont_196.raw.h5,0,0.0,,False,spontaneous,263,True,163.0,bee_25-11-26,exp1,False,,,,,,,,,,21A
s3://braingeneers/braindance/bee_25-11-26/,25126hs3,exp1/exp1_cont_154,s3://braingeneers/braindance/bee_25-11-26/25126hs3/exp1/exp1_cont_154.raw.h5,0,0.0,,False,spontaneous,263,True,163.0,bee_25-11-26,exp1,False,,,,,,,,,,21A
s3://braingeneers/braindance/bee_25-11-26/,25126hs3,exp1/exp1_cont_245,s3://braingeneers/braindance/bee_25-11-26/25126hs3/exp1/exp1_cont_245.raw.h5,3000,2.0,2.0000037078945767,True,stim,263,True,163.0,bee_25-11-26,exp1,False,,,,,,,,,,21A
s3://braingeneers/braindance/bee_25-11-26/,25126hs3,exp1/exp1_cont_112,s3://braingeneers/braindance/bee_25-11-26/25126hs3/exp1/exp1_cont_112.raw.h5,0,0.0,,False,spontaneous,263,True,163.0,bee_25-11-26,exp1,False,,,,,,,,,,21A
s3://braingeneers/braindance/bee_25-11-26/,25126hs3,exp1/exp1_cont_56,s3://braingeneers/braindance/bee_25-11-26/25126hs3/exp1/exp1_cont_56.raw.h5,0,0.0,,False,spontaneous,263,True,163.0,bee_25-11-26,exp1,False,,,,,,,,,,21A
s3://braingeneers/braindance/bee_25-11-26/,25126hs3,exp1/exp1_cont_103,s3://braingeneers/braindance/bee_25-11-26/25126hs3/exp1/exp1_cont_103.raw.h5,1500,1.0,0.99999864499459,True,stim,263,True,163.0,bee_25-11-26,exp1,False,,,,,,,,,,21A
s3://braingeneers/braindance/bee_25-11-26/,25126hs3,exp1/exp1_cont_201,s3://braingeneers/braindance/bee_25-11-26/25126hs3/exp1/exp1_cont_201.raw.h5,750,0.5,0.5000003179017697,True,stim,263,True,163.0,bee_25-11-26,exp1,False,,,,,,,,,,21A
s3://braingeneers/braindance/bee_25-11-26/,25126hs3,exp1/exp1_cont_21,s3://braingeneers/braindance/bee_25-11-26/25126hs3/exp1/exp1_cont_21.raw.h5,750,0.5,0.499996580268056,True,stim,263,True,163.0,bee_25-11-26,exp1,False,,,,,,,,,,21A
s3://braingeneers/braindance/bee_25-11-26/,25126hs3,exp1/exp1_cont_187,s3://braingeneers/braindance/bee_25-11-26/25126hs3/exp1/exp1_cont_187.raw.h5,6000,4.0,4.00000434964474,True,stim,263,True,163.0,bee_25-11-26,exp1,False,,,,,,,,,,21A
s3://braingeneers/braindance/bee_25-11-26/,25126hs3,exp1/exp1_cont_172,s3://braingeneers/braindance/bee_25-11-26/25126hs3/exp1/exp1_cont_172.raw.h5,0,0.0,,False,spontaneous,263,True,163.0,bee_25-11-26,exp1,False,,,,,,,,,,21A
s3://braingeneers/braindance/bee_25-11-26/,25126hs3,exp1/exp1_cont_147,s3://braingeneers/braindance/bee_25-11-26/25126hs3/exp1/exp1_cont_147.raw.h5,6000,4.0,3.999989965515165,True,stim,263,True,163.0,bee_25-11-26,exp1,False,,,,,,,,,,21A
s3://braingeneers/braindance/bee_25-11-26/,25126hs3,exp1/exp1_cont_30,s3://braingeneers/braindance/bee_25-11-26/25126hs3/exp1/exp1_cont_30.raw.h5,0,0.0,,False,spontaneous,263,True,163.0,bee_25-11-26,exp1,False,,,,,,,,,,21A
s3://braingeneers/braindance/bee_25-11-26/,25126hs3,exp1/exp1_cont_104,s3://braingeneers/braindance/bee_25-11-26/25126hs3/exp1/exp1_cont_104.raw.h5,0,0.0,,False,spontaneous,263,True,163.0,bee_25-11-26,exp1,False,,,,,,,,,,21A
s3://braingeneers/braindance/bee_25-11-26/,25126hs3,exp1/exp1_cont_20,s3://braingeneers/braindance/bee_25-11-26/25126hs3/exp1/exp1_cont_20.raw.h5,0,0.0,,False,spontaneous,263,True,163.0,bee_25-11-26,exp1,False,,,,,,,,,,21A
s3://braingeneers/braindance/bee_25-11-26/,25126hs3,exp1/exp1_cont_14,s3://braingeneers/braindance/bee_25-11-26/25126hs3/exp1/exp1_cont_14.raw.h5,0,0.0,,False,spontaneous,263,True,163.0,bee_25-11-26,exp1,False,,,,,,,,,,21A
s3://braingeneers/braindance/bee_25-11-26/,25126hs3,exp1/exp1_cont_257,s3://braingeneers/braindance/bee_25-11-26/25126hs3/exp1/exp1_cont_257.raw.h5,6000,4.0,3.9999978943489207,True,stim,263,True,163.0,bee_25-11-26,exp1,False,,,,,,,,,,21A
s3://braingeneers/braindance/bee_25-11-26/,25126hs3,exp1/exp1_cont_63,s3://braingeneers/braindance/bee_25-11-26/25126hs3/exp1/exp1_cont_63.raw.h5,1500,1.0,0.9999992269798724,True,stim,263,True,163.0,bee_25-11-26,exp1,False,,,,,,,,,,21A
s3://braingeneers/braindance/bee_25-11-26/,25126hs3,exp1/exp1_cont_44,s3://braingeneers/braindance/bee_25-11-26/25126hs3/exp1/exp1_cont_44.raw.h5,0,0.0,,False,spontaneous,263,True,163.0,bee_25-11-26,exp1,False,,,,,,,,,,21A
s3://braingeneers/braindance/bee_25-11-26/,25126hs3,exp1/exp1_cont_51,s3://braingeneers/braindance/bee_25-11-26/25126hs3/exp1/exp1_cont_51.raw.h5,750,0.5,0.5000005206180212,True,stim,263,True,163.0,bee_25-11-26,exp1,False,,,,,,,,,,21A
s3://braingeneers/braindance/bee_25-11-26/,25126hs3,exp1/exp1_cont_8,s3://braingeneers/braindance/bee_25-11-26/25126hs3/exp1/exp1_cont_8.raw.h5,0,0.0,,False,spontaneous,263,True,163.0,bee_25-11-26,exp1,False,,,,,,,,,,21A
s3://braingeneers/braindance/bee_25-11-26/,25126hs3,exp1/exp1_cont_43,s3://braingeneers/braindance/bee_25-11-26/25126hs3/exp1/exp1_cont_43.raw.h5,1500,1.0,0.9999985731746908,True,stim,263,True,163.0,bee_25-11-26,exp1,False,,,,,,,,,,21A
s3://braingeneers/braindance/bee_25-11-26/,25126hs3,exp1/exp1_cont_126,s3://braingeneers/braindance/bee_25-11-26/25126hs3/exp1/exp1_cont_126.raw.h5,0,0.0,,False,spontaneous,263,True,163.0,bee_25-11-26,exp1,False,,,,,,,,,,21A
s3://braingeneers/braindance/bee_25-11-26/,25126hs3,exp1/exp1_cont_141,s3://braingeneers/braindance/bee_25-11-26/25126hs3/exp1/exp1_cont_141.raw.h5,750,0.5,0.4999994426889238,True,stim,263,True,163.0,bee_25-11-26,exp1,False,,,,,,,,,,21A
s3://braingeneers/braindance/bee_25-11-26/,25126hs3,exp1/exp1_cont_68,s3://braingeneers/braindance/bee_25-11-26/25126hs3/exp1/exp1_cont_68.raw.h5,0,0.0,,False,spontaneous,263,True,163.0,bee_25-11-26,exp1,False,,,,,,,,,,21A
s3://braingeneers/braindance/bee_25-11-26/,25126hs3,exp1/exp1_cont_248,s3://braingeneers/braindance/bee_25-11-26/25126hs3/exp1/exp1_cont_248.raw.h5,0,0.0,,False,spontaneous,263,True,163.0,bee_25-11-26,exp1,False,,,,,,,,,,21A
s3://braingeneers/braindance/bee_25-11-26/,25126hs3,exp1/exp1_cont_19,s3://braingeneers/braindance/bee_25-11-26/25126hs3/exp1/exp1_cont_19.raw.h5,12000,8.0,8.000010279168013,True,stim,263,True,163.0,bee_25-11-26,exp1,False,,,,,,,,,,21A
s3://braingeneers/braindance/bee_25-11-26/,25126hs3,exp1/exp1_cont_41,s3://braingeneers/braindance/bee_25-11-26/25126hs3/exp1/exp1_cont_41.raw.h5,750,0.5,0.5000006814642046,True,stim,263,True,163.0,bee_25-11-26,exp1,False,,,,,,,,,,21A
s3://braingeneers/braindance/bee_25-11-26/,25126hs3,exp1/exp1_cont_254,s3://braingeneers/braindance/bee_25-11-26/25126hs3/exp1/exp1_cont_254.raw.h5,0,0.0,,False,spontaneous,263,True,163.0,bee_25-11-26,exp1,False,,,,,,,,,,21A
s3://braingeneers/braindance/bee_25-11-26/,25126hs3,exp1/exp1_cont_162,s3://braingeneers/braindance/bee_25-11-26/25126hs3/exp1/exp1_cont_162.raw.h5,0,0.0,,False,spontaneous,263,True,163.0,bee_25-11-26,exp1,False,,,,,,,,,,21A
s3://braingeneers/braindance/bee_25-11-26/,25126hs3,exp1/exp1_cont_203,s3://braingeneers/braindance/bee_25-11-26/25126hs3/exp1/exp1_cont_203.raw.h5,1500,1.0,0.9999984892425192,True,stim,263,True,163.0,bee_25-11-26,exp1,False,,,,,,,,,,21A
s3://braingeneers/braindance/bee_25-11-26/,25126hs3,exp1/exp1_cont_177,s3://braingeneers/braindance/bee_25-11-26/25126hs3/exp1/exp1_cont_177.raw.h5,6000,4.0,4.000002023150979,True,stim,263,True,163.0,bee_25-11-26,exp1,False,,,,,,,,,,21A
s3://braingeneers/braindance/bee_25-11-26/,25126hs3,exp1/exp1_cont_231,s3://braingeneers/braindance/bee_25-11-26/25126hs3/exp1/exp1_cont_231.raw.h5,750,0.5,0.4999988905138531,True,stim,263,True,163.0,bee_25-11-26,exp1,False,,,,,,,,,,21A
s3://braingeneers/braindance/bee_25-11-26/,25126hs3,exp1/exp1_cont_99,s3://braingeneers/braindance/bee_25-11-26/25126hs3/exp1/exp1_cont_99.raw.h5,12000,8.0,8.000006905642934,True,stim,263,True,163.0,bee_25-11-26,exp1,False,,,,,,,,,,21A
s3://braingeneers/braindance/bee_25-11-26/,25126hs3,exp1/exp1_cont_259,s3://braingeneers/braindance/bee_25-11-26/25126hs3/exp1/exp1_cont_259.raw.h5,12000,8.0,7.999974290793406,True,stim,263,True,163.0,bee_25-11-26,exp1,False,,,,,,,,,,21A
s3://braingeneers/braindance/bee_25-11-26/,25126hs3,exp1/exp1_cont_242,s3://braingeneers/braindance/bee_25-11-26/25126hs3/exp1/exp1_cont_242.raw.h5,0,0.0,,False,spontaneous,263,True,163.0,bee_25-11-26,exp1,False,,,,,,,,,,21A
s3://braingeneers/braindance/bee_25-11-26/,25126hs3,exp1/exp1_cont_207,s3://braingeneers/braindance/bee_25-11-26/25126hs3/exp1/exp1_cont_207.raw.h5,6000,4.0,4.000001981875292,True,stim,263,True,163.0,bee_25-11-26,exp1,False,,,,,,,,,,21A
s3://braingeneers/braindance/bee_25-11-26/,25126hs3,exp1/exp1_cont_66,s3://braingeneers/braindance/bee_25-11-26/25126hs3/exp1/exp1_cont_66.raw.h5,0,0.0,,False,spontaneous,263,True,163.0,bee_25-11-26,exp1,False,,,,,,,,,,21A
s3://braingeneers/braindance/bee_25-11-26/,25126hs3,exp1/exp1_cont_194,s3://braingeneers/braindance/bee_25-11-26/25126hs3/exp1/exp1_cont_194.raw.h5,0,0.0,,False,spontaneous,263,True,163.0,bee_25-11-26,exp1,False,,,,,,,,,,21A
s3://braingeneers/braindance/bee_25-11-26/,25126hs3,exp1/exp1_cont_11,s3://braingeneers/braindance/bee_25-11-26/25126hs3/exp1/exp1_cont_11.raw.h5,750,0.5,0.5000005306630992,True,stim,263,True,163.0,bee_25-11-26,exp1,False,,,,,,,,,,21A
s3://braingeneers/braindance/bee_25-11-26/,25126hs3,exp1/exp1_cont_26,s3://braingeneers/braindance/bee_25-11-26/25126hs3/exp1/exp1_cont_26.raw.h5,0,0.0,,False,spontaneous,263,True,163.0,bee_25-11-26,exp1,False,,,,,,,,,,21A
s3://braingeneers/braindance/bee_25-11-26/,25126hs3,exp1/exp1_cont_256,s3://braingeneers/braindance/bee_25-11-26/25126hs3/exp1/exp1_cont_256.raw.h5,0,0.0,,False,spontaneous,263,True,163.0,bee_25-11-26,exp1,False,,,,,,,,,,21A
s3://braingeneers/braindance/bee_25-11-26/,25126hs3,exp1/exp1_cont_233,s3://braingeneers/braindance/bee_25-11-26/25126hs3/exp1/exp1_cont_233.raw.h5,1500,1.0,0.9999991713495916,True,stim,263,True,163.0,bee_25-11-26,exp1,False,,,,,,,,,,21A
s3://braingeneers/braindance/bee_25-11-26/,25126hs3,exp1/exp1_cont_23,s3://braingeneers/braindance/bee_25-11-26/25126hs3/exp1/exp1_cont_23.raw.h5,1500,1.0,0.999998654407353,True,stim,263,True,163.0,bee_25-11-26,exp1,False,,,,,,,,,,21A
s3://braingeneers/braindance/bee_25-11-26/,25126hs3,exp1/exp1_cont_7,s3://braingeneers/braindance/bee_25-11-26/25126hs3/exp1/exp1_cont_7.raw.h5,6000,4.0,3.999996378783892,True,stim,263,True,163.0,bee_25-11-26,exp1,False,,,,,,,,,,21A
s3://braingeneers/braindance/bee_25-11-26/,25126hs3,exp1/exp1_cont_118,s3://braingeneers/braindance/bee_25-11-26/25126hs3/exp1/exp1_cont_118.raw.h5,0,0.0,,False,spontaneous,263,True,163.0,bee_25-11-26,exp1,False,,,,,,,,,,21A
s3://braingeneers/braindance/bee_25-11-26/,25126hs3,exp1/exp1_cont_155,s3://braingeneers/braindance/bee_25-11-26/25126hs3/exp1/exp1_cont_155.raw.h5,3000,2.0,1.9999994952440985,True,stim,263,True,163.0,bee_25-11-26,exp1,False,,,,,,,,,,21A
s3://braingeneers/braindance/bee_25-11-26/,25126hs3,exp1/exp1_cont_222,s3://braingeneers/braindance/bee_25-11-26/25126hs3/exp1/exp1_cont_222.raw.h5,0,0.0,,False,spontaneous,263,True,163.0,bee_25-11-26,exp1,False,,,,,,,,,,21A
s3://braingeneers/braindance/bee_25-11-26/,25126hs3,exp1/exp1_cont_93,s3://braingeneers/braindance/bee_25-11-26/25126hs3/exp1/exp1_cont_93.raw.h5,1500,1.0,1.0000000080740512,True,stim,263,True,163.0,bee_25-11-26,exp1,False,,,,,,,,,,21A
s3://braingeneers/braindance/bee_25-11-26/,25126hs3,exp1/exp1_cont_100,s3://braingeneers/braindance/bee_25-11-26/25126hs3/exp1/exp1_cont_100.raw.h5,0,0.0,,False,spontaneous,263,True,163.0,bee_25-11-26,exp1,False,,,,,,,,,,21A
s3://braingeneers/braindance/bee_25-11-26/,25126hs3,exp1/exp1_cont_35,s3://braingeneers/braindance/bee_25-11-26/25126hs3/exp1/exp1_cont_35.raw.h5,3000,2.0,2.0000001997359496,True,stim,263,True,163.0,bee_25-11-26,exp1,False,,,,,,,,,,21A
s3://braingeneers/braindance/bee_25-11-26/,25126hs3,exp1/exp1_cont_98,s3://braingeneers/braindance/bee_25-11-26/25126hs3/exp1/exp1_cont_98.raw.h5,0,0.0,,False,spontaneous,263,True,163.0,bee_25-11-26,exp1,False,,,,,,,,,,21A
s3://braingeneers/braindance/bee_25-11-26/,25126hs3,exp1/exp1_cont_5,s3://braingeneers/braindance/bee_25-11-26/25126hs3/exp1/exp1_cont_5.raw.h5,3000,2.0,2.0000025547083484,True,stim,263,True,163.0,bee_25-11-26,exp1,False,,,,,,,,,,21A
s3://braingeneers/braindance/bee_25-11-26/,25126hs3,exp1/exp1_cont_167,s3://braingeneers/braindance/bee_25-11-26/25126hs3/exp1/exp1_cont_167.raw.h5,6000,4.0,3.999997150697692,True,stim,263,True,163.0,bee_25-11-26,exp1,False,,,,,,,,,,21A
s3://braingeneers/braindance/bee_25-11-26/,25126hs3,exp1/exp1_cont_171,s3://braingeneers/braindance/bee_25-11-26/25126hs3/exp1/exp1_cont_171.raw.h5,750,0.5,0.4999998102848297,True,stim,263,True,163.0,bee_25-11-26,exp1,False,,,,,,,,,,21A
s3://braingeneers/braindance/bee_25-11-26/,25126hs3,exp1/exp1_cont_165,s3://braingeneers/braindance/bee_25-11-26/25126hs3/exp1/exp1_cont_165.raw.h5,3000,2.0,2.000000007213014,True,stim,263,True,163.0,bee_25-11-26,exp1,False,,,,,,,,,,21A
s3://braingeneers/braindance/bee_25-11-26/,25126hs3,exp1/exp1_cont_27,s3://braingeneers/braindance/bee_25-11-26/25126hs3/exp1/exp1_cont_27.raw.h5,6000,4.0,3.999999432500324,True,stim,263,True,163.0,bee_25-11-26,exp1,False,,,,,,,,,,21A
s3://braingeneers/braindance/bee_25-11-26/,25126hs3,exp1/exp1_cont_29,s3://braingeneers/braindance/bee_25-11-26/25126hs3/exp1/exp1_cont_29.raw.h5,12000,8.0,7.9999811832766605,True,stim,263,True,163.0,bee_25-11-26,exp1,False,,,,,,,,,,21A
s3://braingeneers/braindance/bee_25-11-26/,25126hs3,exp1/exp1_cont_132,s3://braingeneers/braindance/bee_25-11-26/25126hs3/exp1/exp1_cont_132.raw.h5,0,0.0,,False,spontaneous,263,True,163.0,bee_25-11-26,exp1,False,,,,,,,,,,21A
s3://braingeneers/braindance/bee_25-11-26/,25126hs3,exp1/exp1_cont_6,s3://braingeneers/braindance/bee_25-11-26/25126hs3/exp1/exp1_cont_6.raw.h5,0,0.0,,False,spontaneous,263,True,163.0,bee_25-11-26,exp1,False,,,,,,,,,,21A
s3://braingeneers/braindance/bee_25-11-26/,25126hs3,exp1/exp1_cont_185,s3://braingeneers/braindance/bee_25-11-26/25126hs3/exp1/exp1_cont_185.raw.h5,3000,2.0,1.99999766968333,True,stim,263,True,163.0,bee_25-11-26,exp1,False,,,,,,,,,,21A
s3://braingeneers/braindance/bee_25-11-26/,25126hs3,exp1/exp1_cont_258,s3://braingeneers/braindance/bee_25-11-26/25126hs3/exp1/exp1_cont_258.raw.h5,0,0.0,,False,spontaneous,263,True,163.0,bee_25-11-26,exp1,False,,,,,,,,,,21A
s3://braingeneers/braindance/bee_25-11-26/,25126hs3,exp1/exp1_cont_2,s3://braingeneers/braindance/bee_25-11-26/25126hs3/exp1/exp1_cont_2.raw.h5,0,0.0,,False,spontaneous,263,True,163.0,bee_25-11-26,exp1,False,,,,,,,,,,21A
s3://braingeneers/braindance/bee_25-11-26/,25126hs3,exp1/exp1_cont_253,s3://braingeneers/braindance/bee_25-11-26/25126hs3/exp1/exp1_cont_253.raw.h5,1500,1.0,1.00000017912011,True,stim,263,True,163.0,bee_25-11-26,exp1,False,,,,,,,,,,21A
s3://braingeneersdev/asrobbin/braindance_data/24-05-18_plasticity/,22097,Bl1/Bl1_cartpole_long_15,s3://braingeneersdev/asrobbin/braindance_data/24-05-18_plasticity/22097/Bl1/Bl1_cartpole_long_15.raw.h5,2467,2.0,2.7446162865619987,True,stim,25,True,177.0,24-05-18_plasticity,Bl1,False,,,,,,,,,,7D
s3://braingeneersdev/asrobbin/braindance_data/24-05-18_plasticity/,22097,Bl1/Bl1_cartpole_long_8,s3://braingeneersdev/asrobbin/braindance_data/24-05-18_plasticity/22097/Bl1/Bl1_cartpole_long_8.raw.h5,2380,2.0,2.656243167040743,True,stim,25,True,177.0,24-05-18_plasticity,Bl1,False,,,,,,,,,,7D
s3://braingeneersdev/asrobbin/braindance_data/24-05-18_plasticity/,22097,Bl1/Bl1_cartpole_long_22,s3://braingeneersdev/asrobbin/braindance_data/24-05-18_plasticity/22097/Bl1/Bl1_cartpole_long_22.raw.h5,2155,2.0,2.3988551703397616,True,stim,25,True,177.0,24-05-18_plasticity,Bl1,False,,,,,,,,,,7D
s3://braingeneersdev/asrobbin/braindance_data/24-05-18_plasticity/,22097,Bl1/Bl1_cartpole_long_7,s3://braingeneersdev/asrobbin/braindance_data/24-05-18_plasticity/22097/Bl1/Bl1_cartpole_long_7.raw.h5,2320,2.0,2.5815610038024865,True,stim,25,True,177.0,24-05-18_plasticity,Bl1,False,,,,,,,,,,7D
s3://braingeneersdev/asrobbin/braindance_data/24-05-18_plasticity/,22097,Bl1/Bl1_cartpole_long_18,s3://braingeneersdev/asrobbin/braindance_data/24-05-18_plasticity/22097/Bl1/Bl1_cartpole_long_18.raw.h5,2416,2.0,2.6914237269797403,True,stim,25,True,177.0,24-05-18_plasticity,Bl1,False,,,,,,,,,,7D
s3://braingeneersdev/asrobbin/braindance_data/24-05-18_plasticity/,22097,Bl1/Bl1_cartpole_long_3,s3://braingeneersdev/asrobbin/braindance_data/24-05-18_plasticity/22097/Bl1/Bl1_cartpole_long_3.raw.h5,2446,2.0,2.7220078792496607,True,stim,25,True,177.0,24-05-18_plasticity,Bl1,False,,,,,,,,,,7D
s3://braingeneersdev/asrobbin/braindance_data/24-05-18_plasticity/,22097,Bl1/Bl1_cartpole_long_1,s3://braingeneersdev/asrobbin/braindance_data/24-05-18_plasticity/22097/Bl1/Bl1_cartpole_long_1.raw.h5,2370,2.0,2.6385248382330055,True,stim,25,True,177.0,24-05-18_plasticity,Bl1,False,,,,,,,,,,7D
s3://braingeneersdev/asrobbin/braindance_data/24-05-18_plasticity/,22097,Bl1/Bl1_cartpole_long_13,s3://braingeneersdev/asrobbin/braindance_data/24-05-18_plasticity/22097/Bl1/Bl1_cartpole_long_13.raw.h5,2407,2.0,2.6805482500549003,True,stim,25,True,177.0,24-05-18_plasticity,Bl1,False,,,,,,,,,,7D
s3://braingeneersdev/asrobbin/braindance_data/24-05-18_plasticity/,22097,Bl1/Bl1,s3://braingeneersdev/asrobbin/braindance_data/24-05-18_plasticity/22097/Bl1/Bl1.raw.h5,0,0.0,,False,spontaneous,25,True,177.0,24-05-18_plasticity,Bl1,True,,,,,,,,,,7D
s3://braingeneersdev/asrobbin/braindance_data/24-05-18_plasticity/,22097,Bl1/Bl1_cartpole_long_20,s3://braingeneersdev/asrobbin/braindance_data/24-05-18_plasticity/22097/Bl1/Bl1_cartpole_long_20.raw.h5,2195,2.0,2.4459660622595014,True,stim,25,True,177.0,24-05-18_plasticity,Bl1,False,,,,,,,,,,7D
s3://braingeneersdev/asrobbin/braindance_data/24-05-18_plasticity/,22097,Bl1/Bl1_cartpole_long_17,s3://braingeneersdev/asrobbin/braindance_data/24-05-18_plasticity/22097/Bl1/Bl1_cartpole_long_17.raw.h5,2488,2.0,2.7760232683564876,True,stim,25,True,177.0,24-05-18_plasticity,Bl1,False,,,,,,,,,,7D
s3://braingeneersdev/asrobbin/braindance_data/24-05-18_plasticity/,22097,Bl1/Bl1_causal,s3://braingeneersdev/asrobbin/braindance_data/24-05-18_plasticity/22097/Bl1/Bl1_causal.raw.h5,1300,2.0,2.0000090191630933,True,stim,25,True,177.0,24-05-18_plasticity,Bl1,False,,,,,,,,,,7D
s3://braingeneersdev/asrobbin/braindance_data/24-05-18_plasticity/,22097,Bl1/Bl1_cartpole_long_2,s3://braingeneersdev/asrobbin/braindance_data/24-05-18_plasticity/22097/Bl1/Bl1_cartpole_long_2.raw.h5,2362,2.0,2.6283377169953366,True,stim,25,True,177.0,24-05-18_plasticity,Bl1,False,,,,,,,,,,7D
s3://braingeneersdev/asrobbin/braindance_data/24-05-18_plasticity/,22097,Bl1/Bl1_cartpole_long,s3://braingeneersdev/asrobbin/braindance_data/24-05-18_plasticity/22097/Bl1/Bl1_cartpole_long.raw.h5,2365,2.0,2.631987230607985,True,stim,25,True,177.0,24-05-18_plasticity,Bl1,False,,,,,,,,,,7D
s3://braingeneersdev/asrobbin/braindance_data/24-05-18_plasticity/,22097,Bl1/Bl1_cartpole_long_14,s3://braingeneersdev/asrobbin/braindance_data/24-05-18_plasticity/22097/Bl1/Bl1_cartpole_long_14.raw.h5,2554,2.0,2.8411958882040107,True,stim,25,True,177.0,24-05-18_plasticity,Bl1,False,,,,,,,,,,7D
s3://braingeneersdev/asrobbin/braindance_data/24-05-18_plasticity/,22097,Bl1/Bl1_cartpole_long_21,s3://braingeneersdev/asrobbin/braindance_data/24-05-18_plasticity/22097/Bl1/Bl1_cartpole_long_21.raw.h5,2093,2.0,2.3289380161717124,True,stim,25,True,177.0,24-05-18_plasticity,Bl1,False,,,,,,,,,,7D
s3://braingeneersdev/asrobbin/braindance_data/24-05-18_plasticity/,22097,Bl1/Bl1_cartpole_long_11,s3://braingeneersdev/asrobbin/braindance_data/24-05-18_plasticity/22097/Bl1/Bl1_cartpole_long_11.raw.h5,2244,2.0,2.4999926291540353,True,stim,25,True,177.0,24-05-18_plasticity,Bl1,False,,,,,,,,,,7D
s3://braingeneersdev/asrobbin/braindance_data/24-05-18_plasticity/,22097,Bl1/Bl1_cartpole_long_9,s3://braingeneersdev/asrobbin/braindance_data/24-05-18_plasticity/22097/Bl1/Bl1_cartpole_long_9.raw.h5,2324,2.0,2.585297747842322,True,stim,25,True,177.0,24-05-18_plasticity,Bl1,False,,,,,,,,,,7D
s3://braingeneersdev/asrobbin/braindance_data/24-05-18_plasticity/,22097,Bl1/Bl1_cartpole_long_12,s3://braingeneersdev/asrobbin/braindance_data/24-05-18_plasticity/22097/Bl1/Bl1_cartpole_long_12.raw.h5,2256,2.0,2.513425175700726,True,stim,25,True,177.0,24-05-18_plasticity,Bl1,False,,,,,,,,,,7D
s3://braingeneersdev/asrobbin/braindance_data/24-05-18_plasticity/,22097,Bl1/Bl1_cartpole_long_6,s3://braingeneersdev/asrobbin/braindance_data/24-05-18_plasticity/22097/Bl1/Bl1_cartpole_long_6.raw.h5,2414,2.0,2.685462676728689,True,stim,25,True,177.0,24-05-18_plasticity,Bl1,False,,,,,,,,,,7D
s3://braingeneersdev/asrobbin/braindance_data/24-05-18_plasticity/,22097,Bl1/Bl1_cartpole_long_16,s3://braingeneersdev/asrobbin/braindance_data/24-05-18_plasticity/22097/Bl1/Bl1_cartpole_long_16.raw.h5,2497,2.0,2.782926323077295,True,stim,25,True,177.0,24-05-18_plasticity,Bl1,False,,,,,,,,,,7D
s3://braingeneersdev/asrobbin/braindance_data/24-05-18_plasticity/,22097,Bl1/Bl1_cartpole_long_4,s3://braingeneersdev/asrobbin/braindance_data/24-05-18_plasticity/22097/Bl1/Bl1_cartpole_long_4.raw.h5,2366,2.0,2.6322248028805943,True,stim,25,True,177.0,24-05-18_plasticity,Bl1,False,,,,,,,,,,7D
s3://braingeneersdev/asrobbin/braindance_data/24-05-18_plasticity/,22097,Bl1/Bl1_cartpole_long_19,s3://braingeneersdev/asrobbin/braindance_data/24-05-18_plasticity/22097/Bl1/Bl1_cartpole_long_19.raw.h5,2253,2.0,2.508162606340957,True,stim,25,True,177.0,24-05-18_plasticity,Bl1,False,,,,,,,,,,7D
s3://braingeneersdev/asrobbin/braindance_data/24-05-18_plasticity/,22097,Bl1/Bl1_cartpole_long_10,s3://braingeneersdev/asrobbin/braindance_data/24-05-18_plasticity/22097/Bl1/Bl1_cartpole_long_10.raw.h5,2399,2.0,2.668610316309896,True,stim,25,True,177.0,24-05-18_plasticity,Bl1,False,,,,,,,,,,7D
s3://braingeneersdev/asrobbin/braindance_data/24-05-18_plasticity/,22097,bdnf/bdnf,s3://braingeneersdev/asrobbin/braindance_data/24-05-18_plasticity/22097/bdnf/bdnf.raw.h5,0,0.0,,False,spontaneous,15,True,115.0,24-05-18_plasticity,bdnf,True,,bdnf,,,,,,,,7D
s3://braingeneersdev/asrobbin/braindance_data/24-05-18_plasticity/,22097,Bl1/Bl1_cartpole_long_5,s3://braingeneersdev/asrobbin/braindance_data/24-05-18_plasticity/22097/Bl1/Bl1_cartpole_long_5.raw.h5,2399,2.0,2.6688314405948685,True,stim,25,True,177.0,24-05-18_plasticity,Bl1,False,,,,,,,,,,7D
s3://braingeneersdev/asrobbin/braindance_data/24-05-18_plasticity/,22097,bdnf/bdnf_causal,s3://braingeneersdev/asrobbin/braindance_data/24-05-18_plasticity/22097/bdnf/bdnf_causal.raw.h5,1250,2.0,2.000001428538934,True,stim,15,True,115.0,24-05-18_plasticity,bdnf,False,,bdnf,,,,,,,,7D
s3://braingeneersdev/asrobbin/braindance_data/24-05-18_plasticity/,22097,k252a/k252a_causal,s3://braingeneersdev/asrobbin/braindance_data/24-05-18_plasticity/22097/k252a/k252a_causal.raw.h5,1200,2.0,1.9999891679619255,True,stim,20,True,140.0,24-05-18_plasticity,k252a,False,,k252a,,,,,,,,7D
s3://braingeneersdev/asrobbin/braindance_data/24-05-18_plasticity/,22097,k252a/k252a,s3://braingeneersdev/asrobbin/braindance_data/24-05-18_plasticity/22097/k252a/k252a.raw.h5,0,0.0,,False,spontaneous,20,True,140.0,24-05-18_plasticity,k252a,True,,k252a,,,,,,,,7D
s3://braingeneersdev/asrobbin/braindance_data/24-05-24/,21985,dmso/dmso_cartpole_long_3,s3://braingeneersdev/asrobbin/braindance_data/24-05-24/21985/dmso/dmso_cartpole_long_3.raw.h5,1874,2.0,2.0892807497488195,True,stim,6,True,168.0,24-05-24,dmso,False,,,,,,,,,,4B
s3://braingeneersdev/asrobbin/braindance_data/24-05-24/,21985,dmso/dmso_cartpole_long_2,s3://braingeneersdev/asrobbin/braindance_data/24-05-24/21985/dmso/dmso_cartpole_long_2.raw.h5,2096,2.0,2.33738977246217,True,stim,6,True,168.0,24-05-24,dmso,False,,,,,,,,,,4B
s3://braingeneersdev/asrobbin/braindance_data/24-05-24/,21985,dmso/dmso_cartpole_long_1,s3://braingeneersdev/asrobbin/braindance_data/24-05-24/21985/dmso/dmso_cartpole_long_1.raw.h5,1633,2.0,2.205805023560059,True,stim,6,True,168.0,24-05-24,dmso,False,,,,,,,,,,4B
s3://braingeneersdev/asrobbin/braindance_data/24-05-24/,21985,dmso/dmso_causal,s3://braingeneersdev/asrobbin/braindance_data/24-05-24/21985/dmso/dmso_causal.raw.h5,1500,2.0,2.0000075767625813,True,stim,6,True,168.0,24-05-24,dmso,False,,,,,,,,,,4B
s3://braingeneersdev/asrobbin/braindance_data/24-05-24/,21985,dmso/dmso_cartpole_long,s3://braingeneersdev/asrobbin/braindance_data/24-05-24/21985/dmso/dmso_cartpole_long.raw.h5,532,2.0,2.081775777675301,True,stim,6,True,168.0,24-05-24,dmso,False,,,,,,,,,,4B
s3://braingeneersdev/asrobbin/braindance_data/24-05-24/,22194,baseline/baseline_cartpole_long_5,s3://braingeneersdev/asrobbin/braindance_data/24-05-24/22194/baseline/baseline_cartpole_long_5.raw.h5,98,2.0,2.341917239447296,True,stim,8,True,171.0,24-05-24,baseline,False,,,,,,,,,,8B
s3://braingeneersdev/asrobbin/braindance_data/24-05-24/,21985,nbqx/nbqx_causal,s3://braingeneersdev/asrobbin/braindance_data/24-05-24/21985/nbqx/nbqx_causal.raw.h5,1000,2.0,1.9999986802291,True,stim,6,True,109.0,24-05-24,nbqx,False,,nbqx,,,,,,,,4B
s3://braingeneersdev/asrobbin/braindance_data/24-05-24/,21985,nbqx/nbqx,s3://braingeneersdev/asrobbin/braindance_data/24-05-24/21985/nbqx/nbqx.raw.h5,0,0.0,,False,spontaneous,6,True,109.0,24-05-24,nbqx,True,,nbqx,,,,,,,,4B
s3://braingeneersdev/asrobbin/braindance_data/24-05-24/,21985,dmso/dmso,s3://braingeneersdev/asrobbin/braindance_data/24-05-24/21985/dmso/dmso.raw.h5,0,0.0,,False,spontaneous,6,True,168.0,24-05-24,dmso,True,,,,,,,,,,4B
s3://braingeneersdev/asrobbin/braindance_data/24-05-24/,22194,baseline/baseline_cartpole_long,s3://braingeneersdev/asrobbin/braindance_data/24-05-24/22194/baseline/baseline_cartpole_long.raw.h5,698,2.0,2.0672908188155197,True,stim,8,True,171.0,24-05-24,baseline,False,,,,,,,,,,8B
s3://braingeneersdev/asrobbin/braindance_data/24-05-24/,22194,baseline/baseline_cartpole_long_2,s3://braingeneersdev/asrobbin/braindance_data/24-05-24/22194/baseline/baseline_cartpole_long_2.raw.h5,403,2.0,2.4111700043719972,True,stim,8,True,171.0,24-05-24,baseline,False,,,,,,,,,,8B
s3://braingeneersdev/asrobbin/braindance_data/24-05-24/,22194,baseline/baseline_cartpole_long_1,s3://braingeneersdev/asrobbin/braindance_data/24-05-24/22194/baseline/baseline_cartpole_long_1.raw.h5,457,2.0,2.3518038010359192,True,stim,8,True,171.0,24-05-24,baseline,False,,,,,,,,,,8B
s3://braingeneersdev/asrobbin/braindance_data/24-05-24/,22194,baseline/baseline_cartpole_long_4,s3://braingeneersdev/asrobbin/braindance_data/24-05-24/22194/baseline/baseline_cartpole_long_4.raw.h5,500,2.0,2.22538976520814,True,stim,8,True,171.0,24-05-24,baseline,False,,,,,,,,,,8B
s3://braingeneersdev/asrobbin/braindance_data/24-05-24/,22194,baseline/baseline_causal,s3://braingeneersdev/asrobbin/braindance_data/24-05-24/22194/baseline/baseline_causal.raw.h5,1300,2.0,2.000006494653911,True,stim,8,True,171.0,24-05-24,baseline,False,,,,,,,,,,8B
s3://braingeneersdev/asrobbin/braindance_data/24-05-24/,22194,baseline/baseline_cartpole_long_3,s3://braingeneersdev/asrobbin/braindance_data/24-05-24/22194/baseline/baseline_cartpole_long_3.raw.h5,1993,2.0,2.219406454474362,True,stim,8,True,171.0,24-05-24,baseline,False,,,,,,,,,,8B
s3://braingeneersdev/asrobbin/braindance_data/24-05-24/,22194,baseline/baseline,s3://braingeneersdev/asrobbin/braindance_data/24-05-24/22194/baseline/baseline.raw.h5,0,0.0,,False,spontaneous,8,True,171.0,24-05-24,baseline,True,,,,,,,,,,8B
s3://braingeneersdev/asrobbin/braindance_data/24-05-24/,23134,2d_apv/2d_apv_causal,s3://braingeneersdev/asrobbin/braindance_data/24-05-24/23134/2d_apv/2d_apv_causal.raw.h5,700,2.0,2.000004902741621,True,stim,6,True,23.0,24-05-24,2d_apv,False,,apv,,,,,,,,15A
s3://braingeneersdev/asrobbin/braindance_data/24-05-24/,23134,2d_apv/2d_apv,s3://braingeneersdev/asrobbin/braindance_data/24-05-24/23134/2d_apv/2d_apv.raw.h5,0,0.0,,False,spontaneous,6,True,23.0,24-05-24,2d_apv,True,,apv,,,,,,,,15A
s3://braingeneersdev/asrobbin/braindance_data/24-05-24/,23134,2d_rl/2d_rl_cartpole_long_6,s3://braingeneersdev/asrobbin/braindance_data/24-05-24/23134/2d_rl/2d_rl_cartpole_long_6.raw.h5,2375,2.0,2.644157638404684,True,stim,21,True,35.0,24-05-24,2d_rl,False,,,,,,,,,,15A
s3://braingeneersdev/asrobbin/braindance_data/24-05-24/,23134,2d_rl/2d_rl_cartpole_long_13,s3://braingeneersdev/asrobbin/braindance_data/24-05-24/23134/2d_rl/2d_rl_cartpole_long_13.raw.h5,2436,2.0,2.707810106010893,True,stim,21,True,35.0,24-05-24,2d_rl,False,,,,,,,,,,15A
s3://braingeneersdev/asrobbin/braindance_data/24-05-24/,23134,2d_rl/2d_rl_cartpole_long_16,s3://braingeneersdev/asrobbin/braindance_data/24-05-24/23134/2d_rl/2d_rl_cartpole_long_16.raw.h5,2456,2.0,2.733594716351649,True,stim,21,True,35.0,24-05-24,2d_rl,False,,,,,,,,,,15A
s3://braingeneersdev/asrobbin/braindance_data/24-05-24/,23134,2d_rl/2d_rl,s3://braingeneersdev/asrobbin/braindance_data/24-05-24/23134/2d_rl/2d_rl.raw.h5,0,0.0,,False,spontaneous,21,True,35.0,24-05-24,2d_rl,True,,,,,,,,,,15A
s3://braingeneersdev/asrobbin/braindance_data/24-05-24/,23134,2d_rl/2d_rl_cartpole_long_9,s3://braingeneersdev/asrobbin/braindance_data/24-05-24/23134/2d_rl/2d_rl_cartpole_long_9.raw.h5,2601,2.0,2.898750343470384,True,stim,21,True,35.0,24-05-24,2d_rl,False,,,,,,,,,,15A
s3://braingeneersdev/asrobbin/braindance_data/24-05-24/,23134,2d_rl/2d_rl_cartpole_long_8,s3://braingeneersdev/asrobbin/braindance_data/24-05-24/23134/2d_rl/2d_rl_cartpole_long_8.raw.h5,2611,2.0,2.901982918589059,True,stim,21,True,35.0,24-05-24,2d_rl,False,,,,,,,,,,15A
s3://braingeneersdev/asrobbin/braindance_data/24-05-24/,23134,2d_rl/2d_rl_cartpole_long_3,s3://braingeneersdev/asrobbin/braindance_data/24-05-24/23134/2d_rl/2d_rl_cartpole_long_3.raw.h5,2155,2.0,2.3964215351798157,True,stim,21,True,35.0,24-05-24,2d_rl,False,,,,,,,,,,15A
s3://braingeneersdev/asrobbin/braindance_data/24-05-24/,23134,2d_rl/2d_rl_cartpole_long,s3://braingeneersdev/asrobbin/braindance_data/24-05-24/23134/2d_rl/2d_rl_cartpole_long.raw.h5,2032,2.0,2.2633416475855967,True,stim,21,True,35.0,24-05-24,2d_rl,False,,,,,,,,,,15A
s3://braingeneersdev/asrobbin/braindance_data/24-05-24/,23134,2d_rl/2d_rl_cartpole_long_11,s3://braingeneersdev/asrobbin/braindance_data/24-05-24/23134/2d_rl/2d_rl_cartpole_long_11.raw.h5,2571,2.0,2.8643427629456824,True,stim,21,True,35.0,24-05-24,2d_rl,False,,,,,,,,,,15A
s3://braingeneersdev/asrobbin/braindance_data/24-05-24/,23134,2d_rl/2d_rl_cartpole_long_5,s3://braingeneersdev/asrobbin/braindance_data/24-05-24/23134/2d_rl/2d_rl_cartpole_long_5.raw.h5,2196,2.0,2.4403806654737927,True,stim,21,True,35.0,24-05-24,2d_rl,False,,,,,,,,,,15A
s3://braingeneersdev/asrobbin/braindance_data/24-05-24/,23134,2d_rl/2d_rl_cartpole_long_1,s3://braingeneersdev/asrobbin/braindance_data/24-05-24/23134/2d_rl/2d_rl_cartpole_long_1.raw.h5,2008,2.0,2.232308884994522,True,stim,21,True,35.0,24-05-24,2d_rl,False,,,,,,,,,,15A
s3://braingeneersdev/asrobbin/braindance_data/24-05-24/,23134,2d_rl/2d_rl_causal,s3://braingeneersdev/asrobbin/braindance_data/24-05-24/23134/2d_rl/2d_rl_causal.raw.h5,950,2.0,2.0000113596261624,True,stim,21,True,35.0,24-05-24,2d_rl,False,,,,,,,,,,15A
s3://braingeneersdev/asrobbin/braindance_data/24-05-24/,23134,2d_rl/2d_rl_cartpole_long_12,s3://braingeneersdev/asrobbin/braindance_data/24-05-24/23134/2d_rl/2d_rl_cartpole_long_12.raw.h5,2065,2.0,2.2962796621154733,True,stim,21,True,35.0,24-05-24,2d_rl,False,,,,,,,,,,15A
s3://braingeneersdev/asrobbin/braindance_data/24-05-24/,23134,2d_rl/2d_rl_cartpole_long_14,s3://braingeneersdev/asrobbin/braindance_data/24-05-24/23134/2d_rl/2d_rl_cartpole_long_14.raw.h5,2109,2.0,2.343918417698013,True,stim,21,True,35.0,24-05-24,2d_rl,False,,,,,,,,,,15A
s3://braingeneersdev/asrobbin/braindance_data/24-05-24/,23134,2d_rl/2d_rl_cartpole_long_4,s3://braingeneersdev/asrobbin/braindance_data/24-05-24/23134/2d_rl/2d_rl_cartpole_long_4.raw.h5,2144,2.0,2.3839310060321357,True,stim,21,True,35.0,24-05-24,2d_rl,False,,,,,,,,,,15A
s3://braingeneersdev/asrobbin/braindance_data/24-05-24/,23134,2d_rl/2d_rl_cartpole_long_18,s3://braingeneersdev/asrobbin/braindance_data/24-05-24/23134/2d_rl/2d_rl_cartpole_long_18.raw.h5,2107,2.0,2.3418197892658017,True,stim,21,True,35.0,24-05-24,2d_rl,False,,,,,,,,,,15A
s3://braingeneersdev/asrobbin/braindance_data/24-05-24/,23134,2d_rl/2d_rl_cartpole_long_10,s3://braingeneersdev/asrobbin/braindance_data/24-05-24/23134/2d_rl/2d_rl_cartpole_long_10.raw.h5,2514,2.0,2.7945780903908326,True,stim,21,True,35.0,24-05-24,2d_rl,False,,,,,,,,,,15A
s3://braingeneersdev/asrobbin/braindance_data/24-05-24/,23134,2d_rl/2d_rl_cartpole_long_2,s3://braingeneersdev/asrobbin/braindance_data/24-05-24/23134/2d_rl/2d_rl_cartpole_long_2.raw.h5,2085,2.0,2.3201631767755373,True,stim,21,True,35.0,24-05-24,2d_rl,False,,,,,,,,,,15A
s3://braingeneersdev/asrobbin/braindance_data/24-05-24/,23134,2d_rl/2d_rl_cartpole_long_15,s3://braingeneersdev/asrobbin/braindance_data/24-05-24/23134/2d_rl/2d_rl_cartpole_long_15.raw.h5,2379,2.0,2.644848349947628,True,stim,21,True,35.0,24-05-24,2d_rl,False,,,,,,,,,,15A
s3://braingeneersdev/asrobbin/braindance_data/24-05-24/,23134,2d_rl/2d_rl_cartpole_long_7,s3://braingeneersdev/asrobbin/braindance_data/24-05-24/23134/2d_rl/2d_rl_cartpole_long_7.raw.h5,2509,2.0,2.7890684749920327,True,stim,21,True,35.0,24-05-24,2d_rl,False,,,,,,,,,,15A
s3://braingeneersdev/asrobbin/braindance_data/24-05-24/,23134,causal/causal,s3://braingeneersdev/asrobbin/braindance_data/24-05-24/23134/causal/causal.raw.h5,1250,0.5,,False,stim,2,True,187.0,24-05-24,causal,False,,,,,,,,,,15A
s3://braingeneersdev/asrobbin/braindance_data/24-05-24/,23134,causal/causal_causal,s3://braingeneersdev/asrobbin/braindance_data/24-05-24/23134/causal/causal_causal.raw.h5,1250,2.0,2.0000191798444815,True,stim,2,True,187.0,24-05-24,causal,False,,,,,,,,,,15A
s3://braingeneersdev/asrobbin/braindance_data/24-05-24/,23134,2d_rl/2d_rl_cartpole_long_17,s3://braingeneersdev/asrobbin/braindance_data/24-05-24/23134/2d_rl/2d_rl_cartpole_long_17.raw.h5,2290,2.0,2.5452483467414657,True,stim,21,True,35.0,24-05-24,2d_rl,False,,,,,,,,,,15A
s3://braingeneersdev/asrobbin/braindance_data/24-05-24/,23134,dmso/dmso_cartpole_long_4,s3://braingeneersdev/asrobbin/braindance_data/24-05-24/23134/dmso/dmso_cartpole_long_4.raw.h5,2469,2.0,2.7444771033672732,True,stim,22,True,23.0,24-05-24,dmso,False,,,,,,,,,,15A
s3://braingeneersdev/asrobbin/braindance_data/24-05-24/,23134,dmso/dmso_cartpole_long_3,s3://braingeneersdev/asrobbin/braindance_data/24-05-24/23134/dmso/dmso_cartpole_long_3.raw.h5,2531,2.0,2.813367935043874,True,stim,22,True,23.0,24-05-24,dmso,False,,,,,,,,,,15A
s3://braingeneersdev/asrobbin/braindance_data/24-05-24/,23134,dmso/dmso_cartpole_long_9,s3://braingeneersdev/asrobbin/braindance_data/24-05-24/23134/dmso/dmso_cartpole_long_9.raw.h5,2394,2.0,2.665592967833169,True,stim,22,True,23.0,24-05-24,dmso,False,,,,,,,,,,15A
s3://braingeneersdev/asrobbin/braindance_data/24-05-24/,23134,dmso/dmso_cartpole_long_10,s3://braingeneersdev/asrobbin/braindance_data/24-05-24/23134/dmso/dmso_cartpole_long_10.raw.h5,2357,2.0,2.622260329074664,True,stim,22,True,23.0,24-05-24,dmso,False,,,,,,,,,,15A
s3://braingeneersdev/asrobbin/braindance_data/24-05-24/,23134,dmso/dmso_cartpole_long_16,s3://braingeneersdev/asrobbin/braindance_data/24-05-24/23134/dmso/dmso_cartpole_long_16.raw.h5,2769,4.0,3.0786284375894377,True,stim,22,True,23.0,24-05-24,dmso,False,,,,,,,,,,15A
s3://braingeneersdev/asrobbin/braindance_data/24-05-24/,23134,dmso/dmso_cartpole_long_12,s3://braingeneersdev/asrobbin/braindance_data/24-05-24/23134/dmso/dmso_cartpole_long_12.raw.h5,2319,2.0,2.5774606993807954,True,stim,22,True,23.0,24-05-24,dmso,False,,,,,,,,,,15A
s3://braingeneersdev/asrobbin/braindance_data/24-05-24/,23134,dmso/dmso_cartpole_long_14,s3://braingeneersdev/asrobbin/braindance_data/24-05-24/23134/dmso/dmso_cartpole_long_14.raw.h5,2417,2.0,2.6865257547039683,True,stim,22,True,23.0,24-05-24,dmso,False,,,,,,,,,,15A
s3://braingeneersdev/asrobbin/braindance_data/24-05-24/,23134,dmso/dmso_cartpole_long,s3://braingeneersdev/asrobbin/braindance_data/24-05-24/23134/dmso/dmso_cartpole_long.raw.h5,2514,2.0,2.798836548348341,True,stim,22,True,23.0,24-05-24,dmso,False,,,,,,,,,,15A
s3://braingeneersdev/asrobbin/braindance_data/24-05-24/,23134,dmso/dmso,s3://braingeneersdev/asrobbin/braindance_data/24-05-24/23134/dmso/dmso.raw.h5,0,0.0,,False,spontaneous,22,True,23.0,24-05-24,dmso,True,,,,,,,,,,15A
s3://braingeneersdev/asrobbin/braindance_data/24-05-24/,23134,dmso/dmso_cartpole_long_11,s3://braingeneersdev/asrobbin/braindance_data/24-05-24/23134/dmso/dmso_cartpole_long_11.raw.h5,2269,2.0,2.5220942867700717,True,stim,22,True,23.0,24-05-24,dmso,False,,,,,,,,,,15A
s3://braingeneersdev/asrobbin/braindance_data/24-05-24/,23134,dmso/dmso_cartpole_long_19,s3://braingeneersdev/asrobbin/braindance_data/24-05-24/23134/dmso/dmso_cartpole_long_19.raw.h5,2773,4.0,3.0832402869260616,True,stim,22,True,23.0,24-05-24,dmso,False,,,,,,,,,,15A
s3://braingeneersdev/asrobbin/braindance_data/24-05-24/,23134,dmso/dmso_cartpole_long_17,s3://braingeneersdev/asrobbin/braindance_data/24-05-24/23134/dmso/dmso_cartpole_long_17.raw.h5,2781,4.0,3.096381705711648,True,stim,22,True,23.0,24-05-24,dmso,False,,,,,,,,,,15A
s3://braingeneersdev/asrobbin/braindance_data/24-05-24/,23134,dmso/dmso_cartpole_long_5,s3://braingeneersdev/asrobbin/braindance_data/24-05-24/23134/dmso/dmso_cartpole_long_5.raw.h5,1985,2.0,2.206351306730428,True,stim,22,True,23.0,24-05-24,dmso,False,,,,,,,,,,15A
s3://braingeneersdev/asrobbin/braindance_data/24-05-24/,23134,dmso/dmso_cartpole_long_18,s3://braingeneersdev/asrobbin/braindance_data/24-05-24/23134/dmso/dmso_cartpole_long_18.raw.h5,2662,2.0,2.960226956269137,True,stim,22,True,23.0,24-05-24,dmso,False,,,,,,,,,,15A
s3://braingeneersdev/asrobbin/braindance_data/24-05-24/,23134,dmso/dmso_cartpole_long_2,s3://braingeneersdev/asrobbin/braindance_data/24-05-24/23134/dmso/dmso_cartpole_long_2.raw.h5,2493,2.0,2.7722309770597056,True,stim,22,True,23.0,24-05-24,dmso,False,,,,,,,,,,15A
s3://braingeneersdev/asrobbin/braindance_data/24-05-24/,23134,dmso/dmso_cartpole_long_13,s3://braingeneersdev/asrobbin/braindance_data/24-05-24/23134/dmso/dmso_cartpole_long_13.raw.h5,2506,2.0,2.7881842879332885,True,stim,22,True,23.0,24-05-24,dmso,False,,,,,,,,,,15A
s3://braingeneersdev/asrobbin/braindance_data/24-05-24/,23134,dmso/dmso_cartpole_long_1,s3://braingeneersdev/asrobbin/braindance_data/24-05-24/23134/dmso/dmso_cartpole_long_1.raw.h5,2063,2.0,2.296367188972786,True,stim,22,True,23.0,24-05-24,dmso,False,,,,,,,,,,15A
s3://braingeneersdev/asrobbin/braindance_data/24-05-24/,23134,dmso/dmso_cartpole_long_8,s3://braingeneersdev/asrobbin/braindance_data/24-05-24/23134/dmso/dmso_cartpole_long_8.raw.h5,2487,2.0,2.7694249735417156,True,stim,22,True,23.0,24-05-24,dmso,False,,,,,,,,,,15A
s3://braingeneersdev/asrobbin/braindance_data/24-05-24/,23134,dmso/dmso_cartpole_long_7,s3://braingeneersdev/asrobbin/braindance_data/24-05-24/23134/dmso/dmso_cartpole_long_7.raw.h5,2547,2.0,2.8312798209642165,True,stim,22,True,23.0,24-05-24,dmso,False,,,,,,,,,,15A
s3://braingeneersdev/asrobbin/braindance_data/24-05-24/,23134,dmso/dmso_causal,s3://braingeneersdev/asrobbin/braindance_data/24-05-24/23134/dmso/dmso_causal.raw.h5,850,2.0,2.0000144152652672,True,stim,22,True,23.0,24-05-24,dmso,False,,,,,,,,,,15A
s3://braingeneersdev/asrobbin/braindance_data/24-05-24/,23134,dmso/dmso_cartpole_long_15,s3://braingeneersdev/asrobbin/braindance_data/24-05-24/23134/dmso/dmso_cartpole_long_15.raw.h5,2441,2.0,2.7131672548352506,True,stim,22,True,23.0,24-05-24,dmso,False,,,,,,,,,,15A
s3://braingeneersdev/asrobbin/braindance_data/24-05-24/,23134,dmso/dmso_cartpole_long_6,s3://braingeneersdev/asrobbin/braindance_data/24-05-24/23134/dmso/dmso_cartpole_long_6.raw.h5,1888,2.0,2.102657966354029,True,stim,22,True,23.0,24-05-24,dmso,False,,,,,,,,,,15A
s3://braingeneersdev/asrobbin/braindance_data/24-05-24/,23134,nbqx/nbqx_causal,s3://braingeneersdev/asrobbin/braindance_data/24-05-24/23134/nbqx/nbqx_causal.raw.h5,450,2.0,1.999996301859848,True,stim,14,True,4.0,24-05-24,nbqx,False,,nbqx,,,,,,,,15A
s3://braingeneersdev/asrobbin/braindance_data/24-05-24/,23134,nbqx/nbqx,s3://braingeneersdev/asrobbin/braindance_data/24-05-24/23134/nbqx/nbqx.raw.h5,0,0.0,,False,spontaneous,14,True,4.0,24-05-24,nbqx,True,,nbqx,,,,,,,,15A
s3://braingeneersdev/asrobbin/24-01-07_data/,20217,exp1/exp1,s3://braingeneersdev/asrobbin/24-01-07_data/20217/exp1/exp1.raw.h5,0,0.0,,False,spontaneous,9,True,33.0,24-01-07_data,exp1,True,,,,,,,,,,1A
s3://braingeneersdev/asrobbin/24-01-07_data/,20217,exp1/exp1_causal,s3://braingeneersdev/asrobbin/24-01-07_data/20217/exp1/exp1_causal.raw.h5,800,2.0,1.999995635774232,True,stim,9,True,33.0,24-01-07_data,exp1,False,,,,,,,,,,1A
s3://braingeneersdev/asrobbin/24-01-07_data/,20217,exp1/exp1_cartpole_long_3,s3://braingeneersdev/asrobbin/24-01-07_data/20217/exp1/exp1_cartpole_long_3.raw.h5,2275,2.0,2.5341639291327693,True,stim,9,True,33.0,24-01-07_data,exp1,False,,,,,,,,,,1A
s3://braingeneersdev/asrobbin/24-01-07_data/,20217,exp1/exp1_causal_1,s3://braingeneersdev/asrobbin/24-01-07_data/20217/exp1/exp1_causal_1.raw.h5,800,2.0,2.000017437643901,True,stim,9,True,33.0,24-01-07_data,exp1,False,,,,,,,,,,1A
s3://braingeneersdev/asrobbin/24-01-07_data/,20217,exp1/exp1_cartpole_long,s3://braingeneersdev/asrobbin/24-01-07_data/20217/exp1/exp1_cartpole_long.raw.h5,2338,2.0,2.603894487124434,True,stim,9,True,33.0,24-01-07_data,exp1,False,,,,,,,,,,1A
s3://braingeneersdev/asrobbin/24-01-07_data/,20217,exp1/exp1_cartpole_long_5,s3://braingeneersdev/asrobbin/24-01-07_data/20217/exp1/exp1_cartpole_long_5.raw.h5,1924,2.0,2.2278501211537125,True,stim,9,True,33.0,24-01-07_data,exp1,False,,,,,,,,,,1A
s3://braingeneersdev/asrobbin/24-01-07_data/,20217,exp1/exp1_cartpole_long_1,s3://braingeneersdev/asrobbin/24-01-07_data/20217/exp1/exp1_cartpole_long_1.raw.h5,2973,4.0,3.305794563324407,True,stim,9,True,33.0,24-01-07_data,exp1,False,,,,,,,,,,1A
s3://braingeneersdev/asrobbin/24-01-07_data/,20217,exp1/exp1_cartpole_long_4,s3://braingeneersdev/asrobbin/24-01-07_data/20217/exp1/exp1_cartpole_long_4.raw.h5,3035,4.0,3.3762181980203017,True,stim,9,True,33.0,24-01-07_data,exp1,False,,,,,,,,,,1A
s3://braingeneersdev/asrobbin/24-01-07_data/,20217,exp2/exp2_cartpole_long_8,s3://braingeneersdev/asrobbin/24-01-07_data/20217/exp2/exp2_cartpole_long_8.raw.h5,1638,2.0,2.324203732908926,True,stim,23,True,31.0,24-01-07_data,exp2,False,,,,,,,,,,1A
s3://braingeneersdev/asrobbin/24-01-07_data/,20217,exp2/exp2_cartpole_long_13,s3://braingeneersdev/asrobbin/24-01-07_data/20217/exp2/exp2_cartpole_long_13.raw.h5,1964,2.0,2.602694943366863,True,stim,23,True,31.0,24-01-07_data,exp2,False,,,,,,,,,,1A
s3://braingeneersdev/asrobbin/24-01-07_data/,20217,exp2/exp2_cartpole_long_19,s3://braingeneersdev/asrobbin/24-01-07_data/20217/exp2/exp2_cartpole_long_19.raw.h5,2229,2.0,2.5645399354417746,True,stim,23,True,31.0,24-01-07_data,exp2,False,,,,,,,,,,1A
s3://braingeneersdev/asrobbin/24-01-07_data/,20217,exp1/exp1_cartpole_long_2,s3://braingeneersdev/asrobbin/24-01-07_data/20217/exp1/exp1_cartpole_long_2.raw.h5,2055,2.0,2.2847732183482177,True,stim,9,True,33.0,24-01-07_data,exp1,False,,,,,,,,,,1A
s3://braingeneersdev/asrobbin/24-01-07_data/,20217,exp2/exp2_cartpole_long_20,s3://braingeneersdev/asrobbin/24-01-07_data/20217/exp2/exp2_cartpole_long_20.raw.h5,1759,2.0,2.2386423125671486,True,stim,23,True,31.0,24-01-07_data,exp2,False,,,,,,,,,,1A
s3://braingeneersdev/asrobbin/24-01-07_data/,20217,exp2/exp2_cartpole_long_17,s3://braingeneersdev/asrobbin/24-01-07_data/20217/exp2/exp2_cartpole_long_17.raw.h5,1681,2.0,2.171191322094673,True,stim,23,True,31.0,24-01-07_data,exp2,False,,,,,,,,,,1A
s3://braingeneersdev/asrobbin/24-01-07_data/,20217,exp2/exp2_cartpole_long_3,s3://braingeneersdev/asrobbin/24-01-07_data/20217/exp2/exp2_cartpole_long_3.raw.h5,1681,2.0,2.2644801921265008,True,stim,23,True,31.0,24-01-07_data,exp2,False,,,,,,,,,,1A
s3://braingeneersdev/asrobbin/24-01-07_data/,20217,exp2/exp2_cartpole_long_15,s3://braingeneersdev/asrobbin/24-01-07_data/20217/exp2/exp2_cartpole_long_15.raw.h5,1678,2.0,2.312519946181047,True,stim,23,True,31.0,24-01-07_data,exp2,False,,,,,,,,,,1A
s3://braingeneersdev/asrobbin/24-01-07_data/,20217,exp2/exp2_cartpole_long_4,s3://braingeneersdev/asrobbin/24-01-07_data/20217/exp2/exp2_cartpole_long_4.raw.h5,2031,2.0,2.6986624796114365,True,stim,23,True,31.0,24-01-07_data,exp2,False,,,,,,,,,,1A
s3://braingeneersdev/asrobbin/24-01-07_data/,20217,exp2/exp2_cartpole_long_6,s3://braingeneersdev/asrobbin/24-01-07_data/20217/exp2/exp2_cartpole_long_6.raw.h5,1695,2.0,2.2962997958565667,True,stim,23,True,31.0,24-01-07_data,exp2,False,,,,,,,,,,1A
s3://braingeneersdev/asrobbin/24-01-07_data/,20217,exp2/exp2_cartpole_long,s3://braingeneersdev/asrobbin/24-01-07_data/20217/exp2/exp2_cartpole_long.raw.h5,2395,2.0,2.667270599624831,True,stim,23,True,31.0,24-01-07_data,exp2,False,,,,,,,,,,1A
s3://braingeneersdev/asrobbin/24-01-07_data/,20217,exp2/exp2_cartpole_long_2,s3://braingeneersdev/asrobbin/24-01-07_data/20217/exp2/exp2_cartpole_long_2.raw.h5,1684,2.0,2.177810011790523,True,stim,23,True,31.0,24-01-07_data,exp2,False,,,,,,,,,,1A
s3://braingeneersdev/asrobbin/24-01-07_data/,20217,exp2/exp2_cartpole_long_14,s3://braingeneersdev/asrobbin/24-01-07_data/20217/exp2/exp2_cartpole_long_14.raw.h5,1703,2.0,2.2997253738255266,True,stim,23,True,31.0,24-01-07_data,exp2,False,,,,,,,,,,1A
s3://braingeneersdev/asrobbin/24-01-07_data/,20217,exp2/exp2_cartpole_long_12,s3://braingeneersdev/asrobbin/24-01-07_data/20217/exp2/exp2_cartpole_long_12.raw.h5,1687,2.0,2.2663630324256308,True,stim,23,True,31.0,24-01-07_data,exp2,False,,,,,,,,,,1A
s3://braingeneersdev/asrobbin/24-01-07_data/,20217,exp2/exp2_cartpole_long_18,s3://braingeneersdev/asrobbin/24-01-07_data/20217/exp2/exp2_cartpole_long_18.raw.h5,1688,2.0,2.296247973743854,True,stim,23,True,31.0,24-01-07_data,exp2,False,,,,,,,,,,1A
s3://braingeneersdev/asrobbin/24-01-07_data/,20217,exp2/exp2_causal,s3://braingeneersdev/asrobbin/24-01-07_data/20217/exp2/exp2_causal.raw.h5,500,2.0,1.999998736626031,True,stim,23,True,31.0,24-01-07_data,exp2,False,,,,,,,,,,1A
s3://braingeneersdev/asrobbin/24-01-07_data/,20217,exp2/exp2_cartpole_long_16,s3://braingeneersdev/asrobbin/24-01-07_data/20217/exp2/exp2_cartpole_long_16.raw.h5,1935,2.0,2.6052813039822884,True,stim,23,True,31.0,24-01-07_data,exp2,False,,,,,,,,,,1A
s3://braingeneersdev/asrobbin/24-01-07_data/,20217,exp2/exp2_cartpole_long_10,s3://braingeneersdev/asrobbin/24-01-07_data/20217/exp2/exp2_cartpole_long_10.raw.h5,1970,2.0,2.564783617160418,True,stim,23,True,31.0,24-01-07_data,exp2,False,,,,,,,,,,1A
s3://braingeneersdev/asrobbin/24-01-07_data/,20217,exp2/exp2_cartpole_long_9,s3://braingeneersdev/asrobbin/24-01-07_data/20217/exp2/exp2_cartpole_long_9.raw.h5,1689,2.0,2.294790888662955,True,stim,23,True,31.0,24-01-07_data,exp2,False,,,,,,,,,,1A
s3://braingeneersdev/asrobbin/24-01-07_data/,20217,exp2/exp2,s3://braingeneersdev/asrobbin/24-01-07_data/20217/exp2/exp2.raw.h5,0,0.0,,False,spontaneous,23,True,31.0,24-01-07_data,exp2,True,,,,,,,,,,1A
s3://braingeneersdev/asrobbin/24-01-07_data/,20217,exp2/exp2_cartpole_long_5,s3://braingeneersdev/asrobbin/24-01-07_data/20217/exp2/exp2_cartpole_long_5.raw.h5,1667,2.0,2.232773504409282,True,stim,23,True,31.0,24-01-07_data,exp2,False,,,,,,,,,,1A
s3://braingeneersdev/asrobbin/24-01-07_data/,20217,exp2/exp2_cartpole_long_1,s3://braingeneersdev/asrobbin/24-01-07_data/20217/exp2/exp2_cartpole_long_1.raw.h5,2257,2.0,2.509522601361556,True,stim,23,True,31.0,24-01-07_data,exp2,False,,,,,,,,,,1A
s3://braingeneersdev/asrobbin/24-01-07_data/,20217,exp2/exp2_cartpole_long_11,s3://braingeneersdev/asrobbin/24-01-07_data/20217/exp2/exp2_cartpole_long_11.raw.h5,1666,2.0,2.2190592334535846,True,stim,23,True,31.0,24-01-07_data,exp2,False,,,,,,,,,,1A
s3://braingeneersdev/asrobbin/24-01-07_data/,20217,exp3/exp3_cartpole_long,s3://braingeneersdev/asrobbin/24-01-07_data/20217/exp3/exp3_cartpole_long.raw.h5,1718,2.0,2.2065085637094937,True,stim,4,True,31.0,24-01-07_data,exp3,False,exp2,,,,,,,,,1A
s3://braingeneersdev/asrobbin/24-01-07_data/,20217,exp2/exp2_cartpole_long_7,s3://braingeneersdev/asrobbin/24-01-07_data/20217/exp2/exp2_cartpole_long_7.raw.h5,1941,2.0,2.5692422671150807,True,stim,23,True,31.0,24-01-07_data,exp2,False,,,,,,,,,,1A
s3://braingeneersdev/asrobbin/24-01-07_data/,20217,exp3/exp3_cartpole_long_1,s3://braingeneersdev/asrobbin/24-01-07_data/20217/exp3/exp3_cartpole_long_1.raw.h5,1922,2.0,2.6242171554171634,True,stim,4,True,31.0,24-01-07_data,exp3,False,exp2,,,,,,,,,1A
s3://braingeneersdev/asrobbin/24-01-07_data/,20217,exp4/exp4_cartpole_long_8,s3://braingeneersdev/asrobbin/24-01-07_data/20217/exp4/exp4_cartpole_long_8.raw.h5,2263,2.0,2.518782865402066,True,stim,28,True,40.0,24-01-07_data,exp4,False,,,,,,,,,,1A
s3://braingeneersdev/asrobbin/24-01-07_data/,20217,exp3/exp3_cartpole_long_3,s3://braingeneersdev/asrobbin/24-01-07_data/20217/exp3/exp3_cartpole_long_3.raw.h5,337,2.0,2.6832402886416737,True,stim,4,True,31.0,24-01-07_data,exp3,False,exp2,,,,,,,,,1A
s3://braingeneersdev/asrobbin/24-01-07_data/,20217,exp3/exp3_cartpole_long_2,s3://braingeneersdev/asrobbin/24-01-07_data/20217/exp3/exp3_cartpole_long_2.raw.h5,1726,2.0,2.3060828845586383,True,stim,4,True,31.0,24-01-07_data,exp3,False,exp2,,,,,,,,,1A
s3://braingeneersdev/asrobbin/24-01-07_data/,20217,exp4/exp4_cartpole_long_1,s3://braingeneersdev/asrobbin/24-01-07_data/20217/exp4/exp4_cartpole_long_1.raw.h5,2179,2.0,2.5353850099439357,True,stim,28,True,40.0,24-01-07_data,exp4,False,,,,,,,,,,1A
s3://braingeneersdev/asrobbin/24-01-07_data/,20217,exp4/exp4_cartpole_long_10,s3://braingeneersdev/asrobbin/24-01-07_data/20217/exp4/exp4_cartpole_long_10.raw.h5,2746,4.0,3.0600540807444916,True,stim,28,True,40.0,24-01-07_data,exp4,False,,,,,,,,,,1A
s3://braingeneersdev/asrobbin/24-01-07_data/,20217,exp4/exp4_causal,s3://braingeneersdev/asrobbin/24-01-07_data/20217/exp4/exp4_causal.raw.h5,750,2.0,2.0000151218659328,True,stim,28,True,40.0,24-01-07_data,exp4,False,,,,,,,,,,1A
s3://braingeneersdev/asrobbin/24-01-07_data/,20217,exp4/exp4_cartpole_long_22,s3://braingeneersdev/asrobbin/24-01-07_data/20217/exp4/exp4_cartpole_long_22.raw.h5,2258,2.0,2.517093050264658,True,stim,28,True,40.0,24-01-07_data,exp4,False,,,,,,,,,,1A
s3://braingeneersdev/asrobbin/24-01-07_data/,20217,exp4/exp4,s3://braingeneersdev/asrobbin/24-01-07_data/20217/exp4/exp4.raw.h5,0,0.0,,False,spontaneous,28,True,40.0,24-01-07_data,exp4,True,,,,,,,,,,1A
s3://braingeneersdev/asrobbin/24-01-07_data/,20217,exp4/exp4_cartpole_long_5,s3://braingeneersdev/asrobbin/24-01-07_data/20217/exp4/exp4_cartpole_long_5.raw.h5,2233,2.0,2.492356460054483,True,stim,28,True,40.0,24-01-07_data,exp4,False,,,,,,,,,,1A
s3://braingeneersdev/asrobbin/24-01-07_data/,20217,exp4/exp4_cartpole_long_4,s3://braingeneersdev/asrobbin/24-01-07_data/20217/exp4/exp4_cartpole_long_4.raw.h5,2391,2.0,2.6631571939431757,True,stim,28,True,40.0,24-01-07_data,exp4,False,,,,,,,,,,1A
s3://braingeneersdev/asrobbin/24-01-07_data/,20217,exp4/exp4_cartpole_long_14,s3://braingeneersdev/asrobbin/24-01-07_data/20217/exp4/exp4_cartpole_long_14.raw.h5,2023,2.0,2.338490663872241,True,stim,28,True,40.0,24-01-07_data,exp4,False,,,,,,,,,,1A
s3://braingeneersdev/asrobbin/24-01-07_data/,20217,exp4/exp4_cartpole_long_20,s3://braingeneersdev/asrobbin/24-01-07_data/20217/exp4/exp4_cartpole_long_20.raw.h5,2135,2.0,2.3808259592480083,True,stim,28,True,40.0,24-01-07_data,exp4,False,,,,,,,,,,1A
s3://braingeneersdev/asrobbin/24-01-07_data/,20217,exp4/exp4_cartpole_long_11,s3://braingeneersdev/asrobbin/24-01-07_data/20217/exp4/exp4_cartpole_long_11.raw.h5,2272,2.0,2.5272111493039,True,stim,28,True,40.0,24-01-07_data,exp4,False,,,,,,,,,,1A
s3://braingeneersdev/asrobbin/24-01-07_data/,20217,exp4/exp4_cartpole_long_21,s3://braingeneersdev/asrobbin/24-01-07_data/20217/exp4/exp4_cartpole_long_21.raw.h5,1994,2.0,2.2203791289938515,True,stim,28,True,40.0,24-01-07_data,exp4,False,,,,,,,,,,1A
s3://braingeneersdev/asrobbin/24-01-07_data/,20217,exp4/exp4_cartpole_long_23,s3://braingeneersdev/asrobbin/24-01-07_data/20217/exp4/exp4_cartpole_long_23.raw.h5,1871,2.0,2.1781477320454576,True,stim,28,True,40.0,24-01-07_data,exp4,False,,,,,,,,,,1A
s3://braingeneersdev/asrobbin/24-01-07_data/,20217,exp4/exp4_cartpole_long_3,s3://braingeneersdev/asrobbin/24-01-07_data/20217/exp4/exp4_cartpole_long_3.raw.h5,2422,2.0,2.693643203998685,True,stim,28,True,40.0,24-01-07_data,exp4,False,,,,,,,,,,1A
s3://braingeneersdev/asrobbin/24-01-07_data/,20217,exp4/exp4_cartpole_long_25,s3://braingeneersdev/asrobbin/24-01-07_data/20217/exp4/exp4_cartpole_long_25.raw.h5,2195,2.0,2.619841609105255,True,stim,28,True,40.0,24-01-07_data,exp4,False,,,,,,,,,,1A
s3://braingeneersdev/asrobbin/24-01-07_data/,20217,exp4/exp4_cartpole_long_19,s3://braingeneersdev/asrobbin/24-01-07_data/20217/exp4/exp4_cartpole_long_19.raw.h5,2217,2.0,2.5591866107327945,True,stim,28,True,40.0,24-01-07_data,exp4,False,,,,,,,,,,1A
s3://braingeneersdev/asrobbin/24-01-07_data/,20217,exp4/exp4_cartpole_long_2,s3://braingeneersdev/asrobbin/24-01-07_data/20217/exp4/exp4_cartpole_long_2.raw.h5,1735,2.0,2.1517605904637196,True,stim,28,True,40.0,24-01-07_data,exp4,False,,,,,,,,,,1A
s3://braingeneersdev/asrobbin/24-01-07_data/,20217,exp4/exp4_cartpole_long_24,s3://braingeneersdev/asrobbin/24-01-07_data/20217/exp4/exp4_cartpole_long_24.raw.h5,1867,2.0,2.1872141276517887,True,stim,28,True,40.0,24-01-07_data,exp4,False,,,,,,,,,,1A
s3://braingeneersdev/asrobbin/24-01-07_data/,20217,exp4/exp4_cartpole_long_15,s3://braingeneersdev/asrobbin/24-01-07_data/20217/exp4/exp4_cartpole_long_15.raw.h5,1940,2.0,2.3485122733091144,True,stim,28,True,40.0,24-01-07_data,exp4,False,,,,,,,,,,1A
s3://braingeneersdev/asrobbin/24-01-07_data/,20217,exp4/exp4_cartpole_long_9,s3://braingeneersdev/asrobbin/24-01-07_data/20217/exp4/exp4_cartpole_long_9.raw.h5,2426,2.0,2.6985823363470485,True,stim,28,True,40.0,24-01-07_data,exp4,False,,,,,,,,,,1A
s3://braingeneersdev/asrobbin/24-01-07_data/,20217,exp4/exp4_cartpole_long_12,s3://braingeneersdev/asrobbin/24-01-07_data/20217/exp4/exp4_cartpole_long_12.raw.h5,2407,2.0,2.6767872219342146,True,stim,28,True,40.0,24-01-07_data,exp4,False,,,,,,,,,,1A
s3://braingeneersdev/asrobbin/24-01-07_data/,20217,exp4/exp4_cartpole_long_13,s3://braingeneersdev/asrobbin/24-01-07_data/20217/exp4/exp4_cartpole_long_13.raw.h5,2348,2.0,2.6664266788434787,True,stim,28,True,40.0,24-01-07_data,exp4,False,,,,,,,,,,1A
s3://braingeneersdev/asrobbin/24-01-07_data/,20217,exp4/exp4_cartpole_long_17,s3://braingeneersdev/asrobbin/24-01-07_data/20217/exp4/exp4_cartpole_long_17.raw.h5,1816,2.0,2.1948399044825364,True,stim,28,True,40.0,24-01-07_data,exp4,False,,,,,,,,,,1A
s3://braingeneersdev/asrobbin/24-01-07_data/,20217,exp4/exp4_cartpole_long_16,s3://braingeneersdev/asrobbin/24-01-07_data/20217/exp4/exp4_cartpole_long_16.raw.h5,2333,2.0,2.599288895975232,True,stim,28,True,40.0,24-01-07_data,exp4,False,,,,,,,,,,1A
s3://braingeneersdev/asrobbin/24-01-07_data/,20217,exp4/exp4_cartpole_long_6,s3://braingeneersdev/asrobbin/24-01-07_data/20217/exp4/exp4_cartpole_long_6.raw.h5,2184,2.0,2.428980733312293,True,stim,28,True,40.0,24-01-07_data,exp4,False,,,,,,,,,,1A
s3://braingeneersdev/asrobbin/24-01-07_data/,20217,exp4/exp4_cartpole_long,s3://braingeneersdev/asrobbin/24-01-07_data/20217/exp4/exp4_cartpole_long.raw.h5,1869,2.0,2.2132153189747825,True,stim,28,True,40.0,24-01-07_data,exp4,False,,,,,,,,,,1A
s3://braingeneersdev/asrobbin/24-01-07_data/,20217,exp4/exp4_cartpole_long_18,s3://braingeneersdev/asrobbin/24-01-07_data/20217/exp4/exp4_cartpole_long_18.raw.h5,1800,2.0,2.1626531268893983,True,stim,28,True,40.0,24-01-07_data,exp4,False,,,,,,,,,,1A
s3://braingeneersdev/asrobbin/24-01-07_data/,20264,exp1/exp1_causal,s3://braingeneersdev/asrobbin/24-01-07_data/20264/exp1/exp1_causal.raw.h5,350,2.0,2.000016231098801,True,stim,2,True,21.0,24-01-07_data,exp1,False,,,,,,,,,,3B
s3://braingeneersdev/asrobbin/24-01-07_data/,20264,exp1/exp1,s3://braingeneersdev/asrobbin/24-01-07_data/20264/exp1/exp1.raw.h5,0,0.0,,False,spontaneous,2,True,21.0,24-01-07_data,exp1,True,,,,,,,,,,3B
s3://braingeneersdev/asrobbin/24-01-07_data/,22064,exp1/exp1_cartpole_long_3,s3://braingeneersdev/asrobbin/24-01-07_data/22064/exp1/exp1_cartpole_long_3.raw.h5,2469,2.0,2.7442925457331544,True,stim,8,True,39.0,24-01-07_data,exp1,False,,,,,,,,,,6B
s3://braingeneersdev/asrobbin/24-01-07_data/,22064,exp1/exp1_cartpole_long_5,s3://braingeneersdev/asrobbin/24-01-07_data/22064/exp1/exp1_cartpole_long_5.raw.h5,2541,2.0,2.8238276140138265,True,stim,8,True,39.0,24-01-07_data,exp1,False,,,,,,,,,,6B
s3://braingeneersdev/asrobbin/24-01-07_data/,22064,exp1/exp1_cartpole_long_4,s3://braingeneersdev/asrobbin/24-01-07_data/22064/exp1/exp1_cartpole_long_4.raw.h5,2737,4.0,3.042017843342605,True,stim,8,True,39.0,24-01-07_data,exp1,False,,,,,,,,,,6B
s3://braingeneersdev/asrobbin/24-01-07_data/,22064,exp1/exp1_cartpole_long_1,s3://braingeneersdev/asrobbin/24-01-07_data/22064/exp1/exp1_cartpole_long_1.raw.h5,2530,2.0,2.8113662202780745,True,stim,8,True,39.0,24-01-07_data,exp1,False,,,,,,,,,,6B
s3://braingeneersdev/asrobbin/24-01-07_data/,22064,exp1/exp1,s3://braingeneersdev/asrobbin/24-01-07_data/22064/exp1/exp1.raw.h5,0,0.0,,False,spontaneous,8,True,39.0,24-01-07_data,exp1,True,,,,,,,,,,6B
s3://braingeneersdev/asrobbin/24-01-07_data/,22064,exp1/exp1_cartpole_long,s3://braingeneersdev/asrobbin/24-01-07_data/22064/exp1/exp1_cartpole_long.raw.h5,2599,2.0,2.890470745840682,True,stim,8,True,39.0,24-01-07_data,exp1,False,,,,,,,,,,6B
s3://braingeneersdev/asrobbin/24-01-07_data/,22064,exp1/exp1_cartpole_long_2,s3://braingeneersdev/asrobbin/24-01-07_data/22064/exp1/exp1_cartpole_long_2.raw.h5,2527,2.0,2.8163735271934014,True,stim,8,True,39.0,24-01-07_data,exp1,False,,,,,,,,,,6B
s3://braingeneersdev/asrobbin/24-01-07_data/,P001237,exp1/exp1_cartpole_long_14,s3://braingeneersdev/asrobbin/24-01-07_data/P001237/exp1/exp1_cartpole_long_14.raw.h5,2380,2.0,2.652787204289723,True,stim,21,True,18.0,24-01-07_data,exp1,False,,,,,,,,,,30A
s3://braingeneersdev/asrobbin/24-01-07_data/,P001237,exp1/exp1,s3://braingeneersdev/asrobbin/24-01-07_data/P001237/exp1/exp1.raw.h5,0,0.0,,False,spontaneous,21,True,18.0,24-01-07_data,exp1,True,,,,,,,,,,30A
s3://braingeneersdev/asrobbin/24-01-07_data/,P001237,exp1/exp1_cartpole_long_9,s3://braingeneersdev/asrobbin/24-01-07_data/P001237/exp1/exp1_cartpole_long_9.raw.h5,2324,2.0,2.584179241808339,True,stim,21,True,18.0,24-01-07_data,exp1,False,,,,,,,,,,30A
s3://braingeneersdev/asrobbin/24-01-07_data/,P001237,exp1/exp1_cartpole_long_13,s3://braingeneersdev/asrobbin/24-01-07_data/P001237/exp1/exp1_cartpole_long_13.raw.h5,2569,2.0,2.855925733177821,True,stim,21,True,18.0,24-01-07_data,exp1,False,,,,,,,,,,30A
s3://braingeneersdev/asrobbin/24-01-07_data/,P001237,exp1/exp1_cartpole_long_2,s3://braingeneersdev/asrobbin/24-01-07_data/P001237/exp1/exp1_cartpole_long_2.raw.h5,2250,2.0,2.504518464608815,True,stim,21,True,18.0,24-01-07_data,exp1,False,,,,,,,,,,30A
s3://braingeneersdev/asrobbin/24-01-07_data/,P001237,exp1/exp1_cartpole_long_15,s3://braingeneersdev/asrobbin/24-01-07_data/P001237/exp1/exp1_cartpole_long_15.raw.h5,2332,2.0,2.5920390180527693,True,stim,21,True,18.0,24-01-07_data,exp1,False,,,,,,,,,,30A
s3://braingeneersdev/asrobbin/24-01-07_data/,P001237,exp1/exp1_cartpole_long_18,s3://braingeneersdev/asrobbin/24-01-07_data/P001237/exp1/exp1_cartpole_long_18.raw.h5,2305,2.0,2.5632566590274632,True,stim,21,True,18.0,24-01-07_data,exp1,False,,,,,,,,,,30A
s3://braingeneersdev/asrobbin/24-01-07_data/,P001237,exp1/exp1_cartpole_long_1,s3://braingeneersdev/asrobbin/24-01-07_data/P001237/exp1/exp1_cartpole_long_1.raw.h5,2492,2.0,2.7702671117200133,True,stim,21,True,18.0,24-01-07_data,exp1,False,,,,,,,,,,30A
s3://braingeneersdev/asrobbin/24-01-07_data/,22064,exp1/exp1_causal,s3://braingeneersdev/asrobbin/24-01-07_data/22064/exp1/exp1_causal.raw.h5,600,2.0,1.999998343948135,True,stim,8,True,39.0,24-01-07_data,exp1,False,,,,,,,,,,6B
s3://braingeneersdev/asrobbin/24-01-07_data/,P001237,exp1/exp1_causal,s3://braingeneersdev/asrobbin/24-01-07_data/P001237/exp1/exp1_causal.raw.h5,600,2.0,1.999973837844742,True,stim,21,True,18.0,24-01-07_data,exp1,False,,,,,,,,,,30A
s3://braingeneersdev/asrobbin/24-01-07_data/,P001237,exp1/exp1_cartpole_long_16,s3://braingeneersdev/asrobbin/24-01-07_data/P001237/exp1/exp1_cartpole_long_16.raw.h5,2569,2.0,2.855217310256823,True,stim,21,True,18.0,24-01-07_data,exp1,False,,,,,,,,,,30A
s3://braingeneersdev/asrobbin/24-01-07_data/,P001237,exp1/exp1_cartpole_long_7,s3://braingeneersdev/asrobbin/24-01-07_data/P001237/exp1/exp1_cartpole_long_7.raw.h5,2731,4.0,3.034906208269275,True,stim,21,True,18.0,24-01-07_data,exp1,False,,,,,,,,,,30A
s3://braingeneersdev/asrobbin/24-01-07_data/,P001237,exp1/exp1_cartpole_long_11,s3://braingeneersdev/asrobbin/24-01-07_data/P001237/exp1/exp1_cartpole_long_11.raw.h5,2402,2.0,2.66910290055088,True,stim,21,True,18.0,24-01-07_data,exp1,False,,,,,,,,,,30A
s3://braingeneersdev/asrobbin/24-01-07_data/,P001237,exp1/exp1_cartpole_long_12,s3://braingeneersdev/asrobbin/24-01-07_data/P001237/exp1/exp1_cartpole_long_12.raw.h5,2358,2.0,2.6205088274421895,True,stim,21,True,18.0,24-01-07_data,exp1,False,,,,,,,,,,30A
s3://braingeneersdev/asrobbin/24-01-07_data/,P001237,exp1/exp1_cartpole_long_6,s3://braingeneersdev/asrobbin/24-01-07_data/P001237/exp1/exp1_cartpole_long_6.raw.h5,2450,2.0,2.7223961347529797,True,stim,21,True,18.0,24-01-07_data,exp1,False,,,,,,,,,,30A
s3://braingeneersdev/asrobbin/24-01-07_data/,P001237,exp1/exp1_cartpole_long_4,s3://braingeneersdev/asrobbin/24-01-07_data/P001237/exp1/exp1_cartpole_long_4.raw.h5,2534,2.0,2.8156385243565203,True,stim,21,True,18.0,24-01-07_data,exp1,False,,,,,,,,,,30A
s3://braingeneersdev/asrobbin/24-01-07_data/,P001237,exp1/exp1_cartpole_long_3,s3://braingeneersdev/asrobbin/24-01-07_data/P001237/exp1/exp1_cartpole_long_3.raw.h5,2561,2.0,2.846486720084099,True,stim,21,True,18.0,24-01-07_data,exp1,False,,,,,,,,,,30A
s3://braingeneersdev/asrobbin/24-01-07_data/,P001237,exp1/exp1_cartpole_long,s3://braingeneersdev/asrobbin/24-01-07_data/P001237/exp1/exp1_cartpole_long.raw.h5,2296,2.0,2.5577739317247823,True,stim,21,True,18.0,24-01-07_data,exp1,False,,,,,,,,,,30A
s3://braingeneersdev/asrobbin/24-01-07_data/,P001237,exp1/exp1_cartpole_long_5,s3://braingeneersdev/asrobbin/24-01-07_data/P001237/exp1/exp1_cartpole_long_5.raw.h5,2444,2.0,2.71581238373141,True,stim,21,True,18.0,24-01-07_data,exp1,False,,,,,,,,,,30A
s3://braingeneersdev/asrobbin/24-01-07_data/,P001237,exp1/exp1_cartpole_long_8,s3://braingeneersdev/asrobbin/24-01-07_data/P001237/exp1/exp1_cartpole_long_8.raw.h5,2520,2.0,2.800288516017617,True,stim,21,True,18.0,24-01-07_data,exp1,False,,,,,,,,,,30A
s3://braingeneersdev/asrobbin/24-01-07_data/,P001237,exp2/exp2_cartpole_long,s3://braingeneersdev/asrobbin/24-01-07_data/P001237/exp2/exp2_cartpole_long.raw.h5,4851,4.0,5.411524680606315,True,stim,5,True,18.0,24-01-07_data,exp2,False,exp1,,,,,,,,,30A
s3://braingeneersdev/asrobbin/24-01-07_data/,P001237,exp1/exp1_cartpole_long_10,s3://braingeneersdev/asrobbin/24-01-07_data/P001237/exp1/exp1_cartpole_long_10.raw.h5,2670,2.0,2.966840106272542,True,stim,21,True,18.0,24-01-07_data,exp1,False,,,,,,,,,,30A
s3://braingeneersdev/asrobbin/24-01-07_data/,P001237,exp1/exp1_cartpole_long_17,s3://braingeneersdev/asrobbin/24-01-07_data/P001237/exp1/exp1_cartpole_long_17.raw.h5,2336,2.0,2.595513797158446,True,stim,21,True,18.0,24-01-07_data,exp1,False,,,,,,,,,,30A
s3://braingeneersdev/asrobbin/24-01-07_data/,P001237,exp2/exp2_cartpole_long_2,s3://braingeneersdev/asrobbin/24-01-07_data/P001237/exp2/exp2_cartpole_long_2.raw.h5,2597,2.0,2.8855241079862193,True,stim,5,True,18.0,24-01-07_data,exp2,False,exp1,,,,,,,,,30A
s3://braingeneersdev/asrobbin/24-01-07_data/,P001237,exp2/exp2_cartpole_long_4,s3://braingeneersdev/asrobbin/24-01-07_data/P001237/exp2/exp2_cartpole_long_4.raw.h5,2528,2.0,2.8092481053304237,True,stim,5,True,18.0,24-01-07_data,exp2,False,exp1,,,,,,,,,30A
s3://braingeneersdev/asrobbin/24-01-07_data/,P001237,exp2/exp2_cartpole_long_3,s3://braingeneersdev/asrobbin/24-01-07_data/P001237/exp2/exp2_cartpole_long_3.raw.h5,2731,4.0,3.035074424175846,True,stim,5,True,18.0,24-01-07_data,exp2,False,exp1,,,,,,,,,30A
s3://braingeneersdev/asrobbin/24-01-07_data/,P001237,exp2/exp2_cartpole_long_1,s3://braingeneersdev/asrobbin/24-01-07_data/P001237/exp2/exp2_cartpole_long_1.raw.h5,2527,2.0,2.807862716638971,True,stim,5,True,18.0,24-01-07_data,exp2,False,exp1,,,,,,,,,30A
s3://braingeneersdev/asrobbin/24-01-07_data/,20217,exp4/exp4_cartpole_long_7,s3://braingeneersdev/asrobbin/24-01-07_data/20217/exp4/exp4_cartpole_long_7.raw.h5,2820,4.0,3.137073833577329,True,stim,28,True,40.0,24-01-07_data,exp4,False,,,,,,,,,,1A
