base_path,chip,experiment,full_path,n_stims,freq,calculated_freq,log_available,type,n_raw_files,success
s3://braingeneersdev/asrobbin/braindance_data/24-08-16_busybee/,22194a,freqs/freqs_cont_112,s3://braingeneersdev/asrobbin/braindance_data/24-08-16_busybee/22194a/freqs/freqs_cont_112,0,0.0,,False,spontaneous,122,True
s3://braingeneersdev/asrobbin/braindance_data/24-08-16_busybee/,22194a,freqs/freqs_cont_118,s3://braingeneersdev/asrobbin/braindance_data/24-08-16_busybee/22194a/freqs/freqs_cont_118,0,0.0,,False,spontaneous,122,True
s3://braingeneersdev/asrobbin/braindance_data/24-08-16_busybee/,22194a,freqs/freqs_cont_52,s3://braingeneersdev/asrobbin/braindance_data/24-08-16_busybee/22194a/freqs/freqs_cont_52,0,0.0,,False,spontaneous,122,True
s3://braingeneersdev/asrobbin/braindance_data/24-08-16_busybee/,22194a,freqs/freqs_cont_8,s3://braingeneersdev/asrobbin/braindance_data/24-08-16_busybee/22194a/freqs/freqs_cont_8,0,0.0,,False,spontaneous,122,True
s3://braingeneersdev/asrobbin/braindance_data/24-08-16_busybee/,22194a,freqs/freqs_cont_127,s3://braingeneersdev/asrobbin/braindance_data/24-08-16_busybee/22194a/freqs/freqs_cont_127,8400,4.0,3.999996953401455,True,stim,122,True
s3://braingeneersdev/asrobbin/braindance_data/24-08-16_busybee/,22194a,freqs/freqs_cont_75,s3://braingeneersdev/asrobbin/braindance_data/24-08-16_busybee/22194a/freqs/freqs_cont_75,4200,2.0,1.9999988954586905,True,stim,122,True
s3://braingeneersdev/asrobbin/braindance_data/24-08-16_busybee/,22194a,freqs/freqs_cont_55,s3://braingeneersdev/asrobbin/braindance_data/24-08-16_busybee/22194a/freqs/freqs_cont_55,4200,2.0,2.000004224368129,True,stim,122,True
s3://braingeneersdev/asrobbin/braindance_data/24-08-16_busybee/,22194a,freqs/freqs_cont_36,s3://braingeneersdev/asrobbin/braindance_data/24-08-16_busybee/22194a/freqs/freqs_cont_36,0,0.0,,False,spontaneous,122,True
s3://braingeneersdev/asrobbin/braindance_data/24-08-16_busybee/,22194a,freqs/freqs_cont_38,s3://braingeneersdev/asrobbin/braindance_data/24-08-16_busybee/22194a/freqs/freqs_cont_38,0,0.0,,False,spontaneous,122,True
s3://braingeneersdev/asrobbin/braindance_data/24-08-16_busybee/,22194a,freqs/freqs_cont_122,s3://braingeneersdev/asrobbin/braindance_data/24-08-16_busybee/22194a/freqs/freqs_cont_122,0,0.0,,False,spontaneous,122,True
s3://braingeneersdev/asrobbin/braindance_data/24-08-16_busybee/,22194a,freqs/freqs_cont_40,s3://braingeneersdev/asrobbin/braindance_data/24-08-16_busybee/22194a/freqs/freqs_cont_40,0,0.0,,False,spontaneous,122,True
s3://braingeneersdev/asrobbin/braindance_data/24-08-16_busybee/,22194a,freqs/freqs_cont_69,s3://braingeneersdev/asrobbin/braindance_data/24-08-16_busybee/22194a/freqs/freqs_cont_69,16800,8.0,7.999989527386435,True,stim,122,True
s3://braingeneersdev/asrobbin/braindance_data/24-08-16_busybee/,22194a,freqs/freqs_cont_43,s3://braingeneersdev/asrobbin/braindance_data/24-08-16_busybee/22194a/freqs/freqs_cont_43,2100,1.0,0.9999992564755814,True,stim,122,True
s3://braingeneersdev/asrobbin/braindance_data/24-08-16_busybee/,22194a,freqs/freqs_cont_65,s3://braingeneersdev/asrobbin/braindance_data/24-08-16_busybee/22194a/freqs/freqs_cont_65,4200,2.0,2.000003033588826,True,stim,122,True
s3://braingeneersdev/asrobbin/braindance_data/24-08-16_busybee/,22194a,freqs/freqs_cont_125,s3://braingeneersdev/asrobbin/braindance_data/24-08-16_busybee/22194a/freqs/freqs_cont_125,4200,2.0,2.0000065435745524,True,stim,122,True
s3://braingeneersdev/asrobbin/braindance_data/24-08-16_busybee/,22194a,freqs/freqs_cont_133,s3://braingeneersdev/asrobbin/braindance_data/24-08-16_busybee/22194a/freqs/freqs_cont_133,2100,1.0,0.99999771383315,True,stim,122,True
s3://braingeneersdev/asrobbin/braindance_data/24-08-16_busybee/,22194a,freqs/freqs_cont_22,s3://braingeneersdev/asrobbin/braindance_data/24-08-16_busybee/22194a/freqs/freqs_cont_22,0,0.0,,False,spontaneous,122,True
s3://braingeneersdev/asrobbin/braindance_data/24-08-16_busybee/,22194a,freqs/freqs,s3://braingeneersdev/asrobbin/braindance_data/24-08-16_busybee/22194a/freqs/freqs,0,0.0,,False,spontaneous,122,True
s3://braingeneersdev/asrobbin/braindance_data/24-08-16_busybee/,22194a,freqs/freqs_cont_39,s3://braingeneersdev/asrobbin/braindance_data/24-08-16_busybee/22194a/freqs/freqs_cont_39,16800,8.0,7.999982600926136,True,stim,122,True
s3://braingeneersdev/asrobbin/braindance_data/24-08-16_busybee/,22194a,freqs/freqs_cont_24,s3://braingeneersdev/asrobbin/braindance_data/24-08-16_busybee/22194a/freqs/freqs_cont_24,0,0.0,,False,spontaneous,122,True
s3://braingeneersdev/asrobbin/braindance_data/24-08-16_busybee/,22194a,freqs/freqs_cont_18,s3://braingeneersdev/asrobbin/braindance_data/24-08-16_busybee/22194a/freqs/freqs_cont_18,0,0.0,,False,spontaneous,122,True
s3://braingeneersdev/asrobbin/braindance_data/24-08-16_busybee/,22194a,freqs/freqs_cont_115,s3://braingeneersdev/asrobbin/braindance_data/24-08-16_busybee/22194a/freqs/freqs_cont_115,4200,2.0,1.9999997524212652,True,stim,122,True
s3://braingeneersdev/asrobbin/braindance_data/24-08-16_busybee/,22194a,freqs/freqs_cont_12,s3://braingeneersdev/asrobbin/braindance_data/24-08-16_busybee/22194a/freqs/freqs_cont_12,0,0.0,,False,spontaneous,122,True
s3://braingeneersdev/asrobbin/braindance_data/24-08-16_busybee/,22194a,freqs/freqs_cont_37,s3://braingeneersdev/asrobbin/braindance_data/24-08-16_busybee/22194a/freqs/freqs_cont_37,8400,4.0,3.999999367158926,True,stim,122,True
s3://braingeneersdev/asrobbin/braindance_data/24-08-16_busybee/,22194a,freqs/freqs_cont_17,s3://braingeneersdev/asrobbin/braindance_data/24-08-16_busybee/22194a/freqs/freqs_cont_17,8400,4.0,3.999996120157163,True,stim,122,True
s3://braingeneersdev/asrobbin/braindance_data/24-08-16_busybee/,22194a,freqs/freqs_cont_139,s3://braingeneersdev/asrobbin/braindance_data/24-08-16_busybee/22194a/freqs/freqs_cont_139,16800,8.0,7.999998164874388,True,stim,122,True
s3://braingeneersdev/asrobbin/braindance_data/24-08-16_busybee/,22194a,freqs/freqs_cont,s3://braingeneersdev/asrobbin/braindance_data/24-08-16_busybee/22194a/freqs/freqs_cont,0,0.0,,False,spontaneous,122,True
s3://braingeneersdev/asrobbin/braindance_data/24-08-16_busybee/,22194a,freqs/freqs_cont_101,s3://braingeneersdev/asrobbin/braindance_data/24-08-16_busybee/22194a/freqs/freqs_cont_101,1050,0.5,0.4999997830422745,True,stim,122,True
s3://braingeneersdev/asrobbin/braindance_data/24-08-16_busybee/,22194a,freqs/freqs_cont_44,s3://braingeneersdev/asrobbin/braindance_data/24-08-16_busybee/22194a/freqs/freqs_cont_44,0,0.0,,False,spontaneous,122,True
s3://braingeneersdev/asrobbin/braindance_data/24-08-16_busybee/,22194a,freqs/freqs_cont_100,s3://braingeneersdev/asrobbin/braindance_data/24-08-16_busybee/22194a/freqs/freqs_cont_100,0,0.0,,False,spontaneous,122,True
s3://braingeneersdev/asrobbin/braindance_data/24-08-16_busybee/,22194a,freqs/freqs_cont_121,s3://braingeneersdev/asrobbin/braindance_data/24-08-16_busybee/22194a/freqs/freqs_cont_121,1050,0.5,0.4999994035383759,True,stim,122,True
s3://braingeneersdev/asrobbin/braindance_data/24-08-16_busybee/,22194a,freqs/freqs_cont_73,s3://braingeneersdev/asrobbin/braindance_data/24-08-16_busybee/22194a/freqs/freqs_cont_73,2100,1.0,0.9999991406771856,True,stim,122,True
s3://braingeneersdev/asrobbin/braindance_data/24-08-16_busybee/,22194a,freqs/freqs_cont_51,s3://braingeneersdev/asrobbin/braindance_data/24-08-16_busybee/22194a/freqs/freqs_cont_51,1050,0.5,0.4999991855368183,True,stim,122,True
s3://braingeneersdev/asrobbin/braindance_data/24-08-16_busybee/,22194a,freqs/freqs_cont_26,s3://braingeneersdev/asrobbin/braindance_data/24-08-16_busybee/22194a/freqs/freqs_cont_26,0,0.0,,False,spontaneous,122,True
s3://braingeneersdev/asrobbin/braindance_data/24-08-16_busybee/,22194a,freqs/freqs_cont_64,s3://braingeneersdev/asrobbin/braindance_data/24-08-16_busybee/22194a/freqs/freqs_cont_64,0,0.0,,False,spontaneous,122,True
s3://braingeneersdev/asrobbin/braindance_data/24-08-16_busybee/,22194a,freqs/freqs_cont_41,s3://braingeneersdev/asrobbin/braindance_data/24-08-16_busybee/22194a/freqs/freqs_cont_41,1050,0.5,0.4999976967722541,True,stim,122,True
s3://braingeneersdev/asrobbin/braindance_data/24-08-16_busybee/,22194a,freqs/freqs_cont_23,s3://braingeneersdev/asrobbin/braindance_data/24-08-16_busybee/22194a/freqs/freqs_cont_23,2100,1.0,0.9999991408969268,True,stim,122,True
s3://braingeneersdev/asrobbin/braindance_data/24-08-16_busybee/,22194a,freqs/freqs_cont_34,s3://braingeneersdev/asrobbin/braindance_data/24-08-16_busybee/22194a/freqs/freqs_cont_34,0,0.0,,False,spontaneous,122,True
s3://braingeneersdev/asrobbin/braindance_data/24-08-16_busybee/,22194a,freqs/freqs_cont_130,s3://braingeneersdev/asrobbin/braindance_data/24-08-16_busybee/22194a/freqs/freqs_cont_130,0,0.0,,False,spontaneous,122,True
s3://braingeneersdev/asrobbin/braindance_data/24-08-16_busybee/,22194a,freqs/freqs_cont_120,s3://braingeneersdev/asrobbin/braindance_data/24-08-16_busybee/22194a/freqs/freqs_cont_120,0,0.0,,False,spontaneous,122,True
s3://braingeneersdev/asrobbin/braindance_data/24-08-16_busybee/,22194a,freqs/freqs_cont_27,s3://braingeneersdev/asrobbin/braindance_data/24-08-16_busybee/22194a/freqs/freqs_cont_27,8400,4.0,3.9999923983872767,True,stim,122,True
s3://braingeneersdev/asrobbin/braindance_data/24-08-16_busybee/,22194a,freqs/freqs_cont_66,s3://braingeneersdev/asrobbin/braindance_data/24-08-16_busybee/22194a/freqs/freqs_cont_66,0,0.0,,False,spontaneous,122,True
s3://braingeneersdev/asrobbin/braindance_data/24-08-16_busybee/,22194a,freqs/freqs_cont_1,s3://braingeneersdev/asrobbin/braindance_data/24-08-16_busybee/22194a/freqs/freqs_cont_1,1050,0.5,0.4999993049153765,True,stim,122,True
s3://braingeneersdev/asrobbin/braindance_data/24-08-16_busybee/,22194a,freqs/freqs_cont_58,s3://braingeneersdev/asrobbin/braindance_data/24-08-16_busybee/22194a/freqs/freqs_cont_58,0,0.0,,False,spontaneous,122,True
s3://braingeneersdev/asrobbin/braindance_data/24-08-16_busybee/,22194a,freqs/freqs_cont_110,s3://braingeneersdev/asrobbin/braindance_data/24-08-16_busybee/22194a/freqs/freqs_cont_110,0,0.0,,False,spontaneous,122,True
s3://braingeneersdev/asrobbin/braindance_data/24-08-16_busybee/,22194a,freqs/freqs_cont_20,s3://braingeneersdev/asrobbin/braindance_data/24-08-16_busybee/22194a/freqs/freqs_cont_20,0,0.0,,False,spontaneous,122,True
s3://braingeneersdev/asrobbin/braindance_data/24-08-16_busybee/,22194a,freqs/freqs_cont_15,s3://braingeneersdev/asrobbin/braindance_data/24-08-16_busybee/22194a/freqs/freqs_cont_15,4200,2.0,1.99999616473427,True,stim,122,True
s3://braingeneersdev/asrobbin/braindance_data/24-08-16_busybee/,22194a,freqs/freqs_cont_21,s3://braingeneersdev/asrobbin/braindance_data/24-08-16_busybee/22194a/freqs/freqs_cont_21,1050,0.5,0.5000000627130748,True,stim,122,True
s3://braingeneersdev/asrobbin/braindance_data/24-08-16_busybee/,22194a,freqs/freqs_cont_137,s3://braingeneersdev/asrobbin/braindance_data/24-08-16_busybee/22194a/freqs/freqs_cont_137,8400,4.0,3.999997534755736,True,stim,122,True
s3://braingeneersdev/asrobbin/braindance_data/24-08-16_busybee/,22194a,freqs/freqs_cont_2,s3://braingeneersdev/asrobbin/braindance_data/24-08-16_busybee/22194a/freqs/freqs_cont_2,0,0.0,,False,spontaneous,122,True
s3://braingeneersdev/asrobbin/braindance_data/24-08-16_busybee/,22194a,freqs/freqs_cont_126,s3://braingeneersdev/asrobbin/braindance_data/24-08-16_busybee/22194a/freqs/freqs_cont_126,0,0.0,,False,spontaneous,122,True
s3://braingeneersdev/asrobbin/braindance_data/24-08-16_busybee/,22194a,freqs/freqs_cont_71,s3://braingeneersdev/asrobbin/braindance_data/24-08-16_busybee/22194a/freqs/freqs_cont_71,1050,0.5,0.4999996596415605,True,stim,122,True
s3://braingeneersdev/asrobbin/braindance_data/24-08-16_busybee/,22194a,freqs/freqs_cont_109,s3://braingeneersdev/asrobbin/braindance_data/24-08-16_busybee/22194a/freqs/freqs_cont_109,16800,8.0,7.999991757666106,True,stim,122,True
s3://braingeneersdev/asrobbin/braindance_data/24-08-16_busybee/,22194a,freqs/freqs_cont_6,s3://braingeneersdev/asrobbin/braindance_data/24-08-16_busybee/22194a/freqs/freqs_cont_6,0,0.0,,False,spontaneous,122,True
s3://braingeneersdev/asrobbin/braindance_data/24-08-16_busybee/,22194a,freqs/freqs_cont_76,s3://braingeneersdev/asrobbin/braindance_data/24-08-16_busybee/22194a/freqs/freqs_cont_76,0,0.0,,False,spontaneous,122,True
s3://braingeneersdev/asrobbin/braindance_data/24-08-16_busybee/,22194a,freqs/freqs_cont_7,s3://braingeneersdev/asrobbin/braindance_data/24-08-16_busybee/22194a/freqs/freqs_cont_7,8400,4.0,3.999997298156419,True,stim,122,True
s3://braingeneersdev/asrobbin/braindance_data/24-08-16_busybee/,22194a,freqs/freqs_cont_19,s3://braingeneersdev/asrobbin/braindance_data/24-08-16_busybee/22194a/freqs/freqs_cont_19,16800,8.0,7.99998877270707,True,stim,122,True
s3://braingeneersdev/asrobbin/braindance_data/24-08-16_busybee/,22194a,freqs/freqs_cont_57,s3://braingeneersdev/asrobbin/braindance_data/24-08-16_busybee/22194a/freqs/freqs_cont_57,8400,4.0,3.9999918794021334,True,stim,122,True
s3://braingeneersdev/asrobbin/braindance_data/24-08-16_busybee/,22194a,freqs/freqs_cont_45,s3://braingeneersdev/asrobbin/braindance_data/24-08-16_busybee/22194a/freqs/freqs_cont_45,4200,2.0,1.9999956717732037,True,stim,122,True
s3://braingeneersdev/asrobbin/braindance_data/24-08-16_busybee/,22194a,freqs/freqs_cont_67,s3://braingeneersdev/asrobbin/braindance_data/24-08-16_busybee/22194a/freqs/freqs_cont_67,8400,4.0,4.000000796588666,True,stim,122,True
s3://braingeneersdev/asrobbin/braindance_data/24-08-16_busybee/,22194a,freqs/freqs_cont_136,s3://braingeneersdev/asrobbin/braindance_data/24-08-16_busybee/22194a/freqs/freqs_cont_136,0,0.0,,False,spontaneous,122,True
s3://braingeneersdev/asrobbin/braindance_data/24-08-16_busybee/,22194a,freqs/freqs_cont_78,s3://braingeneersdev/asrobbin/braindance_data/24-08-16_busybee/22194a/freqs/freqs_cont_78,0,0.0,,False,spontaneous,122,True
s3://braingeneersdev/asrobbin/braindance_data/24-08-16_busybee/,22194a,freqs/freqs_cont_56,s3://braingeneersdev/asrobbin/braindance_data/24-08-16_busybee/22194a/freqs/freqs_cont_56,0,0.0,,False,spontaneous,122,True
s3://braingeneersdev/asrobbin/braindance_data/24-08-16_busybee/,22194a,freqs/freqs_cont_72,s3://braingeneersdev/asrobbin/braindance_data/24-08-16_busybee/22194a/freqs/freqs_cont_72,0,0.0,,False,spontaneous,122,True
s3://braingeneersdev/asrobbin/braindance_data/24-08-16_busybee/,22194a,freqs/freqs_cont_46,s3://braingeneersdev/asrobbin/braindance_data/24-08-16_busybee/22194a/freqs/freqs_cont_46,0,0.0,,False,spontaneous,122,True
s3://braingeneersdev/asrobbin/braindance_data/24-08-16_busybee/,22194a,freqs/freqs_cont_62,s3://braingeneersdev/asrobbin/braindance_data/24-08-16_busybee/22194a/freqs/freqs_cont_62,0,0.0,,False,spontaneous,122,True
s3://braingeneersdev/asrobbin/braindance_data/24-08-16_busybee/,22194a,freqs/freqs_cont_104,s3://braingeneersdev/asrobbin/braindance_data/24-08-16_busybee/22194a/freqs/freqs_cont_104,0,0.0,,False,spontaneous,122,True
s3://braingeneersdev/asrobbin/braindance_data/24-08-16_busybee/,22194a,freqs/freqs_cont_116,s3://braingeneersdev/asrobbin/braindance_data/24-08-16_busybee/22194a/freqs/freqs_cont_116,0,0.0,,False,spontaneous,122,True
s3://braingeneersdev/asrobbin/braindance_data/24-08-16_busybee/,22194a,freqs/freqs_cont_49,s3://braingeneersdev/asrobbin/braindance_data/24-08-16_busybee/22194a/freqs/freqs_cont_49,16800,8.0,7.999992583492538,True,stim,122,True
s3://braingeneersdev/asrobbin/braindance_data/24-08-16_busybee/,22194a,freqs/freqs_cont_10,s3://braingeneersdev/asrobbin/braindance_data/24-08-16_busybee/22194a/freqs/freqs_cont_10,0,0.0,,False,spontaneous,122,True
s3://braingeneersdev/asrobbin/braindance_data/24-08-16_busybee/,22194a,freqs/freqs_cont_4,s3://braingeneersdev/asrobbin/braindance_data/24-08-16_busybee/22194a/freqs/freqs_cont_4,0,0.0,,False,spontaneous,122,True
s3://braingeneersdev/asrobbin/braindance_data/24-08-16_busybee/,22194a,freqs/freqs_cont_61,s3://braingeneersdev/asrobbin/braindance_data/24-08-16_busybee/22194a/freqs/freqs_cont_61,1050,0.5,0.4999993454057702,True,stim,122,True
s3://braingeneersdev/asrobbin/braindance_data/24-08-16_busybee/,22194a,freqs/freqs_cont_132,s3://braingeneersdev/asrobbin/braindance_data/24-08-16_busybee/22194a/freqs/freqs_cont_132,0,0.0,,False,spontaneous,122,True
s3://braingeneersdev/asrobbin/braindance_data/24-08-16_busybee/,22194a,freqs/freqs_cont_135,s3://braingeneersdev/asrobbin/braindance_data/24-08-16_busybee/22194a/freqs/freqs_cont_135,4200,2.0,1.999999906868412,True,stim,122,True
s3://braingeneersdev/asrobbin/braindance_data/24-08-16_busybee/,22194a,freqs/freqs_cont_124,s3://braingeneersdev/asrobbin/braindance_data/24-08-16_busybee/22194a/freqs/freqs_cont_124,0,0.0,,False,spontaneous,122,True
s3://braingeneersdev/asrobbin/braindance_data/24-08-16_busybee/,22194a,freqs/freqs_cont_63,s3://braingeneersdev/asrobbin/braindance_data/24-08-16_busybee/22194a/freqs/freqs_cont_63,2100,1.0,0.999999211780042,True,stim,122,True
s3://braingeneersdev/asrobbin/braindance_data/24-08-16_busybee/,22194a,freqs/freqs_cont_106,s3://braingeneersdev/asrobbin/braindance_data/24-08-16_busybee/22194a/freqs/freqs_cont_106,0,0.0,,False,spontaneous,122,True
s3://braingeneersdev/asrobbin/braindance_data/24-08-16_busybee/,22194a,freqs/freqs_cont_25,s3://braingeneersdev/asrobbin/braindance_data/24-08-16_busybee/22194a/freqs/freqs_cont_25,4200,2.0,1.9999940820418811,True,stim,122,True
s3://braingeneersdev/asrobbin/braindance_data/24-08-16_busybee/,22194a,freqs/freqs_cont_107,s3://braingeneersdev/asrobbin/braindance_data/24-08-16_busybee/22194a/freqs/freqs_cont_107,8400,4.0,3.999990673523073,True,stim,122,True
s3://braingeneersdev/asrobbin/braindance_data/24-08-16_busybee/,22194a,freqs/freqs_cont_102,s3://braingeneersdev/asrobbin/braindance_data/24-08-16_busybee/22194a/freqs/freqs_cont_102,0,0.0,,False,spontaneous,122,True
s3://braingeneersdev/asrobbin/braindance_data/24-08-16_busybee/,22194a,freqs/freqs_cont_54,s3://braingeneersdev/asrobbin/braindance_data/24-08-16_busybee/22194a/freqs/freqs_cont_54,0,0.0,,False,spontaneous,122,True
s3://braingeneersdev/asrobbin/braindance_data/24-08-16_busybee/,22194a,freqs/freqs_cont_28,s3://braingeneersdev/asrobbin/braindance_data/24-08-16_busybee/22194a/freqs/freqs_cont_28,0,0.0,,False,spontaneous,122,True
s3://braingeneersdev/asrobbin/braindance_data/24-08-16_busybee/,22194a,freqs/freqs_cont_31,s3://braingeneersdev/asrobbin/braindance_data/24-08-16_busybee/22194a/freqs/freqs_cont_31,1050,0.5,0.4999988698976548,True,stim,122,True
s3://braingeneersdev/asrobbin/braindance_data/24-08-16_busybee/,22194a,freqs/freqs_cont_47,s3://braingeneersdev/asrobbin/braindance_data/24-08-16_busybee/22194a/freqs/freqs_cont_47,8400,4.0,3.9999934622592734,True,stim,122,True
s3://braingeneersdev/asrobbin/braindance_data/24-08-16_busybee/,22194a,freqs/freqs_cont_117,s3://braingeneersdev/asrobbin/braindance_data/24-08-16_busybee/22194a/freqs/freqs_cont_117,8400,4.0,3.999997669369444,True,stim,122,True
s3://braingeneersdev/asrobbin/braindance_data/24-08-16_busybee/,22194a,freqs/freqs_cont_14,s3://braingeneersdev/asrobbin/braindance_data/24-08-16_busybee/22194a/freqs/freqs_cont_14,0,0.0,,False,spontaneous,122,True
s3://braingeneersdev/asrobbin/braindance_data/24-08-16_busybee/,22194a,freqs/freqs_cont_32,s3://braingeneersdev/asrobbin/braindance_data/24-08-16_busybee/22194a/freqs/freqs_cont_32,0,0.0,,False,spontaneous,122,True
s3://braingeneersdev/asrobbin/braindance_data/24-08-16_busybee/,22194a,freqs/freqs_cont_3,s3://braingeneersdev/asrobbin/braindance_data/24-08-16_busybee/22194a/freqs/freqs_cont_3,2100,1.0,0.999997743661626,True,stim,122,True
s3://braingeneersdev/asrobbin/braindance_data/24-08-16_busybee/,22194a,freqs/freqs_cont_70,s3://braingeneersdev/asrobbin/braindance_data/24-08-16_busybee/22194a/freqs/freqs_cont_70,0,0.0,,False,spontaneous,122,True
s3://braingeneersdev/asrobbin/braindance_data/24-08-16_busybee/,22194a,freqs/freqs_cont_103,s3://braingeneersdev/asrobbin/braindance_data/24-08-16_busybee/22194a/freqs/freqs_cont_103,2100,1.0,0.9999984833714404,True,stim,122,True
s3://braingeneersdev/asrobbin/braindance_data/24-08-16_busybee/,22194a,freqs/freqs_cont_13,s3://braingeneersdev/asrobbin/braindance_data/24-08-16_busybee/22194a/freqs/freqs_cont_13,2100,1.0,0.999999041668436,True,stim,122,True
s3://braingeneersdev/asrobbin/braindance_data/24-08-16_busybee/,22194a,freqs/freqs_cont_29,s3://braingeneersdev/asrobbin/braindance_data/24-08-16_busybee/22194a/freqs/freqs_cont_29,16800,8.0,7.99998683267476,True,stim,122,True
s3://braingeneersdev/asrobbin/braindance_data/24-08-16_busybee/,22194a,freqs/freqs_cont_11,s3://braingeneersdev/asrobbin/braindance_data/24-08-16_busybee/22194a/freqs/freqs_cont_11,1050,0.5,0.49999973312856,True,stim,122,True
s3://braingeneersdev/asrobbin/braindance_data/24-08-16_busybee/,22194a,freqs/freqs_cont_53,s3://braingeneersdev/asrobbin/braindance_data/24-08-16_busybee/22194a/freqs/freqs_cont_53,2100,1.0,0.9999995495886016,True,stim,122,True
s3://braingeneersdev/asrobbin/braindance_data/24-08-16_busybee/,22194a,freqs/freqs_cont_108,s3://braingeneersdev/asrobbin/braindance_data/24-08-16_busybee/22194a/freqs/freqs_cont_108,0,0.0,,False,spontaneous,122,True
s3://braingeneersdev/asrobbin/braindance_data/24-08-16_busybee/,22194a,freqs/freqs_cont_129,s3://braingeneersdev/asrobbin/braindance_data/24-08-16_busybee/22194a/freqs/freqs_cont_129,16800,8.0,7.999989813345358,True,stim,122,True
s3://braingeneersdev/asrobbin/braindance_data/24-08-16_busybee/,22194a,freqs/freqs_cont_5,s3://braingeneersdev/asrobbin/braindance_data/24-08-16_busybee/22194a/freqs/freqs_cont_5,4200,2.0,1.9999957254875955,True,stim,122,True
s3://braingeneersdev/asrobbin/braindance_data/24-08-16_busybee/,22194a,freqs/freqs_cont_134,s3://braingeneersdev/asrobbin/braindance_data/24-08-16_busybee/22194a/freqs/freqs_cont_134,0,0.0,,False,spontaneous,122,True
s3://braingeneersdev/asrobbin/braindance_data/24-08-16_busybee/,22194a,freqs/freqs_cont_74,s3://braingeneersdev/asrobbin/braindance_data/24-08-16_busybee/22194a/freqs/freqs_cont_74,0,0.0,,False,spontaneous,122,True
s3://braingeneersdev/asrobbin/braindance_data/24-08-16_busybee/,22194a,freqs/freqs_cont_131,s3://braingeneersdev/asrobbin/braindance_data/24-08-16_busybee/22194a/freqs/freqs_cont_131,1050,0.5,0.4999984725690018,True,stim,122,True
s3://braingeneersdev/asrobbin/braindance_data/24-08-16_busybee/,22194a,freqs/freqs_cont_128,s3://braingeneersdev/asrobbin/braindance_data/24-08-16_busybee/22194a/freqs/freqs_cont_128,0,0.0,,False,spontaneous,122,True
s3://braingeneersdev/asrobbin/braindance_data/24-08-16_busybee/,22194a,freqs/freqs_cont_138,s3://braingeneersdev/asrobbin/braindance_data/24-08-16_busybee/22194a/freqs/freqs_cont_138,0,0.0,,False,spontaneous,122,True
s3://braingeneersdev/asrobbin/braindance_data/24-08-16_busybee/,22194a,freqs/freqs_cont_35,s3://braingeneersdev/asrobbin/braindance_data/24-08-16_busybee/22194a/freqs/freqs_cont_35,4200,2.0,1.99999580905764,True,stim,122,True
s3://braingeneersdev/asrobbin/braindance_data/24-08-16_busybee/,22194a,freqs/freqs_cont_80,s3://braingeneersdev/asrobbin/braindance_data/24-08-16_busybee/22194a/freqs/freqs_cont_80,0,0.0,,False,spontaneous,122,True
s3://braingeneersdev/asrobbin/braindance_data/24-08-16_busybee/,22194a,freqs/freqs_cont_105,s3://braingeneersdev/asrobbin/braindance_data/24-08-16_busybee/22194a/freqs/freqs_cont_105,4200,2.0,1.9999990711841549,True,stim,122,True
s3://braingeneersdev/asrobbin/braindance_data/24-08-16_busybee/,22194a,freqs/freqs_cont_141,s3://braingeneersdev/asrobbin/braindance_data/24-08-16_busybee/22194a/freqs/freqs_cont_141,0,0.0,,False,spontaneous,122,True
s3://braingeneersdev/asrobbin/braindance_data/24-08-16_busybee/,22194a,freqs/freqs_cont_123,s3://braingeneersdev/asrobbin/braindance_data/24-08-16_busybee/22194a/freqs/freqs_cont_123,2100,1.0,1.000000121383093,True,stim,122,True
s3://braingeneersdev/asrobbin/braindance_data/24-08-16_busybee/,22194a,freqs/freqs_cont_119,s3://braingeneersdev/asrobbin/braindance_data/24-08-16_busybee/22194a/freqs/freqs_cont_119,16800,8.0,8.000008420685301,True,stim,122,True
s3://braingeneersdev/asrobbin/braindance_data/24-08-16_busybee/,22194a,freqs/freqs_cont_114,s3://braingeneersdev/asrobbin/braindance_data/24-08-16_busybee/22194a/freqs/freqs_cont_114,0,0.0,,False,spontaneous,122,True
s3://braingeneersdev/asrobbin/braindance_data/24-08-16_busybee/,22194a,freqs/freqs_cont_48,s3://braingeneersdev/asrobbin/braindance_data/24-08-16_busybee/22194a/freqs/freqs_cont_48,0,0.0,,False,spontaneous,122,True
s3://braingeneersdev/asrobbin/braindance_data/24-08-16_busybee/,22194a,freqs/freqs_cont_50,s3://braingeneersdev/asrobbin/braindance_data/24-08-16_busybee/22194a/freqs/freqs_cont_50,0,0.0,,False,spontaneous,122,True
s3://braingeneersdev/asrobbin/braindance_data/24-08-16_busybee/,22194a,freqs/freqs_cont_140,s3://braingeneersdev/asrobbin/braindance_data/24-08-16_busybee/22194a/freqs/freqs_cont_140,0,0.0,,False,spontaneous,122,True
s3://braingeneersdev/asrobbin/braindance_data/24-08-16_busybee/,22194a,freqs/freqs_cont_42,s3://braingeneersdev/asrobbin/braindance_data/24-08-16_busybee/22194a/freqs/freqs_cont_42,0,0.0,,False,spontaneous,122,True
s3://braingeneersdev/asrobbin/braindance_data/24-08-16_busybee/,22194a,freqs/freqs_cont_16,s3://braingeneersdev/asrobbin/braindance_data/24-08-16_busybee/22194a/freqs/freqs_cont_16,0,0.0,,False,spontaneous,122,True
s3://braingeneersdev/asrobbin/braindance_data/24-08-16_busybee/,22194a,freqs/freqs_cont_111,s3://braingeneersdev/asrobbin/braindance_data/24-08-16_busybee/22194a/freqs/freqs_cont_111,1050,0.5,0.4999988186264866,True,stim,122,True
s3://braingeneersdev/asrobbin/braindance_data/24-08-16_busybee/,22194a,freqs/freqs_cont_60,s3://braingeneersdev/asrobbin/braindance_data/24-08-16_busybee/22194a/freqs/freqs_cont_60,0,0.0,,False,spontaneous,122,True
s3://braingeneersdev/asrobbin/braindance_data/24-08-16_busybee/,22194a,freqs/freqs_cont_33,s3://braingeneersdev/asrobbin/braindance_data/24-08-16_busybee/22194a/freqs/freqs_cont_33,2100,1.0,0.9999981485169565,True,stim,122,True
s3://braingeneersdev/asrobbin/braindance_data/24-08-16_busybee/,22194a,freqs/freqs_cont_59,s3://braingeneersdev/asrobbin/braindance_data/24-08-16_busybee/22194a/freqs/freqs_cont_59,16800,8.0,7.99999704252996,True,stim,122,True
s3://braingeneersdev/asrobbin/braindance_data/24-08-16_busybee/,22194a,freqs/freqs_cont_30,s3://braingeneersdev/asrobbin/braindance_data/24-08-16_busybee/22194a/freqs/freqs_cont_30,0,0.0,,False,spontaneous,122,True
s3://braingeneersdev/asrobbin/braindance_data/24-08-16_busybee/,22194a,freqs/freqs_cont_68,s3://braingeneersdev/asrobbin/braindance_data/24-08-16_busybee/22194a/freqs/freqs_cont_68,0,0.0,,False,spontaneous,122,True
s3://braingeneersdev/asrobbin/braindance_data/24-08-16_busybee/,22194a,freqs/freqs_cont_113,s3://braingeneersdev/asrobbin/braindance_data/24-08-16_busybee/22194a/freqs/freqs_cont_113,2100,1.0,0.9999995822817008,True,stim,122,True
s3://braingeneers/braindance/25-02-25_busybees/,25123ic,exp1/exp1_cont_95,s3://braingeneers/braindance/25-02-25_busybees/25123ic/exp1/exp1_cont_95,6400,2.0,2.000004037580267,True,stim,132,True
s3://braingeneers/braindance/25-02-25_busybees/,25123ic,exp1/exp1_cont_124,s3://braingeneers/braindance/25-02-25_busybees/25123ic/exp1/exp1_cont_124,0,0.0,,False,spontaneous,132,True
s3://braingeneers/braindance/25-02-25_busybees/,25123ic,exp1/exp1_cont_46,s3://braingeneers/braindance/25-02-25_busybees/25123ic/exp1/exp1_cont_46,0,0.0,,False,spontaneous,132,True
s3://braingeneers/braindance/25-02-25_busybees/,25123ic,exp1/exp1_cont_107,s3://braingeneers/braindance/25-02-25_busybees/25123ic/exp1/exp1_cont_107,12800,4.0,4.000005785691562,True,stim,132,True
s3://braingeneers/braindance/25-02-25_busybees/,25123ic,exp1/exp1_cont_39,s3://braingeneers/braindance/25-02-25_busybees/25123ic/exp1/exp1_cont_39,25600,8.0,7.999983116641125,True,stim,132,True
s3://braingeneers/braindance/25-02-25_busybees/,25123ic,exp1/exp1_cont_62,s3://braingeneers/braindance/25-02-25_busybees/25123ic/exp1/exp1_cont_62,0,0.0,,False,spontaneous,132,True
s3://braingeneers/braindance/25-02-25_busybees/,25123ic,exp1/exp1_cont_37,s3://braingeneers/braindance/25-02-25_busybees/25123ic/exp1/exp1_cont_37,12800,4.0,3.999998584279876,True,stim,132,True
s3://braingeneers/braindance/25-02-25_busybees/,25123ic,exp1/exp1_cont_61,s3://braingeneers/braindance/25-02-25_busybees/25123ic/exp1/exp1_cont_61,1600,0.5,0.5000007244757211,True,stim,132,True
s3://braingeneers/braindance/25-02-25_busybees/,25123ic,exp1/exp1_cont_89,s3://braingeneers/braindance/25-02-25_busybees/25123ic/exp1/exp1_cont_89,25600,8.0,7.9999816495027805,True,stim,132,True
s3://braingeneers/braindance/25-02-25_busybees/,25123ic,exp1/exp1_cont_111,s3://braingeneers/braindance/25-02-25_busybees/25123ic/exp1/exp1_cont_111,1600,0.5,0.4999999127650237,True,stim,132,True
s3://braingeneers/braindance/25-02-25_busybees/,25123ic,exp1/exp1_cont_31,s3://braingeneers/braindance/25-02-25_busybees/25123ic/exp1/exp1_cont_31,1600,0.5,0.4999993117945674,True,stim,132,True
s3://braingeneers/braindance/25-02-25_busybees/,25123ic,exp1/exp1_cont_78,s3://braingeneers/braindance/25-02-25_busybees/25123ic/exp1/exp1_cont_78,0,0.0,,False,spontaneous,132,True
s3://braingeneers/braindance/25-02-25_busybees/,25123ic,exp1/exp1_cont_70,s3://braingeneers/braindance/25-02-25_busybees/25123ic/exp1/exp1_cont_70,0,0.0,,False,spontaneous,132,True
s3://braingeneers/braindance/25-02-25_busybees/,25123ic,exp1/exp1_cont_103,s3://braingeneers/braindance/25-02-25_busybees/25123ic/exp1/exp1_cont_103,3200,1.0,1.000001745775784,True,stim,132,True
s3://braingeneers/braindance/25-02-25_busybees/,25123ic,exp1/exp1_cont_13,s3://braingeneers/braindance/25-02-25_busybees/25123ic/exp1/exp1_cont_13,3200,1.0,0.9999998930975436,True,stim,132,True
s3://braingeneers/braindance/25-02-25_busybees/,25123ic,exp1/exp1_cont_94,s3://braingeneers/braindance/25-02-25_busybees/25123ic/exp1/exp1_cont_94,0,0.0,,False,spontaneous,132,True
s3://braingeneers/braindance/25-02-25_busybees/,25123ic,exp1/exp1_cont_74,s3://braingeneers/braindance/25-02-25_busybees/25123ic/exp1/exp1_cont_74,0,0.0,,False,spontaneous,132,True
s3://braingeneers/braindance/25-02-25_busybees/,25123ic,exp1/exp1_cont_121,s3://braingeneers/braindance/25-02-25_busybees/25123ic/exp1/exp1_cont_121,1600,0.5,0.5000005607290505,True,stim,132,True
s3://braingeneers/braindance/25-02-25_busybees/,25123ic,exp1/exp1_cont_65,s3://braingeneers/braindance/25-02-25_busybees/25123ic/exp1/exp1_cont_65,6400,2.0,1.9999988463472944,True,stim,132,True
s3://braingeneers/braindance/25-02-25_busybees/,25123ic,exp1/exp1_cont_6,s3://braingeneers/braindance/25-02-25_busybees/25123ic/exp1/exp1_cont_6,0,0.0,,False,spontaneous,132,True
s3://braingeneers/braindance/25-02-25_busybees/,25123ic,exp1/exp1_cont_72,s3://braingeneers/braindance/25-02-25_busybees/25123ic/exp1/exp1_cont_72,0,0.0,,False,spontaneous,132,True
s3://braingeneers/braindance/25-02-25_busybees/,25123ic,exp1/exp1_cont_126,s3://braingeneers/braindance/25-02-25_busybees/25123ic/exp1/exp1_cont_126,0,0.0,,False,spontaneous,132,True
s3://braingeneers/braindance/25-02-25_busybees/,25123ic,exp1/exp1_cont_29,s3://braingeneers/braindance/25-02-25_busybees/25123ic/exp1/exp1_cont_29,25600,8.0,8.000013501247636,True,stim,132,True
s3://braingeneers/braindance/25-02-25_busybees/,25123ic,exp1/exp1_cont_32,s3://braingeneers/braindance/25-02-25_busybees/25123ic/exp1/exp1_cont_32,0,0.0,,False,spontaneous,132,True
s3://braingeneers/braindance/25-02-25_busybees/,25123ic,exp1/exp1_cont_116,s3://braingeneers/braindance/25-02-25_busybees/25123ic/exp1/exp1_cont_116,0,0.0,,False,spontaneous,132,True
s3://braingeneers/braindance/25-02-25_busybees/,25123ic,exp1/exp1_cont_27,s3://braingeneers/braindance/25-02-25_busybees/25123ic/exp1/exp1_cont_27,12800,4.0,3.999995613913384,True,stim,132,True
s3://braingeneers/braindance/25-02-25_busybees/,25123ic,exp1/exp1_cont_17,s3://braingeneers/braindance/25-02-25_busybees/25123ic/exp1/exp1_cont_17,12800,4.0,3.999998242954752,True,stim,132,True
s3://braingeneers/braindance/25-02-25_busybees/,25123ic,exp1/exp1_cont_4,s3://braingeneers/braindance/25-02-25_busybees/25123ic/exp1/exp1_cont_4,0,0.0,,False,spontaneous,132,True
s3://braingeneers/braindance/25-02-25_busybees/,25123ic,exp1/exp1_cont_86,s3://braingeneers/braindance/25-02-25_busybees/25123ic/exp1/exp1_cont_86,0,0.0,,False,spontaneous,132,True
s3://braingeneers/braindance/25-02-25_busybees/,25123ic,exp1/exp1_cont_60,s3://braingeneers/braindance/25-02-25_busybees/25123ic/exp1/exp1_cont_60,0,0.0,,False,spontaneous,132,True
s3://braingeneers/braindance/25-02-25_busybees/,25123ic,exp1/exp1_cont_75,s3://braingeneers/braindance/25-02-25_busybees/25123ic/exp1/exp1_cont_75,6400,2.0,1.9999990372037817,True,stim,132,True
s3://braingeneers/braindance/25-02-25_busybees/,25123ic,exp1/exp1_cont_77,s3://braingeneers/braindance/25-02-25_busybees/25123ic/exp1/exp1_cont_77,12800,4.0,4.000000205663562,True,stim,132,True
s3://braingeneers/braindance/25-02-25_busybees/,25123ic,exp1/exp1_cont_119,s3://braingeneers/braindance/25-02-25_busybees/25123ic/exp1/exp1_cont_119,25600,8.0,7.999997691155411,True,stim,132,True
s3://braingeneers/braindance/25-02-25_busybees/,25123ic,exp1/exp1_cont_55,s3://braingeneers/braindance/25-02-25_busybees/25123ic/exp1/exp1_cont_55,6400,2.0,1.9999996803563604,True,stim,132,True
s3://braingeneers/braindance/25-02-25_busybees/,25123ic,exp1/exp1_cont_112,s3://braingeneers/braindance/25-02-25_busybees/25123ic/exp1/exp1_cont_112,0,0.0,,False,spontaneous,132,True
s3://braingeneers/braindance/25-02-25_busybees/,25123ic,exp1/exp1_cont_24,s3://braingeneers/braindance/25-02-25_busybees/25123ic/exp1/exp1_cont_24,0,0.0,,False,spontaneous,132,True
s3://braingeneers/braindance/25-02-25_busybees/,25123ic,exp1/exp1_cont_101,s3://braingeneers/braindance/25-02-25_busybees/25123ic/exp1/exp1_cont_101,1600,0.5,0.4999996051762098,True,stim,132,True
s3://braingeneers/braindance/25-02-25_busybees/,25123ic,exp1/exp1_cont_3,s3://braingeneers/braindance/25-02-25_busybees/25123ic/exp1/exp1_cont_3,3200,1.0,0.9999998526549112,True,stim,132,True
s3://braingeneers/braindance/25-02-25_busybees/,25123ic,exp1/exp1_cont_59,s3://braingeneers/braindance/25-02-25_busybees/25123ic/exp1/exp1_cont_59,25600,8.0,7.999992399897816,True,stim,132,True
s3://braingeneers/braindance/25-02-25_busybees/,25123ic,exp1/exp1_cont_40,s3://braingeneers/braindance/25-02-25_busybees/25123ic/exp1/exp1_cont_40,0,0.0,,False,spontaneous,132,True
s3://braingeneers/braindance/25-02-25_busybees/,25123ic,exp1/exp1_cont_123,s3://braingeneers/braindance/25-02-25_busybees/25123ic/exp1/exp1_cont_123,3200,1.0,0.999999825256684,True,stim,132,True
s3://braingeneers/braindance/25-02-25_busybees/,25123ic,exp1/exp1_cont_73,s3://braingeneers/braindance/25-02-25_busybees/25123ic/exp1/exp1_cont_73,3200,1.0,0.9999984933783196,True,stim,132,True
s3://braingeneers/braindance/25-02-25_busybees/,25123ic,exp1/exp1,s3://braingeneers/braindance/25-02-25_busybees/25123ic/exp1/exp1,1600,1.0,,False,stim,132,True
s3://braingeneers/braindance/25-02-25_busybees/,25123ic,exp1/exp1_cont_9,s3://braingeneers/braindance/25-02-25_busybees/25123ic/exp1/exp1_cont_9,25600,8.0,8.00000483411924,True,stim,132,True
s3://braingeneers/braindance/25-02-25_busybees/,25123ic,exp1/exp1_cont_43,s3://braingeneers/braindance/25-02-25_busybees/25123ic/exp1/exp1_cont_43,3200,1.0,0.9999993454821472,True,stim,132,True
s3://braingeneers/braindance/25-02-25_busybees/,25123ic,exp1/exp1_cont_98,s3://braingeneers/braindance/25-02-25_busybees/25123ic/exp1/exp1_cont_98,0,0.0,,False,spontaneous,132,True
s3://braingeneers/braindance/25-02-25_busybees/,25123ic,exp1/exp1_cont_90,s3://braingeneers/braindance/25-02-25_busybees/25123ic/exp1/exp1_cont_90,0,0.0,,False,spontaneous,132,True
s3://braingeneers/braindance/25-02-25_busybees/,25123ic,exp1/exp1_cont_69,s3://braingeneers/braindance/25-02-25_busybees/25123ic/exp1/exp1_cont_69,25600,8.0,7.999989765155855,True,stim,132,True
s3://braingeneers/braindance/25-02-25_busybees/,25123ic,exp1/exp1_cont_19,s3://braingeneers/braindance/25-02-25_busybees/25123ic/exp1/exp1_cont_19,25600,8.0,7.999988553761789,True,stim,132,True
s3://braingeneers/braindance/25-02-25_busybees/,25123ic,exp1/exp1_cont_34,s3://braingeneers/braindance/25-02-25_busybees/25123ic/exp1/exp1_cont_34,0,0.0,,False,spontaneous,132,True
s3://braingeneers/braindance/25-02-25_busybees/,25123ic,exp1/exp1_cont_64,s3://braingeneers/braindance/25-02-25_busybees/25123ic/exp1/exp1_cont_64,0,0.0,,False,spontaneous,132,True
s3://braingeneers/braindance/25-02-25_busybees/,25123ic,exp1/exp1_cont_11,s3://braingeneers/braindance/25-02-25_busybees/25123ic/exp1/exp1_cont_11,1600,0.5,0.4999998576954759,True,stim,132,True
s3://braingeneers/braindance/25-02-25_busybees/,25123ic,exp1/exp1_cont_80,s3://braingeneers/braindance/25-02-25_busybees/25123ic/exp1/exp1_cont_80,0,0.0,,False,spontaneous,132,True
s3://braingeneers/braindance/25-02-25_busybees/,25123ic,exp1/exp1_cont_122,s3://braingeneers/braindance/25-02-25_busybees/25123ic/exp1/exp1_cont_122,0,0.0,,False,spontaneous,132,True
s3://braingeneers/braindance/25-02-25_busybees/,25123ic,exp1/exp1_cont_106,s3://braingeneers/braindance/25-02-25_busybees/25123ic/exp1/exp1_cont_106,0,0.0,,False,spontaneous,132,True
s3://braingeneers/braindance/25-02-25_busybees/,25123ic,exp1/exp1_cont_8,s3://braingeneers/braindance/25-02-25_busybees/25123ic/exp1/exp1_cont_8,0,0.0,,False,spontaneous,132,True
s3://braingeneers/braindance/25-02-25_busybees/,25123ic,exp1/exp1_cont_63,s3://braingeneers/braindance/25-02-25_busybees/25123ic/exp1/exp1_cont_63,3200,1.0,0.9999985393325492,True,stim,132,True
s3://braingeneers/braindance/25-02-25_busybees/,25123ic,exp1/exp1_cont_76,s3://braingeneers/braindance/25-02-25_busybees/25123ic/exp1/exp1_cont_76,0,0.0,,False,spontaneous,132,True
s3://braingeneers/braindance/25-02-25_busybees/,25123ic,exp1/exp1_cont_120,s3://braingeneers/braindance/25-02-25_busybees/25123ic/exp1/exp1_cont_120,0,0.0,,False,spontaneous,132,True
s3://braingeneers/braindance/25-02-25_busybees/,25123ic,exp1/exp1_cont_79,s3://braingeneers/braindance/25-02-25_busybees/25123ic/exp1/exp1_cont_79,25600,8.0,7.99998530936062,True,stim,132,True
s3://braingeneers/braindance/25-02-25_busybees/,25123ic,exp1/exp1_cont_71,s3://braingeneers/braindance/25-02-25_busybees/25123ic/exp1/exp1_cont_71,1600,0.5,0.499999681500828,True,stim,132,True
s3://braingeneers/braindance/25-02-25_busybees/,25123ic,exp1/exp1_cont_20,s3://braingeneers/braindance/25-02-25_busybees/25123ic/exp1/exp1_cont_20,0,0.0,,False,spontaneous,132,True
s3://braingeneers/braindance/25-02-25_busybees/,25123ic,exp1/exp1_cont_88,s3://braingeneers/braindance/25-02-25_busybees/25123ic/exp1/exp1_cont_88,0,0.0,,False,spontaneous,132,True
s3://braingeneers/braindance/25-02-25_busybees/,25123ic,exp1/exp1_cont_10,s3://braingeneers/braindance/25-02-25_busybees/25123ic/exp1/exp1_cont_10,0,0.0,,False,spontaneous,132,True
s3://braingeneers/braindance/25-02-25_busybees/,25123ic,exp1/exp1_cont_47,s3://braingeneers/braindance/25-02-25_busybees/25123ic/exp1/exp1_cont_47,12800,4.0,4.000012529301827,True,stim,132,True
s3://braingeneers/braindance/25-02-25_busybees/,25123ic,exp1/exp1_cont_49,s3://braingeneers/braindance/25-02-25_busybees/25123ic/exp1/exp1_cont_49,25600,8.0,7.999994945590756,True,stim,132,True
s3://braingeneers/braindance/25-02-25_busybees/,25123ic,exp1/exp1_cont_129,s3://braingeneers/braindance/25-02-25_busybees/25123ic/exp1/exp1_cont_129,18596,8.0,8.000001354518187,True,stim,132,True
s3://braingeneers/braindance/25-02-25_busybees/,25123ic,exp1/exp1_cont_15,s3://braingeneers/braindance/25-02-25_busybees/25123ic/exp1/exp1_cont_15,6400,2.0,1.9999979116465063,True,stim,132,True
s3://braingeneers/braindance/25-02-25_busybees/,25123ic,exp1/exp1_cont_56,s3://braingeneers/braindance/25-02-25_busybees/25123ic/exp1/exp1_cont_56,0,0.0,,False,spontaneous,132,True
s3://braingeneers/braindance/25-02-25_busybees/,25123ic,exp1/exp1_cont_58,s3://braingeneers/braindance/25-02-25_busybees/25123ic/exp1/exp1_cont_58,0,0.0,,False,spontaneous,132,True
s3://braingeneers/braindance/25-02-25_busybees/,25123ic,exp1/exp1_cont_113,s3://braingeneers/braindance/25-02-25_busybees/25123ic/exp1/exp1_cont_113,3200,1.0,0.9999989195328975,True,stim,132,True
s3://braingeneers/braindance/25-02-25_busybees/,25123ic,exp1/exp1_cont_48,s3://braingeneers/braindance/25-02-25_busybees/25123ic/exp1/exp1_cont_48,0,0.0,,False,spontaneous,132,True
s3://braingeneers/braindance/25-02-25_busybees/,25123ic,exp1/exp1_cont_14,s3://braingeneers/braindance/25-02-25_busybees/25123ic/exp1/exp1_cont_14,0,0.0,,False,spontaneous,132,True
s3://braingeneers/braindance/25-02-25_busybees/,25123ic,exp1/exp1_cont_81,s3://braingeneers/braindance/25-02-25_busybees/25123ic/exp1/exp1_cont_81,1600,0.5,0.5000001058566511,True,stim,132,True
s3://braingeneers/braindance/25-02-25_busybees/,25123ic,exp1/exp1_cont_96,s3://braingeneers/braindance/25-02-25_busybees/25123ic/exp1/exp1_cont_96,0,0.0,,False,spontaneous,132,True
s3://braingeneers/braindance/25-02-25_busybees/,25123ic,exp1/exp1_cont_99,s3://braingeneers/braindance/25-02-25_busybees/25123ic/exp1/exp1_cont_99,25600,8.0,7.999999369657909,True,stim,132,True
s3://braingeneers/braindance/25-02-25_busybees/,25123ic,exp1/exp1_cont_41,s3://braingeneers/braindance/25-02-25_busybees/25123ic/exp1/exp1_cont_41,1600,0.5,0.4999999308961949,True,stim,132,True
s3://braingeneers/braindance/25-02-25_busybees/,25123ic,exp1/exp1_cont_125,s3://braingeneers/braindance/25-02-25_busybees/25123ic/exp1/exp1_cont_125,6400,2.0,1.9999975842629891,True,stim,132,True
s3://braingeneers/braindance/25-02-25_busybees/,25123ic,exp1/exp1_cont_117,s3://braingeneers/braindance/25-02-25_busybees/25123ic/exp1/exp1_cont_117,12800,4.0,3.99999818154129,True,stim,132,True
s3://braingeneers/braindance/25-02-25_busybees/,25123ic,exp1/exp1_cont_108,s3://braingeneers/braindance/25-02-25_busybees/25123ic/exp1/exp1_cont_108,0,0.0,,False,spontaneous,132,True
s3://braingeneers/braindance/25-02-25_busybees/,25123ic,exp1/exp1_cont_2,s3://braingeneers/braindance/25-02-25_busybees/25123ic/exp1/exp1_cont_2,0,0.0,,False,spontaneous,132,True
s3://braingeneers/braindance/25-02-25_busybees/,25123ic,exp1/exp1_cont_82,s3://braingeneers/braindance/25-02-25_busybees/25123ic/exp1/exp1_cont_82,0,0.0,,False,spontaneous,132,True
s3://braingeneers/braindance/25-02-25_busybees/,25123ic,exp1/exp1_cont_36,s3://braingeneers/braindance/25-02-25_busybees/25123ic/exp1/exp1_cont_36,0,0.0,,False,spontaneous,132,True
s3://braingeneers/braindance/25-02-25_busybees/,25123ic,exp1/exp1_cont_54,s3://braingeneers/braindance/25-02-25_busybees/25123ic/exp1/exp1_cont_54,0,0.0,,False,spontaneous,132,True
s3://braingeneers/braindance/25-02-25_busybees/,25123ic,exp1/exp1_cont_114,s3://braingeneers/braindance/25-02-25_busybees/25123ic/exp1/exp1_cont_114,0,0.0,,False,spontaneous,132,True
s3://braingeneers/braindance/25-02-25_busybees/,25123ic,exp1/exp1_cont_100,s3://braingeneers/braindance/25-02-25_busybees/25123ic/exp1/exp1_cont_100,0,0.0,,False,spontaneous,132,True
s3://braingeneers/braindance/25-02-25_busybees/,25123ic,exp1/exp1_cont_83,s3://braingeneers/braindance/25-02-25_busybees/25123ic/exp1/exp1_cont_83,3200,1.0,1.000000874969818,True,stim,132,True
s3://braingeneers/braindance/25-02-25_busybees/,25123ic,exp1/exp1_cont_93,s3://braingeneers/braindance/25-02-25_busybees/25123ic/exp1/exp1_cont_93,3200,1.0,0.9999988569944364,True,stim,132,True
s3://braingeneers/braindance/25-02-25_busybees/,25123ic,exp1/exp1_cont_51,s3://braingeneers/braindance/25-02-25_busybees/25123ic/exp1/exp1_cont_51,1600,0.5,0.5000004561523863,True,stim,132,True
s3://braingeneers/braindance/25-02-25_busybees/,25123ic,exp1/exp1_cont_118,s3://braingeneers/braindance/25-02-25_busybees/25123ic/exp1/exp1_cont_118,0,0.0,,False,spontaneous,132,True
s3://braingeneers/braindance/25-02-25_busybees/,25123ic,exp1/exp1_cont_53,s3://braingeneers/braindance/25-02-25_busybees/25123ic/exp1/exp1_cont_53,3200,1.0,0.9999991744226944,True,stim,132,True
s3://braingeneers/braindance/25-02-25_busybees/,25123ic,exp1/exp1_cont_30,s3://braingeneers/braindance/25-02-25_busybees/25123ic/exp1/exp1_cont_30,0,0.0,,False,spontaneous,132,True
s3://braingeneers/braindance/25-02-25_busybees/,25123ic,exp1/exp1_cont_67,s3://braingeneers/braindance/25-02-25_busybees/25123ic/exp1/exp1_cont_67,12800,4.0,3.9999921946129215,True,stim,132,True
s3://braingeneers/braindance/25-02-25_busybees/,25123ic,exp1/exp1_cont_97,s3://braingeneers/braindance/25-02-25_busybees/25123ic/exp1/exp1_cont_97,12800,4.0,3.9999935142675183,True,stim,132,True
s3://braingeneers/braindance/25-02-25_busybees/,25123ic,exp1/exp1_cont_22,s3://braingeneers/braindance/25-02-25_busybees/25123ic/exp1/exp1_cont_22,0,0.0,,False,spontaneous,132,True
s3://braingeneers/braindance/25-02-25_busybees/,25123ic,exp1/exp1_cont,s3://braingeneers/braindance/25-02-25_busybees/25123ic/exp1/exp1_cont,0,0.0,,False,spontaneous,132,True
s3://braingeneers/braindance/25-02-25_busybees/,25123ic,exp1/exp1_cont_1,s3://braingeneers/braindance/25-02-25_busybees/25123ic/exp1/exp1_cont_1,1600,0.5,0.4999990446414435,True,stim,132,True
s3://braingeneers/braindance/25-02-25_busybees/,25123ic,exp1/exp1_cont_23,s3://braingeneers/braindance/25-02-25_busybees/25123ic/exp1/exp1_cont_23,3200,1.0,0.9999986726779136,True,stim,132,True
s3://braingeneers/braindance/25-02-25_busybees/,25123ic,exp1/exp1_cont_7,s3://braingeneers/braindance/25-02-25_busybees/25123ic/exp1/exp1_cont_7,12800,4.0,3.999995558271676,True,stim,132,True
s3://braingeneers/braindance/25-02-25_busybees/,25123ic,exp1/exp1_cont_26,s3://braingeneers/braindance/25-02-25_busybees/25123ic/exp1/exp1_cont_26,0,0.0,,False,spontaneous,132,True
s3://braingeneers/braindance/25-02-25_busybees/,25123ic,exp1/exp1_cont_50,s3://braingeneers/braindance/25-02-25_busybees/25123ic/exp1/exp1_cont_50,0,0.0,,False,spontaneous,132,True
s3://braingeneers/braindance/25-02-25_busybees/,25123ic,exp1/exp1_cont_91,s3://braingeneers/braindance/25-02-25_busybees/25123ic/exp1/exp1_cont_91,1600,0.5,0.4999993920801606,True,stim,132,True
s3://braingeneers/braindance/25-02-25_busybees/,25123ic,exp1/exp1_cont_44,s3://braingeneers/braindance/25-02-25_busybees/25123ic/exp1/exp1_cont_44,0,0.0,,False,spontaneous,132,True
s3://braingeneers/braindance/25-02-25_busybees/,25123ic,exp1/exp1_cont_105,s3://braingeneers/braindance/25-02-25_busybees/25123ic/exp1/exp1_cont_105,6400,2.0,2.0000007696542808,True,stim,132,True
s3://braingeneers/braindance/25-02-25_busybees/,25123ic,exp1/exp1_cont_104,s3://braingeneers/braindance/25-02-25_busybees/25123ic/exp1/exp1_cont_104,0,0.0,,False,spontaneous,132,True
s3://braingeneers/braindance/25-02-25_busybees/,25123ic,exp1/exp1_cont_45,s3://braingeneers/braindance/25-02-25_busybees/25123ic/exp1/exp1_cont_45,6400,2.0,1.9999993451804028,True,stim,132,True
s3://braingeneers/braindance/25-02-25_busybees/,25123ic,exp1/exp1_cont_84,s3://braingeneers/braindance/25-02-25_busybees/25123ic/exp1/exp1_cont_84,0,0.0,,False,spontaneous,132,True
s3://braingeneers/braindance/25-02-25_busybees/,25123ic,exp1/exp1_cont_25,s3://braingeneers/braindance/25-02-25_busybees/25123ic/exp1/exp1_cont_25,6400,2.0,1.99999905189543,True,stim,132,True
s3://braingeneers/braindance/25-02-25_busybees/,25123ic,exp1/exp1_cont_38,s3://braingeneers/braindance/25-02-25_busybees/25123ic/exp1/exp1_cont_38,0,0.0,,False,spontaneous,132,True
s3://braingeneers/braindance/25-02-25_busybees/,25123ic,exp1/exp1_cont_92,s3://braingeneers/braindance/25-02-25_busybees/25123ic/exp1/exp1_cont_92,0,0.0,,False,spontaneous,132,True
s3://braingeneers/braindance/25-02-25_busybees/,25123ic,exp1/exp1_cont_57,s3://braingeneers/braindance/25-02-25_busybees/25123ic/exp1/exp1_cont_57,12800,4.0,3.999999808543802,True,stim,132,True
s3://braingeneers/braindance/25-02-25_busybees/,25123ic,exp1/exp1_cont_52,s3://braingeneers/braindance/25-02-25_busybees/25123ic/exp1/exp1_cont_52,0,0.0,,False,spontaneous,132,True
s3://braingeneers/braindance/25-02-25_busybees/,25123ic,exp1/exp1_cont_42,s3://braingeneers/braindance/25-02-25_busybees/25123ic/exp1/exp1_cont_42,0,0.0,,False,spontaneous,132,True
s3://braingeneers/braindance/25-02-25_busybees/,25123ic,exp1/exp1_cont_127,s3://braingeneers/braindance/25-02-25_busybees/25123ic/exp1/exp1_cont_127,12800,4.0,4.000007720464314,True,stim,132,True
s3://braingeneers/braindance/25-02-25_busybees/,25123ic,exp1/exp1_causal,s3://braingeneers/braindance/25-02-25_busybees/25123ic/exp1/exp1_causal,1600,2.0,2.0000090950057414,True,stim,132,True
s3://braingeneers/braindance/25-02-25_busybees/,25123ic,exp1/exp1_cont_12,s3://braingeneers/braindance/25-02-25_busybees/25123ic/exp1/exp1_cont_12,0,0.0,,False,spontaneous,132,True
s3://braingeneers/braindance/25-02-25_busybees/,25123ic,exp1/exp1_cont_128,s3://braingeneers/braindance/25-02-25_busybees/25123ic/exp1/exp1_cont_128,0,0.0,,False,spontaneous,132,True
s3://braingeneers/braindance/25-02-25_busybees/,25123ic,exp1/exp1_cont_115,s3://braingeneers/braindance/25-02-25_busybees/25123ic/exp1/exp1_cont_115,6400,2.0,1.9999973991663669,True,stim,132,True
s3://braingeneers/braindance/25-02-25_busybees/,25123ic,exp1/exp1_cont_66,s3://braingeneers/braindance/25-02-25_busybees/25123ic/exp1/exp1_cont_66,0,0.0,,False,spontaneous,132,True
s3://braingeneers/braindance/25-02-25_busybees/,25123ic,exp1/exp1_cont_85,s3://braingeneers/braindance/25-02-25_busybees/25123ic/exp1/exp1_cont_85,6400,2.0,1.9999981086981309,True,stim,132,True
s3://braingeneers/braindance/25-02-25_busybees/,25123ic,exp1/exp1_cont_16,s3://braingeneers/braindance/25-02-25_busybees/25123ic/exp1/exp1_cont_16,0,0.0,,False,spontaneous,132,True
s3://braingeneers/braindance/25-02-25_busybees/,25123ic,exp1/exp1_cont_110,s3://braingeneers/braindance/25-02-25_busybees/25123ic/exp1/exp1_cont_110,0,0.0,,False,spontaneous,132,True
s3://braingeneers/braindance/25-02-25_busybees/,25123ic,exp1/exp1_cont_5,s3://braingeneers/braindance/25-02-25_busybees/25123ic/exp1/exp1_cont_5,6400,2.0,1.9999953118928444,True,stim,132,True
s3://braingeneers/braindance/25-02-25_busybees/,25123ic,exp1/exp1_cont_18,s3://braingeneers/braindance/25-02-25_busybees/25123ic/exp1/exp1_cont_18,0,0.0,,False,spontaneous,132,True
s3://braingeneers/braindance/25-02-25_busybees/,25123ic,exp1/exp1_cont_109,s3://braingeneers/braindance/25-02-25_busybees/25123ic/exp1/exp1_cont_109,25600,8.0,7.999988687984058,True,stim,132,True
s3://braingeneers/braindance/25-02-25_busybees/,25123ic,exp1/exp1_cont_68,s3://braingeneers/braindance/25-02-25_busybees/25123ic/exp1/exp1_cont_68,0,0.0,,False,spontaneous,132,True
s3://braingeneers/braindance/25-02-25_busybees/,25123ic,exp1/exp1_cont_87,s3://braingeneers/braindance/25-02-25_busybees/25123ic/exp1/exp1_cont_87,12800,4.0,4.0000087504215305,True,stim,132,True
s3://braingeneers/braindance/25-02-25_busybees/,25123ic,exp1/exp1_cont_21,s3://braingeneers/braindance/25-02-25_busybees/25123ic/exp1/exp1_cont_21,1600,0.5,0.4999991432863329,True,stim,132,True
s3://braingeneers/braindance/25-02-25_busybees/,25123ic,exp1/exp1_cont_102,s3://braingeneers/braindance/25-02-25_busybees/25123ic/exp1/exp1_cont_102,0,0.0,,False,spontaneous,132,True
s3://braingeneers/braindance/25-02-25_busybees/,25123ic,exp1/exp1_cont_35,s3://braingeneers/braindance/25-02-25_busybees/25123ic/exp1/exp1_cont_35,6400,2.0,2.000001736585346,True,stim,132,True
s3://braingeneers/braindance/25-02-25_busybees/,25123ic,exp1/exp1_cont_33,s3://braingeneers/braindance/25-02-25_busybees/25123ic/exp1/exp1_cont_33,3200,1.0,1.0000009209348837,True,stim,132,True
s3://braingeneers/braindance/25-02-25_busybees/,25123ic,exp1/exp1_cont_28,s3://braingeneers/braindance/25-02-25_busybees/25123ic/exp1/exp1_cont_28,0,0.0,,False,spontaneous,132,True
s3://braingeneers/braindance/25-02-25_busybees/,25178ic,exp1/exp1_cont_59,s3://braingeneers/braindance/25-02-25_busybees/25178ic/exp1/exp1_cont_59,0,0.0,,False,spontaneous,73,True
s3://braingeneers/braindance/25-02-25_busybees/,25178ic,exp1/exp1_cont_40,s3://braingeneers/braindance/25-02-25_busybees/25178ic/exp1/exp1_cont_40,1150,0.5,0.4999883668115691,True,stim,73,True
s3://braingeneers/braindance/25-02-25_busybees/,25178ic,exp1/exp1_cont_45,s3://braingeneers/braindance/25-02-25_busybees/25178ic/exp1/exp1_cont_45,0,0.0,,False,spontaneous,73,True
s3://braingeneers/braindance/25-02-25_busybees/,25178ic,exp1/exp1_cont_41,s3://braingeneers/braindance/25-02-25_busybees/25178ic/exp1/exp1_cont_41,0,0.0,,False,spontaneous,73,True
s3://braingeneers/braindance/25-02-25_busybees/,25178ic,exp1/exp1_cont_25,s3://braingeneers/braindance/25-02-25_busybees/25178ic/exp1/exp1_cont_25,0,0.0,,False,spontaneous,73,True
s3://braingeneers/braindance/25-02-25_busybees/,25178ic,exp1/exp1,s3://braingeneers/braindance/25-02-25_busybees/25178ic/exp1/exp1,0,0.0,,False,spontaneous,73,True
s3://braingeneers/braindance/25-02-25_busybees/,25178ic,exp1/exp1_cont_9,s3://braingeneers/braindance/25-02-25_busybees/25178ic/exp1/exp1_cont_9,18400,8.0,8.000008992258735,True,stim,73,True
s3://braingeneers/braindance/25-02-25_busybees/,25178ic,exp1/exp1_cont_43,s3://braingeneers/braindance/25-02-25_busybees/25178ic/exp1/exp1_cont_43,0,0.0,,False,spontaneous,73,True
s3://braingeneers/braindance/25-02-25_busybees/,25178ic,exp1/exp1_cont_46,s3://braingeneers/braindance/25-02-25_busybees/25178ic/exp1/exp1_cont_46,9200,4.0,3.999926996265044,True,stim,73,True
s3://braingeneers/braindance/25-02-25_busybees/,25178ic,exp1/exp1_cont_38,s3://braingeneers/braindance/25-02-25_busybees/25178ic/exp1/exp1_cont_38,18400,8.0,7.999743306866601,True,stim,73,True
s3://braingeneers/braindance/25-02-25_busybees/,25178ic,exp1/exp1_cont_19,s3://braingeneers/braindance/25-02-25_busybees/25178ic/exp1/exp1_cont_19,0,0.0,,False,spontaneous,73,True
s3://braingeneers/braindance/25-02-25_busybees/,25178ic,exp1/exp1_cont_2,s3://braingeneers/braindance/25-02-25_busybees/25178ic/exp1/exp1_cont_2,0,0.0,,False,spontaneous,73,True
s3://braingeneers/braindance/25-02-25_busybees/,25178ic,exp1/exp1_cont_39,s3://braingeneers/braindance/25-02-25_busybees/25178ic/exp1/exp1_cont_39,0,0.0,,False,spontaneous,73,True
s3://braingeneers/braindance/25-02-25_busybees/,25178ic,exp1/exp1_cont_57,s3://braingeneers/braindance/25-02-25_busybees/25178ic/exp1/exp1_cont_57,0,0.0,,False,spontaneous,73,True
s3://braingeneers/braindance/25-02-25_busybees/,25178ic,exp1/exp1_cont_52,s3://braingeneers/braindance/25-02-25_busybees/25178ic/exp1/exp1_cont_52,2300,1.0,0.9999831949335252,True,stim,73,True
s3://braingeneers/braindance/25-02-25_busybees/,25178ic,exp1/exp1_cont_62,s3://braingeneers/braindance/25-02-25_busybees/25178ic/exp1/exp1_cont_62,2300,1.0,0.9999894754300654,True,stim,73,True
s3://braingeneers/braindance/25-02-25_busybees/,25178ic,exp1/exp1_cont_34,s3://braingeneers/braindance/25-02-25_busybees/25178ic/exp1/exp1_cont_34,4600,2.0,1.999946146677425,True,stim,73,True
s3://braingeneers/braindance/25-02-25_busybees/,25178ic,exp1/exp1_cont_36,s3://braingeneers/braindance/25-02-25_busybees/25178ic/exp1/exp1_cont_36,9200,4.0,3.999945845029319,True,stim,73,True
s3://braingeneers/braindance/25-02-25_busybees/,25178ic,exp1/exp1_cont_37,s3://braingeneers/braindance/25-02-25_busybees/25178ic/exp1/exp1_cont_37,0,0.0,,False,spontaneous,73,True
s3://braingeneers/braindance/25-02-25_busybees/,25178ic,exp1/exp1_cont_28,s3://braingeneers/braindance/25-02-25_busybees/25178ic/exp1/exp1_cont_28,18400,8.0,7.999743860638558,True,stim,73,True
s3://braingeneers/braindance/25-02-25_busybees/,25178ic,exp1/exp1_cont_42,s3://braingeneers/braindance/25-02-25_busybees/25178ic/exp1/exp1_cont_42,2300,1.0,0.9999785547269692,True,stim,73,True
s3://braingeneers/braindance/25-02-25_busybees/,25178ic,exp1/exp1_cont_54,s3://braingeneers/braindance/25-02-25_busybees/25178ic/exp1/exp1_cont_54,4600,2.0,1.9999220478176285,True,stim,73,True
s3://braingeneers/braindance/25-02-25_busybees/,25178ic,exp1/exp1_cont_61,s3://braingeneers/braindance/25-02-25_busybees/25178ic/exp1/exp1_cont_61,0,0.0,,False,spontaneous,73,True
s3://braingeneers/braindance/25-02-25_busybees/,25178ic,exp1/exp1_cont_31,s3://braingeneers/braindance/25-02-25_busybees/25178ic/exp1/exp1_cont_31,0,0.0,,False,spontaneous,73,True
s3://braingeneers/braindance/25-02-25_busybees/,25178ic,exp1/exp1_cont_12,s3://braingeneers/braindance/25-02-25_busybees/25178ic/exp1/exp1_cont_12,0,0.0,,False,spontaneous,73,True
s3://braingeneers/braindance/25-02-25_busybees/,25178ic,exp1/exp1_cont_11,s3://braingeneers/braindance/25-02-25_busybees/25178ic/exp1/exp1_cont_11,1150,0.5,0.500000679806423,True,stim,73,True
s3://braingeneers/braindance/25-02-25_busybees/,25178ic,exp1/exp1_cont_64,s3://braingeneers/braindance/25-02-25_busybees/25178ic/exp1/exp1_cont_64,4600,2.0,1.9999669379190963,True,stim,73,True
s3://braingeneers/braindance/25-02-25_busybees/,25178ic,exp1/exp1_cont_13,s3://braingeneers/braindance/25-02-25_busybees/25178ic/exp1/exp1_cont_13,2300,2.0,1.6586815962069652,True,stim,73,True
s3://braingeneers/braindance/25-02-25_busybees/,25178ic,exp1/exp1_cont_8,s3://braingeneers/braindance/25-02-25_busybees/25178ic/exp1/exp1_cont_8,0,0.0,,False,spontaneous,73,True
s3://braingeneers/braindance/25-02-25_busybees/,25178ic,exp1/exp1_cont_51,s3://braingeneers/braindance/25-02-25_busybees/25178ic/exp1/exp1_cont_51,0,0.0,,False,spontaneous,73,True
s3://braingeneers/braindance/25-02-25_busybees/,25178ic,exp1/exp1_cont_66,s3://braingeneers/braindance/25-02-25_busybees/25178ic/exp1/exp1_cont_66,875,4.0,3.999675996151128,True,stim,73,True
s3://braingeneers/braindance/25-02-25_busybees/,25178ic,exp1/exp1_cont_63,s3://braingeneers/braindance/25-02-25_busybees/25178ic/exp1/exp1_cont_63,0,0.0,,False,spontaneous,73,True
s3://braingeneers/braindance/25-02-25_busybees/,25178ic,exp1/exp1_cont_53,s3://braingeneers/braindance/25-02-25_busybees/25178ic/exp1/exp1_cont_53,0,0.0,,False,spontaneous,73,True
s3://braingeneers/braindance/25-02-25_busybees/,25178ic,exp1/exp1_cont_16,s3://braingeneers/braindance/25-02-25_busybees/25178ic/exp1/exp1_cont_16,9200,4.0,3.9998563600333625,True,stim,73,True
s3://braingeneers/braindance/25-02-25_busybees/,25178ic,exp1/exp1_cont_30,s3://braingeneers/braindance/25-02-25_busybees/25178ic/exp1/exp1_cont_30,1150,0.5,0.4999955735885741,True,stim,73,True
s3://braingeneers/braindance/25-02-25_busybees/,25178ic,exp1/exp1_cont_65,s3://braingeneers/braindance/25-02-25_busybees/25178ic/exp1/exp1_cont_65,0,0.0,,False,spontaneous,73,True
s3://braingeneers/braindance/25-02-25_busybees/,25178ic,exp1/exp1_cont_6,s3://braingeneers/braindance/25-02-25_busybees/25178ic/exp1/exp1_cont_6,0,0.0,,False,spontaneous,73,True
s3://braingeneers/braindance/25-02-25_busybees/,25178ic,exp1/exp1_cont_29,s3://braingeneers/braindance/25-02-25_busybees/25178ic/exp1/exp1_cont_29,0,0.0,,False,spontaneous,73,True
s3://braingeneers/braindance/25-02-25_busybees/,25178ic,exp1/exp1_cont_5,s3://braingeneers/braindance/25-02-25_busybees/25178ic/exp1/exp1_cont_5,4600,2.0,1.9999987843704323,True,stim,73,True
s3://braingeneers/braindance/25-02-25_busybees/,25178ic,exp1/exp1_cont_18,s3://braingeneers/braindance/25-02-25_busybees/25178ic/exp1/exp1_cont_18,18400,8.0,7.99988274601387,True,stim,73,True
s3://braingeneers/braindance/25-02-25_busybees/,25178ic,exp1/exp1_cont_3,s3://braingeneers/braindance/25-02-25_busybees/25178ic/exp1/exp1_cont_3,2300,1.0,0.9999988866193308,True,stim,73,True
s3://braingeneers/braindance/25-02-25_busybees/,25178ic,exp1/exp1_cont_22,s3://braingeneers/braindance/25-02-25_busybees/25178ic/exp1/exp1_cont_22,2300,1.0,0.9999634960533564,True,stim,73,True
s3://braingeneers/braindance/25-02-25_busybees/,25178ic,exp1/exp1_cont,s3://braingeneers/braindance/25-02-25_busybees/25178ic/exp1/exp1_cont,0,0.0,,False,spontaneous,73,True
s3://braingeneers/braindance/25-02-25_busybees/,25178ic,exp1/exp1_cont_32,s3://braingeneers/braindance/25-02-25_busybees/25178ic/exp1/exp1_cont_32,2300,1.0,1.0000013420927247,True,stim,73,True
s3://braingeneers/braindance/25-02-25_busybees/,25178ic,exp1/exp1_cont_1,s3://braingeneers/braindance/25-02-25_busybees/25178ic/exp1/exp1_cont_1,1150,0.5,0.4999991374296838,True,stim,73,True
s3://braingeneers/braindance/25-02-25_busybees/,25178ic,exp1/exp1_cont_20,s3://braingeneers/braindance/25-02-25_busybees/25178ic/exp1/exp1_cont_20,1150,0.5,0.4999806005629877,True,stim,73,True
s3://braingeneers/braindance/25-02-25_busybees/,25178ic,exp1/exp1_cont_48,s3://braingeneers/braindance/25-02-25_busybees/25178ic/exp1/exp1_cont_48,18400,8.0,7.9999075770775,True,stim,73,True
s3://braingeneers/braindance/25-02-25_busybees/,25178ic,exp1/exp1_cont_33,s3://braingeneers/braindance/25-02-25_busybees/25178ic/exp1/exp1_cont_33,0,0.0,,False,spontaneous,73,True
s3://braingeneers/braindance/25-02-25_busybees/,25178ic,exp1/exp1_cont_17,s3://braingeneers/braindance/25-02-25_busybees/25178ic/exp1/exp1_cont_17,0,0.0,,False,spontaneous,73,True
s3://braingeneers/braindance/25-02-25_busybees/,25178ic,exp1/exp1_cont_4,s3://braingeneers/braindance/25-02-25_busybees/25178ic/exp1/exp1_cont_4,0,0.0,,False,spontaneous,73,True
s3://braingeneers/braindance/25-02-25_busybees/,25178ic,exp1/exp1_cont_10,s3://braingeneers/braindance/25-02-25_busybees/25178ic/exp1/exp1_cont_10,0,0.0,,False,spontaneous,73,True
s3://braingeneers/braindance/25-02-25_busybees/,25178ic,exp1/exp1_cont_60,s3://braingeneers/braindance/25-02-25_busybees/25178ic/exp1/exp1_cont_60,1150,0.5,0.4999981448306533,True,stim,73,True
s3://braingeneers/braindance/25-02-25_busybees/,25178ic,exp1/exp1_cont_47,s3://braingeneers/braindance/25-02-25_busybees/25178ic/exp1/exp1_cont_47,0,0.0,,False,spontaneous,73,True
s3://braingeneers/braindance/25-02-25_busybees/,25178ic,exp1/exp1_cont_23,s3://braingeneers/braindance/25-02-25_busybees/25178ic/exp1/exp1_cont_23,0,0.0,,False,spontaneous,73,True
s3://braingeneers/braindance/25-02-25_busybees/,25178ic,exp1/exp1_cont_7,s3://braingeneers/braindance/25-02-25_busybees/25178ic/exp1/exp1_cont_7,9200,4.0,3.9999920209764257,True,stim,73,True
s3://braingeneers/braindance/25-02-25_busybees/,25178ic,exp1/exp1_cont_21,s3://braingeneers/braindance/25-02-25_busybees/25178ic/exp1/exp1_cont_21,0,0.0,,False,spontaneous,73,True
s3://braingeneers/braindance/25-02-25_busybees/,25178ic,exp1/exp1_cont_26,s3://braingeneers/braindance/25-02-25_busybees/25178ic/exp1/exp1_cont_26,9200,4.0,3.9999239841020224,True,stim,73,True
s3://braingeneers/braindance/25-02-25_busybees/,25178ic,exp1/exp1_cont_49,s3://braingeneers/braindance/25-02-25_busybees/25178ic/exp1/exp1_cont_49,0,0.0,,False,spontaneous,73,True
s3://braingeneers/braindance/25-02-25_busybees/,25178ic,exp1/exp1_cont_50,s3://braingeneers/braindance/25-02-25_busybees/25178ic/exp1/exp1_cont_50,1150,0.5,0.4999817023826461,True,stim,73,True
s3://braingeneers/braindance/25-02-25_busybees/,25178ic,exp1/exp1_cont_55,s3://braingeneers/braindance/25-02-25_busybees/25178ic/exp1/exp1_cont_55,0,0.0,,False,spontaneous,73,True
s3://braingeneers/braindance/25-02-25_busybees/,25178ic,exp1/exp1_cont_15,s3://braingeneers/braindance/25-02-25_busybees/25178ic/exp1/exp1_cont_15,0,0.0,,False,spontaneous,73,True
s3://braingeneers/braindance/25-02-25_busybees/,25178ic,exp1/exp1_cont_56,s3://braingeneers/braindance/25-02-25_busybees/25178ic/exp1/exp1_cont_56,9200,4.0,3.9998348158348422,True,stim,73,True
s3://braingeneers/braindance/25-02-25_busybees/,25178ic,exp1/exp1_cont_35,s3://braingeneers/braindance/25-02-25_busybees/25178ic/exp1/exp1_cont_35,0,0.0,,False,spontaneous,73,True
s3://braingeneers/braindance/25-02-25_busybees/,25178ic,exp1/exp1_cont_58,s3://braingeneers/braindance/25-02-25_busybees/25178ic/exp1/exp1_cont_58,18400,8.0,7.999714176441537,True,stim,73,True
s3://braingeneers/braindance/25-02-25_busybees/,25178ic,exp1/exp1_cont_24,s3://braingeneers/braindance/25-02-25_busybees/25178ic/exp1/exp1_cont_24,4600,2.0,1.999953297957784,True,stim,73,True
s3://braingeneers/braindance/25-02-25_busybees/,25178ic,exp1/exp1_cont_27,s3://braingeneers/braindance/25-02-25_busybees/25178ic/exp1/exp1_cont_27,0,0.0,,False,spontaneous,73,True
s3://braingeneers/braindance/25-02-25_busybees/,25178ic,exp1/exp1_cont_44,s3://braingeneers/braindance/25-02-25_busybees/25178ic/exp1/exp1_cont_44,4600,2.0,1.999928311378628,True,stim,73,True
s3://braingeneers/braindance/25-02-25_busybees/,25178ic,exp1/exp1_cont_14,s3://braingeneers/braindance/25-02-25_busybees/25178ic/exp1/exp1_cont_14,4601,2.0,1.999975820096621,True,stim,73,True
s3://braingeneers/braindance/25-02-25_busybees/,25178ic,exp1/Trace_20250319_19_17_26,s3://braingeneers/braindance/25-02-25_busybees/25178ic/exp1/Trace_20250319_19_17_26,0,0.0,,False,spontaneous,73,True
s3://braingeneers/braindance/25-02-25_busybees/,25178ic,exp1/Trace_20250319_19_05_47,s3://braingeneers/braindance/25-02-25_busybees/25178ic/exp1/Trace_20250319_19_05_47,0,0.0,,False,spontaneous,73,True
s3://braingeneers/braindance/25-02-25_busybees/,25178ic,exp1/Trace_20250319_20_36_46,s3://braingeneers/braindance/25-02-25_busybees/25178ic/exp1/Trace_20250319_20_36_46,0,0.0,,False,spontaneous,73,True
s3://braingeneers/braindance/25-02-25_busybees/,25178ic,exp1/Trace_20250319_18_40_04,s3://braingeneers/braindance/25-02-25_busybees/25178ic/exp1/Trace_20250319_18_40_04,0,0.0,,False,spontaneous,73,True
s3://braingeneers/braindance/25-02-25_busybees/,25178ic,exp1/Trace_20250319_20_46_24,s3://braingeneers/braindance/25-02-25_busybees/25178ic/exp1/Trace_20250319_20_46_24,0,0.0,,False,spontaneous,73,True
s3://braingeneers/braindance/25-02-25_busybees/,25245lc,exp1/exp1_cont_147,s3://braingeneers/braindance/25-02-25_busybees/25245lc/exp1/exp1_cont_147,7600,4.0,3.999997123135115,True,stim,153,True
s3://braingeneers/braindance/25-02-25_busybees/,25245lc,exp1/exp1_cont_145,s3://braingeneers/braindance/25-02-25_busybees/25245lc/exp1/exp1_cont_145,3800,2.0,1.999997963075497,True,stim,153,True
s3://braingeneers/braindance/25-02-25_busybees/,25245lc,exp1/exp1_cont_95,s3://braingeneers/braindance/25-02-25_busybees/25245lc/exp1/exp1_cont_95,3800,2.0,2.000005247212507,True,stim,153,True
s3://braingeneers/braindance/25-02-25_busybees/,25245lc,exp1/exp1_cont_124,s3://braingeneers/braindance/25-02-25_busybees/25245lc/exp1/exp1_cont_124,0,0.0,,False,spontaneous,153,True
s3://braingeneers/braindance/25-02-25_busybees/,25245lc,exp1/exp1_cont_138,s3://braingeneers/braindance/25-02-25_busybees/25245lc/exp1/exp1_cont_138,0,0.0,,False,spontaneous,153,True
s3://braingeneers/braindance/25-02-25_busybees/,25245lc,exp1/exp1_cont_46,s3://braingeneers/braindance/25-02-25_busybees/25245lc/exp1/exp1_cont_46,0,0.0,,False,spontaneous,153,True
s3://braingeneers/braindance/25-02-25_busybees/,25245lc,exp1/exp1_cont_107,s3://braingeneers/braindance/25-02-25_busybees/25245lc/exp1/exp1_cont_107,7600,4.0,3.99998144817982,True,stim,153,True
s3://braingeneers/braindance/25-02-25_busybees/,25245lc,exp1/exp1_cont_39,s3://braingeneers/braindance/25-02-25_busybees/25245lc/exp1/exp1_cont_39,15200,8.0,8.000009810446995,True,stim,153,True
s3://braingeneers/braindance/25-02-25_busybees/,25245lc,exp1/exp1_cont_62,s3://braingeneers/braindance/25-02-25_busybees/25245lc/exp1/exp1_cont_62,0,0.0,,False,spontaneous,153,True
s3://braingeneers/braindance/25-02-25_busybees/,25245lc,exp1/exp1_cont_139,s3://braingeneers/braindance/25-02-25_busybees/25245lc/exp1/exp1_cont_139,15200,8.0,8.000009478167408,True,stim,153,True
s3://braingeneers/braindance/25-02-25_busybees/,25245lc,exp1/exp1_cont_37,s3://braingeneers/braindance/25-02-25_busybees/25245lc/exp1/exp1_cont_37,7600,4.0,3.9999945792267138,True,stim,153,True
s3://braingeneers/braindance/25-02-25_busybees/,25245lc,exp1/exp1_cont_61,s3://braingeneers/braindance/25-02-25_busybees/25245lc/exp1/exp1_cont_61,950,0.5,0.5000023881444466,True,stim,153,True
s3://braingeneers/braindance/25-02-25_busybees/,25245lc,exp1/exp1_cont_89,s3://braingeneers/braindance/25-02-25_busybees/25245lc/exp1/exp1_cont_89,15200,8.0,7.999991104473037,True,stim,153,True
s3://braingeneers/braindance/25-02-25_busybees/,25245lc,exp1/exp1_cont_111,s3://braingeneers/braindance/25-02-25_busybees/25245lc/exp1/exp1_cont_111,950,0.5,0.4999996784411998,True,stim,153,True
s3://braingeneers/braindance/25-02-25_busybees/,25245lc,exp1/exp1_cont_31,s3://braingeneers/braindance/25-02-25_busybees/25245lc/exp1/exp1_cont_31,950,0.5,0.499998898420236,True,stim,153,True
s3://braingeneers/braindance/25-02-25_busybees/,25245lc,exp1/exp1_cont_78,s3://braingeneers/braindance/25-02-25_busybees/25245lc/exp1/exp1_cont_78,0,0.0,,False,spontaneous,153,True
s3://braingeneers/braindance/25-02-25_busybees/,25245lc,exp1/exp1_cont_70,s3://braingeneers/braindance/25-02-25_busybees/25245lc/exp1/exp1_cont_70,0,0.0,,False,spontaneous,153,True
s3://braingeneers/braindance/25-02-25_busybees/,25245lc,exp1/exp1_cont_103,s3://braingeneers/braindance/25-02-25_busybees/25245lc/exp1/exp1_cont_103,1900,1.0,1.0000011348343356,True,stim,153,True
s3://braingeneers/braindance/25-02-25_busybees/,25245lc,exp1/exp1_cont_143,s3://braingeneers/braindance/25-02-25_busybees/25245lc/exp1/exp1_cont_143,1900,1.0,0.9999994547417348,True,stim,153,True
s3://braingeneers/braindance/25-02-25_busybees/,25245lc,exp1/exp1_cont_13,s3://braingeneers/braindance/25-02-25_busybees/25245lc/exp1/exp1_cont_13,1900,1.0,0.9999978300289336,True,stim,153,True
s3://braingeneers/braindance/25-02-25_busybees/,25245lc,exp1/exp1_cont_94,s3://braingeneers/braindance/25-02-25_busybees/25245lc/exp1/exp1_cont_94,0,0.0,,False,spontaneous,153,True
s3://braingeneers/braindance/25-02-25_busybees/,25245lc,exp1/exp1_cont_74,s3://braingeneers/braindance/25-02-25_busybees/25245lc/exp1/exp1_cont_74,0,0.0,,False,spontaneous,153,True
s3://braingeneers/braindance/25-02-25_busybees/,25245lc,exp1/exp1_cont_121,s3://braingeneers/braindance/25-02-25_busybees/25245lc/exp1/exp1_cont_121,950,0.5,0.4999988245285844,True,stim,153,True
s3://braingeneers/braindance/25-02-25_busybees/,25245lc,exp1/exp1_cont_65,s3://braingeneers/braindance/25-02-25_busybees/25245lc/exp1/exp1_cont_65,3800,2.0,1.999993348232657,True,stim,153,True
s3://braingeneers/braindance/25-02-25_busybees/,25245lc,exp1/exp1_cont_6,s3://braingeneers/braindance/25-02-25_busybees/25245lc/exp1/exp1_cont_6,0,0.0,,False,spontaneous,153,True
s3://braingeneers/braindance/25-02-25_busybees/,25245lc,exp1/exp1_cont_72,s3://braingeneers/braindance/25-02-25_busybees/25245lc/exp1/exp1_cont_72,0,0.0,,False,spontaneous,153,True
s3://braingeneers/braindance/25-02-25_busybees/,25245lc,exp1/exp1_cont_126,s3://braingeneers/braindance/25-02-25_busybees/25245lc/exp1/exp1_cont_126,0,0.0,,False,spontaneous,153,True
s3://braingeneers/braindance/25-02-25_busybees/,25245lc,exp1/exp1_cont_29,s3://braingeneers/braindance/25-02-25_busybees/25245lc/exp1/exp1_cont_29,15200,8.0,7.999993922067881,True,stim,153,True
s3://braingeneers/braindance/25-02-25_busybees/,25245lc,exp1/exp1_cont_140,s3://braingeneers/braindance/25-02-25_busybees/25245lc/exp1/exp1_cont_140,0,0.0,,False,spontaneous,153,True
s3://braingeneers/braindance/25-02-25_busybees/,25245lc,exp1/exp1_cont_32,s3://braingeneers/braindance/25-02-25_busybees/25245lc/exp1/exp1_cont_32,0,0.0,,False,spontaneous,153,True
s3://braingeneers/braindance/25-02-25_busybees/,25245lc,exp1/exp1_cont_134,s3://braingeneers/braindance/25-02-25_busybees/25245lc/exp1/exp1_cont_134,0,0.0,,False,spontaneous,153,True
s3://braingeneers/braindance/25-02-25_busybees/,25245lc,exp1/exp1_cont_116,s3://braingeneers/braindance/25-02-25_busybees/25245lc/exp1/exp1_cont_116,0,0.0,,False,spontaneous,153,True
s3://braingeneers/braindance/25-02-25_busybees/,25245lc,exp1/exp1_cont_27,s3://braingeneers/braindance/25-02-25_busybees/25245lc/exp1/exp1_cont_27,7600,4.0,3.999988511675127,True,stim,153,True
s3://braingeneers/braindance/25-02-25_busybees/,25245lc,exp1/exp1_cont_17,s3://braingeneers/braindance/25-02-25_busybees/25245lc/exp1/exp1_cont_17,7600,4.0,3.999974720035491,True,stim,153,True
s3://braingeneers/braindance/25-02-25_busybees/,25245lc,exp1/exp1_cont_4,s3://braingeneers/braindance/25-02-25_busybees/25245lc/exp1/exp1_cont_4,0,0.0,,False,spontaneous,153,True
s3://braingeneers/braindance/25-02-25_busybees/,25245lc,exp1/exp1_cont_86,s3://braingeneers/braindance/25-02-25_busybees/25245lc/exp1/exp1_cont_86,0,0.0,,False,spontaneous,153,True
s3://braingeneers/braindance/25-02-25_busybees/,25245lc,exp1/exp1_cont_60,s3://braingeneers/braindance/25-02-25_busybees/25245lc/exp1/exp1_cont_60,0,0.0,,False,spontaneous,153,True
s3://braingeneers/braindance/25-02-25_busybees/,25245lc,exp1/exp1_cont_75,s3://braingeneers/braindance/25-02-25_busybees/25245lc/exp1/exp1_cont_75,3800,2.0,1.999996431002981,True,stim,153,True
s3://braingeneers/braindance/25-02-25_busybees/,25245lc,exp1/exp1_cont_77,s3://braingeneers/braindance/25-02-25_busybees/25245lc/exp1/exp1_cont_77,7600,4.0,3.999994913122444,True,stim,153,True
s3://braingeneers/braindance/25-02-25_busybees/,25245lc,exp1/exp1_cont_119,s3://braingeneers/braindance/25-02-25_busybees/25245lc/exp1/exp1_cont_119,15200,8.0,8.000000072042786,True,stim,153,True
s3://braingeneers/braindance/25-02-25_busybees/,25245lc,exp1/exp1_cont_55,s3://braingeneers/braindance/25-02-25_busybees/25245lc/exp1/exp1_cont_55,3800,2.0,1.9999948521249,True,stim,153,True
s3://braingeneers/braindance/25-02-25_busybees/,25245lc,exp1/exp1_cont_112,s3://braingeneers/braindance/25-02-25_busybees/25245lc/exp1/exp1_cont_112,0,0.0,,False,spontaneous,153,True
s3://braingeneers/braindance/25-02-25_busybees/,25245lc,exp1/exp1_cont_24,s3://braingeneers/braindance/25-02-25_busybees/25245lc/exp1/exp1_cont_24,0,0.0,,False,spontaneous,153,True
s3://braingeneers/braindance/25-02-25_busybees/,25245lc,exp1/exp1_cont_131,s3://braingeneers/braindance/25-02-25_busybees/25245lc/exp1/exp1_cont_131,950,0.5,0.4999992625964459,True,stim,153,True
s3://braingeneers/braindance/25-02-25_busybees/,25245lc,exp1/exp1_cont_101,s3://braingeneers/braindance/25-02-25_busybees/25245lc/exp1/exp1_cont_101,950,0.5,0.5000004717657166,True,stim,153,True
s3://braingeneers/braindance/25-02-25_busybees/,25245lc,exp1/exp1_cont_3,s3://braingeneers/braindance/25-02-25_busybees/25245lc/exp1/exp1_cont_3,1900,1.0,1.0000033038529363,True,stim,153,True
s3://braingeneers/braindance/25-02-25_busybees/,25245lc,exp1/exp1_cont_59,s3://braingeneers/braindance/25-02-25_busybees/25245lc/exp1/exp1_cont_59,15200,8.0,7.999991987674778,True,stim,153,True
s3://braingeneers/braindance/25-02-25_busybees/,25245lc,exp1/exp1_cont_40,s3://braingeneers/braindance/25-02-25_busybees/25245lc/exp1/exp1_cont_40,0,0.0,,False,spontaneous,153,True
s3://braingeneers/braindance/25-02-25_busybees/,25245lc,exp1/exp1_cont_123,s3://braingeneers/braindance/25-02-25_busybees/25245lc/exp1/exp1_cont_123,1900,1.0,0.9999984217207696,True,stim,153,True
s3://braingeneers/braindance/25-02-25_busybees/,25245lc,exp1/exp1_cont_146,s3://braingeneers/braindance/25-02-25_busybees/25245lc/exp1/exp1_cont_146,0,0.0,,False,spontaneous,153,True
s3://braingeneers/braindance/25-02-25_busybees/,25245lc,exp1/exp1_cont_73,s3://braingeneers/braindance/25-02-25_busybees/25245lc/exp1/exp1_cont_73,1900,1.0,1.0000018522303895,True,stim,153,True
s3://braingeneers/braindance/25-02-25_busybees/,25245lc,exp1/exp1,s3://braingeneers/braindance/25-02-25_busybees/25245lc/exp1/exp1,0,0.0,,False,spontaneous,153,True
s3://braingeneers/braindance/25-02-25_busybees/,25245lc,exp1/exp1_cont_9,s3://braingeneers/braindance/25-02-25_busybees/25245lc/exp1/exp1_cont_9,15200,8.0,7.999964951342385,True,stim,153,True
s3://braingeneers/braindance/25-02-25_busybees/,25245lc,exp1/exp1_cont_43,s3://braingeneers/braindance/25-02-25_busybees/25245lc/exp1/exp1_cont_43,1900,1.0,0.9999983739905484,True,stim,153,True
s3://braingeneers/braindance/25-02-25_busybees/,25245lc,exp1/exp1_cont_98,s3://braingeneers/braindance/25-02-25_busybees/25245lc/exp1/exp1_cont_98,0,0.0,,False,spontaneous,153,True
s3://braingeneers/braindance/25-02-25_busybees/,25245lc,exp1/exp1_cont_90,s3://braingeneers/braindance/25-02-25_busybees/25245lc/exp1/exp1_cont_90,0,0.0,,False,spontaneous,153,True
s3://braingeneers/braindance/25-02-25_busybees/,25245lc,exp1/exp1_cont_69,s3://braingeneers/braindance/25-02-25_busybees/25245lc/exp1/exp1_cont_69,15200,8.0,7.999995240388708,True,stim,153,True
s3://braingeneers/braindance/25-02-25_busybees/,25245lc,exp1/exp1_cont_19,s3://braingeneers/braindance/25-02-25_busybees/25245lc/exp1/exp1_cont_19,15200,8.0,7.999973521966612,True,stim,153,True
s3://braingeneers/braindance/25-02-25_busybees/,25245lc,exp1/exp1_cont_34,s3://braingeneers/braindance/25-02-25_busybees/25245lc/exp1/exp1_cont_34,0,0.0,,False,spontaneous,153,True
s3://braingeneers/braindance/25-02-25_busybees/,25245lc,exp1/exp1_cont_64,s3://braingeneers/braindance/25-02-25_busybees/25245lc/exp1/exp1_cont_64,0,0.0,,False,spontaneous,153,True
s3://braingeneers/braindance/25-02-25_busybees/,25245lc,exp1/exp1_cont_11,s3://braingeneers/braindance/25-02-25_busybees/25245lc/exp1/exp1_cont_11,950,0.5,0.4999997084630291,True,stim,153,True
s3://braingeneers/braindance/25-02-25_busybees/,25245lc,exp1/exp1_cont_80,s3://braingeneers/braindance/25-02-25_busybees/25245lc/exp1/exp1_cont_80,0,0.0,,False,spontaneous,153,True
s3://braingeneers/braindance/25-02-25_busybees/,25245lc,exp1/exp1_cont_148,s3://braingeneers/braindance/25-02-25_busybees/25245lc/exp1/exp1_cont_148,0,0.0,,False,spontaneous,153,True
s3://braingeneers/braindance/25-02-25_busybees/,25245lc,exp1/exp1_cont_122,s3://braingeneers/braindance/25-02-25_busybees/25245lc/exp1/exp1_cont_122,0,0.0,,False,spontaneous,153,True
s3://braingeneers/braindance/25-02-25_busybees/,25245lc,exp1/exp1_cont_149,s3://braingeneers/braindance/25-02-25_busybees/25245lc/exp1/exp1_cont_149,15200,8.0,7.999998079192108,True,stim,153,True
s3://braingeneers/braindance/25-02-25_busybees/,25245lc,exp1/exp1_cont_106,s3://braingeneers/braindance/25-02-25_busybees/25245lc/exp1/exp1_cont_106,0,0.0,,False,spontaneous,153,True
s3://braingeneers/braindance/25-02-25_busybees/,25245lc,exp1/exp1_cont_8,s3://braingeneers/braindance/25-02-25_busybees/25245lc/exp1/exp1_cont_8,0,0.0,,False,spontaneous,153,True
s3://braingeneers/braindance/25-02-25_busybees/,25245lc,exp1/exp1_cont_63,s3://braingeneers/braindance/25-02-25_busybees/25245lc/exp1/exp1_cont_63,1900,1.0,0.9999962974555404,True,stim,153,True
s3://braingeneers/braindance/25-02-25_busybees/,25245lc,exp1/exp1_cont_76,s3://braingeneers/braindance/25-02-25_busybees/25245lc/exp1/exp1_cont_76,0,0.0,,False,spontaneous,153,True
s3://braingeneers/braindance/25-02-25_busybees/,25245lc,exp1/exp1_cont_120,s3://braingeneers/braindance/25-02-25_busybees/25245lc/exp1/exp1_cont_120,0,0.0,,False,spontaneous,153,True
s3://braingeneers/braindance/25-02-25_busybees/,25245lc,exp1/exp1_cont_79,s3://braingeneers/braindance/25-02-25_busybees/25245lc/exp1/exp1_cont_79,15200,8.0,7.999976360156797,True,stim,153,True
s3://braingeneers/braindance/25-02-25_busybees/,25245lc,exp1/exp1_cont_71,s3://braingeneers/braindance/25-02-25_busybees/25245lc/exp1/exp1_cont_71,950,0.5,0.4999993553630543,True,stim,153,True
s3://braingeneers/braindance/25-02-25_busybees/,25245lc,exp1/exp1_cont_20,s3://braingeneers/braindance/25-02-25_busybees/25245lc/exp1/exp1_cont_20,0,0.0,,False,spontaneous,153,True
s3://braingeneers/braindance/25-02-25_busybees/,25245lc,exp1/exp1_cont_133,s3://braingeneers/braindance/25-02-25_busybees/25245lc/exp1/exp1_cont_133,1900,1.0,0.999997894029194,True,stim,153,True
s3://braingeneers/braindance/25-02-25_busybees/,25245lc,exp1/exp1_cont_88,s3://braingeneers/braindance/25-02-25_busybees/25245lc/exp1/exp1_cont_88,0,0.0,,False,spontaneous,153,True
s3://braingeneers/braindance/25-02-25_busybees/,25245lc,exp1/exp1_cont_10,s3://braingeneers/braindance/25-02-25_busybees/25245lc/exp1/exp1_cont_10,0,0.0,,False,spontaneous,153,True
s3://braingeneers/braindance/25-02-25_busybees/,25245lc,exp1/exp1_cont_47,s3://braingeneers/braindance/25-02-25_busybees/25245lc/exp1/exp1_cont_47,7600,4.0,3.999992907822651,True,stim,153,True
s3://braingeneers/braindance/25-02-25_busybees/,25245lc,exp1/exp1_cont_49,s3://braingeneers/braindance/25-02-25_busybees/25245lc/exp1/exp1_cont_49,15200,8.0,7.99997679355094,True,stim,153,True
s3://braingeneers/braindance/25-02-25_busybees/,25245lc,exp1/exp1_cont_129,s3://braingeneers/braindance/25-02-25_busybees/25245lc/exp1/exp1_cont_129,15200,8.0,7.999971940235408,True,stim,153,True
s3://braingeneers/braindance/25-02-25_busybees/,25245lc,exp1/exp1_cont_15,s3://braingeneers/braindance/25-02-25_busybees/25245lc/exp1/exp1_cont_15,3800,2.0,1.9999989369186453,True,stim,153,True
s3://braingeneers/braindance/25-02-25_busybees/,25245lc,exp1/exp1_cont_56,s3://braingeneers/braindance/25-02-25_busybees/25245lc/exp1/exp1_cont_56,0,0.0,,False,spontaneous,153,True
s3://braingeneers/braindance/25-02-25_busybees/,25245lc,exp1/exp1_cont_58,s3://braingeneers/braindance/25-02-25_busybees/25245lc/exp1/exp1_cont_58,0,0.0,,False,spontaneous,153,True
s3://braingeneers/braindance/25-02-25_busybees/,25245lc,exp1/exp1_cont_113,s3://braingeneers/braindance/25-02-25_busybees/25245lc/exp1/exp1_cont_113,1900,1.0,1.0000001984818794,True,stim,153,True
s3://braingeneers/braindance/25-02-25_busybees/,25245lc,exp1/exp1_cont_135,s3://braingeneers/braindance/25-02-25_busybees/25245lc/exp1/exp1_cont_135,3800,2.0,1.9999955694112064,True,stim,153,True
s3://braingeneers/braindance/25-02-25_busybees/,25245lc,exp1/exp1_cont_142,s3://braingeneers/braindance/25-02-25_busybees/25245lc/exp1/exp1_cont_142,0,0.0,,False,spontaneous,153,True
s3://braingeneers/braindance/25-02-25_busybees/,25245lc,exp1/exp1_cont_48,s3://braingeneers/braindance/25-02-25_busybees/25245lc/exp1/exp1_cont_48,0,0.0,,False,spontaneous,153,True
s3://braingeneers/braindance/25-02-25_busybees/,25245lc,exp1/exp1_cont_14,s3://braingeneers/braindance/25-02-25_busybees/25245lc/exp1/exp1_cont_14,0,0.0,,False,spontaneous,153,True
s3://braingeneers/braindance/25-02-25_busybees/,25245lc,exp1/exp1_cont_81,s3://braingeneers/braindance/25-02-25_busybees/25245lc/exp1/exp1_cont_81,950,0.5,0.5000009132358593,True,stim,153,True
s3://braingeneers/braindance/25-02-25_busybees/,25245lc,exp1/exp1_cont_96,s3://braingeneers/braindance/25-02-25_busybees/25245lc/exp1/exp1_cont_96,0,0.0,,False,spontaneous,153,True
s3://braingeneers/braindance/25-02-25_busybees/,25245lc,exp1/exp1_cont_99,s3://braingeneers/braindance/25-02-25_busybees/25245lc/exp1/exp1_cont_99,15200,8.0,7.999980319621144,True,stim,153,True
s3://braingeneers/braindance/25-02-25_busybees/,25245lc,exp1/exp1_cont_41,s3://braingeneers/braindance/25-02-25_busybees/25245lc/exp1/exp1_cont_41,950,0.5,0.5000000146512029,True,stim,153,True
s3://braingeneers/braindance/25-02-25_busybees/,25245lc,exp1/exp1_cont_125,s3://braingeneers/braindance/25-02-25_busybees/25245lc/exp1/exp1_cont_125,3800,2.0,1.999996479310235,True,stim,153,True
s3://braingeneers/braindance/25-02-25_busybees/,25245lc,exp1/exp1_cont_144,s3://braingeneers/braindance/25-02-25_busybees/25245lc/exp1/exp1_cont_144,0,0.0,,False,spontaneous,153,True
s3://braingeneers/braindance/25-02-25_busybees/,25245lc,exp1/exp1_cont_117,s3://braingeneers/braindance/25-02-25_busybees/25245lc/exp1/exp1_cont_117,7600,4.0,3.999985504705311,True,stim,153,True
s3://braingeneers/braindance/25-02-25_busybees/,25245lc,exp1/exp1_cont_130,s3://braingeneers/braindance/25-02-25_busybees/25245lc/exp1/exp1_cont_130,0,0.0,,False,spontaneous,153,True
s3://braingeneers/braindance/25-02-25_busybees/,25245lc,exp1/exp1_cont_108,s3://braingeneers/braindance/25-02-25_busybees/25245lc/exp1/exp1_cont_108,0,0.0,,False,spontaneous,153,True
s3://braingeneers/braindance/25-02-25_busybees/,25245lc,exp1/exp1_cont_2,s3://braingeneers/braindance/25-02-25_busybees/25245lc/exp1/exp1_cont_2,0,0.0,,False,spontaneous,153,True
s3://braingeneers/braindance/25-02-25_busybees/,25245lc,exp1/exp1_cont_82,s3://braingeneers/braindance/25-02-25_busybees/25245lc/exp1/exp1_cont_82,0,0.0,,False,spontaneous,153,True
s3://braingeneers/braindance/25-02-25_busybees/,25245lc,exp1/exp1_cont_36,s3://braingeneers/braindance/25-02-25_busybees/25245lc/exp1/exp1_cont_36,0,0.0,,False,spontaneous,153,True
s3://braingeneers/braindance/25-02-25_busybees/,25245lc,exp1/exp1_cont_54,s3://braingeneers/braindance/25-02-25_busybees/25245lc/exp1/exp1_cont_54,0,0.0,,False,spontaneous,153,True
s3://braingeneers/braindance/25-02-25_busybees/,25245lc,exp1/exp1_cont_114,s3://braingeneers/braindance/25-02-25_busybees/25245lc/exp1/exp1_cont_114,0,0.0,,False,spontaneous,153,True
s3://braingeneers/braindance/25-02-25_busybees/,25245lc,exp1/exp1_cont_100,s3://braingeneers/braindance/25-02-25_busybees/25245lc/exp1/exp1_cont_100,0,0.0,,False,spontaneous,153,True
s3://braingeneers/braindance/25-02-25_busybees/,25245lc,exp1/exp1_cont_150,s3://braingeneers/braindance/25-02-25_busybees/25245lc/exp1/exp1_cont_150,0,0.0,,False,spontaneous,153,True
s3://braingeneers/braindance/25-02-25_busybees/,25245lc,exp1/exp1_cont_83,s3://braingeneers/braindance/25-02-25_busybees/25245lc/exp1/exp1_cont_83,1900,1.0,0.9999984080093683,True,stim,153,True
s3://braingeneers/braindance/25-02-25_busybees/,25245lc,exp1/exp1_cont_93,s3://braingeneers/braindance/25-02-25_busybees/25245lc/exp1/exp1_cont_93,1900,1.0,0.9999976406216646,True,stim,153,True
s3://braingeneers/braindance/25-02-25_busybees/,25245lc,exp1/exp1_cont_137,s3://braingeneers/braindance/25-02-25_busybees/25245lc/exp1/exp1_cont_137,7600,4.0,3.999982682849032,True,stim,153,True
s3://braingeneers/braindance/25-02-25_busybees/,25245lc,exp1/exp1_cont_51,s3://braingeneers/braindance/25-02-25_busybees/25245lc/exp1/exp1_cont_51,950,0.5,0.5000000761609791,True,stim,153,True
s3://braingeneers/braindance/25-02-25_busybees/,25245lc,exp1/exp1_cont_118,s3://braingeneers/braindance/25-02-25_busybees/25245lc/exp1/exp1_cont_118,0,0.0,,False,spontaneous,153,True
s3://braingeneers/braindance/25-02-25_busybees/,25245lc,exp1/exp1_cont_53,s3://braingeneers/braindance/25-02-25_busybees/25245lc/exp1/exp1_cont_53,1900,1.0,0.999997145647416,True,stim,153,True
s3://braingeneers/braindance/25-02-25_busybees/,25245lc,exp1/exp1_cont_30,s3://braingeneers/braindance/25-02-25_busybees/25245lc/exp1/exp1_cont_30,0,0.0,,False,spontaneous,153,True
s3://braingeneers/braindance/25-02-25_busybees/,25245lc,exp1/exp1_cont_67,s3://braingeneers/braindance/25-02-25_busybees/25245lc/exp1/exp1_cont_67,7600,4.0,3.9999946014233583,True,stim,153,True
s3://braingeneers/braindance/25-02-25_busybees/,25245lc,exp1/exp1_cont_97,s3://braingeneers/braindance/25-02-25_busybees/25245lc/exp1/exp1_cont_97,7600,4.0,3.9999812273948225,True,stim,153,True
s3://braingeneers/braindance/25-02-25_busybees/,25245lc,exp1/exp1_cont_22,s3://braingeneers/braindance/25-02-25_busybees/25245lc/exp1/exp1_cont_22,0,0.0,,False,spontaneous,153,True
s3://braingeneers/braindance/25-02-25_busybees/,25245lc,exp1/exp1_cont,s3://braingeneers/braindance/25-02-25_busybees/25245lc/exp1/exp1_cont,0,0.0,,False,spontaneous,153,True
s3://braingeneers/braindance/25-02-25_busybees/,25245lc,exp1/exp1_cont_1,s3://braingeneers/braindance/25-02-25_busybees/25245lc/exp1/exp1_cont_1,950,0.5,0.4999989598509521,True,stim,153,True
s3://braingeneers/braindance/25-02-25_busybees/,25245lc,exp1/exp1_cont_23,s3://braingeneers/braindance/25-02-25_busybees/25245lc/exp1/exp1_cont_23,1900,1.0,1.000000114892587,True,stim,153,True
s3://braingeneers/braindance/25-02-25_busybees/,25245lc,exp1/exp1_cont_7,s3://braingeneers/braindance/25-02-25_busybees/25245lc/exp1/exp1_cont_7,7600,4.0,3.999999490448838,True,stim,153,True
s3://braingeneers/braindance/25-02-25_busybees/,25245lc,exp1/exp1_cont_26,s3://braingeneers/braindance/25-02-25_busybees/25245lc/exp1/exp1_cont_26,0,0.0,,False,spontaneous,153,True
s3://braingeneers/braindance/25-02-25_busybees/,25245lc,exp1/exp1_cont_50,s3://braingeneers/braindance/25-02-25_busybees/25245lc/exp1/exp1_cont_50,0,0.0,,False,spontaneous,153,True
s3://braingeneers/braindance/25-02-25_busybees/,25245lc,exp1/exp1_cont_141,s3://braingeneers/braindance/25-02-25_busybees/25245lc/exp1/exp1_cont_141,950,0.5,0.50000046888848,True,stim,153,True
s3://braingeneers/braindance/25-02-25_busybees/,25245lc,exp1/exp1_cont_91,s3://braingeneers/braindance/25-02-25_busybees/25245lc/exp1/exp1_cont_91,950,0.5,0.4999990272266005,True,stim,153,True
s3://braingeneers/braindance/25-02-25_busybees/,25245lc,exp1/exp1_cont_44,s3://braingeneers/braindance/25-02-25_busybees/25245lc/exp1/exp1_cont_44,0,0.0,,False,spontaneous,153,True
s3://braingeneers/braindance/25-02-25_busybees/,25245lc,exp1/exp1_cont_105,s3://braingeneers/braindance/25-02-25_busybees/25245lc/exp1/exp1_cont_105,3800,2.0,1.999999468417077,True,stim,153,True
s3://braingeneers/braindance/25-02-25_busybees/,25245lc,exp1/exp1_cont_104,s3://braingeneers/braindance/25-02-25_busybees/25245lc/exp1/exp1_cont_104,0,0.0,,False,spontaneous,153,True
s3://braingeneers/braindance/25-02-25_busybees/,25245lc,exp1/exp1_cont_45,s3://braingeneers/braindance/25-02-25_busybees/25245lc/exp1/exp1_cont_45,3800,2.0,1.9999986313712992,True,stim,153,True
s3://braingeneers/braindance/25-02-25_busybees/,25245lc,exp1/exp1_cont_84,s3://braingeneers/braindance/25-02-25_busybees/25245lc/exp1/exp1_cont_84,0,0.0,,False,spontaneous,153,True
s3://braingeneers/braindance/25-02-25_busybees/,25245lc,exp1/exp1_cont_25,s3://braingeneers/braindance/25-02-25_busybees/25245lc/exp1/exp1_cont_25,3800,2.0,1.999999289555388,True,stim,153,True
s3://braingeneers/braindance/25-02-25_busybees/,25245lc,exp1/exp1_cont_38,s3://braingeneers/braindance/25-02-25_busybees/25245lc/exp1/exp1_cont_38,0,0.0,,False,spontaneous,153,True
s3://braingeneers/braindance/25-02-25_busybees/,25245lc,exp1/exp1_cont_92,s3://braingeneers/braindance/25-02-25_busybees/25245lc/exp1/exp1_cont_92,0,0.0,,False,spontaneous,153,True
s3://braingeneers/braindance/25-02-25_busybees/,25245lc,exp1/exp1_cont_57,s3://braingeneers/braindance/25-02-25_busybees/25245lc/exp1/exp1_cont_57,7600,4.0,3.999992914116011,True,stim,153,True
s3://braingeneers/braindance/25-02-25_busybees/,25245lc,exp1/exp1_cont_52,s3://braingeneers/braindance/25-02-25_busybees/25245lc/exp1/exp1_cont_52,0,0.0,,False,spontaneous,153,True
s3://braingeneers/braindance/25-02-25_busybees/,25245lc,exp1/exp1_cont_42,s3://braingeneers/braindance/25-02-25_busybees/25245lc/exp1/exp1_cont_42,0,0.0,,False,spontaneous,153,True
s3://braingeneers/braindance/25-02-25_busybees/,25245lc,exp1/exp1_cont_127,s3://braingeneers/braindance/25-02-25_busybees/25245lc/exp1/exp1_cont_127,7600,4.0,4.000015586427284,True,stim,153,True
s3://braingeneers/braindance/25-02-25_busybees/,25245lc,exp1/exp1_cont_128,s3://braingeneers/braindance/25-02-25_busybees/25245lc/exp1/exp1_cont_128,0,0.0,,False,spontaneous,153,True
s3://braingeneers/braindance/25-02-25_busybees/,25245lc,exp1/exp1_cont_12,s3://braingeneers/braindance/25-02-25_busybees/25245lc/exp1/exp1_cont_12,0,0.0,,False,spontaneous,153,True
s3://braingeneers/braindance/25-02-25_busybees/,25245lc,exp1/exp1_cont_115,s3://braingeneers/braindance/25-02-25_busybees/25245lc/exp1/exp1_cont_115,3800,2.0,1.999997815742305,True,stim,153,True
s3://braingeneers/braindance/25-02-25_busybees/,25245lc,exp1/exp1_cont_132,s3://braingeneers/braindance/25-02-25_busybees/25245lc/exp1/exp1_cont_132,0,0.0,,False,spontaneous,153,True
s3://braingeneers/braindance/25-02-25_busybees/,25245lc,exp1/exp1_cont_66,s3://braingeneers/braindance/25-02-25_busybees/25245lc/exp1/exp1_cont_66,0,0.0,,False,spontaneous,153,True
s3://braingeneers/braindance/25-02-25_busybees/,25245lc,exp1/exp1_cont_85,s3://braingeneers/braindance/25-02-25_busybees/25245lc/exp1/exp1_cont_85,3800,2.0,1.9999973806172595,True,stim,153,True
s3://braingeneers/braindance/25-02-25_busybees/,25245lc,exp1/exp1_cont_151,s3://braingeneers/braindance/25-02-25_busybees/25245lc/exp1/exp1_cont_151,310,0.5,0.5000060790682573,True,stim,153,True
s3://braingeneers/braindance/25-02-25_busybees/,25245lc,exp1/exp1_cont_16,s3://braingeneers/braindance/25-02-25_busybees/25245lc/exp1/exp1_cont_16,0,0.0,,False,spontaneous,153,True
s3://braingeneers/braindance/25-02-25_busybees/,25245lc,exp1/exp1_cont_110,s3://braingeneers/braindance/25-02-25_busybees/25245lc/exp1/exp1_cont_110,0,0.0,,False,spontaneous,153,True
s3://braingeneers/braindance/25-02-25_busybees/,25245lc,exp1/exp1_cont_5,s3://braingeneers/braindance/25-02-25_busybees/25245lc/exp1/exp1_cont_5,3800,2.0,1.999991694760454,True,stim,153,True
s3://braingeneers/braindance/25-02-25_busybees/,25245lc,exp1/exp1_cont_18,s3://braingeneers/braindance/25-02-25_busybees/25245lc/exp1/exp1_cont_18,0,0.0,,False,spontaneous,153,True
s3://braingeneers/braindance/25-02-25_busybees/,25245lc,exp1/exp1_cont_109,s3://braingeneers/braindance/25-02-25_busybees/25245lc/exp1/exp1_cont_109,15200,8.0,7.999968049288709,True,stim,153,True
s3://braingeneers/braindance/25-02-25_busybees/,25245lc,exp1/exp1_cont_68,s3://braingeneers/braindance/25-02-25_busybees/25245lc/exp1/exp1_cont_68,0,0.0,,False,spontaneous,153,True
s3://braingeneers/braindance/25-02-25_busybees/,25245lc,exp1/exp1_cont_87,s3://braingeneers/braindance/25-02-25_busybees/25245lc/exp1/exp1_cont_87,7600,4.0,3.999996560405143,True,stim,153,True
s3://braingeneers/braindance/25-02-25_busybees/,25245lc,exp1/exp1_cont_136,s3://braingeneers/braindance/25-02-25_busybees/25245lc/exp1/exp1_cont_136,0,0.0,,False,spontaneous,153,True
s3://braingeneers/braindance/25-02-25_busybees/,25245lc,exp1/exp1_cont_21,s3://braingeneers/braindance/25-02-25_busybees/25245lc/exp1/exp1_cont_21,950,0.5,0.5000003430060359,True,stim,153,True
s3://braingeneers/braindance/25-02-25_busybees/,25245lc,exp1/exp1_cont_102,s3://braingeneers/braindance/25-02-25_busybees/25245lc/exp1/exp1_cont_102,0,0.0,,False,spontaneous,153,True
s3://braingeneers/braindance/25-02-25_busybees/,25245lc,exp1/exp1_cont_35,s3://braingeneers/braindance/25-02-25_busybees/25245lc/exp1/exp1_cont_35,3800,2.0,1.999998891955352,True,stim,153,True
s3://braingeneers/braindance/25-02-25_busybees/,25245lc,exp1/exp1_cont_33,s3://braingeneers/braindance/25-02-25_busybees/25245lc/exp1/exp1_cont_33,1900,1.0,1.0000008127953033,True,stim,153,True
s3://braingeneers/braindance/25-02-25_busybees/,25245lc,exp1/exp1_cont_28,s3://braingeneers/braindance/25-02-25_busybees/25245lc/exp1/exp1_cont_28,0,0.0,,False,spontaneous,153,True
s3://braingeneersdev/asrobbin/braindance_data/25-02-25_busybees/,21985ic,exp1/exp1_cont_40,s3://braingeneersdev/asrobbin/braindance_data/25-02-25_busybees/21985ic/exp1/exp1_cont_40,0,0.0,,False,spontaneous,47,True
s3://braingeneersdev/asrobbin/braindance_data/25-02-25_busybees/,21985ic,exp1/exp1_cont_45,s3://braingeneersdev/asrobbin/braindance_data/25-02-25_busybees/21985ic/exp1/exp1_cont_45,3522,2.0,1.999994838642127,True,stim,47,True
s3://braingeneersdev/asrobbin/braindance_data/25-02-25_busybees/,21985ic,exp1/exp1_cont_41,s3://braingeneersdev/asrobbin/braindance_data/25-02-25_busybees/21985ic/exp1/exp1_cont_41,1050,0.5,0.4999882093328462,True,stim,47,True
s3://braingeneersdev/asrobbin/braindance_data/25-02-25_busybees/,21985ic,exp1/exp1_cont_25,s3://braingeneersdev/asrobbin/braindance_data/25-02-25_busybees/21985ic/exp1/exp1_cont_25,4200,2.0,1.9999267643917964,True,stim,47,True
s3://braingeneersdev/asrobbin/braindance_data/25-02-25_busybees/,21985ic,exp1/exp1,s3://braingeneersdev/asrobbin/braindance_data/25-02-25_busybees/21985ic/exp1/exp1,0,0.0,,False,spontaneous,47,True
s3://braingeneersdev/asrobbin/braindance_data/25-02-25_busybees/,21985ic,exp1/exp1_cont_9,s3://braingeneersdev/asrobbin/braindance_data/25-02-25_busybees/21985ic/exp1/exp1_cont_9,16800,8.0,7.999991086481511,True,stim,47,True
s3://braingeneersdev/asrobbin/braindance_data/25-02-25_busybees/,21985ic,exp1/exp1_cont_43,s3://braingeneersdev/asrobbin/braindance_data/25-02-25_busybees/21985ic/exp1/exp1_cont_43,2100,1.0,0.999973687257875,True,stim,47,True
s3://braingeneersdev/asrobbin/braindance_data/25-02-25_busybees/,21985ic,exp1/exp1_cont_38,s3://braingeneersdev/asrobbin/braindance_data/25-02-25_busybees/21985ic/exp1/exp1_cont_38,0,0.0,,False,spontaneous,47,True
s3://braingeneersdev/asrobbin/braindance_data/25-02-25_busybees/,21985ic,exp1/exp1_cont_19,s3://braingeneersdev/asrobbin/braindance_data/25-02-25_busybees/21985ic/exp1/exp1_cont_19,16800,8.0,7.999999317902264,True,stim,47,True
s3://braingeneersdev/asrobbin/braindance_data/25-02-25_busybees/,21985ic,exp1/exp1_cont_2,s3://braingeneersdev/asrobbin/braindance_data/25-02-25_busybees/21985ic/exp1/exp1_cont_2,0,0.0,,False,spontaneous,47,True
s3://braingeneersdev/asrobbin/braindance_data/25-02-25_busybees/,21985ic,exp1/exp1_cont_39,s3://braingeneersdev/asrobbin/braindance_data/25-02-25_busybees/21985ic/exp1/exp1_cont_39,16800,8.0,7.999681970664723,True,stim,47,True
s3://braingeneersdev/asrobbin/braindance_data/25-02-25_busybees/,21985ic,exp1/exp1_cont_34,s3://braingeneersdev/asrobbin/braindance_data/25-02-25_busybees/21985ic/exp1/exp1_cont_34,0,0.0,,False,spontaneous,47,True
s3://braingeneersdev/asrobbin/braindance_data/25-02-25_busybees/,21985ic,exp1/exp1_cont_36,s3://braingeneersdev/asrobbin/braindance_data/25-02-25_busybees/21985ic/exp1/exp1_cont_36,0,0.0,,False,spontaneous,47,True
s3://braingeneersdev/asrobbin/braindance_data/25-02-25_busybees/,21985ic,exp1/exp1_cont_37,s3://braingeneersdev/asrobbin/braindance_data/25-02-25_busybees/21985ic/exp1/exp1_cont_37,8400,4.0,3.9998224897142527,True,stim,47,True
s3://braingeneersdev/asrobbin/braindance_data/25-02-25_busybees/,21985ic,exp1/exp1_cont_28,s3://braingeneersdev/asrobbin/braindance_data/25-02-25_busybees/21985ic/exp1/exp1_cont_28,0,0.0,,False,spontaneous,47,True
s3://braingeneersdev/asrobbin/braindance_data/25-02-25_busybees/,21985ic,exp1/exp1_cont_42,s3://braingeneersdev/asrobbin/braindance_data/25-02-25_busybees/21985ic/exp1/exp1_cont_42,0,0.0,,False,spontaneous,47,True
s3://braingeneersdev/asrobbin/braindance_data/25-02-25_busybees/,21985ic,exp1/exp1_cont_31,s3://braingeneersdev/asrobbin/braindance_data/25-02-25_busybees/21985ic/exp1/exp1_cont_31,1050,0.5,0.4999827678077012,True,stim,47,True
s3://braingeneersdev/asrobbin/braindance_data/25-02-25_busybees/,21985ic,exp1/exp1_cont_12,s3://braingeneersdev/asrobbin/braindance_data/25-02-25_busybees/21985ic/exp1/exp1_cont_12,0,0.0,,False,spontaneous,47,True
s3://braingeneersdev/asrobbin/braindance_data/25-02-25_busybees/,21985ic,exp1/exp1_cont_11,s3://braingeneersdev/asrobbin/braindance_data/25-02-25_busybees/21985ic/exp1/exp1_cont_11,1050,0.5,0.4999993445728313,True,stim,47,True
s3://braingeneersdev/asrobbin/braindance_data/25-02-25_busybees/,21985ic,exp1/exp1_cont_13,s3://braingeneersdev/asrobbin/braindance_data/25-02-25_busybees/21985ic/exp1/exp1_cont_13,2100,1.0,0.999996887325044,True,stim,47,True
s3://braingeneersdev/asrobbin/braindance_data/25-02-25_busybees/,21985ic,exp1/exp1_cont_8,s3://braingeneersdev/asrobbin/braindance_data/25-02-25_busybees/21985ic/exp1/exp1_cont_8,0,0.0,,False,spontaneous,47,True
s3://braingeneersdev/asrobbin/braindance_data/25-02-25_busybees/,21985ic,exp1/exp1_cont_16,s3://braingeneersdev/asrobbin/braindance_data/25-02-25_busybees/21985ic/exp1/exp1_cont_16,0,0.0,,False,spontaneous,47,True
s3://braingeneersdev/asrobbin/braindance_data/25-02-25_busybees/,21985ic,exp1/exp1_cont_30,s3://braingeneersdev/asrobbin/braindance_data/25-02-25_busybees/21985ic/exp1/exp1_cont_30,0,0.0,,False,spontaneous,47,True
s3://braingeneersdev/asrobbin/braindance_data/25-02-25_busybees/,21985ic,exp1/exp1_cont_6,s3://braingeneersdev/asrobbin/braindance_data/25-02-25_busybees/21985ic/exp1/exp1_cont_6,0,0.0,,False,spontaneous,47,True
s3://braingeneersdev/asrobbin/braindance_data/25-02-25_busybees/,21985ic,exp1/exp1_cont_29,s3://braingeneersdev/asrobbin/braindance_data/25-02-25_busybees/21985ic/exp1/exp1_cont_29,16800,8.0,7.9999719383135455,True,stim,47,True
s3://braingeneersdev/asrobbin/braindance_data/25-02-25_busybees/,21985ic,exp1/exp1_cont_5,s3://braingeneersdev/asrobbin/braindance_data/25-02-25_busybees/21985ic/exp1/exp1_cont_5,4200,2.0,1.999998497397657,True,stim,47,True
s3://braingeneersdev/asrobbin/braindance_data/25-02-25_busybees/,21985ic,exp1/exp1_cont_18,s3://braingeneersdev/asrobbin/braindance_data/25-02-25_busybees/21985ic/exp1/exp1_cont_18,0,0.0,,False,spontaneous,47,True
s3://braingeneersdev/asrobbin/braindance_data/25-02-25_busybees/,21985ic,exp1/exp1_cont_3,s3://braingeneersdev/asrobbin/braindance_data/25-02-25_busybees/21985ic/exp1/exp1_cont_3,2100,1.0,0.9999979625353568,True,stim,47,True
s3://braingeneersdev/asrobbin/braindance_data/25-02-25_busybees/,21985ic,exp1/exp1_cont_22,s3://braingeneersdev/asrobbin/braindance_data/25-02-25_busybees/21985ic/exp1/exp1_cont_22,0,0.0,,False,spontaneous,47,True
s3://braingeneersdev/asrobbin/braindance_data/25-02-25_busybees/,21985ic,exp1/exp1_cont,s3://braingeneersdev/asrobbin/braindance_data/25-02-25_busybees/21985ic/exp1/exp1_cont,0,0.0,,False,spontaneous,47,True
s3://braingeneersdev/asrobbin/braindance_data/25-02-25_busybees/,21985ic,exp1/exp1_cont_32,s3://braingeneersdev/asrobbin/braindance_data/25-02-25_busybees/21985ic/exp1/exp1_cont_32,0,0.0,,False,spontaneous,47,True
s3://braingeneersdev/asrobbin/braindance_data/25-02-25_busybees/,21985ic,exp1/exp1_cont_1,s3://braingeneersdev/asrobbin/braindance_data/25-02-25_busybees/21985ic/exp1/exp1_cont_1,1050,0.5,0.4999996520960492,True,stim,47,True
s3://braingeneersdev/asrobbin/braindance_data/25-02-25_busybees/,21985ic,exp1/exp1_cont_20,s3://braingeneersdev/asrobbin/braindance_data/25-02-25_busybees/21985ic/exp1/exp1_cont_20,0,0.0,,False,spontaneous,47,True
s3://braingeneersdev/asrobbin/braindance_data/25-02-25_busybees/,21985ic,exp1/exp1_cont_33,s3://braingeneersdev/asrobbin/braindance_data/25-02-25_busybees/21985ic/exp1/exp1_cont_33,2100,1.0,0.9999771419932,True,stim,47,True
s3://braingeneersdev/asrobbin/braindance_data/25-02-25_busybees/,21985ic,exp1/exp1_cont_17,s3://braingeneersdev/asrobbin/braindance_data/25-02-25_busybees/21985ic/exp1/exp1_cont_17,8400,4.0,4.000003765615598,True,stim,47,True
s3://braingeneersdev/asrobbin/braindance_data/25-02-25_busybees/,21985ic,exp1/exp1_cont_4,s3://braingeneersdev/asrobbin/braindance_data/25-02-25_busybees/21985ic/exp1/exp1_cont_4,0,0.0,,False,spontaneous,47,True
s3://braingeneersdev/asrobbin/braindance_data/25-02-25_busybees/,21985ic,exp1/exp1_cont_10,s3://braingeneersdev/asrobbin/braindance_data/25-02-25_busybees/21985ic/exp1/exp1_cont_10,0,0.0,,False,spontaneous,47,True
s3://braingeneersdev/asrobbin/braindance_data/25-02-25_busybees/,21985ic,exp1/exp1_cont_23,s3://braingeneersdev/asrobbin/braindance_data/25-02-25_busybees/21985ic/exp1/exp1_cont_23,2100,1.0,0.9999857855065178,True,stim,47,True
s3://braingeneersdev/asrobbin/braindance_data/25-02-25_busybees/,21985ic,exp1/exp1_cont_7,s3://braingeneersdev/asrobbin/braindance_data/25-02-25_busybees/21985ic/exp1/exp1_cont_7,8400,4.0,3.999999879648599,True,stim,47,True
s3://braingeneersdev/asrobbin/braindance_data/25-02-25_busybees/,21985ic,exp1/exp1_cont_21,s3://braingeneersdev/asrobbin/braindance_data/25-02-25_busybees/21985ic/exp1/exp1_cont_21,1050,0.5,0.4999800595969653,True,stim,47,True
s3://braingeneersdev/asrobbin/braindance_data/25-02-25_busybees/,21985ic,exp1/exp1_cont_26,s3://braingeneersdev/asrobbin/braindance_data/25-02-25_busybees/21985ic/exp1/exp1_cont_26,0,0.0,,False,spontaneous,47,True
s3://braingeneersdev/asrobbin/braindance_data/25-02-25_busybees/,21985ic,exp1/exp1_cont_15,s3://braingeneersdev/asrobbin/braindance_data/25-02-25_busybees/21985ic/exp1/exp1_cont_15,4200,2.0,1.9999931507850257,True,stim,47,True
s3://braingeneersdev/asrobbin/braindance_data/25-02-25_busybees/,21985ic,exp1/exp1_cont_35,s3://braingeneersdev/asrobbin/braindance_data/25-02-25_busybees/21985ic/exp1/exp1_cont_35,4200,2.0,1.9999685985830904,True,stim,47,True
s3://braingeneersdev/asrobbin/braindance_data/25-02-25_busybees/,21985ic,exp1/exp1_cont_24,s3://braingeneersdev/asrobbin/braindance_data/25-02-25_busybees/21985ic/exp1/exp1_cont_24,0,0.0,,False,spontaneous,47,True
s3://braingeneersdev/asrobbin/braindance_data/25-02-25_busybees/,21985ic,exp1/exp1_cont_27,s3://braingeneersdev/asrobbin/braindance_data/25-02-25_busybees/21985ic/exp1/exp1_cont_27,8400,4.0,3.9999767984735057,True,stim,47,True
s3://braingeneersdev/asrobbin/braindance_data/25-02-25_busybees/,21985ic,exp1/exp1_cont_44,s3://braingeneersdev/asrobbin/braindance_data/25-02-25_busybees/21985ic/exp1/exp1_cont_44,0,0.0,,False,spontaneous,47,True
s3://braingeneersdev/asrobbin/braindance_data/25-02-25_busybees/,21985ic,exp1/exp1_cont_14,s3://braingeneersdev/asrobbin/braindance_data/25-02-25_busybees/21985ic/exp1/exp1_cont_14,0,0.0,,False,spontaneous,47,True
s3://braingeneersdev/asrobbin/braindance_data/25-02-25_busybees/,25178ic,exp1/Trace_20250319_20_36_46,s3://braingeneersdev/asrobbin/braindance_data/25-02-25_busybees/25178ic/exp1/Trace_20250319_20_36_46,0,0.0,,False,spontaneous,5,True
s3://braingeneersdev/asrobbin/braindance_data/25-02-25_busybees/,25178ic,exp1/Trace_20250319_18_40_04,s3://braingeneersdev/asrobbin/braindance_data/25-02-25_busybees/25178ic/exp1/Trace_20250319_18_40_04,0,0.0,,False,spontaneous,5,True
s3://braingeneersdev/asrobbin/braindance_data/25-02-25_busybees/,25178ic,exp1/Trace_20250319_19_17_26,s3://braingeneersdev/asrobbin/braindance_data/25-02-25_busybees/25178ic/exp1/Trace_20250319_19_17_26,0,0.0,,False,spontaneous,5,True
s3://braingeneersdev/asrobbin/braindance_data/25-02-25_busybees/,25178ic,exp1/Trace_20250319_20_46_24,s3://braingeneersdev/asrobbin/braindance_data/25-02-25_busybees/25178ic/exp1/Trace_20250319_20_46_24,0,0.0,,False,spontaneous,5,True
s3://braingeneersdev/asrobbin/braindance_data/25-02-25_busybees/,25178ic,exp1/Trace_20250319_19_05_47,s3://braingeneersdev/asrobbin/braindance_data/25-02-25_busybees/25178ic/exp1/Trace_20250319_19_05_47,0,0.0,,False,spontaneous,5,True
s3://braingeneers/braindance/25_04_15_busiest_bee/,23117kv,exp1/exp1_cont_95,s3://braingeneers/braindance/25_04_15_busiest_bee/23117kv/exp1/exp1_cont_95,4000,2.0,1.9999919800491737,True,stim,123,True
s3://braingeneers/braindance/25_04_15_busiest_bee/,23117kv,exp1/exp1_cont_46,s3://braingeneers/braindance/25_04_15_busiest_bee/23117kv/exp1/exp1_cont_46,0,0.0,,False,spontaneous,123,True
s3://braingeneers/braindance/25_04_15_busiest_bee/,23117kv,exp1/exp1_cont_107,s3://braingeneers/braindance/25_04_15_busiest_bee/23117kv/exp1/exp1_cont_107,8000,4.0,3.9999978384229538,True,stim,123,True
s3://braingeneers/braindance/25_04_15_busiest_bee/,23117kv,exp1/exp1_cont_39,s3://braingeneers/braindance/25_04_15_busiest_bee/23117kv/exp1/exp1_cont_39,16000,8.0,7.999984782345852,True,stim,123,True
s3://braingeneers/braindance/25_04_15_busiest_bee/,23117kv,exp1/exp1_cont_62,s3://braingeneers/braindance/25_04_15_busiest_bee/23117kv/exp1/exp1_cont_62,0,0.0,,False,spontaneous,123,True
s3://braingeneers/braindance/25_04_15_busiest_bee/,23117kv,exp1/exp1_cont_37,s3://braingeneers/braindance/25_04_15_busiest_bee/23117kv/exp1/exp1_cont_37,8000,4.0,4.000005306420346,True,stim,123,True
s3://braingeneers/braindance/25_04_15_busiest_bee/,23117kv,exp1/exp1_cont_61,s3://braingeneers/braindance/25_04_15_busiest_bee/23117kv/exp1/exp1_cont_61,1000,0.5,0.5000002034993312,True,stim,123,True
s3://braingeneers/braindance/25_04_15_busiest_bee/,23117kv,exp1/exp1_cont_111,s3://braingeneers/braindance/25_04_15_busiest_bee/23117kv/exp1/exp1_cont_111,1000,0.5,0.5000005845780079,True,stim,123,True
s3://braingeneers/braindance/25_04_15_busiest_bee/,23117kv,exp1/exp1_cont_89,s3://braingeneers/braindance/25_04_15_busiest_bee/23117kv/exp1/exp1_cont_89,16000,8.0,7.99997412804267,True,stim,123,True
s3://braingeneers/braindance/25_04_15_busiest_bee/,23117kv,exp1/exp1_cont_31,s3://braingeneers/braindance/25_04_15_busiest_bee/23117kv/exp1/exp1_cont_31,1000,0.5,0.4999988124455142,True,stim,123,True
s3://braingeneers/braindance/25_04_15_busiest_bee/,23117kv,exp1/exp1_cont_78,s3://braingeneers/braindance/25_04_15_busiest_bee/23117kv/exp1/exp1_cont_78,0,0.0,,False,spontaneous,123,True
s3://braingeneers/braindance/25_04_15_busiest_bee/,23117kv,exp1/exp1_cont_70,s3://braingeneers/braindance/25_04_15_busiest_bee/23117kv/exp1/exp1_cont_70,0,0.0,,False,spontaneous,123,True
s3://braingeneers/braindance/25_04_15_busiest_bee/,23117kv,exp1/exp1_cont_103,s3://braingeneers/braindance/25_04_15_busiest_bee/23117kv/exp1/exp1_cont_103,2000,1.0,1.0000005613169682,True,stim,123,True
s3://braingeneers/braindance/25_04_15_busiest_bee/,23117kv,exp1/exp1_cont_13,s3://braingeneers/braindance/25_04_15_busiest_bee/23117kv/exp1/exp1_cont_13,2000,1.0,1.0000001169154713,True,stim,123,True
s3://braingeneers/braindance/25_04_15_busiest_bee/,23117kv,exp1/exp1_cont_94,s3://braingeneers/braindance/25_04_15_busiest_bee/23117kv/exp1/exp1_cont_94,0,0.0,,False,spontaneous,123,True
s3://braingeneers/braindance/25_04_15_busiest_bee/,23117kv,exp1/exp1_cont_74,s3://braingeneers/braindance/25_04_15_busiest_bee/23117kv/exp1/exp1_cont_74,0,0.0,,False,spontaneous,123,True
s3://braingeneers/braindance/25_04_15_busiest_bee/,23117kv,exp1/exp1_cont_121,s3://braingeneers/braindance/25_04_15_busiest_bee/23117kv/exp1/exp1_cont_121,924,0.5,0.4999990619597793,True,stim,123,True
s3://braingeneers/braindance/25_04_15_busiest_bee/,23117kv,exp1/exp1_cont_65,s3://braingeneers/braindance/25_04_15_busiest_bee/23117kv/exp1/exp1_cont_65,4000,2.0,1.9999972354096711,True,stim,123,True
s3://braingeneers/braindance/25_04_15_busiest_bee/,23117kv,exp1/exp1_cont_6,s3://braingeneers/braindance/25_04_15_busiest_bee/23117kv/exp1/exp1_cont_6,0,0.0,,False,spontaneous,123,True
s3://braingeneers/braindance/25_04_15_busiest_bee/,23117kv,exp1/exp1_cont_72,s3://braingeneers/braindance/25_04_15_busiest_bee/23117kv/exp1/exp1_cont_72,0,0.0,,False,spontaneous,123,True
s3://braingeneers/braindance/25_04_15_busiest_bee/,23117kv,exp1/exp1_cont_29,s3://braingeneers/braindance/25_04_15_busiest_bee/23117kv/exp1/exp1_cont_29,16000,8.0,7.999978976845283,True,stim,123,True
s3://braingeneers/braindance/25_04_15_busiest_bee/,23117kv,exp1/exp1_cont_32,s3://braingeneers/braindance/25_04_15_busiest_bee/23117kv/exp1/exp1_cont_32,0,0.0,,False,spontaneous,123,True
s3://braingeneers/braindance/25_04_15_busiest_bee/,23117kv,exp1/exp1_cont_116,s3://braingeneers/braindance/25_04_15_busiest_bee/23117kv/exp1/exp1_cont_116,0,0.0,,False,spontaneous,123,True
s3://braingeneers/braindance/25_04_15_busiest_bee/,23117kv,exp1/exp1_cont_17,s3://braingeneers/braindance/25_04_15_busiest_bee/23117kv/exp1/exp1_cont_17,8000,4.0,3.999995547938445,True,stim,123,True
s3://braingeneers/braindance/25_04_15_busiest_bee/,23117kv,exp1/exp1_cont_4,s3://braingeneers/braindance/25_04_15_busiest_bee/23117kv/exp1/exp1_cont_4,0,0.0,,False,spontaneous,123,True
s3://braingeneers/braindance/25_04_15_busiest_bee/,23117kv,exp1/exp1_cont_86,s3://braingeneers/braindance/25_04_15_busiest_bee/23117kv/exp1/exp1_cont_86,0,0.0,,False,spontaneous,123,True
s3://braingeneers/braindance/25_04_15_busiest_bee/,23117kv,exp1/exp1_cont_60,s3://braingeneers/braindance/25_04_15_busiest_bee/23117kv/exp1/exp1_cont_60,0,0.0,,False,spontaneous,123,True
s3://braingeneers/braindance/25_04_15_busiest_bee/,23117kv,exp1/exp1_cont_75,s3://braingeneers/braindance/25_04_15_busiest_bee/23117kv/exp1/exp1_cont_75,4000,2.0,1.9999968893971911,True,stim,123,True
s3://braingeneers/braindance/25_04_15_busiest_bee/,23117kv,exp1/exp1_cont_77,s3://braingeneers/braindance/25_04_15_busiest_bee/23117kv/exp1/exp1_cont_77,8000,4.0,3.9999871803346174,True,stim,123,True
s3://braingeneers/braindance/25_04_15_busiest_bee/,23117kv,exp1/exp1_cont_119,s3://braingeneers/braindance/25_04_15_busiest_bee/23117kv/exp1/exp1_cont_119,16000,8.0,7.999997006493911,True,stim,123,True
s3://braingeneers/braindance/25_04_15_busiest_bee/,23117kv,exp1/exp1_cont_55,s3://braingeneers/braindance/25_04_15_busiest_bee/23117kv/exp1/exp1_cont_55,4000,2.0,1.9999956008288804,True,stim,123,True
s3://braingeneers/braindance/25_04_15_busiest_bee/,23117kv,exp1/exp1_cont_112,s3://braingeneers/braindance/25_04_15_busiest_bee/23117kv/exp1/exp1_cont_112,0,0.0,,False,spontaneous,123,True
s3://braingeneers/braindance/25_04_15_busiest_bee/,23117kv,exp1/exp1_cont_24,s3://braingeneers/braindance/25_04_15_busiest_bee/23117kv/exp1/exp1_cont_24,0,0.0,,False,spontaneous,123,True
s3://braingeneers/braindance/25_04_15_busiest_bee/,23117kv,exp1/exp1_cont_101,s3://braingeneers/braindance/25_04_15_busiest_bee/23117kv/exp1/exp1_cont_101,1000,0.5,0.4999996865787738,True,stim,123,True
s3://braingeneers/braindance/25_04_15_busiest_bee/,23117kv,exp1/exp1_cont_3,s3://braingeneers/braindance/25_04_15_busiest_bee/23117kv/exp1/exp1_cont_3,2000,1.0,0.9999990412165268,True,stim,123,True
s3://braingeneers/braindance/25_04_15_busiest_bee/,23117kv,exp1/exp1_cont_59,s3://braingeneers/braindance/25_04_15_busiest_bee/23117kv/exp1/exp1_cont_59,16000,8.0,8.000014895754731,True,stim,123,True
s3://braingeneers/braindance/25_04_15_busiest_bee/,23117kv,exp1/exp1_cont_40,s3://braingeneers/braindance/25_04_15_busiest_bee/23117kv/exp1/exp1_cont_40,0,0.0,,False,spontaneous,123,True
s3://braingeneers/braindance/25_04_15_busiest_bee/,23117kv,exp1/exp1_cont_73,s3://braingeneers/braindance/25_04_15_busiest_bee/23117kv/exp1/exp1_cont_73,2000,1.0,0.9999998931445848,True,stim,123,True
s3://braingeneers/braindance/25_04_15_busiest_bee/,23117kv,exp1/exp1,s3://braingeneers/braindance/25_04_15_busiest_bee/23117kv/exp1/exp1,0,0.0,,False,spontaneous,123,True
s3://braingeneers/braindance/25_04_15_busiest_bee/,23117kv,exp1/exp1_cont_9,s3://braingeneers/braindance/25_04_15_busiest_bee/23117kv/exp1/exp1_cont_9,16000,8.0,7.999981839026166,True,stim,123,True
s3://braingeneers/braindance/25_04_15_busiest_bee/,23117kv,exp1/exp1_cont_43,s3://braingeneers/braindance/25_04_15_busiest_bee/23117kv/exp1/exp1_cont_43,2000,1.0,0.9999989486949504,True,stim,123,True
s3://braingeneers/braindance/25_04_15_busiest_bee/,23117kv,exp1/exp1_cont_98,s3://braingeneers/braindance/25_04_15_busiest_bee/23117kv/exp1/exp1_cont_98,0,0.0,,False,spontaneous,123,True
s3://braingeneers/braindance/25_04_15_busiest_bee/,23117kv,exp1/exp1_cont_90,s3://braingeneers/braindance/25_04_15_busiest_bee/23117kv/exp1/exp1_cont_90,0,0.0,,False,spontaneous,123,True
s3://braingeneers/braindance/25_04_15_busiest_bee/,23117kv,exp1/exp1_cont_69,s3://braingeneers/braindance/25_04_15_busiest_bee/23117kv/exp1/exp1_cont_69,16000,8.0,8.000011497335102,True,stim,123,True
s3://braingeneers/braindance/25_04_15_busiest_bee/,23117kv,exp1/exp1_cont_19,s3://braingeneers/braindance/25_04_15_busiest_bee/23117kv/exp1/exp1_cont_19,16000,8.0,7.999981914382548,True,stim,123,True
s3://braingeneers/braindance/25_04_15_busiest_bee/,23117kv,exp1/exp1_cont_34,s3://braingeneers/braindance/25_04_15_busiest_bee/23117kv/exp1/exp1_cont_34,0,0.0,,False,spontaneous,123,True
s3://braingeneers/braindance/25_04_15_busiest_bee/,23117kv,exp1/exp1_cont_64,s3://braingeneers/braindance/25_04_15_busiest_bee/23117kv/exp1/exp1_cont_64,0,0.0,,False,spontaneous,123,True
s3://braingeneers/braindance/25_04_15_busiest_bee/,23117kv,exp1/exp1_cont_11,s3://braingeneers/braindance/25_04_15_busiest_bee/23117kv/exp1/exp1_cont_11,1000,0.5,0.5000014592537586,True,stim,123,True
s3://braingeneers/braindance/25_04_15_busiest_bee/,23117kv,exp1/exp1_cont_80,s3://braingeneers/braindance/25_04_15_busiest_bee/23117kv/exp1/exp1_cont_80,0,0.0,,False,spontaneous,123,True
s3://braingeneers/braindance/25_04_15_busiest_bee/,23117kv,exp1/exp1_cont_106,s3://braingeneers/braindance/25_04_15_busiest_bee/23117kv/exp1/exp1_cont_106,0,0.0,,False,spontaneous,123,True
s3://braingeneers/braindance/25_04_15_busiest_bee/,23117kv,exp1/exp1_cont_8,s3://braingeneers/braindance/25_04_15_busiest_bee/23117kv/exp1/exp1_cont_8,0,0.0,,False,spontaneous,123,True
s3://braingeneers/braindance/25_04_15_busiest_bee/,23117kv,exp1/exp1_cont_63,s3://braingeneers/braindance/25_04_15_busiest_bee/23117kv/exp1/exp1_cont_63,2000,1.0,0.9999989666418904,True,stim,123,True
s3://braingeneers/braindance/25_04_15_busiest_bee/,23117kv,exp1/exp1_cont_76,s3://braingeneers/braindance/25_04_15_busiest_bee/23117kv/exp1/exp1_cont_76,0,0.0,,False,spontaneous,123,True
s3://braingeneers/braindance/25_04_15_busiest_bee/,23117kv,exp1/exp1_cont_120,s3://braingeneers/braindance/25_04_15_busiest_bee/23117kv/exp1/exp1_cont_120,0,0.0,,False,spontaneous,123,True
s3://braingeneers/braindance/25_04_15_busiest_bee/,23117kv,exp1/exp1_cont_79,s3://braingeneers/braindance/25_04_15_busiest_bee/23117kv/exp1/exp1_cont_79,16000,8.0,7.99999733575035,True,stim,123,True
s3://braingeneers/braindance/25_04_15_busiest_bee/,23117kv,exp1/exp1_cont_71,s3://braingeneers/braindance/25_04_15_busiest_bee/23117kv/exp1/exp1_cont_71,1000,0.5,0.4999996709646799,True,stim,123,True
s3://braingeneers/braindance/25_04_15_busiest_bee/,23117kv,exp1/exp1_cont_20,s3://braingeneers/braindance/25_04_15_busiest_bee/23117kv/exp1/exp1_cont_20,0,0.0,,False,spontaneous,123,True
s3://braingeneers/braindance/25_04_15_busiest_bee/,23117kv,exp1/exp1_cont_33,s3://braingeneers/braindance/25_04_15_busiest_bee/23117kv/exp1/exp1_cont_33,2000,1.0,0.9999989924082168,True,stim,123,True
s3://braingeneers/braindance/25_04_15_busiest_bee/,23117kv,exp1/exp1_cont_88,s3://braingeneers/braindance/25_04_15_busiest_bee/23117kv/exp1/exp1_cont_88,0,0.0,,False,spontaneous,123,True
s3://braingeneers/braindance/25_04_15_busiest_bee/,23117kv,exp1/exp1_cont_10,s3://braingeneers/braindance/25_04_15_busiest_bee/23117kv/exp1/exp1_cont_10,0,0.0,,False,spontaneous,123,True
s3://braingeneers/braindance/25_04_15_busiest_bee/,23117kv,exp1/exp1_cont_47,s3://braingeneers/braindance/25_04_15_busiest_bee/23117kv/exp1/exp1_cont_47,8000,4.0,3.999991223944253,True,stim,123,True
s3://braingeneers/braindance/25_04_15_busiest_bee/,23117kv,exp1/exp1_cont_49,s3://braingeneers/braindance/25_04_15_busiest_bee/23117kv/exp1/exp1_cont_49,16000,8.0,8.000005300734772,True,stim,123,True
s3://braingeneers/braindance/25_04_15_busiest_bee/,23117kv,exp1/exp1_cont_15,s3://braingeneers/braindance/25_04_15_busiest_bee/23117kv/exp1/exp1_cont_15,4000,2.0,1.9999991398463297,True,stim,123,True
s3://braingeneers/braindance/25_04_15_busiest_bee/,23117kv,exp1/exp1_cont_56,s3://braingeneers/braindance/25_04_15_busiest_bee/23117kv/exp1/exp1_cont_56,0,0.0,,False,spontaneous,123,True
s3://braingeneers/braindance/25_04_15_busiest_bee/,23117kv,exp1/exp1_cont_113,s3://braingeneers/braindance/25_04_15_busiest_bee/23117kv/exp1/exp1_cont_113,2000,1.0,0.9999962161898972,True,stim,123,True
s3://braingeneers/braindance/25_04_15_busiest_bee/,23117kv,exp1/exp1_cont_58,s3://braingeneers/braindance/25_04_15_busiest_bee/23117kv/exp1/exp1_cont_58,0,0.0,,False,spontaneous,123,True
s3://braingeneers/braindance/25_04_15_busiest_bee/,23117kv,exp1/exp1_cont_48,s3://braingeneers/braindance/25_04_15_busiest_bee/23117kv/exp1/exp1_cont_48,0,0.0,,False,spontaneous,123,True
s3://braingeneers/braindance/25_04_15_busiest_bee/,23117kv,exp1/exp1_cont_14,s3://braingeneers/braindance/25_04_15_busiest_bee/23117kv/exp1/exp1_cont_14,0,0.0,,False,spontaneous,123,True
s3://braingeneers/braindance/25_04_15_busiest_bee/,23117kv,exp1/exp1_cont_81,s3://braingeneers/braindance/25_04_15_busiest_bee/23117kv/exp1/exp1_cont_81,1000,0.5,0.4999983824091362,True,stim,123,True
s3://braingeneers/braindance/25_04_15_busiest_bee/,23117kv,exp1/exp1_cont_96,s3://braingeneers/braindance/25_04_15_busiest_bee/23117kv/exp1/exp1_cont_96,0,0.0,,False,spontaneous,123,True
s3://braingeneers/braindance/25_04_15_busiest_bee/,23117kv,exp1/exp1_cont_99,s3://braingeneers/braindance/25_04_15_busiest_bee/23117kv/exp1/exp1_cont_99,16000,8.0,7.99997995672546,True,stim,123,True
s3://braingeneers/braindance/25_04_15_busiest_bee/,23117kv,exp1/exp1_cont_41,s3://braingeneers/braindance/25_04_15_busiest_bee/23117kv/exp1/exp1_cont_41,1000,0.5,0.4999984595613011,True,stim,123,True
s3://braingeneers/braindance/25_04_15_busiest_bee/,23117kv,exp1/exp1_cont_117,s3://braingeneers/braindance/25_04_15_busiest_bee/23117kv/exp1/exp1_cont_117,8000,4.0,3.999997805446846,True,stim,123,True
s3://braingeneers/braindance/25_04_15_busiest_bee/,23117kv,exp1/exp1_cont_108,s3://braingeneers/braindance/25_04_15_busiest_bee/23117kv/exp1/exp1_cont_108,0,0.0,,False,spontaneous,123,True
s3://braingeneers/braindance/25_04_15_busiest_bee/,23117kv,exp1/exp1_cont_2,s3://braingeneers/braindance/25_04_15_busiest_bee/23117kv/exp1/exp1_cont_2,0,0.0,,False,spontaneous,123,True
s3://braingeneers/braindance/25_04_15_busiest_bee/,23117kv,exp1/exp1_cont_82,s3://braingeneers/braindance/25_04_15_busiest_bee/23117kv/exp1/exp1_cont_82,0,0.0,,False,spontaneous,123,True
s3://braingeneers/braindance/25_04_15_busiest_bee/,23117kv,exp1/exp1_cont_36,s3://braingeneers/braindance/25_04_15_busiest_bee/23117kv/exp1/exp1_cont_36,0,0.0,,False,spontaneous,123,True
s3://braingeneers/braindance/25_04_15_busiest_bee/,23117kv,exp1/exp1_cont_54,s3://braingeneers/braindance/25_04_15_busiest_bee/23117kv/exp1/exp1_cont_54,0,0.0,,False,spontaneous,123,True
s3://braingeneers/braindance/25_04_15_busiest_bee/,23117kv,exp1/exp1_cont_114,s3://braingeneers/braindance/25_04_15_busiest_bee/23117kv/exp1/exp1_cont_114,0,0.0,,False,spontaneous,123,True
s3://braingeneers/braindance/25_04_15_busiest_bee/,23117kv,exp1/exp1_cont_100,s3://braingeneers/braindance/25_04_15_busiest_bee/23117kv/exp1/exp1_cont_100,0,0.0,,False,spontaneous,123,True
s3://braingeneers/braindance/25_04_15_busiest_bee/,23117kv,exp1/exp1_cont_83,s3://braingeneers/braindance/25_04_15_busiest_bee/23117kv/exp1/exp1_cont_83,2000,1.0,0.9999974027060964,True,stim,123,True
s3://braingeneers/braindance/25_04_15_busiest_bee/,23117kv,exp1/exp1_cont_93,s3://braingeneers/braindance/25_04_15_busiest_bee/23117kv/exp1/exp1_cont_93,2000,1.0,0.9999971078582862,True,stim,123,True
s3://braingeneers/braindance/25_04_15_busiest_bee/,23117kv,exp1/exp1_cont_51,s3://braingeneers/braindance/25_04_15_busiest_bee/23117kv/exp1/exp1_cont_51,1000,0.5,0.5000005913520497,True,stim,123,True
s3://braingeneers/braindance/25_04_15_busiest_bee/,23117kv,exp1/exp1_cont_118,s3://braingeneers/braindance/25_04_15_busiest_bee/23117kv/exp1/exp1_cont_118,0,0.0,,False,spontaneous,123,True
s3://braingeneers/braindance/25_04_15_busiest_bee/,23117kv,exp1/exp1_cont_53,s3://braingeneers/braindance/25_04_15_busiest_bee/23117kv/exp1/exp1_cont_53,2000,1.0,0.9999994583824856,True,stim,123,True
s3://braingeneers/braindance/25_04_15_busiest_bee/,23117kv,exp1/exp1_cont_30,s3://braingeneers/braindance/25_04_15_busiest_bee/23117kv/exp1/exp1_cont_30,0,0.0,,False,spontaneous,123,True
s3://braingeneers/braindance/25_04_15_busiest_bee/,23117kv,exp1/exp1_cont_67,s3://braingeneers/braindance/25_04_15_busiest_bee/23117kv/exp1/exp1_cont_67,8000,4.0,4.000009548604373,True,stim,123,True
s3://braingeneers/braindance/25_04_15_busiest_bee/,23117kv,exp1/exp1_cont_97,s3://braingeneers/braindance/25_04_15_busiest_bee/23117kv/exp1/exp1_cont_97,8000,4.0,4.000011797573464,True,stim,123,True
s3://braingeneers/braindance/25_04_15_busiest_bee/,23117kv,exp1/exp1_cont_22,s3://braingeneers/braindance/25_04_15_busiest_bee/23117kv/exp1/exp1_cont_22,0,0.0,,False,spontaneous,123,True
s3://braingeneers/braindance/25_04_15_busiest_bee/,23117kv,exp1/exp1_cont,s3://braingeneers/braindance/25_04_15_busiest_bee/23117kv/exp1/exp1_cont,0,0.0,,False,spontaneous,123,True
s3://braingeneers/braindance/25_04_15_busiest_bee/,23117kv,exp1/exp1_cont_1,s3://braingeneers/braindance/25_04_15_busiest_bee/23117kv/exp1/exp1_cont_1,1000,0.5,0.5000004056212001,True,stim,123,True
s3://braingeneers/braindance/25_04_15_busiest_bee/,23117kv,exp1/exp1_cont_23,s3://braingeneers/braindance/25_04_15_busiest_bee/23117kv/exp1/exp1_cont_23,2000,1.0,0.9999972215024652,True,stim,123,True
s3://braingeneers/braindance/25_04_15_busiest_bee/,23117kv,exp1/exp1_cont_7,s3://braingeneers/braindance/25_04_15_busiest_bee/23117kv/exp1/exp1_cont_7,8000,4.0,3.9999952976357314,True,stim,123,True
s3://braingeneers/braindance/25_04_15_busiest_bee/,23117kv,exp1/exp1_cont_26,s3://braingeneers/braindance/25_04_15_busiest_bee/23117kv/exp1/exp1_cont_26,0,0.0,,False,spontaneous,123,True
s3://braingeneers/braindance/25_04_15_busiest_bee/,23117kv,exp1/exp1_cont_50,s3://braingeneers/braindance/25_04_15_busiest_bee/23117kv/exp1/exp1_cont_50,0,0.0,,False,spontaneous,123,True
s3://braingeneers/braindance/25_04_15_busiest_bee/,23117kv,exp1/exp1_cont_91,s3://braingeneers/braindance/25_04_15_busiest_bee/23117kv/exp1/exp1_cont_91,1000,0.5,0.4999987482759069,True,stim,123,True
s3://braingeneers/braindance/25_04_15_busiest_bee/,23117kv,exp1/exp1_cont_44,s3://braingeneers/braindance/25_04_15_busiest_bee/23117kv/exp1/exp1_cont_44,0,0.0,,False,spontaneous,123,True
s3://braingeneers/braindance/25_04_15_busiest_bee/,23117kv,exp1/exp1_cont_105,s3://braingeneers/braindance/25_04_15_busiest_bee/23117kv/exp1/exp1_cont_105,4000,2.0,1.9999896534888773,True,stim,123,True
s3://braingeneers/braindance/25_04_15_busiest_bee/,23117kv,exp1/exp1_cont_104,s3://braingeneers/braindance/25_04_15_busiest_bee/23117kv/exp1/exp1_cont_104,0,0.0,,False,spontaneous,123,True
s3://braingeneers/braindance/25_04_15_busiest_bee/,23117kv,exp1/exp1_cont_45,s3://braingeneers/braindance/25_04_15_busiest_bee/23117kv/exp1/exp1_cont_45,4000,2.0,2.0000008137067575,True,stim,123,True
s3://braingeneers/braindance/25_04_15_busiest_bee/,23117kv,exp1/exp1_cont_84,s3://braingeneers/braindance/25_04_15_busiest_bee/23117kv/exp1/exp1_cont_84,0,0.0,,False,spontaneous,123,True
s3://braingeneers/braindance/25_04_15_busiest_bee/,23117kv,exp1/exp1_cont_25,s3://braingeneers/braindance/25_04_15_busiest_bee/23117kv/exp1/exp1_cont_25,4000,2.0,1.9999934716852288,True,stim,123,True
s3://braingeneers/braindance/25_04_15_busiest_bee/,23117kv,exp1/exp1_cont_38,s3://braingeneers/braindance/25_04_15_busiest_bee/23117kv/exp1/exp1_cont_38,0,0.0,,False,spontaneous,123,True
s3://braingeneers/braindance/25_04_15_busiest_bee/,23117kv,exp1/exp1_cont_92,s3://braingeneers/braindance/25_04_15_busiest_bee/23117kv/exp1/exp1_cont_92,0,0.0,,False,spontaneous,123,True
s3://braingeneers/braindance/25_04_15_busiest_bee/,23117kv,exp1/exp1_cont_57,s3://braingeneers/braindance/25_04_15_busiest_bee/23117kv/exp1/exp1_cont_57,8000,4.0,3.999989341644117,True,stim,123,True
s3://braingeneers/braindance/25_04_15_busiest_bee/,23117kv,exp1/exp1_cont_52,s3://braingeneers/braindance/25_04_15_busiest_bee/23117kv/exp1/exp1_cont_52,0,0.0,,False,spontaneous,123,True
s3://braingeneers/braindance/25_04_15_busiest_bee/,23117kv,exp1/exp1_cont_42,s3://braingeneers/braindance/25_04_15_busiest_bee/23117kv/exp1/exp1_cont_42,0,0.0,,False,spontaneous,123,True
s3://braingeneers/braindance/25_04_15_busiest_bee/,23117kv,exp1/exp1_cont_12,s3://braingeneers/braindance/25_04_15_busiest_bee/23117kv/exp1/exp1_cont_12,0,0.0,,False,spontaneous,123,True
s3://braingeneers/braindance/25_04_15_busiest_bee/,23117kv,exp1/exp1_cont_115,s3://braingeneers/braindance/25_04_15_busiest_bee/23117kv/exp1/exp1_cont_115,4000,2.0,2.0000038101587956,True,stim,123,True
s3://braingeneers/braindance/25_04_15_busiest_bee/,23117kv,exp1/exp1_cont_66,s3://braingeneers/braindance/25_04_15_busiest_bee/23117kv/exp1/exp1_cont_66,0,0.0,,False,spontaneous,123,True
s3://braingeneers/braindance/25_04_15_busiest_bee/,23117kv,exp1/exp1_cont_85,s3://braingeneers/braindance/25_04_15_busiest_bee/23117kv/exp1/exp1_cont_85,4000,2.0,2.0000005480241567,True,stim,123,True
s3://braingeneers/braindance/25_04_15_busiest_bee/,23117kv,exp1/exp1_cont_16,s3://braingeneers/braindance/25_04_15_busiest_bee/23117kv/exp1/exp1_cont_16,0,0.0,,False,spontaneous,123,True
s3://braingeneers/braindance/25_04_15_busiest_bee/,23117kv,exp1/exp1_cont_110,s3://braingeneers/braindance/25_04_15_busiest_bee/23117kv/exp1/exp1_cont_110,0,0.0,,False,spontaneous,123,True
s3://braingeneers/braindance/25_04_15_busiest_bee/,23117kv,exp1/exp1_cont_5,s3://braingeneers/braindance/25_04_15_busiest_bee/23117kv/exp1/exp1_cont_5,4000,2.0,1.9999971391908884,True,stim,123,True
s3://braingeneers/braindance/25_04_15_busiest_bee/,23117kv,exp1/exp1_cont_18,s3://braingeneers/braindance/25_04_15_busiest_bee/23117kv/exp1/exp1_cont_18,0,0.0,,False,spontaneous,123,True
s3://braingeneers/braindance/25_04_15_busiest_bee/,23117kv,exp1/exp1_cont_109,s3://braingeneers/braindance/25_04_15_busiest_bee/23117kv/exp1/exp1_cont_109,16000,8.0,7.999997939823836,True,stim,123,True
s3://braingeneers/braindance/25_04_15_busiest_bee/,23117kv,exp1/exp1_cont_68,s3://braingeneers/braindance/25_04_15_busiest_bee/23117kv/exp1/exp1_cont_68,0,0.0,,False,spontaneous,123,True
s3://braingeneers/braindance/25_04_15_busiest_bee/,23117kv,exp1/exp1_cont_87,s3://braingeneers/braindance/25_04_15_busiest_bee/23117kv/exp1/exp1_cont_87,8000,4.0,3.999991819732204,True,stim,123,True
s3://braingeneers/braindance/25_04_15_busiest_bee/,23117kv,exp1/exp1_cont_102,s3://braingeneers/braindance/25_04_15_busiest_bee/23117kv/exp1/exp1_cont_102,0,0.0,,False,spontaneous,123,True
s3://braingeneers/braindance/25_04_15_busiest_bee/,23117kv,exp1/exp1_cont_21,s3://braingeneers/braindance/25_04_15_busiest_bee/23117kv/exp1/exp1_cont_21,1000,0.5,0.4999994168810598,True,stim,123,True
s3://braingeneers/braindance/25_04_15_busiest_bee/,23117kv,exp1/exp1_cont_35,s3://braingeneers/braindance/25_04_15_busiest_bee/23117kv/exp1/exp1_cont_35,4000,2.0,2.000001209250047,True,stim,123,True
s3://braingeneers/braindance/25_04_15_busiest_bee/,23117kv,exp1/exp1_cont_27,s3://braingeneers/braindance/25_04_15_busiest_bee/23117kv/exp1/exp1_cont_27,8000,4.0,3.999994586996705,True,stim,123,True
s3://braingeneers/braindance/25_04_15_busiest_bee/,23117kv,exp1/exp1_cont_28,s3://braingeneers/braindance/25_04_15_busiest_bee/23117kv/exp1/exp1_cont_28,0,0.0,,False,spontaneous,123,True
s3://braingeneers/braindance/25_04_15_busiest_bee/,25123ic,exp1/exp1_cont_147,s3://braingeneers/braindance/25_04_15_busiest_bee/25123ic/exp1/exp1_cont_147,10000,4.0,4.000000330626714,True,stim,169,True
s3://braingeneers/braindance/25_04_15_busiest_bee/,25123ic,exp1/exp1_cont_153,s3://braingeneers/braindance/25_04_15_busiest_bee/25123ic/exp1/exp1_cont_153,2500,1.0,0.9999993507223108,True,stim,169,True
s3://braingeneers/braindance/25_04_15_busiest_bee/,25123ic,exp1/exp1_cont_145,s3://braingeneers/braindance/25_04_15_busiest_bee/25123ic/exp1/exp1_cont_145,5000,2.0,1.999995407596844,True,stim,169,True
s3://braingeneers/braindance/25_04_15_busiest_bee/,25123ic,exp1/exp1_cont_124,s3://braingeneers/braindance/25_04_15_busiest_bee/25123ic/exp1/exp1_cont_124,0,0.0,,False,spontaneous,169,True
s3://braingeneers/braindance/25_04_15_busiest_bee/,25123ic,exp1/exp1_cont_95,s3://braingeneers/braindance/25_04_15_busiest_bee/25123ic/exp1/exp1_cont_95,5000,2.0,1.9999993309400144,True,stim,169,True
s3://braingeneers/braindance/25_04_15_busiest_bee/,25123ic,exp1/exp1_cont_138,s3://braingeneers/braindance/25_04_15_busiest_bee/25123ic/exp1/exp1_cont_138,0,0.0,,False,spontaneous,169,True
s3://braingeneers/braindance/25_04_15_busiest_bee/,25123ic,exp1/exp1_cont_46,s3://braingeneers/braindance/25_04_15_busiest_bee/25123ic/exp1/exp1_cont_46,0,0.0,,False,spontaneous,169,True
s3://braingeneers/braindance/25_04_15_busiest_bee/,25123ic,exp1/exp1_cont_107,s3://braingeneers/braindance/25_04_15_busiest_bee/25123ic/exp1/exp1_cont_107,10000,4.0,3.9999972627409734,True,stim,169,True
s3://braingeneers/braindance/25_04_15_busiest_bee/,25123ic,exp1/exp1_cont_39,s3://braingeneers/braindance/25_04_15_busiest_bee/25123ic/exp1/exp1_cont_39,20000,8.0,7.9999854673764945,True,stim,169,True
s3://braingeneers/braindance/25_04_15_busiest_bee/,25123ic,exp1/exp1_cont_62,s3://braingeneers/braindance/25_04_15_busiest_bee/25123ic/exp1/exp1_cont_62,0,0.0,,False,spontaneous,169,True
s3://braingeneers/braindance/25_04_15_busiest_bee/,25123ic,exp1/exp1_cont_139,s3://braingeneers/braindance/25_04_15_busiest_bee/25123ic/exp1/exp1_cont_139,20000,8.0,8.00000159511676,True,stim,169,True
s3://braingeneers/braindance/25_04_15_busiest_bee/,25123ic,exp1/exp1_cont_37,s3://braingeneers/braindance/25_04_15_busiest_bee/25123ic/exp1/exp1_cont_37,10000,4.0,3.999999652570046,True,stim,169,True
s3://braingeneers/braindance/25_04_15_busiest_bee/,25123ic,exp1/exp1_cont_61,s3://braingeneers/braindance/25_04_15_busiest_bee/25123ic/exp1/exp1_cont_61,1250,0.5,0.4999993193401948,True,stim,169,True
s3://braingeneers/braindance/25_04_15_busiest_bee/,25123ic,exp1/exp1_cont_111,s3://braingeneers/braindance/25_04_15_busiest_bee/25123ic/exp1/exp1_cont_111,1250,0.5,0.4999995269289848,True,stim,169,True
s3://braingeneers/braindance/25_04_15_busiest_bee/,25123ic,exp1/exp1_cont_161,s3://braingeneers/braindance/25_04_15_busiest_bee/25123ic/exp1/exp1_cont_161,1250,0.5,0.4999996896162877,True,stim,169,True
s3://braingeneers/braindance/25_04_15_busiest_bee/,25123ic,exp1/exp1_cont_31,s3://braingeneers/braindance/25_04_15_busiest_bee/25123ic/exp1/exp1_cont_31,1250,0.5,0.499999176598243,True,stim,169,True
s3://braingeneers/braindance/25_04_15_busiest_bee/,25123ic,exp1/exp1_cont_89,s3://braingeneers/braindance/25_04_15_busiest_bee/25123ic/exp1/exp1_cont_89,20000,8.0,7.999993406395656,True,stim,169,True
s3://braingeneers/braindance/25_04_15_busiest_bee/,25123ic,exp1/exp1_cont_160,s3://braingeneers/braindance/25_04_15_busiest_bee/25123ic/exp1/exp1_cont_160,0,0.0,,False,spontaneous,169,True
s3://braingeneers/braindance/25_04_15_busiest_bee/,25123ic,exp1/exp1_cont_78,s3://braingeneers/braindance/25_04_15_busiest_bee/25123ic/exp1/exp1_cont_78,0,0.0,,False,spontaneous,169,True
s3://braingeneers/braindance/25_04_15_busiest_bee/,25123ic,exp1/exp1_cont_159,s3://braingeneers/braindance/25_04_15_busiest_bee/25123ic/exp1/exp1_cont_159,20000,8.0,7.999992237030637,True,stim,169,True
s3://braingeneers/braindance/25_04_15_busiest_bee/,25123ic,exp1/exp1_cont_70,s3://braingeneers/braindance/25_04_15_busiest_bee/25123ic/exp1/exp1_cont_70,0,0.0,,False,spontaneous,169,True
s3://braingeneers/braindance/25_04_15_busiest_bee/,25123ic,exp1/exp1_cont_103,s3://braingeneers/braindance/25_04_15_busiest_bee/25123ic/exp1/exp1_cont_103,2500,1.0,0.9999986770589646,True,stim,169,True
s3://braingeneers/braindance/25_04_15_busiest_bee/,25123ic,exp1/exp1_cont_143,s3://braingeneers/braindance/25_04_15_busiest_bee/25123ic/exp1/exp1_cont_143,2500,1.0,0.9999976958664653,True,stim,169,True
s3://braingeneers/braindance/25_04_15_busiest_bee/,25123ic,exp1/exp1_cont_13,s3://braingeneers/braindance/25_04_15_busiest_bee/25123ic/exp1/exp1_cont_13,2500,1.0,0.9999993616342534,True,stim,169,True
s3://braingeneers/braindance/25_04_15_busiest_bee/,25123ic,exp1/exp1_cont_94,s3://braingeneers/braindance/25_04_15_busiest_bee/25123ic/exp1/exp1_cont_94,0,0.0,,False,spontaneous,169,True
s3://braingeneers/braindance/25_04_15_busiest_bee/,25123ic,exp1/exp1_cont_74,s3://braingeneers/braindance/25_04_15_busiest_bee/25123ic/exp1/exp1_cont_74,0,0.0,,False,spontaneous,169,True
s3://braingeneers/braindance/25_04_15_busiest_bee/,25123ic,exp1/exp1_cont_121,s3://braingeneers/braindance/25_04_15_busiest_bee/25123ic/exp1/exp1_cont_121,1250,0.5,0.4999993687922382,True,stim,169,True
s3://braingeneers/braindance/25_04_15_busiest_bee/,25123ic,exp1/exp1_cont_65,s3://braingeneers/braindance/25_04_15_busiest_bee/25123ic/exp1/exp1_cont_65,5000,2.0,1.9999957901772671,True,stim,169,True
s3://braingeneers/braindance/25_04_15_busiest_bee/,25123ic,exp1/exp1_cont_6,s3://braingeneers/braindance/25_04_15_busiest_bee/25123ic/exp1/exp1_cont_6,0,0.0,,False,spontaneous,169,True
s3://braingeneers/braindance/25_04_15_busiest_bee/,25123ic,exp1/exp1_cont_126,s3://braingeneers/braindance/25_04_15_busiest_bee/25123ic/exp1/exp1_cont_126,0,0.0,,False,spontaneous,169,True
s3://braingeneers/braindance/25_04_15_busiest_bee/,25123ic,exp1/exp1_cont_72,s3://braingeneers/braindance/25_04_15_busiest_bee/25123ic/exp1/exp1_cont_72,0,0.0,,False,spontaneous,169,True
s3://braingeneers/braindance/25_04_15_busiest_bee/,25123ic,exp1/exp1_cont_29,s3://braingeneers/braindance/25_04_15_busiest_bee/25123ic/exp1/exp1_cont_29,20000,8.0,7.999987103398462,True,stim,169,True
s3://braingeneers/braindance/25_04_15_busiest_bee/,25123ic,exp1/exp1_cont_140,s3://braingeneers/braindance/25_04_15_busiest_bee/25123ic/exp1/exp1_cont_140,0,0.0,,False,spontaneous,169,True
s3://braingeneers/braindance/25_04_15_busiest_bee/,25123ic,exp1/exp1_cont_32,s3://braingeneers/braindance/25_04_15_busiest_bee/25123ic/exp1/exp1_cont_32,0,0.0,,False,spontaneous,169,True
s3://braingeneers/braindance/25_04_15_busiest_bee/,25123ic,exp1/exp1_cont_166,s3://braingeneers/braindance/25_04_15_busiest_bee/25123ic/exp1/exp1_cont_166,0,0.0,,False,spontaneous,169,True
s3://braingeneers/braindance/25_04_15_busiest_bee/,25123ic,exp1/exp1_cont_134,s3://braingeneers/braindance/25_04_15_busiest_bee/25123ic/exp1/exp1_cont_134,0,0.0,,False,spontaneous,169,True
s3://braingeneers/braindance/25_04_15_busiest_bee/,25123ic,exp1/exp1_cont_116,s3://braingeneers/braindance/25_04_15_busiest_bee/25123ic/exp1/exp1_cont_116,0,0.0,,False,spontaneous,169,True
s3://braingeneers/braindance/25_04_15_busiest_bee/,25123ic,exp1/exp1_cont_17,s3://braingeneers/braindance/25_04_15_busiest_bee/25123ic/exp1/exp1_cont_17,10000,4.0,3.99999855452958,True,stim,169,True
s3://braingeneers/braindance/25_04_15_busiest_bee/,25123ic,exp1/exp1_cont_4,s3://braingeneers/braindance/25_04_15_busiest_bee/25123ic/exp1/exp1_cont_4,0,0.0,,False,spontaneous,169,True
s3://braingeneers/braindance/25_04_15_busiest_bee/,25123ic,exp1/exp1_cont_86,s3://braingeneers/braindance/25_04_15_busiest_bee/25123ic/exp1/exp1_cont_86,0,0.0,,False,spontaneous,169,True
s3://braingeneers/braindance/25_04_15_busiest_bee/,25123ic,exp1/exp1_cont_60,s3://braingeneers/braindance/25_04_15_busiest_bee/25123ic/exp1/exp1_cont_60,0,0.0,,False,spontaneous,169,True
s3://braingeneers/braindance/25_04_15_busiest_bee/,25123ic,exp1/exp1_cont_75,s3://braingeneers/braindance/25_04_15_busiest_bee/25123ic/exp1/exp1_cont_75,5000,2.0,1.9999964332874236,True,stim,169,True
s3://braingeneers/braindance/25_04_15_busiest_bee/,25123ic,exp1/exp1_cont_77,s3://braingeneers/braindance/25_04_15_busiest_bee/25123ic/exp1/exp1_cont_77,10000,4.0,3.9999966804627554,True,stim,169,True
s3://braingeneers/braindance/25_04_15_busiest_bee/,25123ic,exp1/exp1_cont_119,s3://braingeneers/braindance/25_04_15_busiest_bee/25123ic/exp1/exp1_cont_119,20000,8.0,8.000009190338792,True,stim,169,True
s3://braingeneers/braindance/25_04_15_busiest_bee/,25123ic,exp1/exp1_cont_55,s3://braingeneers/braindance/25_04_15_busiest_bee/25123ic/exp1/exp1_cont_55,5000,2.0,1.999997525821822,True,stim,169,True
s3://braingeneers/braindance/25_04_15_busiest_bee/,25123ic,exp1/exp1_cont_162,s3://braingeneers/braindance/25_04_15_busiest_bee/25123ic/exp1/exp1_cont_162,0,0.0,,False,spontaneous,169,True
s3://braingeneers/braindance/25_04_15_busiest_bee/,25123ic,exp1/exp1_cont_112,s3://braingeneers/braindance/25_04_15_busiest_bee/25123ic/exp1/exp1_cont_112,0,0.0,,False,spontaneous,169,True
s3://braingeneers/braindance/25_04_15_busiest_bee/,25123ic,exp1/exp1_cont_131,s3://braingeneers/braindance/25_04_15_busiest_bee/25123ic/exp1/exp1_cont_131,1250,0.5,0.4999993148490131,True,stim,169,True
s3://braingeneers/braindance/25_04_15_busiest_bee/,25123ic,exp1/exp1_cont_24,s3://braingeneers/braindance/25_04_15_busiest_bee/25123ic/exp1/exp1_cont_24,0,0.0,,False,spontaneous,169,True
s3://braingeneers/braindance/25_04_15_busiest_bee/,25123ic,exp1/exp1_cont_101,s3://braingeneers/braindance/25_04_15_busiest_bee/25123ic/exp1/exp1_cont_101,1250,0.5,0.499999550212379,True,stim,169,True
s3://braingeneers/braindance/25_04_15_busiest_bee/,25123ic,exp1/exp1_cont_3,s3://braingeneers/braindance/25_04_15_busiest_bee/25123ic/exp1/exp1_cont_3,2500,1.0,0.9999976904179012,True,stim,169,True
s3://braingeneers/braindance/25_04_15_busiest_bee/,25123ic,exp1/exp1_cont_164,s3://braingeneers/braindance/25_04_15_busiest_bee/25123ic/exp1/exp1_cont_164,0,0.0,,False,spontaneous,169,True
s3://braingeneers/braindance/25_04_15_busiest_bee/,25123ic,exp1/exp1_cont_59,s3://braingeneers/braindance/25_04_15_busiest_bee/25123ic/exp1/exp1_cont_59,20000,8.0,8.000005201479498,True,stim,169,True
s3://braingeneers/braindance/25_04_15_busiest_bee/,25123ic,exp1/exp1_cont_40,s3://braingeneers/braindance/25_04_15_busiest_bee/25123ic/exp1/exp1_cont_40,0,0.0,,False,spontaneous,169,True
s3://braingeneers/braindance/25_04_15_busiest_bee/,25123ic,exp1/exp1_cont_123,s3://braingeneers/braindance/25_04_15_busiest_bee/25123ic/exp1/exp1_cont_123,2500,1.0,0.999998786909446,True,stim,169,True
s3://braingeneers/braindance/25_04_15_busiest_bee/,25123ic,exp1/exp1_cont_146,s3://braingeneers/braindance/25_04_15_busiest_bee/25123ic/exp1/exp1_cont_146,0,0.0,,False,spontaneous,169,True
s3://braingeneers/braindance/25_04_15_busiest_bee/,25123ic,exp1/exp1_cont_73,s3://braingeneers/braindance/25_04_15_busiest_bee/25123ic/exp1/exp1_cont_73,2500,1.0,1.0000002080440529,True,stim,169,True
s3://braingeneers/braindance/25_04_15_busiest_bee/,25123ic,exp1/exp1,s3://braingeneers/braindance/25_04_15_busiest_bee/25123ic/exp1/exp1,0,0.0,,False,spontaneous,169,True
s3://braingeneers/braindance/25_04_15_busiest_bee/,25123ic,exp1/exp1_cont_9,s3://braingeneers/braindance/25_04_15_busiest_bee/25123ic/exp1/exp1_cont_9,20000,8.0,7.99998431544179,True,stim,169,True
s3://braingeneers/braindance/25_04_15_busiest_bee/,25123ic,exp1/exp1_cont_43,s3://braingeneers/braindance/25_04_15_busiest_bee/25123ic/exp1/exp1_cont_43,2500,1.0,0.9999990187400584,True,stim,169,True
s3://braingeneers/braindance/25_04_15_busiest_bee/,25123ic,exp1/exp1_cont_98,s3://braingeneers/braindance/25_04_15_busiest_bee/25123ic/exp1/exp1_cont_98,0,0.0,,False,spontaneous,169,True
s3://braingeneers/braindance/25_04_15_busiest_bee/,25123ic,exp1/exp1_cont_90,s3://braingeneers/braindance/25_04_15_busiest_bee/25123ic/exp1/exp1_cont_90,0,0.0,,False,spontaneous,169,True
s3://braingeneers/braindance/25_04_15_busiest_bee/,25123ic,exp1/exp1_cont_69,s3://braingeneers/braindance/25_04_15_busiest_bee/25123ic/exp1/exp1_cont_69,20000,8.0,7.999997969162951,True,stim,169,True
s3://braingeneers/braindance/25_04_15_busiest_bee/,25123ic,exp1/exp1_cont_19,s3://braingeneers/braindance/25_04_15_busiest_bee/25123ic/exp1/exp1_cont_19,20000,8.0,7.999985725484593,True,stim,169,True
s3://braingeneers/braindance/25_04_15_busiest_bee/,25123ic,exp1/exp1_cont_34,s3://braingeneers/braindance/25_04_15_busiest_bee/25123ic/exp1/exp1_cont_34,0,0.0,,False,spontaneous,169,True
s3://braingeneers/braindance/25_04_15_busiest_bee/,25123ic,exp1/exp1_cont_64,s3://braingeneers/braindance/25_04_15_busiest_bee/25123ic/exp1/exp1_cont_64,0,0.0,,False,spontaneous,169,True
s3://braingeneers/braindance/25_04_15_busiest_bee/,25123ic,exp1/exp1_cont_11,s3://braingeneers/braindance/25_04_15_busiest_bee/25123ic/exp1/exp1_cont_11,1250,0.5,0.5000002417196914,True,stim,169,True
s3://braingeneers/braindance/25_04_15_busiest_bee/,25123ic,exp1/exp1_cont_80,s3://braingeneers/braindance/25_04_15_busiest_bee/25123ic/exp1/exp1_cont_80,0,0.0,,False,spontaneous,169,True
s3://braingeneers/braindance/25_04_15_busiest_bee/,25123ic,exp1/exp1_cont_148,s3://braingeneers/braindance/25_04_15_busiest_bee/25123ic/exp1/exp1_cont_148,0,0.0,,False,spontaneous,169,True
s3://braingeneers/braindance/25_04_15_busiest_bee/,25123ic,exp1/exp1_cont_122,s3://braingeneers/braindance/25_04_15_busiest_bee/25123ic/exp1/exp1_cont_122,0,0.0,,False,spontaneous,169,True
s3://braingeneers/braindance/25_04_15_busiest_bee/,25123ic,exp1/exp1_cont_149,s3://braingeneers/braindance/25_04_15_busiest_bee/25123ic/exp1/exp1_cont_149,20000,8.0,8.000008481153085,True,stim,169,True
s3://braingeneers/braindance/25_04_15_busiest_bee/,25123ic,exp1/exp1_cont_106,s3://braingeneers/braindance/25_04_15_busiest_bee/25123ic/exp1/exp1_cont_106,0,0.0,,False,spontaneous,169,True
s3://braingeneers/braindance/25_04_15_busiest_bee/,25123ic,exp1/exp1_cont_8,s3://braingeneers/braindance/25_04_15_busiest_bee/25123ic/exp1/exp1_cont_8,0,0.0,,False,spontaneous,169,True
s3://braingeneers/braindance/25_04_15_busiest_bee/,25123ic,exp1/exp1_cont_63,s3://braingeneers/braindance/25_04_15_busiest_bee/25123ic/exp1/exp1_cont_63,2500,1.0,0.9999985236028271,True,stim,169,True
s3://braingeneers/braindance/25_04_15_busiest_bee/,25123ic,exp1/exp1_cont_76,s3://braingeneers/braindance/25_04_15_busiest_bee/25123ic/exp1/exp1_cont_76,0,0.0,,False,spontaneous,169,True
s3://braingeneers/braindance/25_04_15_busiest_bee/,25123ic,exp1/exp1_cont_120,s3://braingeneers/braindance/25_04_15_busiest_bee/25123ic/exp1/exp1_cont_120,0,0.0,,False,spontaneous,169,True
s3://braingeneers/braindance/25_04_15_busiest_bee/,25123ic,exp1/exp1_cont_79,s3://braingeneers/braindance/25_04_15_busiest_bee/25123ic/exp1/exp1_cont_79,20000,8.0,7.999991557993123,True,stim,169,True
s3://braingeneers/braindance/25_04_15_busiest_bee/,25123ic,exp1/exp1_cont_71,s3://braingeneers/braindance/25_04_15_busiest_bee/25123ic/exp1/exp1_cont_71,1250,0.5,0.4999992355552161,True,stim,169,True
s3://braingeneers/braindance/25_04_15_busiest_bee/,25123ic,exp1/exp1_cont_20,s3://braingeneers/braindance/25_04_15_busiest_bee/25123ic/exp1/exp1_cont_20,0,0.0,,False,spontaneous,169,True
s3://braingeneers/braindance/25_04_15_busiest_bee/,25123ic,exp1/exp1_cont_133,s3://braingeneers/braindance/25_04_15_busiest_bee/25123ic/exp1/exp1_cont_133,2500,1.0,0.9999984722328225,True,stim,169,True
s3://braingeneers/braindance/25_04_15_busiest_bee/,25123ic,exp1/exp1_cont_152,s3://braingeneers/braindance/25_04_15_busiest_bee/25123ic/exp1/exp1_cont_152,0,0.0,,False,spontaneous,169,True
s3://braingeneers/braindance/25_04_15_busiest_bee/,25123ic,exp1/exp1_cont_33,s3://braingeneers/braindance/25_04_15_busiest_bee/25123ic/exp1/exp1_cont_33,2500,1.0,0.9999990393466484,True,stim,169,True
s3://braingeneers/braindance/25_04_15_busiest_bee/,25123ic,exp1/exp1_cont_88,s3://braingeneers/braindance/25_04_15_busiest_bee/25123ic/exp1/exp1_cont_88,0,0.0,,False,spontaneous,169,True
s3://braingeneers/braindance/25_04_15_busiest_bee/,25123ic,exp1/exp1_cont_10,s3://braingeneers/braindance/25_04_15_busiest_bee/25123ic/exp1/exp1_cont_10,0,0.0,,False,spontaneous,169,True
s3://braingeneers/braindance/25_04_15_busiest_bee/,25123ic,exp1/exp1_cont_47,s3://braingeneers/braindance/25_04_15_busiest_bee/25123ic/exp1/exp1_cont_47,10000,4.0,3.9999941159498857,True,stim,169,True
s3://braingeneers/braindance/25_04_15_busiest_bee/,25123ic,exp1/exp1_cont_157,s3://braingeneers/braindance/25_04_15_busiest_bee/25123ic/exp1/exp1_cont_157,10000,4.0,3.999998658469447,True,stim,169,True
s3://braingeneers/braindance/25_04_15_busiest_bee/,25123ic,exp1/exp1_cont_49,s3://braingeneers/braindance/25_04_15_busiest_bee/25123ic/exp1/exp1_cont_49,20000,8.0,7.999992565103865,True,stim,169,True
s3://braingeneers/braindance/25_04_15_busiest_bee/,25123ic,exp1/exp1_cont_129,s3://braingeneers/braindance/25_04_15_busiest_bee/25123ic/exp1/exp1_cont_129,20000,8.0,7.9999899992534065,True,stim,169,True
s3://braingeneers/braindance/25_04_15_busiest_bee/,25123ic,exp1/exp1_cont_15,s3://braingeneers/braindance/25_04_15_busiest_bee/25123ic/exp1/exp1_cont_15,5000,2.0,1.9999967083983117,True,stim,169,True
s3://braingeneers/braindance/25_04_15_busiest_bee/,25123ic,exp1/exp1_cont_56,s3://braingeneers/braindance/25_04_15_busiest_bee/25123ic/exp1/exp1_cont_56,0,0.0,,False,spontaneous,169,True
s3://braingeneers/braindance/25_04_15_busiest_bee/,25123ic,exp1/exp1_cont_113,s3://braingeneers/braindance/25_04_15_busiest_bee/25123ic/exp1/exp1_cont_113,2500,1.0,0.999999352749514,True,stim,169,True
s3://braingeneers/braindance/25_04_15_busiest_bee/,25123ic,exp1/exp1_cont_135,s3://braingeneers/braindance/25_04_15_busiest_bee/25123ic/exp1/exp1_cont_135,5000,2.0,1.9999955713136817,True,stim,169,True
s3://braingeneers/braindance/25_04_15_busiest_bee/,25123ic,exp1/exp1_cont_58,s3://braingeneers/braindance/25_04_15_busiest_bee/25123ic/exp1/exp1_cont_58,0,0.0,,False,spontaneous,169,True
s3://braingeneers/braindance/25_04_15_busiest_bee/,25123ic,exp1/exp1_cont_142,s3://braingeneers/braindance/25_04_15_busiest_bee/25123ic/exp1/exp1_cont_142,0,0.0,,False,spontaneous,169,True
s3://braingeneers/braindance/25_04_15_busiest_bee/,25123ic,exp1/exp1_cont_14,s3://braingeneers/braindance/25_04_15_busiest_bee/25123ic/exp1/exp1_cont_14,0,0.0,,False,spontaneous,169,True
s3://braingeneers/braindance/25_04_15_busiest_bee/,25123ic,exp1/exp1_cont_48,s3://braingeneers/braindance/25_04_15_busiest_bee/25123ic/exp1/exp1_cont_48,0,0.0,,False,spontaneous,169,True
s3://braingeneers/braindance/25_04_15_busiest_bee/,25123ic,exp1/exp1_cont_81,s3://braingeneers/braindance/25_04_15_busiest_bee/25123ic/exp1/exp1_cont_81,1250,0.5,0.4999997673780149,True,stim,169,True
s3://braingeneers/braindance/25_04_15_busiest_bee/,25123ic,exp1/exp1_cont_96,s3://braingeneers/braindance/25_04_15_busiest_bee/25123ic/exp1/exp1_cont_96,0,0.0,,False,spontaneous,169,True
s3://braingeneers/braindance/25_04_15_busiest_bee/,25123ic,exp1/exp1_cont_99,s3://braingeneers/braindance/25_04_15_busiest_bee/25123ic/exp1/exp1_cont_99,20000,8.0,7.999997927314509,True,stim,169,True
s3://braingeneers/braindance/25_04_15_busiest_bee/,25123ic,exp1/exp1_cont_41,s3://braingeneers/braindance/25_04_15_busiest_bee/25123ic/exp1/exp1_cont_41,1250,0.5,0.4999984010557557,True,stim,169,True
s3://braingeneers/braindance/25_04_15_busiest_bee/,25123ic,exp1/exp1_cont_125,s3://braingeneers/braindance/25_04_15_busiest_bee/25123ic/exp1/exp1_cont_125,5000,2.0,1.999999825874784,True,stim,169,True
s3://braingeneers/braindance/25_04_15_busiest_bee/,25123ic,exp1/exp1_cont_144,s3://braingeneers/braindance/25_04_15_busiest_bee/25123ic/exp1/exp1_cont_144,0,0.0,,False,spontaneous,169,True
s3://braingeneers/braindance/25_04_15_busiest_bee/,25123ic,exp1/exp1_cont_117,s3://braingeneers/braindance/25_04_15_busiest_bee/25123ic/exp1/exp1_cont_117,10000,4.0,4.000001757602068,True,stim,169,True
s3://braingeneers/braindance/25_04_15_busiest_bee/,25123ic,exp1/exp1_cont_130,s3://braingeneers/braindance/25_04_15_busiest_bee/25123ic/exp1/exp1_cont_130,0,0.0,,False,spontaneous,169,True
s3://braingeneers/braindance/25_04_15_busiest_bee/,25123ic,exp1/exp1_cont_108,s3://braingeneers/braindance/25_04_15_busiest_bee/25123ic/exp1/exp1_cont_108,0,0.0,,False,spontaneous,169,True
s3://braingeneers/braindance/25_04_15_busiest_bee/,25123ic,exp1/exp1_cont_2,s3://braingeneers/braindance/25_04_15_busiest_bee/25123ic/exp1/exp1_cont_2,0,0.0,,False,spontaneous,169,True
s3://braingeneers/braindance/25_04_15_busiest_bee/,25123ic,exp1/exp1_cont_82,s3://braingeneers/braindance/25_04_15_busiest_bee/25123ic/exp1/exp1_cont_82,0,0.0,,False,spontaneous,169,True
s3://braingeneers/braindance/25_04_15_busiest_bee/,25123ic,exp1/exp1_cont_36,s3://braingeneers/braindance/25_04_15_busiest_bee/25123ic/exp1/exp1_cont_36,0,0.0,,False,spontaneous,169,True
s3://braingeneers/braindance/25_04_15_busiest_bee/,25123ic,exp1/exp1_cont_54,s3://braingeneers/braindance/25_04_15_busiest_bee/25123ic/exp1/exp1_cont_54,0,0.0,,False,spontaneous,169,True
s3://braingeneers/braindance/25_04_15_busiest_bee/,25123ic,exp1/exp1_cont_156,s3://braingeneers/braindance/25_04_15_busiest_bee/25123ic/exp1/exp1_cont_156,0,0.0,,False,spontaneous,169,True
s3://braingeneers/braindance/25_04_15_busiest_bee/,25123ic,exp1/exp1_cont_114,s3://braingeneers/braindance/25_04_15_busiest_bee/25123ic/exp1/exp1_cont_114,0,0.0,,False,spontaneous,169,True
s3://braingeneers/braindance/25_04_15_busiest_bee/,25123ic,exp1/exp1_cont_100,s3://braingeneers/braindance/25_04_15_busiest_bee/25123ic/exp1/exp1_cont_100,0,0.0,,False,spontaneous,169,True
s3://braingeneers/braindance/25_04_15_busiest_bee/,25123ic,exp1/exp1_cont_150,s3://braingeneers/braindance/25_04_15_busiest_bee/25123ic/exp1/exp1_cont_150,0,0.0,,False,spontaneous,169,True
s3://braingeneers/braindance/25_04_15_busiest_bee/,25123ic,exp1/exp1_cont_137,s3://braingeneers/braindance/25_04_15_busiest_bee/25123ic/exp1/exp1_cont_137,10000,4.0,4.000001912428929,True,stim,169,True
s3://braingeneers/braindance/25_04_15_busiest_bee/,25123ic,exp1/exp1_cont_154,s3://braingeneers/braindance/25_04_15_busiest_bee/25123ic/exp1/exp1_cont_154,0,0.0,,False,spontaneous,169,True
s3://braingeneers/braindance/25_04_15_busiest_bee/,25123ic,exp1/exp1_cont_83,s3://braingeneers/braindance/25_04_15_busiest_bee/25123ic/exp1/exp1_cont_83,2500,1.0,0.9999985619536446,True,stim,169,True
s3://braingeneers/braindance/25_04_15_busiest_bee/,25123ic,exp1/exp1_cont_93,s3://braingeneers/braindance/25_04_15_busiest_bee/25123ic/exp1/exp1_cont_93,2500,1.0,0.999998816061026,True,stim,169,True
s3://braingeneers/braindance/25_04_15_busiest_bee/,25123ic,exp1/exp1_cont_155,s3://braingeneers/braindance/25_04_15_busiest_bee/25123ic/exp1/exp1_cont_155,5000,2.0,1.9999972737120684,True,stim,169,True
s3://braingeneers/braindance/25_04_15_busiest_bee/,25123ic,exp1/exp1_cont_51,s3://braingeneers/braindance/25_04_15_busiest_bee/25123ic/exp1/exp1_cont_51,1250,0.5,0.4999985476997768,True,stim,169,True
s3://braingeneers/braindance/25_04_15_busiest_bee/,25123ic,exp1/exp1_cont_118,s3://braingeneers/braindance/25_04_15_busiest_bee/25123ic/exp1/exp1_cont_118,0,0.0,,False,spontaneous,169,True
s3://braingeneers/braindance/25_04_15_busiest_bee/,25123ic,exp1/exp1_cont_53,s3://braingeneers/braindance/25_04_15_busiest_bee/25123ic/exp1/exp1_cont_53,2500,1.0,1.0000000481656657,True,stim,169,True
s3://braingeneers/braindance/25_04_15_busiest_bee/,25123ic,exp1/exp1_cont_30,s3://braingeneers/braindance/25_04_15_busiest_bee/25123ic/exp1/exp1_cont_30,0,0.0,,False,spontaneous,169,True
s3://braingeneers/braindance/25_04_15_busiest_bee/,25123ic,exp1/exp1_cont_67,s3://braingeneers/braindance/25_04_15_busiest_bee/25123ic/exp1/exp1_cont_67,10000,4.0,3.999998971124561,True,stim,169,True
s3://braingeneers/braindance/25_04_15_busiest_bee/,25123ic,exp1/exp1_cont_97,s3://braingeneers/braindance/25_04_15_busiest_bee/25123ic/exp1/exp1_cont_97,10000,4.0,3.9999954358495953,True,stim,169,True
s3://braingeneers/braindance/25_04_15_busiest_bee/,25123ic,exp1/exp1_cont_167,s3://braingeneers/braindance/25_04_15_busiest_bee/25123ic/exp1/exp1_cont_167,5361,4.0,3.999988610375744,True,stim,169,True
s3://braingeneers/braindance/25_04_15_busiest_bee/,25123ic,exp1/exp1_cont_22,s3://braingeneers/braindance/25_04_15_busiest_bee/25123ic/exp1/exp1_cont_22,0,0.0,,False,spontaneous,169,True
s3://braingeneers/braindance/25_04_15_busiest_bee/,25123ic,exp1/exp1_cont,s3://braingeneers/braindance/25_04_15_busiest_bee/25123ic/exp1/exp1_cont,0,0.0,,False,spontaneous,169,True
s3://braingeneers/braindance/25_04_15_busiest_bee/,25123ic,exp1/exp1_cont_1,s3://braingeneers/braindance/25_04_15_busiest_bee/25123ic/exp1/exp1_cont_1,1250,0.5,0.499998744298786,True,stim,169,True
s3://braingeneers/braindance/25_04_15_busiest_bee/,25123ic,exp1/exp1_cont_23,s3://braingeneers/braindance/25_04_15_busiest_bee/25123ic/exp1/exp1_cont_23,2500,1.0,0.9999978585956112,True,stim,169,True
s3://braingeneers/braindance/25_04_15_busiest_bee/,25123ic,exp1/exp1_cont_7,s3://braingeneers/braindance/25_04_15_busiest_bee/25123ic/exp1/exp1_cont_7,10000,4.0,3.9999911514995294,True,stim,169,True
s3://braingeneers/braindance/25_04_15_busiest_bee/,25123ic,exp1/exp1_cont_26,s3://braingeneers/braindance/25_04_15_busiest_bee/25123ic/exp1/exp1_cont_26,0,0.0,,False,spontaneous,169,True
s3://braingeneers/braindance/25_04_15_busiest_bee/,25123ic,exp1/exp1_cont_141,s3://braingeneers/braindance/25_04_15_busiest_bee/25123ic/exp1/exp1_cont_141,1250,0.5,0.4999996911519032,True,stim,169,True
s3://braingeneers/braindance/25_04_15_busiest_bee/,25123ic,exp1/exp1_cont_50,s3://braingeneers/braindance/25_04_15_busiest_bee/25123ic/exp1/exp1_cont_50,0,0.0,,False,spontaneous,169,True
s3://braingeneers/braindance/25_04_15_busiest_bee/,25123ic,exp1/exp1_cont_91,s3://braingeneers/braindance/25_04_15_busiest_bee/25123ic/exp1/exp1_cont_91,1250,0.5,0.499998583123514,True,stim,169,True
s3://braingeneers/braindance/25_04_15_busiest_bee/,25123ic,exp1/exp1_cont_44,s3://braingeneers/braindance/25_04_15_busiest_bee/25123ic/exp1/exp1_cont_44,0,0.0,,False,spontaneous,169,True
s3://braingeneers/braindance/25_04_15_busiest_bee/,25123ic,exp1/exp1_cont_105,s3://braingeneers/braindance/25_04_15_busiest_bee/25123ic/exp1/exp1_cont_105,5000,2.0,1.9999971493387008,True,stim,169,True
s3://braingeneers/braindance/25_04_15_busiest_bee/,25123ic,exp1/exp1_cont_104,s3://braingeneers/braindance/25_04_15_busiest_bee/25123ic/exp1/exp1_cont_104,0,0.0,,False,spontaneous,169,True
s3://braingeneers/braindance/25_04_15_busiest_bee/,25123ic,exp1/exp1_cont_45,s3://braingeneers/braindance/25_04_15_busiest_bee/25123ic/exp1/exp1_cont_45,5000,2.0,1.9999987314991232,True,stim,169,True
s3://braingeneers/braindance/25_04_15_busiest_bee/,25123ic,exp1/exp1_cont_84,s3://braingeneers/braindance/25_04_15_busiest_bee/25123ic/exp1/exp1_cont_84,0,0.0,,False,spontaneous,169,True
s3://braingeneers/braindance/25_04_15_busiest_bee/,25123ic,exp1/exp1_cont_25,s3://braingeneers/braindance/25_04_15_busiest_bee/25123ic/exp1/exp1_cont_25,5000,2.0,1.999999264715648,True,stim,169,True
s3://braingeneers/braindance/25_04_15_busiest_bee/,25123ic,exp1/exp1_cont_165,s3://braingeneers/braindance/25_04_15_busiest_bee/25123ic/exp1/exp1_cont_165,5000,2.0,1.999997078760014,True,stim,169,True
s3://braingeneers/braindance/25_04_15_busiest_bee/,25123ic,exp1/exp1_cont_38,s3://braingeneers/braindance/25_04_15_busiest_bee/25123ic/exp1/exp1_cont_38,0,0.0,,False,spontaneous,169,True
s3://braingeneers/braindance/25_04_15_busiest_bee/,25123ic,exp1/exp1_cont_92,s3://braingeneers/braindance/25_04_15_busiest_bee/25123ic/exp1/exp1_cont_92,0,0.0,,False,spontaneous,169,True
s3://braingeneers/braindance/25_04_15_busiest_bee/,25123ic,exp1/exp1_cont_163,s3://braingeneers/braindance/25_04_15_busiest_bee/25123ic/exp1/exp1_cont_163,2500,1.0,0.9999990329389266,True,stim,169,True
s3://braingeneers/braindance/25_04_15_busiest_bee/,25123ic,exp1/exp1_cont_57,s3://braingeneers/braindance/25_04_15_busiest_bee/25123ic/exp1/exp1_cont_57,10000,4.0,3.999998990888168,True,stim,169,True
s3://braingeneers/braindance/25_04_15_busiest_bee/,25123ic,exp1/exp1_cont_52,s3://braingeneers/braindance/25_04_15_busiest_bee/25123ic/exp1/exp1_cont_52,0,0.0,,False,spontaneous,169,True
s3://braingeneers/braindance/25_04_15_busiest_bee/,25123ic,exp1/exp1_cont_42,s3://braingeneers/braindance/25_04_15_busiest_bee/25123ic/exp1/exp1_cont_42,0,0.0,,False,spontaneous,169,True
s3://braingeneers/braindance/25_04_15_busiest_bee/,25123ic,exp1/exp1_cont_127,s3://braingeneers/braindance/25_04_15_busiest_bee/25123ic/exp1/exp1_cont_127,10000,4.0,3.9999992553304793,True,stim,169,True
s3://braingeneers/braindance/25_04_15_busiest_bee/,25123ic,exp1/exp1_cont_128,s3://braingeneers/braindance/25_04_15_busiest_bee/25123ic/exp1/exp1_cont_128,0,0.0,,False,spontaneous,169,True
s3://braingeneers/braindance/25_04_15_busiest_bee/,25123ic,exp1/exp1_cont_12,s3://braingeneers/braindance/25_04_15_busiest_bee/25123ic/exp1/exp1_cont_12,0,0.0,,False,spontaneous,169,True
s3://braingeneers/braindance/25_04_15_busiest_bee/,25123ic,exp1/exp1_cont_115,s3://braingeneers/braindance/25_04_15_busiest_bee/25123ic/exp1/exp1_cont_115,5000,2.0,2.000000284288911,True,stim,169,True
s3://braingeneers/braindance/25_04_15_busiest_bee/,25123ic,exp1/exp1_cont_132,s3://braingeneers/braindance/25_04_15_busiest_bee/25123ic/exp1/exp1_cont_132,0,0.0,,False,spontaneous,169,True
s3://braingeneers/braindance/25_04_15_busiest_bee/,25123ic,exp1/exp1_cont_158,s3://braingeneers/braindance/25_04_15_busiest_bee/25123ic/exp1/exp1_cont_158,0,0.0,,False,spontaneous,169,True
s3://braingeneers/braindance/25_04_15_busiest_bee/,25123ic,exp1/exp1_cont_66,s3://braingeneers/braindance/25_04_15_busiest_bee/25123ic/exp1/exp1_cont_66,0,0.0,,False,spontaneous,169,True
s3://braingeneers/braindance/25_04_15_busiest_bee/,25123ic,exp1/exp1_cont_85,s3://braingeneers/braindance/25_04_15_busiest_bee/25123ic/exp1/exp1_cont_85,5000,2.0,1.9999962887470215,True,stim,169,True
s3://braingeneers/braindance/25_04_15_busiest_bee/,25123ic,exp1/exp1_cont_151,s3://braingeneers/braindance/25_04_15_busiest_bee/25123ic/exp1/exp1_cont_151,1250,0.5,0.4999997723950189,True,stim,169,True
s3://braingeneers/braindance/25_04_15_busiest_bee/,25123ic,exp1/exp1_cont_16,s3://braingeneers/braindance/25_04_15_busiest_bee/25123ic/exp1/exp1_cont_16,0,0.0,,False,spontaneous,169,True
s3://braingeneers/braindance/25_04_15_busiest_bee/,25123ic,exp1/exp1_cont_110,s3://braingeneers/braindance/25_04_15_busiest_bee/25123ic/exp1/exp1_cont_110,0,0.0,,False,spontaneous,169,True
s3://braingeneers/braindance/25_04_15_busiest_bee/,25123ic,exp1/exp1_cont_5,s3://braingeneers/braindance/25_04_15_busiest_bee/25123ic/exp1/exp1_cont_5,5000,2.0,2.000002212921833,True,stim,169,True
s3://braingeneers/braindance/25_04_15_busiest_bee/,25123ic,exp1/exp1_cont_18,s3://braingeneers/braindance/25_04_15_busiest_bee/25123ic/exp1/exp1_cont_18,0,0.0,,False,spontaneous,169,True
s3://braingeneers/braindance/25_04_15_busiest_bee/,25123ic,exp1/exp1_cont_109,s3://braingeneers/braindance/25_04_15_busiest_bee/25123ic/exp1/exp1_cont_109,20000,8.0,7.999990169738059,True,stim,169,True
s3://braingeneers/braindance/25_04_15_busiest_bee/,25123ic,exp1/exp1_cont_136,s3://braingeneers/braindance/25_04_15_busiest_bee/25123ic/exp1/exp1_cont_136,0,0.0,,False,spontaneous,169,True
s3://braingeneers/braindance/25_04_15_busiest_bee/,25123ic,exp1/exp1_cont_68,s3://braingeneers/braindance/25_04_15_busiest_bee/25123ic/exp1/exp1_cont_68,0,0.0,,False,spontaneous,169,True
s3://braingeneers/braindance/25_04_15_busiest_bee/,25123ic,exp1/exp1_cont_87,s3://braingeneers/braindance/25_04_15_busiest_bee/25123ic/exp1/exp1_cont_87,10000,4.0,3.999996945477675,True,stim,169,True
s3://braingeneers/braindance/25_04_15_busiest_bee/,25123ic,exp1/exp1_cont_102,s3://braingeneers/braindance/25_04_15_busiest_bee/25123ic/exp1/exp1_cont_102,0,0.0,,False,spontaneous,169,True
s3://braingeneers/braindance/25_04_15_busiest_bee/,25123ic,exp1/exp1_cont_21,s3://braingeneers/braindance/25_04_15_busiest_bee/25123ic/exp1/exp1_cont_21,1250,0.5,0.4999998726811784,True,stim,169,True
s3://braingeneers/braindance/25_04_15_busiest_bee/,25123ic,exp1/exp1_cont_35,s3://braingeneers/braindance/25_04_15_busiest_bee/25123ic/exp1/exp1_cont_35,5000,2.0,1.9999971261117797,True,stim,169,True
s3://braingeneers/braindance/25_04_15_busiest_bee/,25123ic,exp1/exp1_cont_27,s3://braingeneers/braindance/25_04_15_busiest_bee/25123ic/exp1/exp1_cont_27,10000,4.0,3.9999974498521778,True,stim,169,True
s3://braingeneers/braindance/25_04_15_busiest_bee/,25123ic,exp1/exp1_cont_28,s3://braingeneers/braindance/25_04_15_busiest_bee/25123ic/exp1/exp1_cont_28,0,0.0,,False,spontaneous,169,True
s3://braingeneers/braindance/25_04_15_busiest_bee/,25178ic,exp1/exp1_cont_147,s3://braingeneers/braindance/25_04_15_busiest_bee/25178ic/exp1/exp1_cont_147,8400,4.0,3.999994355692406,True,stim,284,True
s3://braingeneers/braindance/25_04_15_busiest_bee/,25178ic,exp1/exp1_cont_153,s3://braingeneers/braindance/25_04_15_busiest_bee/25178ic/exp1/exp1_cont_153,2100,1.0,0.9999994072999984,True,stim,284,True
s3://braingeneers/braindance/25_04_15_busiest_bee/,25178ic,exp1/exp1_cont_250,s3://braingeneers/braindance/25_04_15_busiest_bee/25178ic/exp1/exp1_cont_250,0,0.0,,False,spontaneous,284,True
s3://braingeneers/braindance/25_04_15_busiest_bee/,25178ic,exp1/exp1_cont_178,s3://braingeneers/braindance/25_04_15_busiest_bee/25178ic/exp1/exp1_cont_178,0,0.0,,False,spontaneous,284,True
s3://braingeneers/braindance/25_04_15_busiest_bee/,25178ic,exp1/exp1_cont_145,s3://braingeneers/braindance/25_04_15_busiest_bee/25178ic/exp1/exp1_cont_145,4200,2.0,1.9999996570069745,True,stim,284,True
s3://braingeneers/braindance/25_04_15_busiest_bee/,25178ic,exp1/exp1_cont_176,s3://braingeneers/braindance/25_04_15_busiest_bee/25178ic/exp1/exp1_cont_176,0,0.0,,False,spontaneous,284,True
s3://braingeneers/braindance/25_04_15_busiest_bee/,25178ic,exp1/exp1_cont_124,s3://braingeneers/braindance/25_04_15_busiest_bee/25178ic/exp1/exp1_cont_124,0,0.0,,False,spontaneous,284,True
s3://braingeneers/braindance/25_04_15_busiest_bee/,25178ic,exp1/exp1_cont_138,s3://braingeneers/braindance/25_04_15_busiest_bee/25178ic/exp1/exp1_cont_138,0,0.0,,False,spontaneous,284,True
s3://braingeneers/braindance/25_04_15_busiest_bee/,25178ic,exp1/exp1_cont_173,s3://braingeneers/braindance/25_04_15_busiest_bee/25178ic/exp1/exp1_cont_173,2100,1.0,1.000000114979971,True,stim,284,True
s3://braingeneers/braindance/25_04_15_busiest_bee/,25178ic,exp1/exp1_cont_187,s3://braingeneers/braindance/25_04_15_busiest_bee/25178ic/exp1/exp1_cont_187,8400,4.0,3.9999989411334176,True,stim,284,True
s3://braingeneers/braindance/25_04_15_busiest_bee/,25178ic,exp1/exp1_cont_46,s3://braingeneers/braindance/25_04_15_busiest_bee/25178ic/exp1/exp1_cont_46,0,0.0,,False,spontaneous,284,True
s3://braingeneers/braindance/25_04_15_busiest_bee/,25178ic,exp1/exp1_cont_214,s3://braingeneers/braindance/25_04_15_busiest_bee/25178ic/exp1/exp1_cont_214,0,0.0,,False,spontaneous,284,True
s3://braingeneers/braindance/25_04_15_busiest_bee/,25178ic,exp1/exp1_cont_107,s3://braingeneers/braindance/25_04_15_busiest_bee/25178ic/exp1/exp1_cont_107,8400,4.0,3.99999655421944,True,stim,284,True
s3://braingeneers/braindance/25_04_15_busiest_bee/,25178ic,exp1/exp1_cont_168,s3://braingeneers/braindance/25_04_15_busiest_bee/25178ic/exp1/exp1_cont_168,0,0.0,,False,spontaneous,284,True
s3://braingeneers/braindance/25_04_15_busiest_bee/,25178ic,exp1/exp1_cont_220,s3://braingeneers/braindance/25_04_15_busiest_bee/25178ic/exp1/exp1_cont_220,0,0.0,,False,spontaneous,284,True
s3://braingeneers/braindance/25_04_15_busiest_bee/,25178ic,exp1/exp1_cont_265,s3://braingeneers/braindance/25_04_15_busiest_bee/25178ic/exp1/exp1_cont_265,4200,2.0,1.999999579907512,True,stim,284,True
s3://braingeneers/braindance/25_04_15_busiest_bee/,25178ic,exp1/exp1_cont_307,s3://braingeneers/braindance/25_04_15_busiest_bee/25178ic/exp1/exp1_cont_307,8400,4.0,3.9999925823992495,True,stim,284,True
s3://braingeneers/braindance/25_04_15_busiest_bee/,25178ic,exp1/exp1_cont_139,s3://braingeneers/braindance/25_04_15_busiest_bee/25178ic/exp1/exp1_cont_139,16800,8.0,8.000005087376222,True,stim,284,True
s3://braingeneers/braindance/25_04_15_busiest_bee/,25178ic,exp1/exp1_cont_245,s3://braingeneers/braindance/25_04_15_busiest_bee/25178ic/exp1/exp1_cont_245,4200,2.0,1.9999990787476227,True,stim,284,True
s3://braingeneers/braindance/25_04_15_busiest_bee/,25178ic,exp1/exp1_cont_39,s3://braingeneers/braindance/25_04_15_busiest_bee/25178ic/exp1/exp1_cont_39,16800,8.0,8.000008304929409,True,stim,284,True
s3://braingeneers/braindance/25_04_15_busiest_bee/,25178ic,exp1/exp1_cont_62,s3://braingeneers/braindance/25_04_15_busiest_bee/25178ic/exp1/exp1_cont_62,0,0.0,,False,spontaneous,284,True
s3://braingeneers/braindance/25_04_15_busiest_bee/,25178ic,exp1/exp1_cont_280,s3://braingeneers/braindance/25_04_15_busiest_bee/25178ic/exp1/exp1_cont_280,0,0.0,,False,spontaneous,284,True
s3://braingeneers/braindance/25_04_15_busiest_bee/,25178ic,exp1/exp1_cont_37,s3://braingeneers/braindance/25_04_15_busiest_bee/25178ic/exp1/exp1_cont_37,8400,4.0,3.999999894330207,True,stim,284,True
s3://braingeneers/braindance/25_04_15_busiest_bee/,25178ic,exp1/exp1_cont_61,s3://braingeneers/braindance/25_04_15_busiest_bee/25178ic/exp1/exp1_cont_61,1050,0.5,0.4999989374305083,True,stim,284,True
s3://braingeneers/braindance/25_04_15_busiest_bee/,25178ic,exp1/exp1_cont_111,s3://braingeneers/braindance/25_04_15_busiest_bee/25178ic/exp1/exp1_cont_111,1050,0.5,0.4999999437111728,True,stim,284,True
s3://braingeneers/braindance/25_04_15_busiest_bee/,25178ic,exp1/exp1_cont_161,s3://braingeneers/braindance/25_04_15_busiest_bee/25178ic/exp1/exp1_cont_161,1050,0.5,0.5000007199926803,True,stim,284,True
s3://braingeneers/braindance/25_04_15_busiest_bee/,25178ic,exp1/exp1_cont_31,s3://braingeneers/braindance/25_04_15_busiest_bee/25178ic/exp1/exp1_cont_31,1050,0.5,0.4999992360938687,True,stim,284,True
s3://braingeneers/braindance/25_04_15_busiest_bee/,25178ic,exp1/exp1_cont_160,s3://braingeneers/braindance/25_04_15_busiest_bee/25178ic/exp1/exp1_cont_160,0,0.0,,False,spontaneous,284,True
s3://braingeneers/braindance/25_04_15_busiest_bee/,25178ic,exp1/exp1_cont_185,s3://braingeneers/braindance/25_04_15_busiest_bee/25178ic/exp1/exp1_cont_185,4200,2.0,2.0000112200963627,True,stim,284,True
s3://braingeneers/braindance/25_04_15_busiest_bee/,25178ic,exp1/exp1_cont_216,s3://braingeneers/braindance/25_04_15_busiest_bee/25178ic/exp1/exp1_cont_216,0,0.0,,False,spontaneous,284,True
s3://braingeneers/braindance/25_04_15_busiest_bee/,25178ic,exp1/exp1_cont_159,s3://braingeneers/braindance/25_04_15_busiest_bee/25178ic/exp1/exp1_cont_159,16800,8.0,7.999993348223064,True,stim,284,True
s3://braingeneers/braindance/25_04_15_busiest_bee/,25178ic,exp1/exp1_cont_70,s3://braingeneers/braindance/25_04_15_busiest_bee/25178ic/exp1/exp1_cont_70,0,0.0,,False,spontaneous,284,True
s3://braingeneers/braindance/25_04_15_busiest_bee/,25178ic,exp1/exp1_cont_270,s3://braingeneers/braindance/25_04_15_busiest_bee/25178ic/exp1/exp1_cont_270,0,0.0,,False,spontaneous,284,True
s3://braingeneers/braindance/25_04_15_busiest_bee/,25178ic,exp1/exp1_cont_246,s3://braingeneers/braindance/25_04_15_busiest_bee/25178ic/exp1/exp1_cont_246,0,0.0,,False,spontaneous,284,True
s3://braingeneers/braindance/25_04_15_busiest_bee/,25178ic,exp1/exp1_cont_103,s3://braingeneers/braindance/25_04_15_busiest_bee/25178ic/exp1/exp1_cont_103,2100,1.0,0.9999995943336436,True,stim,284,True
s3://braingeneers/braindance/25_04_15_busiest_bee/,25178ic,exp1/exp1_cont_143,s3://braingeneers/braindance/25_04_15_busiest_bee/25178ic/exp1/exp1_cont_143,2100,1.0,0.9999984128624648,True,stim,284,True
s3://braingeneers/braindance/25_04_15_busiest_bee/,25178ic,exp1/exp1_cont_226,s3://braingeneers/braindance/25_04_15_busiest_bee/25178ic/exp1/exp1_cont_226,0,0.0,,False,spontaneous,284,True
s3://braingeneers/braindance/25_04_15_busiest_bee/,25178ic,exp1/exp1_cont_254,s3://braingeneers/braindance/25_04_15_busiest_bee/25178ic/exp1/exp1_cont_254,0,0.0,,False,spontaneous,284,True
s3://braingeneers/braindance/25_04_15_busiest_bee/,25178ic,exp1/exp1_cont_13,s3://braingeneers/braindance/25_04_15_busiest_bee/25178ic/exp1/exp1_cont_13,2100,1.0,1.0000014989160144,True,stim,284,True
s3://braingeneers/braindance/25_04_15_busiest_bee/,25178ic,exp1/exp1_cont_74,s3://braingeneers/braindance/25_04_15_busiest_bee/25178ic/exp1/exp1_cont_74,0,0.0,,False,spontaneous,284,True
s3://braingeneers/braindance/25_04_15_busiest_bee/,25178ic,exp1/exp1_cont_244,s3://braingeneers/braindance/25_04_15_busiest_bee/25178ic/exp1/exp1_cont_244,0,0.0,,False,spontaneous,284,True
s3://braingeneers/braindance/25_04_15_busiest_bee/,25178ic,exp1/exp1_cont_228,s3://braingeneers/braindance/25_04_15_busiest_bee/25178ic/exp1/exp1_cont_228,0,0.0,,False,spontaneous,284,True
s3://braingeneers/braindance/25_04_15_busiest_bee/,25178ic,exp1/exp1_cont_179,s3://braingeneers/braindance/25_04_15_busiest_bee/25178ic/exp1/exp1_cont_179,16800,8.0,7.999977823232477,True,stim,284,True
s3://braingeneers/braindance/25_04_15_busiest_bee/,25178ic,exp1/exp1_cont_188,s3://braingeneers/braindance/25_04_15_busiest_bee/25178ic/exp1/exp1_cont_188,0,0.0,,False,spontaneous,284,True
s3://braingeneers/braindance/25_04_15_busiest_bee/,25178ic,exp1/exp1_cont_235,s3://braingeneers/braindance/25_04_15_busiest_bee/25178ic/exp1/exp1_cont_235,4200,2.0,2.0000014448403363,True,stim,284,True
s3://braingeneers/braindance/25_04_15_busiest_bee/,25178ic,exp1/exp1_cont_241,s3://braingeneers/braindance/25_04_15_busiest_bee/25178ic/exp1/exp1_cont_241,1050,0.5,0.4999994696399896,True,stim,284,True
s3://braingeneers/braindance/25_04_15_busiest_bee/,25178ic,exp1/exp1_cont_121,s3://braingeneers/braindance/25_04_15_busiest_bee/25178ic/exp1/exp1_cont_121,1050,0.5,0.5000007136702505,True,stim,284,True
s3://braingeneers/braindance/25_04_15_busiest_bee/,25178ic,exp1/exp1_cont_204,s3://braingeneers/braindance/25_04_15_busiest_bee/25178ic/exp1/exp1_cont_204,0,0.0,,False,spontaneous,284,True
s3://braingeneers/braindance/25_04_15_busiest_bee/,25178ic,exp1/exp1_cont_65,s3://braingeneers/braindance/25_04_15_busiest_bee/25178ic/exp1/exp1_cont_65,4200,2.0,1.9999957438585705,True,stim,284,True
s3://braingeneers/braindance/25_04_15_busiest_bee/,25178ic,exp1/exp1_cont_6,s3://braingeneers/braindance/25_04_15_busiest_bee/25178ic/exp1/exp1_cont_6,0,0.0,,False,spontaneous,284,True
s3://braingeneers/braindance/25_04_15_busiest_bee/,25178ic,exp1/exp1_cont_126,s3://braingeneers/braindance/25_04_15_busiest_bee/25178ic/exp1/exp1_cont_126,0,0.0,,False,spontaneous,284,True
s3://braingeneers/braindance/25_04_15_busiest_bee/,25178ic,exp1/exp1_cont_72,s3://braingeneers/braindance/25_04_15_busiest_bee/25178ic/exp1/exp1_cont_72,0,0.0,,False,spontaneous,284,True
s3://braingeneers/braindance/25_04_15_busiest_bee/,25178ic,exp1/exp1_cont_29,s3://braingeneers/braindance/25_04_15_busiest_bee/25178ic/exp1/exp1_cont_29,16800,8.0,7.999979256990317,True,stim,284,True
s3://braingeneers/braindance/25_04_15_busiest_bee/,25178ic,exp1/exp1_cont_271,s3://braingeneers/braindance/25_04_15_busiest_bee/25178ic/exp1/exp1_cont_271,1050,0.5,0.4999985404735201,True,stim,284,True
s3://braingeneers/braindance/25_04_15_busiest_bee/,25178ic,exp1/exp1_cont_275,s3://braingeneers/braindance/25_04_15_busiest_bee/25178ic/exp1/exp1_cont_275,4200,2.0,1.9999969822765444,True,stim,284,True
s3://braingeneers/braindance/25_04_15_busiest_bee/,25178ic,exp1/exp1_cont_140,s3://braingeneers/braindance/25_04_15_busiest_bee/25178ic/exp1/exp1_cont_140,0,0.0,,False,spontaneous,284,True
s3://braingeneers/braindance/25_04_15_busiest_bee/,25178ic,exp1/exp1_cont_207,s3://braingeneers/braindance/25_04_15_busiest_bee/25178ic/exp1/exp1_cont_207,8400,4.0,3.999994761470733,True,stim,284,True
s3://braingeneers/braindance/25_04_15_busiest_bee/,25178ic,exp1/exp1_cont_230,s3://braingeneers/braindance/25_04_15_busiest_bee/25178ic/exp1/exp1_cont_230,0,0.0,,False,spontaneous,284,True
s3://braingeneers/braindance/25_04_15_busiest_bee/,25178ic,exp1/exp1_cont_166,s3://braingeneers/braindance/25_04_15_busiest_bee/25178ic/exp1/exp1_cont_166,0,0.0,,False,spontaneous,284,True
s3://braingeneers/braindance/25_04_15_busiest_bee/,25178ic,exp1/exp1_cont_134,s3://braingeneers/braindance/25_04_15_busiest_bee/25178ic/exp1/exp1_cont_134,0,0.0,,False,spontaneous,284,True
s3://braingeneers/braindance/25_04_15_busiest_bee/,25178ic,exp1/exp1_cont_274,s3://braingeneers/braindance/25_04_15_busiest_bee/25178ic/exp1/exp1_cont_274,0,0.0,,False,spontaneous,284,True
s3://braingeneers/braindance/25_04_15_busiest_bee/,25178ic,exp1/exp1_cont_32,s3://braingeneers/braindance/25_04_15_busiest_bee/25178ic/exp1/exp1_cont_32,0,0.0,,False,spontaneous,284,True
s3://braingeneers/braindance/25_04_15_busiest_bee/,25178ic,exp1/exp1_cont_116,s3://braingeneers/braindance/25_04_15_busiest_bee/25178ic/exp1/exp1_cont_116,0,0.0,,False,spontaneous,284,True
s3://braingeneers/braindance/25_04_15_busiest_bee/,25178ic,exp1/exp1_cont_17,s3://braingeneers/braindance/25_04_15_busiest_bee/25178ic/exp1/exp1_cont_17,8400,4.0,3.9999893573174736,True,stim,284,True
s3://braingeneers/braindance/25_04_15_busiest_bee/,25178ic,exp1/exp1_cont_4,s3://braingeneers/braindance/25_04_15_busiest_bee/25178ic/exp1/exp1_cont_4,0,0.0,,False,spontaneous,284,True
s3://braingeneers/braindance/25_04_15_busiest_bee/,25178ic,exp1/exp1_cont_239,s3://braingeneers/braindance/25_04_15_busiest_bee/25178ic/exp1/exp1_cont_239,16800,8.0,7.99998845573786,True,stim,284,True
s3://braingeneers/braindance/25_04_15_busiest_bee/,25178ic,exp1/exp1_cont_60,s3://braingeneers/braindance/25_04_15_busiest_bee/25178ic/exp1/exp1_cont_60,0,0.0,,False,spontaneous,284,True
s3://braingeneers/braindance/25_04_15_busiest_bee/,25178ic,exp1/exp1_cont_119,s3://braingeneers/braindance/25_04_15_busiest_bee/25178ic/exp1/exp1_cont_119,16800,8.0,8.00000377008914,True,stim,284,True
s3://braingeneers/braindance/25_04_15_busiest_bee/,25178ic,exp1/exp1_cont_292,s3://braingeneers/braindance/25_04_15_busiest_bee/25178ic/exp1/exp1_cont_292,0,0.0,,False,spontaneous,284,True
s3://braingeneers/braindance/25_04_15_busiest_bee/,25178ic,exp1/exp1_cont_55,s3://braingeneers/braindance/25_04_15_busiest_bee/25178ic/exp1/exp1_cont_55,4200,2.0,2.0000022570989597,True,stim,284,True
s3://braingeneers/braindance/25_04_15_busiest_bee/,25178ic,exp1/exp1_cont_162,s3://braingeneers/braindance/25_04_15_busiest_bee/25178ic/exp1/exp1_cont_162,0,0.0,,False,spontaneous,284,True
s3://braingeneers/braindance/25_04_15_busiest_bee/,25178ic,exp1/exp1_cont_112,s3://braingeneers/braindance/25_04_15_busiest_bee/25178ic/exp1/exp1_cont_112,0,0.0,,False,spontaneous,284,True
s3://braingeneers/braindance/25_04_15_busiest_bee/,25178ic,exp1/exp1_cont_213,s3://braingeneers/braindance/25_04_15_busiest_bee/25178ic/exp1/exp1_cont_213,2100,1.0,1.000000034398261,True,stim,284,True
s3://braingeneers/braindance/25_04_15_busiest_bee/,25178ic,exp1/exp1_cont_131,s3://braingeneers/braindance/25_04_15_busiest_bee/25178ic/exp1/exp1_cont_131,1050,0.5,0.4999999588865564,True,stim,284,True
s3://braingeneers/braindance/25_04_15_busiest_bee/,25178ic,exp1/exp1_cont_24,s3://braingeneers/braindance/25_04_15_busiest_bee/25178ic/exp1/exp1_cont_24,0,0.0,,False,spontaneous,284,True
s3://braingeneers/braindance/25_04_15_busiest_bee/,25178ic,exp1/exp1_cont_101,s3://braingeneers/braindance/25_04_15_busiest_bee/25178ic/exp1/exp1_cont_101,1050,0.5,0.5000010850626537,True,stim,284,True
s3://braingeneers/braindance/25_04_15_busiest_bee/,25178ic,exp1/exp1_cont_233,s3://braingeneers/braindance/25_04_15_busiest_bee/25178ic/exp1/exp1_cont_233,2100,1.0,1.000002173818435,True,stim,284,True
s3://braingeneers/braindance/25_04_15_busiest_bee/,25178ic,exp1/exp1_cont_273,s3://braingeneers/braindance/25_04_15_busiest_bee/25178ic/exp1/exp1_cont_273,2100,1.0,0.9999992131292152,True,stim,284,True
s3://braingeneers/braindance/25_04_15_busiest_bee/,25178ic,exp1/exp1_cont_3,s3://braingeneers/braindance/25_04_15_busiest_bee/25178ic/exp1/exp1_cont_3,2100,1.0,0.999998583214008,True,stim,284,True
s3://braingeneers/braindance/25_04_15_busiest_bee/,25178ic,exp1/exp1_cont_164,s3://braingeneers/braindance/25_04_15_busiest_bee/25178ic/exp1/exp1_cont_164,0,0.0,,False,spontaneous,284,True
s3://braingeneers/braindance/25_04_15_busiest_bee/,25178ic,exp1/exp1_cont_260,s3://braingeneers/braindance/25_04_15_busiest_bee/25178ic/exp1/exp1_cont_260,0,0.0,,False,spontaneous,284,True
s3://braingeneers/braindance/25_04_15_busiest_bee/,25178ic,exp1/exp1_cont_269,s3://braingeneers/braindance/25_04_15_busiest_bee/25178ic/exp1/exp1_cont_269,16800,8.0,7.999992900604888,True,stim,284,True
s3://braingeneers/braindance/25_04_15_busiest_bee/,25178ic,exp1/exp1_cont_59,s3://braingeneers/braindance/25_04_15_busiest_bee/25178ic/exp1/exp1_cont_59,16800,8.0,7.99998238935612,True,stim,284,True
s3://braingeneers/braindance/25_04_15_busiest_bee/,25178ic,exp1/exp1_cont_255,s3://braingeneers/braindance/25_04_15_busiest_bee/25178ic/exp1/exp1_cont_255,4200,2.0,1.999998750999617,True,stim,284,True
s3://braingeneers/braindance/25_04_15_busiest_bee/,25178ic,exp1/exp1_cont_284,s3://braingeneers/braindance/25_04_15_busiest_bee/25178ic/exp1/exp1_cont_284,0,0.0,,False,spontaneous,284,True
s3://braingeneers/braindance/25_04_15_busiest_bee/,25178ic,exp1/exp1_cont_40,s3://braingeneers/braindance/25_04_15_busiest_bee/25178ic/exp1/exp1_cont_40,0,0.0,,False,spontaneous,284,True
s3://braingeneers/braindance/25_04_15_busiest_bee/,25178ic,exp1/exp1_cont_123,s3://braingeneers/braindance/25_04_15_busiest_bee/25178ic/exp1/exp1_cont_123,2100,1.0,1.000003703931296,True,stim,284,True
s3://braingeneers/braindance/25_04_15_busiest_bee/,25178ic,exp1/exp1_cont_146,s3://braingeneers/braindance/25_04_15_busiest_bee/25178ic/exp1/exp1_cont_146,0,0.0,,False,spontaneous,284,True
s3://braingeneers/braindance/25_04_15_busiest_bee/,25178ic,exp1/exp1_cont_196,s3://braingeneers/braindance/25_04_15_busiest_bee/25178ic/exp1/exp1_cont_196,0,0.0,,False,spontaneous,284,True
s3://braingeneers/braindance/25_04_15_busiest_bee/,25178ic,exp1/exp1,s3://braingeneers/braindance/25_04_15_busiest_bee/25178ic/exp1/exp1,0,0.0,,False,spontaneous,284,True
s3://braingeneers/braindance/25_04_15_busiest_bee/,25178ic,exp1/exp1_cont_43,s3://braingeneers/braindance/25_04_15_busiest_bee/25178ic/exp1/exp1_cont_43,2100,1.0,0.9999991576157804,True,stim,284,True
s3://braingeneers/braindance/25_04_15_busiest_bee/,25178ic,exp1/exp1_cont_296,s3://braingeneers/braindance/25_04_15_busiest_bee/25178ic/exp1/exp1_cont_296,0,0.0,,False,spontaneous,284,True
s3://braingeneers/braindance/25_04_15_busiest_bee/,25178ic,exp1/exp1_cont_240,s3://braingeneers/braindance/25_04_15_busiest_bee/25178ic/exp1/exp1_cont_240,0,0.0,,False,spontaneous,284,True
s3://braingeneers/braindance/25_04_15_busiest_bee/,25178ic,exp1/exp1_cont_69,s3://braingeneers/braindance/25_04_15_busiest_bee/25178ic/exp1/exp1_cont_69,16800,8.0,7.99999553860556,True,stim,284,True
s3://braingeneers/braindance/25_04_15_busiest_bee/,25178ic,exp1/exp1_cont_282,s3://braingeneers/braindance/25_04_15_busiest_bee/25178ic/exp1/exp1_cont_282,0,0.0,,False,spontaneous,284,True
s3://braingeneers/braindance/25_04_15_busiest_bee/,25178ic,exp1/exp1_cont_281,s3://braingeneers/braindance/25_04_15_busiest_bee/25178ic/exp1/exp1_cont_281,1050,0.5,0.4999993687848809,True,stim,284,True
s3://braingeneers/braindance/25_04_15_busiest_bee/,25178ic,exp1/exp1_cont_19,s3://braingeneers/braindance/25_04_15_busiest_bee/25178ic/exp1/exp1_cont_19,16800,8.0,8.000004017437215,True,stim,284,True
s3://braingeneers/braindance/25_04_15_busiest_bee/,25178ic,exp1/exp1_cont_264,s3://braingeneers/braindance/25_04_15_busiest_bee/25178ic/exp1/exp1_cont_264,0,0.0,,False,spontaneous,284,True
s3://braingeneers/braindance/25_04_15_busiest_bee/,25178ic,exp1/exp1_cont_34,s3://braingeneers/braindance/25_04_15_busiest_bee/25178ic/exp1/exp1_cont_34,0,0.0,,False,spontaneous,284,True
s3://braingeneers/braindance/25_04_15_busiest_bee/,25178ic,exp1/exp1_cont_199,s3://braingeneers/braindance/25_04_15_busiest_bee/25178ic/exp1/exp1_cont_199,16800,8.0,8.000002778025715,True,stim,284,True
s3://braingeneers/braindance/25_04_15_busiest_bee/,25178ic,exp1/exp1_cont_227,s3://braingeneers/braindance/25_04_15_busiest_bee/25178ic/exp1/exp1_cont_227,8400,4.0,3.999998028240611,True,stim,284,True
s3://braingeneers/braindance/25_04_15_busiest_bee/,25178ic,exp1/exp1_cont_212,s3://braingeneers/braindance/25_04_15_busiest_bee/25178ic/exp1/exp1_cont_212,0,0.0,,False,spontaneous,284,True
s3://braingeneers/braindance/25_04_15_busiest_bee/,25178ic,exp1/exp1_cont_64,s3://braingeneers/braindance/25_04_15_busiest_bee/25178ic/exp1/exp1_cont_64,0,0.0,,False,spontaneous,284,True
s3://braingeneers/braindance/25_04_15_busiest_bee/,25178ic,exp1/exp1_cont_11,s3://braingeneers/braindance/25_04_15_busiest_bee/25178ic/exp1/exp1_cont_11,1050,0.5,0.4999989736937295,True,stim,284,True
s3://braingeneers/braindance/25_04_15_busiest_bee/,25178ic,exp1/exp1_cont_148,s3://braingeneers/braindance/25_04_15_busiest_bee/25178ic/exp1/exp1_cont_148,0,0.0,,False,spontaneous,284,True
s3://braingeneers/braindance/25_04_15_busiest_bee/,25178ic,exp1/exp1_cont_122,s3://braingeneers/braindance/25_04_15_busiest_bee/25178ic/exp1/exp1_cont_122,0,0.0,,False,spontaneous,284,True
s3://braingeneers/braindance/25_04_15_busiest_bee/,25178ic,exp1/exp1_cont_194,s3://braingeneers/braindance/25_04_15_busiest_bee/25178ic/exp1/exp1_cont_194,0,0.0,,False,spontaneous,284,True
s3://braingeneers/braindance/25_04_15_busiest_bee/,25178ic,exp1/exp1_cont_209,s3://braingeneers/braindance/25_04_15_busiest_bee/25178ic/exp1/exp1_cont_209,16800,8.0,7.999970055555856,True,stim,284,True
s3://braingeneers/braindance/25_04_15_busiest_bee/,25178ic,exp1/exp1_cont_149,s3://braingeneers/braindance/25_04_15_busiest_bee/25178ic/exp1/exp1_cont_149,16800,8.0,7.999981920557071,True,stim,284,True
s3://braingeneers/braindance/25_04_15_busiest_bee/,25178ic,exp1/exp1_cont_106,s3://braingeneers/braindance/25_04_15_busiest_bee/25178ic/exp1/exp1_cont_106,0,0.0,,False,spontaneous,284,True
s3://braingeneers/braindance/25_04_15_busiest_bee/,25178ic,exp1/exp1_cont_186,s3://braingeneers/braindance/25_04_15_busiest_bee/25178ic/exp1/exp1_cont_186,0,0.0,,False,spontaneous,284,True
s3://braingeneers/braindance/25_04_15_busiest_bee/,25178ic,exp1/exp1_cont_268,s3://braingeneers/braindance/25_04_15_busiest_bee/25178ic/exp1/exp1_cont_268,0,0.0,,False,spontaneous,284,True
s3://braingeneers/braindance/25_04_15_busiest_bee/,25178ic,exp1/exp1_cont_299,s3://braingeneers/braindance/25_04_15_busiest_bee/25178ic/exp1/exp1_cont_299,16800,8.0,7.9999867254992285,True,stim,284,True
s3://braingeneers/braindance/25_04_15_busiest_bee/,25178ic,exp1/exp1_cont_236,s3://braingeneers/braindance/25_04_15_busiest_bee/25178ic/exp1/exp1_cont_236,0,0.0,,False,spontaneous,284,True
s3://braingeneers/braindance/25_04_15_busiest_bee/,25178ic,exp1/exp1_cont_238,s3://braingeneers/braindance/25_04_15_busiest_bee/25178ic/exp1/exp1_cont_238,0,0.0,,False,spontaneous,284,True
s3://braingeneers/braindance/25_04_15_busiest_bee/,25178ic,exp1/exp1_cont_63,s3://braingeneers/braindance/25_04_15_busiest_bee/25178ic/exp1/exp1_cont_63,2100,1.0,0.9999990435783316,True,stim,284,True
s3://braingeneers/braindance/25_04_15_busiest_bee/,25178ic,exp1/exp1_cont_76,s3://braingeneers/braindance/25_04_15_busiest_bee/25178ic/exp1/exp1_cont_76,0,0.0,,False,spontaneous,284,True
s3://braingeneers/braindance/25_04_15_busiest_bee/,25178ic,exp1/exp1_cont_120,s3://braingeneers/braindance/25_04_15_busiest_bee/25178ic/exp1/exp1_cont_120,0,0.0,,False,spontaneous,284,True
s3://braingeneers/braindance/25_04_15_busiest_bee/,25178ic,exp1/exp1_cont_297,s3://braingeneers/braindance/25_04_15_busiest_bee/25178ic/exp1/exp1_cont_297,8400,4.0,3.9999915579231975,True,stim,284,True
s3://braingeneers/braindance/25_04_15_busiest_bee/,25178ic,exp1/exp1_cont_302,s3://braingeneers/braindance/25_04_15_busiest_bee/25178ic/exp1/exp1_cont_302,0,0.0,,False,spontaneous,284,True
s3://braingeneers/braindance/25_04_15_busiest_bee/,25178ic,exp1/exp1_cont_267,s3://braingeneers/braindance/25_04_15_busiest_bee/25178ic/exp1/exp1_cont_267,8400,4.0,3.9999987293002905,True,stim,284,True
s3://braingeneers/braindance/25_04_15_busiest_bee/,25178ic,exp1/exp1_cont_191,s3://braingeneers/braindance/25_04_15_busiest_bee/25178ic/exp1/exp1_cont_191,1050,0.5,0.4999994015362369,True,stim,284,True
s3://braingeneers/braindance/25_04_15_busiest_bee/,25178ic,exp1/exp1_cont_294,s3://braingeneers/braindance/25_04_15_busiest_bee/25178ic/exp1/exp1_cont_294,0,0.0,,False,spontaneous,284,True
s3://braingeneers/braindance/25_04_15_busiest_bee/,25178ic,exp1/exp1_cont_190,s3://braingeneers/braindance/25_04_15_busiest_bee/25178ic/exp1/exp1_cont_190,0,0.0,,False,spontaneous,284,True
s3://braingeneers/braindance/25_04_15_busiest_bee/,25178ic,exp1/exp1_cont_272,s3://braingeneers/braindance/25_04_15_busiest_bee/25178ic/exp1/exp1_cont_272,0,0.0,,False,spontaneous,284,True
s3://braingeneers/braindance/25_04_15_busiest_bee/,25178ic,exp1/exp1_cont_20,s3://braingeneers/braindance/25_04_15_busiest_bee/25178ic/exp1/exp1_cont_20,0,0.0,,False,spontaneous,284,True
s3://braingeneers/braindance/25_04_15_busiest_bee/,25178ic,exp1/exp1_cont_133,s3://braingeneers/braindance/25_04_15_busiest_bee/25178ic/exp1/exp1_cont_133,2100,1.0,0.9999982359131,True,stim,284,True
s3://braingeneers/braindance/25_04_15_busiest_bee/,25178ic,exp1/exp1_cont_152,s3://braingeneers/braindance/25_04_15_busiest_bee/25178ic/exp1/exp1_cont_152,0,0.0,,False,spontaneous,284,True
s3://braingeneers/braindance/25_04_15_busiest_bee/,25178ic,exp1/exp1_cont_257,s3://braingeneers/braindance/25_04_15_busiest_bee/25178ic/exp1/exp1_cont_257,8400,4.0,4.000008680044584,True,stim,284,True
s3://braingeneers/braindance/25_04_15_busiest_bee/,25178ic,exp1/exp1_cont_200,s3://braingeneers/braindance/25_04_15_busiest_bee/25178ic/exp1/exp1_cont_200,0,0.0,,False,spontaneous,284,True
s3://braingeneers/braindance/25_04_15_busiest_bee/,25178ic,exp1/exp1_cont_232,s3://braingeneers/braindance/25_04_15_busiest_bee/25178ic/exp1/exp1_cont_232,0,0.0,,False,spontaneous,284,True
s3://braingeneers/braindance/25_04_15_busiest_bee/,25178ic,exp1/exp1_cont_10,s3://braingeneers/braindance/25_04_15_busiest_bee/25178ic/exp1/exp1_cont_10,0,0.0,,False,spontaneous,284,True
s3://braingeneers/braindance/25_04_15_busiest_bee/,25178ic,exp1/exp1_cont_33,s3://braingeneers/braindance/25_04_15_busiest_bee/25178ic/exp1/exp1_cont_33,2100,1.0,0.9999964346301444,True,stim,284,True
s3://braingeneers/braindance/25_04_15_busiest_bee/,25178ic,exp1/exp1_cont_47,s3://braingeneers/braindance/25_04_15_busiest_bee/25178ic/exp1/exp1_cont_47,8400,4.0,3.999997061315179,True,stim,284,True
s3://braingeneers/braindance/25_04_15_busiest_bee/,25178ic,exp1/exp1_cont_157,s3://braingeneers/braindance/25_04_15_busiest_bee/25178ic/exp1/exp1_cont_157,8400,4.0,3.999990530556027,True,stim,284,True
s3://braingeneers/braindance/25_04_15_busiest_bee/,25178ic,exp1/exp1_cont_49,s3://braingeneers/braindance/25_04_15_busiest_bee/25178ic/exp1/exp1_cont_49,16800,8.0,7.999997305120273,True,stim,284,True
s3://braingeneers/braindance/25_04_15_busiest_bee/,25178ic,exp1/exp1_cont_129,s3://braingeneers/braindance/25_04_15_busiest_bee/25178ic/exp1/exp1_cont_129,16800,8.0,8.000022821640977,True,stim,284,True
s3://braingeneers/braindance/25_04_15_busiest_bee/,25178ic,exp1/exp1_cont_295,s3://braingeneers/braindance/25_04_15_busiest_bee/25178ic/exp1/exp1_cont_295,4200,2.0,1.999998181507715,True,stim,284,True
s3://braingeneers/braindance/25_04_15_busiest_bee/,25178ic,exp1/exp1_cont_15,s3://braingeneers/braindance/25_04_15_busiest_bee/25178ic/exp1/exp1_cont_15,4200,2.0,1.9999965703569365,True,stim,284,True
s3://braingeneers/braindance/25_04_15_busiest_bee/,25178ic,exp1/exp1_cont_253,s3://braingeneers/braindance/25_04_15_busiest_bee/25178ic/exp1/exp1_cont_253,2100,1.0,1.000001664718801,True,stim,284,True
s3://braingeneers/braindance/25_04_15_busiest_bee/,25178ic,exp1/exp1_cont_113,s3://braingeneers/braindance/25_04_15_busiest_bee/25178ic/exp1/exp1_cont_113,2100,1.0,0.9999995255085667,True,stim,284,True
s3://braingeneers/braindance/25_04_15_busiest_bee/,25178ic,exp1/exp1_cont_135,s3://braingeneers/braindance/25_04_15_busiest_bee/25178ic/exp1/exp1_cont_135,4200,2.0,1.999995582712406,True,stim,284,True
s3://braingeneers/braindance/25_04_15_busiest_bee/,25178ic,exp1/exp1_cont_248,s3://braingeneers/braindance/25_04_15_busiest_bee/25178ic/exp1/exp1_cont_248,0,0.0,,False,spontaneous,284,True
s3://braingeneers/braindance/25_04_15_busiest_bee/,25178ic,exp1/exp1_cont_252,s3://braingeneers/braindance/25_04_15_busiest_bee/25178ic/exp1/exp1_cont_252,0,0.0,,False,spontaneous,284,True
s3://braingeneers/braindance/25_04_15_busiest_bee/,25178ic,exp1/exp1_cont_303,s3://braingeneers/braindance/25_04_15_busiest_bee/25178ic/exp1/exp1_cont_303,2100,1.0,0.9999992368243276,True,stim,284,True
s3://braingeneers/braindance/25_04_15_busiest_bee/,25178ic,exp1/exp1_cont_56,s3://braingeneers/braindance/25_04_15_busiest_bee/25178ic/exp1/exp1_cont_56,0,0.0,,False,spontaneous,284,True
s3://braingeneers/braindance/25_04_15_busiest_bee/,25178ic,exp1/exp1_cont_142,s3://braingeneers/braindance/25_04_15_busiest_bee/25178ic/exp1/exp1_cont_142,0,0.0,,False,spontaneous,284,True
s3://braingeneers/braindance/25_04_15_busiest_bee/,25178ic,exp1/exp1_cont_58,s3://braingeneers/braindance/25_04_15_busiest_bee/25178ic/exp1/exp1_cont_58,0,0.0,,False,spontaneous,284,True
s3://braingeneers/braindance/25_04_15_busiest_bee/,25178ic,exp1/exp1_cont_14,s3://braingeneers/braindance/25_04_15_busiest_bee/25178ic/exp1/exp1_cont_14,0,0.0,,False,spontaneous,284,True
s3://braingeneers/braindance/25_04_15_busiest_bee/,25178ic,exp1/exp1_cont_48,s3://braingeneers/braindance/25_04_15_busiest_bee/25178ic/exp1/exp1_cont_48,0,0.0,,False,spontaneous,284,True
s3://braingeneers/braindance/25_04_15_busiest_bee/,25178ic,exp1/exp1_cont_197,s3://braingeneers/braindance/25_04_15_busiest_bee/25178ic/exp1/exp1_cont_197,8400,4.0,3.999995902103037,True,stim,284,True
s3://braingeneers/braindance/25_04_15_busiest_bee/,25178ic,exp1/exp1_cont_195,s3://braingeneers/braindance/25_04_15_busiest_bee/25178ic/exp1/exp1_cont_195,4200,2.0,1.999998504587949,True,stim,284,True
s3://braingeneers/braindance/25_04_15_busiest_bee/,25178ic,exp1/exp1_cont_41,s3://braingeneers/braindance/25_04_15_busiest_bee/25178ic/exp1/exp1_cont_41,1050,0.5,0.4999992975939386,True,stim,284,True
s3://braingeneers/braindance/25_04_15_busiest_bee/,25178ic,exp1/exp1_cont_125,s3://braingeneers/braindance/25_04_15_busiest_bee/25178ic/exp1/exp1_cont_125,4200,2.0,1.9999993346637288,True,stim,284,True
s3://braingeneers/braindance/25_04_15_busiest_bee/,25178ic,exp1/exp1_cont_189,s3://braingeneers/braindance/25_04_15_busiest_bee/25178ic/exp1/exp1_cont_189,16800,8.0,8.00000244405463,True,stim,284,True
s3://braingeneers/braindance/25_04_15_busiest_bee/,25178ic,exp1/exp1_cont_144,s3://braingeneers/braindance/25_04_15_busiest_bee/25178ic/exp1/exp1_cont_144,0,0.0,,False,spontaneous,284,True
s3://braingeneers/braindance/25_04_15_busiest_bee/,25178ic,exp1/exp1_cont_117,s3://braingeneers/braindance/25_04_15_busiest_bee/25178ic/exp1/exp1_cont_117,8400,4.0,3.999989254898263,True,stim,284,True
s3://braingeneers/braindance/25_04_15_busiest_bee/,25178ic,exp1/exp1_cont_130,s3://braingeneers/braindance/25_04_15_busiest_bee/25178ic/exp1/exp1_cont_130,0,0.0,,False,spontaneous,284,True
s3://braingeneers/braindance/25_04_15_busiest_bee/,25178ic,exp1/exp1_cont_108,s3://braingeneers/braindance/25_04_15_busiest_bee/25178ic/exp1/exp1_cont_108,0,0.0,,False,spontaneous,284,True
s3://braingeneers/braindance/25_04_15_busiest_bee/,25178ic,exp1/exp1_cont_198,s3://braingeneers/braindance/25_04_15_busiest_bee/25178ic/exp1/exp1_cont_198,0,0.0,,False,spontaneous,284,True
s3://braingeneers/braindance/25_04_15_busiest_bee/,25178ic,exp1/exp1_cont_306,s3://braingeneers/braindance/25_04_15_busiest_bee/25178ic/exp1/exp1_cont_306,0,0.0,,False,spontaneous,284,True
s3://braingeneers/braindance/25_04_15_busiest_bee/,25178ic,exp1/exp1_cont_2,s3://braingeneers/braindance/25_04_15_busiest_bee/25178ic/exp1/exp1_cont_2,0,0.0,,False,spontaneous,284,True
s3://braingeneers/braindance/25_04_15_busiest_bee/,25178ic,exp1/exp1_cont_169,s3://braingeneers/braindance/25_04_15_busiest_bee/25178ic/exp1/exp1_cont_169,16800,8.0,7.99997525545698,True,stim,284,True
s3://braingeneers/braindance/25_04_15_busiest_bee/,25178ic,exp1/exp1_cont_180,s3://braingeneers/braindance/25_04_15_busiest_bee/25178ic/exp1/exp1_cont_180,0,0.0,,False,spontaneous,284,True
s3://braingeneers/braindance/25_04_15_busiest_bee/,25178ic,exp1/exp1_cont_289,s3://braingeneers/braindance/25_04_15_busiest_bee/25178ic/exp1/exp1_cont_289,16800,8.0,8.00000296180447,True,stim,284,True
s3://braingeneers/braindance/25_04_15_busiest_bee/,25178ic,exp1/exp1_cont_237,s3://braingeneers/braindance/25_04_15_busiest_bee/25178ic/exp1/exp1_cont_237,8400,4.0,3.9999983509225783,True,stim,284,True
s3://braingeneers/braindance/25_04_15_busiest_bee/,25178ic,exp1/exp1_cont_259,s3://braingeneers/braindance/25_04_15_busiest_bee/25178ic/exp1/exp1_cont_259,16800,8.0,7.999996845398187,True,stim,284,True
s3://braingeneers/braindance/25_04_15_busiest_bee/,25178ic,exp1/exp1_cont_221,s3://braingeneers/braindance/25_04_15_busiest_bee/25178ic/exp1/exp1_cont_221,1050,0.5,0.5000009220744175,True,stim,284,True
s3://braingeneers/braindance/25_04_15_busiest_bee/,25178ic,exp1/exp1_cont_174,s3://braingeneers/braindance/25_04_15_busiest_bee/25178ic/exp1/exp1_cont_174,0,0.0,,False,spontaneous,284,True
s3://braingeneers/braindance/25_04_15_busiest_bee/,25178ic,exp1/exp1_cont_36,s3://braingeneers/braindance/25_04_15_busiest_bee/25178ic/exp1/exp1_cont_36,0,0.0,,False,spontaneous,284,True
s3://braingeneers/braindance/25_04_15_busiest_bee/,25178ic,exp1/exp1_cont_54,s3://braingeneers/braindance/25_04_15_busiest_bee/25178ic/exp1/exp1_cont_54,0,0.0,,False,spontaneous,284,True
s3://braingeneers/braindance/25_04_15_busiest_bee/,25178ic,exp1/exp1_cont_177,s3://braingeneers/braindance/25_04_15_busiest_bee/25178ic/exp1/exp1_cont_177,8400,4.0,4.000002205025559,True,stim,284,True
s3://braingeneers/braindance/25_04_15_busiest_bee/,25178ic,exp1/exp1_cont_156,s3://braingeneers/braindance/25_04_15_busiest_bee/25178ic/exp1/exp1_cont_156,0,0.0,,False,spontaneous,284,True
s3://braingeneers/braindance/25_04_15_busiest_bee/,25178ic,exp1/exp1_cont_218,s3://braingeneers/braindance/25_04_15_busiest_bee/25178ic/exp1/exp1_cont_218,0,0.0,,False,spontaneous,284,True
s3://braingeneers/braindance/25_04_15_busiest_bee/,25178ic,exp1/exp1_cont_114,s3://braingeneers/braindance/25_04_15_busiest_bee/25178ic/exp1/exp1_cont_114,0,0.0,,False,spontaneous,284,True
s3://braingeneers/braindance/25_04_15_busiest_bee/,25178ic,exp1/exp1_cont_100,s3://braingeneers/braindance/25_04_15_busiest_bee/25178ic/exp1/exp1_cont_100,0,0.0,,False,spontaneous,284,True
s3://braingeneers/braindance/25_04_15_busiest_bee/,25178ic,exp1/exp1_cont_150,s3://braingeneers/braindance/25_04_15_busiest_bee/25178ic/exp1/exp1_cont_150,0,0.0,,False,spontaneous,284,True
s3://braingeneers/braindance/25_04_15_busiest_bee/,25178ic,exp1/exp1_cont_137,s3://braingeneers/braindance/25_04_15_busiest_bee/25178ic/exp1/exp1_cont_137,8400,4.0,3.999996944316667,True,stim,284,True
s3://braingeneers/braindance/25_04_15_busiest_bee/,25178ic,exp1/exp1_cont_154,s3://braingeneers/braindance/25_04_15_busiest_bee/25178ic/exp1/exp1_cont_154,0,0.0,,False,spontaneous,284,True
s3://braingeneers/braindance/25_04_15_busiest_bee/,25178ic,exp1/exp1_cont_298,s3://braingeneers/braindance/25_04_15_busiest_bee/25178ic/exp1/exp1_cont_298,0,0.0,,False,spontaneous,284,True
s3://braingeneers/braindance/25_04_15_busiest_bee/,25178ic,exp1/exp1_cont_247,s3://braingeneers/braindance/25_04_15_busiest_bee/25178ic/exp1/exp1_cont_247,8400,4.0,4.000001003889033,True,stim,284,True
s3://braingeneers/braindance/25_04_15_busiest_bee/,25178ic,exp1/exp1_cont_155,s3://braingeneers/braindance/25_04_15_busiest_bee/25178ic/exp1/exp1_cont_155,4200,2.0,1.999991921992132,True,stim,284,True
s3://braingeneers/braindance/25_04_15_busiest_bee/,25178ic,exp1/exp1_cont_231,s3://braingeneers/braindance/25_04_15_busiest_bee/25178ic/exp1/exp1_cont_231,1050,0.5,0.4999995651273923,True,stim,284,True
s3://braingeneers/braindance/25_04_15_busiest_bee/,25178ic,exp1/exp1_cont_51,s3://braingeneers/braindance/25_04_15_busiest_bee/25178ic/exp1/exp1_cont_51,1050,0.5,0.4999989680915011,True,stim,284,True
s3://braingeneers/braindance/25_04_15_busiest_bee/,25178ic,exp1/exp1_cont_118,s3://braingeneers/braindance/25_04_15_busiest_bee/25178ic/exp1/exp1_cont_118,0,0.0,,False,spontaneous,284,True
s3://braingeneers/braindance/25_04_15_busiest_bee/,25178ic,exp1/exp1_cont_205,s3://braingeneers/braindance/25_04_15_busiest_bee/25178ic/exp1/exp1_cont_205,4200,2.0,2.000000366326342,True,stim,284,True
s3://braingeneers/braindance/25_04_15_busiest_bee/,25178ic,exp1/exp1_cont_53,s3://braingeneers/braindance/25_04_15_busiest_bee/25178ic/exp1/exp1_cont_53,2100,1.0,0.9999985247686938,True,stim,284,True
s3://braingeneers/braindance/25_04_15_busiest_bee/,25178ic,exp1/exp1_cont_184,s3://braingeneers/braindance/25_04_15_busiest_bee/25178ic/exp1/exp1_cont_184,0,0.0,,False,spontaneous,284,True
s3://braingeneers/braindance/25_04_15_busiest_bee/,25178ic,exp1/exp1_cont_261,s3://braingeneers/braindance/25_04_15_busiest_bee/25178ic/exp1/exp1_cont_261,1050,0.5,0.5000007022905095,True,stim,284,True
s3://braingeneers/braindance/25_04_15_busiest_bee/,25178ic,exp1/exp1_cont_30,s3://braingeneers/braindance/25_04_15_busiest_bee/25178ic/exp1/exp1_cont_30,0,0.0,,False,spontaneous,284,True
s3://braingeneers/braindance/25_04_15_busiest_bee/,25178ic,exp1/exp1_cont_67,s3://braingeneers/braindance/25_04_15_busiest_bee/25178ic/exp1/exp1_cont_67,8400,4.0,3.9999991254866303,True,stim,284,True
s3://braingeneers/braindance/25_04_15_busiest_bee/,25178ic,exp1/exp1_cont_243,s3://braingeneers/braindance/25_04_15_busiest_bee/25178ic/exp1/exp1_cont_243,2100,1.0,0.9999993043325812,True,stim,284,True
s3://braingeneers/braindance/25_04_15_busiest_bee/,25178ic,exp1/exp1_cont_300,s3://braingeneers/braindance/25_04_15_busiest_bee/25178ic/exp1/exp1_cont_300,0,0.0,,False,spontaneous,284,True
s3://braingeneers/braindance/25_04_15_busiest_bee/,25178ic,exp1/exp1_cont_170,s3://braingeneers/braindance/25_04_15_busiest_bee/25178ic/exp1/exp1_cont_170,0,0.0,,False,spontaneous,284,True
s3://braingeneers/braindance/25_04_15_busiest_bee/,25178ic,exp1/exp1_cont_182,s3://braingeneers/braindance/25_04_15_busiest_bee/25178ic/exp1/exp1_cont_182,0,0.0,,False,spontaneous,284,True
s3://braingeneers/braindance/25_04_15_busiest_bee/,25178ic,exp1/exp1_cont_206,s3://braingeneers/braindance/25_04_15_busiest_bee/25178ic/exp1/exp1_cont_206,0,0.0,,False,spontaneous,284,True
s3://braingeneers/braindance/25_04_15_busiest_bee/,25178ic,exp1/exp1_cont_286,s3://braingeneers/braindance/25_04_15_busiest_bee/25178ic/exp1/exp1_cont_286,0,0.0,,False,spontaneous,284,True
s3://braingeneers/braindance/25_04_15_busiest_bee/,25178ic,exp1/exp1_cont_167,s3://braingeneers/braindance/25_04_15_busiest_bee/25178ic/exp1/exp1_cont_167,8400,4.0,3.999995537065952,True,stim,284,True
s3://braingeneers/braindance/25_04_15_busiest_bee/,25178ic,exp1/exp1_cont_225,s3://braingeneers/braindance/25_04_15_busiest_bee/25178ic/exp1/exp1_cont_225,4200,2.0,1.9999963673224563,True,stim,284,True
s3://braingeneers/braindance/25_04_15_busiest_bee/,25178ic,exp1/exp1_cont_22,s3://braingeneers/braindance/25_04_15_busiest_bee/25178ic/exp1/exp1_cont_22,0,0.0,,False,spontaneous,284,True
s3://braingeneers/braindance/25_04_15_busiest_bee/,25178ic,exp1/exp1_cont,s3://braingeneers/braindance/25_04_15_busiest_bee/25178ic/exp1/exp1_cont,0,0.0,,False,spontaneous,284,True
s3://braingeneers/braindance/25_04_15_busiest_bee/,25178ic,exp1/exp1_cont_201,s3://braingeneers/braindance/25_04_15_busiest_bee/25178ic/exp1/exp1_cont_201,1050,0.5,0.4999992375464478,True,stim,284,True
s3://braingeneers/braindance/25_04_15_busiest_bee/,25178ic,exp1/exp1_cont_1,s3://braingeneers/braindance/25_04_15_busiest_bee/25178ic/exp1/exp1_cont_1,1050,0.5,0.5000010078666816,True,stim,284,True
s3://braingeneers/braindance/25_04_15_busiest_bee/,25178ic,exp1/exp1_cont_203,s3://braingeneers/braindance/25_04_15_busiest_bee/25178ic/exp1/exp1_cont_203,2100,1.0,0.9999992478362354,True,stim,284,True
s3://braingeneers/braindance/25_04_15_busiest_bee/,25178ic,exp1/exp1_cont_262,s3://braingeneers/braindance/25_04_15_busiest_bee/25178ic/exp1/exp1_cont_262,0,0.0,,False,spontaneous,284,True
s3://braingeneers/braindance/25_04_15_busiest_bee/,25178ic,exp1/exp1_cont_242,s3://braingeneers/braindance/25_04_15_busiest_bee/25178ic/exp1/exp1_cont_242,0,0.0,,False,spontaneous,284,True
s3://braingeneers/braindance/25_04_15_busiest_bee/,25178ic,exp1/exp1_cont_251,s3://braingeneers/braindance/25_04_15_busiest_bee/25178ic/exp1/exp1_cont_251,1050,0.5,0.4999981699890234,True,stim,284,True
s3://braingeneers/braindance/25_04_15_busiest_bee/,25178ic,exp1/exp1_cont_181,s3://braingeneers/braindance/25_04_15_busiest_bee/25178ic/exp1/exp1_cont_181,1050,0.5,0.5000010651178711,True,stim,284,True
s3://braingeneers/braindance/25_04_15_busiest_bee/,25178ic,exp1/exp1_cont_293,s3://braingeneers/braindance/25_04_15_busiest_bee/25178ic/exp1/exp1_cont_293,2100,1.0,0.999999531614736,True,stim,284,True
s3://braingeneers/braindance/25_04_15_busiest_bee/,25178ic,exp1/exp1_cont_23,s3://braingeneers/braindance/25_04_15_busiest_bee/25178ic/exp1/exp1_cont_23,2100,1.0,0.9999955944048476,True,stim,284,True
s3://braingeneers/braindance/25_04_15_busiest_bee/,25178ic,exp1/exp1_cont_7,s3://braingeneers/braindance/25_04_15_busiest_bee/25178ic/exp1/exp1_cont_7,0,0.0,,False,spontaneous,284,True
s3://braingeneers/braindance/25_04_15_busiest_bee/,25178ic,exp1/exp1_cont_26,s3://braingeneers/braindance/25_04_15_busiest_bee/25178ic/exp1/exp1_cont_26,0,0.0,,False,spontaneous,284,True
s3://braingeneers/braindance/25_04_15_busiest_bee/,25178ic,exp1/exp1_cont_141,s3://braingeneers/braindance/25_04_15_busiest_bee/25178ic/exp1/exp1_cont_141,1050,0.5,0.4999997596612385,True,stim,284,True
s3://braingeneers/braindance/25_04_15_busiest_bee/,25178ic,exp1/exp1_cont_210,s3://braingeneers/braindance/25_04_15_busiest_bee/25178ic/exp1/exp1_cont_210,0,0.0,,False,spontaneous,284,True
s3://braingeneers/braindance/25_04_15_busiest_bee/,25178ic,exp1/exp1_cont_285,s3://braingeneers/braindance/25_04_15_busiest_bee/25178ic/exp1/exp1_cont_285,4200,2.0,2.000001216937259,True,stim,284,True
s3://braingeneers/braindance/25_04_15_busiest_bee/,25178ic,exp1/exp1_cont_276,s3://braingeneers/braindance/25_04_15_busiest_bee/25178ic/exp1/exp1_cont_276,0,0.0,,False,spontaneous,284,True
s3://braingeneers/braindance/25_04_15_busiest_bee/,25178ic,exp1/exp1_cont_50,s3://braingeneers/braindance/25_04_15_busiest_bee/25178ic/exp1/exp1_cont_50,0,0.0,,False,spontaneous,284,True
s3://braingeneers/braindance/25_04_15_busiest_bee/,25178ic,exp1/exp1_cont_44,s3://braingeneers/braindance/25_04_15_busiest_bee/25178ic/exp1/exp1_cont_44,0,0.0,,False,spontaneous,284,True
s3://braingeneers/braindance/25_04_15_busiest_bee/,25178ic,exp1/exp1_cont_105,s3://braingeneers/braindance/25_04_15_busiest_bee/25178ic/exp1/exp1_cont_105,4200,2.0,1.9999950183052997,True,stim,284,True
s3://braingeneers/braindance/25_04_15_busiest_bee/,25178ic,exp1/exp1_cont_104,s3://braingeneers/braindance/25_04_15_busiest_bee/25178ic/exp1/exp1_cont_104,0,0.0,,False,spontaneous,284,True
s3://braingeneers/braindance/25_04_15_busiest_bee/,25178ic,exp1/exp1_cont_224,s3://braingeneers/braindance/25_04_15_busiest_bee/25178ic/exp1/exp1_cont_224,0,0.0,,False,spontaneous,284,True
s3://braingeneers/braindance/25_04_15_busiest_bee/,25178ic,exp1/exp1_cont_279,s3://braingeneers/braindance/25_04_15_busiest_bee/25178ic/exp1/exp1_cont_279,16800,8.0,7.999999487695113,True,stim,284,True
s3://braingeneers/braindance/25_04_15_busiest_bee/,25178ic,exp1/exp1_cont_45,s3://braingeneers/braindance/25_04_15_busiest_bee/25178ic/exp1/exp1_cont_45,4200,2.0,1.9999964297972528,True,stim,284,True
s3://braingeneers/braindance/25_04_15_busiest_bee/,25178ic,exp1/exp1_cont_25,s3://braingeneers/braindance/25_04_15_busiest_bee/25178ic/exp1/exp1_cont_25,4200,2.0,1.999998381496862,True,stim,284,True
s3://braingeneers/braindance/25_04_15_busiest_bee/,25178ic,exp1/exp1_cont_283,s3://braingeneers/braindance/25_04_15_busiest_bee/25178ic/exp1/exp1_cont_283,2100,1.0,0.9999969302800356,True,stim,284,True
s3://braingeneers/braindance/25_04_15_busiest_bee/,25178ic,exp1/exp1_cont_165,s3://braingeneers/braindance/25_04_15_busiest_bee/25178ic/exp1/exp1_cont_165,4200,2.0,1.999995160819466,True,stim,284,True
s3://braingeneers/braindance/25_04_15_busiest_bee/,25178ic,exp1/exp1_cont_219,s3://braingeneers/braindance/25_04_15_busiest_bee/25178ic/exp1/exp1_cont_219,16800,8.0,8.000010057788185,True,stim,284,True
s3://braingeneers/braindance/25_04_15_busiest_bee/,25178ic,exp1/exp1_cont_304,s3://braingeneers/braindance/25_04_15_busiest_bee/25178ic/exp1/exp1_cont_304,0,0.0,,False,spontaneous,284,True
s3://braingeneers/braindance/25_04_15_busiest_bee/,25178ic,exp1/exp1_cont_175,s3://braingeneers/braindance/25_04_15_busiest_bee/25178ic/exp1/exp1_cont_175,4200,2.0,1.9999940823999696,True,stim,284,True
s3://braingeneers/braindance/25_04_15_busiest_bee/,25178ic,exp1/exp1_cont_222,s3://braingeneers/braindance/25_04_15_busiest_bee/25178ic/exp1/exp1_cont_222,0,0.0,,False,spontaneous,284,True
s3://braingeneers/braindance/25_04_15_busiest_bee/,25178ic,exp1/exp1_cont_249,s3://braingeneers/braindance/25_04_15_busiest_bee/25178ic/exp1/exp1_cont_249,16800,8.0,7.999984293934619,True,stim,284,True
s3://braingeneers/braindance/25_04_15_busiest_bee/,25178ic,exp1/exp1_cont_38,s3://braingeneers/braindance/25_04_15_busiest_bee/25178ic/exp1/exp1_cont_38,0,0.0,,False,spontaneous,284,True
s3://braingeneers/braindance/25_04_15_busiest_bee/,25178ic,exp1/exp1_cont_234,s3://braingeneers/braindance/25_04_15_busiest_bee/25178ic/exp1/exp1_cont_234,0,0.0,,False,spontaneous,284,True
s3://braingeneers/braindance/25_04_15_busiest_bee/,25178ic,exp1/exp1_cont_163,s3://braingeneers/braindance/25_04_15_busiest_bee/25178ic/exp1/exp1_cont_163,2100,1.0,0.999998399431818,True,stim,284,True
s3://braingeneers/braindance/25_04_15_busiest_bee/,25178ic,exp1/exp1_cont_256,s3://braingeneers/braindance/25_04_15_busiest_bee/25178ic/exp1/exp1_cont_256,0,0.0,,False,spontaneous,284,True
s3://braingeneers/braindance/25_04_15_busiest_bee/,25178ic,exp1/exp1_cont_57,s3://braingeneers/braindance/25_04_15_busiest_bee/25178ic/exp1/exp1_cont_57,8400,4.0,3.99999257111808,True,stim,284,True
s3://braingeneers/braindance/25_04_15_busiest_bee/,25178ic,exp1/exp1_cont_229,s3://braingeneers/braindance/25_04_15_busiest_bee/25178ic/exp1/exp1_cont_229,16800,8.0,7.999993765070378,True,stim,284,True
s3://braingeneers/braindance/25_04_15_busiest_bee/,25178ic,exp1/exp1_cont_52,s3://braingeneers/braindance/25_04_15_busiest_bee/25178ic/exp1/exp1_cont_52,0,0.0,,False,spontaneous,284,True
s3://braingeneers/braindance/25_04_15_busiest_bee/,25178ic,exp1/exp1_cont_172,s3://braingeneers/braindance/25_04_15_busiest_bee/25178ic/exp1/exp1_cont_172,0,0.0,,False,spontaneous,284,True
s3://braingeneers/braindance/25_04_15_busiest_bee/,25178ic,exp1/exp1_cont_217,s3://braingeneers/braindance/25_04_15_busiest_bee/25178ic/exp1/exp1_cont_217,8400,4.0,4.000005421454831,True,stim,284,True
s3://braingeneers/braindance/25_04_15_busiest_bee/,25178ic,exp1/exp1_cont_263,s3://braingeneers/braindance/25_04_15_busiest_bee/25178ic/exp1/exp1_cont_263,2100,1.0,1.0000020751230023,True,stim,284,True
s3://braingeneers/braindance/25_04_15_busiest_bee/,25178ic,exp1/exp1_cont_287,s3://braingeneers/braindance/25_04_15_busiest_bee/25178ic/exp1/exp1_cont_287,8400,4.0,4.000001665491983,True,stim,284,True
s3://braingeneers/braindance/25_04_15_busiest_bee/,25178ic,exp1/exp1_cont_127,s3://braingeneers/braindance/25_04_15_busiest_bee/25178ic/exp1/exp1_cont_127,8400,4.0,3.999997793622303,True,stim,284,True
s3://braingeneers/braindance/25_04_15_busiest_bee/,25178ic,exp1/exp1_cont_128,s3://braingeneers/braindance/25_04_15_busiest_bee/25178ic/exp1/exp1_cont_128,0,0.0,,False,spontaneous,284,True
s3://braingeneers/braindance/25_04_15_busiest_bee/,25178ic,exp1/exp1_cont_12,s3://braingeneers/braindance/25_04_15_busiest_bee/25178ic/exp1/exp1_cont_12,0,0.0,,False,spontaneous,284,True
s3://braingeneers/braindance/25_04_15_busiest_bee/,25178ic,exp1/exp1_cont_42,s3://braingeneers/braindance/25_04_15_busiest_bee/25178ic/exp1/exp1_cont_42,0,0.0,,False,spontaneous,284,True
s3://braingeneers/braindance/25_04_15_busiest_bee/,25178ic,exp1/exp1_cont_308,s3://braingeneers/braindance/25_04_15_busiest_bee/25178ic/exp1/exp1_cont_308,0,0.0,,False,spontaneous,284,True
s3://braingeneers/braindance/25_04_15_busiest_bee/,25178ic,exp1/exp1_cont_305,s3://braingeneers/braindance/25_04_15_busiest_bee/25178ic/exp1/exp1_cont_305,4200,2.0,1.9999932009843893,True,stim,284,True
s3://braingeneers/braindance/25_04_15_busiest_bee/,25178ic,exp1/exp1_cont_192,s3://braingeneers/braindance/25_04_15_busiest_bee/25178ic/exp1/exp1_cont_192,0,0.0,,False,spontaneous,284,True
s3://braingeneers/braindance/25_04_15_busiest_bee/,25178ic,exp1/exp1_cont_171,s3://braingeneers/braindance/25_04_15_busiest_bee/25178ic/exp1/exp1_cont_171,1050,0.5,0.4999998896754212,True,stim,284,True
s3://braingeneers/braindance/25_04_15_busiest_bee/,25178ic,exp1/exp1_cont_223,s3://braingeneers/braindance/25_04_15_busiest_bee/25178ic/exp1/exp1_cont_223,2100,1.0,0.9999980788674684,True,stim,284,True
s3://braingeneers/braindance/25_04_15_busiest_bee/,25178ic,exp1/exp1_cont_278,s3://braingeneers/braindance/25_04_15_busiest_bee/25178ic/exp1/exp1_cont_278,0,0.0,,False,spontaneous,284,True
s3://braingeneers/braindance/25_04_15_busiest_bee/,25178ic,exp1/exp1_cont_115,s3://braingeneers/braindance/25_04_15_busiest_bee/25178ic/exp1/exp1_cont_115,4200,2.0,1.9999997364686828,True,stim,284,True
s3://braingeneers/braindance/25_04_15_busiest_bee/,25178ic,exp1/exp1_cont_132,s3://braingeneers/braindance/25_04_15_busiest_bee/25178ic/exp1/exp1_cont_132,0,0.0,,False,spontaneous,284,True
s3://braingeneers/braindance/25_04_15_busiest_bee/,25178ic,exp1/exp1_cont_158,s3://braingeneers/braindance/25_04_15_busiest_bee/25178ic/exp1/exp1_cont_158,0,0.0,,False,spontaneous,284,True
s3://braingeneers/braindance/25_04_15_busiest_bee/,25178ic,exp1/exp1_cont_202,s3://braingeneers/braindance/25_04_15_busiest_bee/25178ic/exp1/exp1_cont_202,0,0.0,,False,spontaneous,284,True
s3://braingeneers/braindance/25_04_15_busiest_bee/,25178ic,exp1/exp1_cont_66,s3://braingeneers/braindance/25_04_15_busiest_bee/25178ic/exp1/exp1_cont_66,0,0.0,,False,spontaneous,284,True
s3://braingeneers/braindance/25_04_15_busiest_bee/,25178ic,exp1/exp1_cont_151,s3://braingeneers/braindance/25_04_15_busiest_bee/25178ic/exp1/exp1_cont_151,1050,0.5,0.499999786235564,True,stim,284,True
s3://braingeneers/braindance/25_04_15_busiest_bee/,25178ic,exp1/exp1_cont_309,s3://braingeneers/braindance/25_04_15_busiest_bee/25178ic/exp1/exp1_cont_309,16800,8.0,7.999976905263519,True,stim,284,True
s3://braingeneers/braindance/25_04_15_busiest_bee/,25178ic,exp1/exp1_cont_288,s3://braingeneers/braindance/25_04_15_busiest_bee/25178ic/exp1/exp1_cont_288,0,0.0,,False,spontaneous,284,True
s3://braingeneers/braindance/25_04_15_busiest_bee/,25178ic,exp1/exp1_cont_16,s3://braingeneers/braindance/25_04_15_busiest_bee/25178ic/exp1/exp1_cont_16,0,0.0,,False,spontaneous,284,True
s3://braingeneers/braindance/25_04_15_busiest_bee/,25178ic,exp1/exp1_cont_211,s3://braingeneers/braindance/25_04_15_busiest_bee/25178ic/exp1/exp1_cont_211,1050,0.5,0.4999994816319079,True,stim,284,True
s3://braingeneers/braindance/25_04_15_busiest_bee/,25178ic,exp1/exp1_cont_291,s3://braingeneers/braindance/25_04_15_busiest_bee/25178ic/exp1/exp1_cont_291,1050,0.5,0.500000147319416,True,stim,284,True
s3://braingeneers/braindance/25_04_15_busiest_bee/,25178ic,exp1/exp1_cont_310,s3://braingeneers/braindance/25_04_15_busiest_bee/25178ic/exp1/exp1_cont_310,0,0.0,,False,spontaneous,284,True
s3://braingeneers/braindance/25_04_15_busiest_bee/,25178ic,exp1/exp1_cont_290,s3://braingeneers/braindance/25_04_15_busiest_bee/25178ic/exp1/exp1_cont_290,0,0.0,,False,spontaneous,284,True
s3://braingeneers/braindance/25_04_15_busiest_bee/,25178ic,exp1/exp1_cont_193,s3://braingeneers/braindance/25_04_15_busiest_bee/25178ic/exp1/exp1_cont_193,2100,1.0,0.999996365489148,True,stim,284,True
s3://braingeneers/braindance/25_04_15_busiest_bee/,25178ic,exp1/exp1_cont_110,s3://braingeneers/braindance/25_04_15_busiest_bee/25178ic/exp1/exp1_cont_110,0,0.0,,False,spontaneous,284,True
s3://braingeneers/braindance/25_04_15_busiest_bee/,25178ic,exp1/exp1_cont_277,s3://braingeneers/braindance/25_04_15_busiest_bee/25178ic/exp1/exp1_cont_277,8400,4.0,3.9999956269734778,True,stim,284,True
s3://braingeneers/braindance/25_04_15_busiest_bee/,25178ic,exp1/exp1_cont_5,s3://braingeneers/braindance/25_04_15_busiest_bee/25178ic/exp1/exp1_cont_5,4200,2.0,2.0000002073855305,True,stim,284,True
s3://braingeneers/braindance/25_04_15_busiest_bee/,25178ic,exp1/exp1_cont_18,s3://braingeneers/braindance/25_04_15_busiest_bee/25178ic/exp1/exp1_cont_18,0,0.0,,False,spontaneous,284,True
s3://braingeneers/braindance/25_04_15_busiest_bee/,25178ic,exp1/exp1_cont_109,s3://braingeneers/braindance/25_04_15_busiest_bee/25178ic/exp1/exp1_cont_109,16800,8.0,7.9999696657646755,True,stim,284,True
s3://braingeneers/braindance/25_04_15_busiest_bee/,25178ic,exp1/exp1_cont_258,s3://braingeneers/braindance/25_04_15_busiest_bee/25178ic/exp1/exp1_cont_258,0,0.0,,False,spontaneous,284,True
s3://braingeneers/braindance/25_04_15_busiest_bee/,25178ic,exp1/exp1_cont_301,s3://braingeneers/braindance/25_04_15_busiest_bee/25178ic/exp1/exp1_cont_301,1050,0.5,0.5000004164748845,True,stim,284,True
s3://braingeneers/braindance/25_04_15_busiest_bee/,25178ic,exp1/exp1_cont_183,s3://braingeneers/braindance/25_04_15_busiest_bee/25178ic/exp1/exp1_cont_183,2100,1.0,0.9999979110057888,True,stim,284,True
s3://braingeneers/braindance/25_04_15_busiest_bee/,25178ic,exp1/exp1_cont_136,s3://braingeneers/braindance/25_04_15_busiest_bee/25178ic/exp1/exp1_cont_136,0,0.0,,False,spontaneous,284,True
s3://braingeneers/braindance/25_04_15_busiest_bee/,25178ic,exp1/exp1_cont_68,s3://braingeneers/braindance/25_04_15_busiest_bee/25178ic/exp1/exp1_cont_68,0,0.0,,False,spontaneous,284,True
s3://braingeneers/braindance/25_04_15_busiest_bee/,25178ic,exp1/exp1_cont_102,s3://braingeneers/braindance/25_04_15_busiest_bee/25178ic/exp1/exp1_cont_102,0,0.0,,False,spontaneous,284,True
s3://braingeneers/braindance/25_04_15_busiest_bee/,25178ic,exp1/exp1_cont_21,s3://braingeneers/braindance/25_04_15_busiest_bee/25178ic/exp1/exp1_cont_21,1050,0.5,0.5000000720808209,True,stim,284,True
s3://braingeneers/braindance/25_04_15_busiest_bee/,25178ic,exp1/exp1_cont_266,s3://braingeneers/braindance/25_04_15_busiest_bee/25178ic/exp1/exp1_cont_266,0,0.0,,False,spontaneous,284,True
s3://braingeneers/braindance/25_04_15_busiest_bee/,25178ic,exp1/exp1_cont_208,s3://braingeneers/braindance/25_04_15_busiest_bee/25178ic/exp1/exp1_cont_208,0,0.0,,False,spontaneous,284,True
s3://braingeneers/braindance/25_04_15_busiest_bee/,25178ic,exp1/exp1_cont_35,s3://braingeneers/braindance/25_04_15_busiest_bee/25178ic/exp1/exp1_cont_35,4200,2.0,1.9999896799589008,True,stim,284,True
s3://braingeneers/braindance/25_04_15_busiest_bee/,25178ic,exp1/exp1_cont_215,s3://braingeneers/braindance/25_04_15_busiest_bee/25178ic/exp1/exp1_cont_215,4200,2.0,2.000001570780889,True,stim,284,True
s3://braingeneers/braindance/25_04_15_busiest_bee/,25178ic,exp1/exp1_cont_27,s3://braingeneers/braindance/25_04_15_busiest_bee/25178ic/exp1/exp1_cont_27,8400,4.0,3.999993348463097,True,stim,284,True
s3://braingeneers/braindance/25_04_15_busiest_bee/,25178ic,exp1/exp1_cont_28,s3://braingeneers/braindance/25_04_15_busiest_bee/25178ic/exp1/exp1_cont_28,0,0.0,,False,spontaneous,284,True
s3://braingeneers/braindance/25_04_15_busiest_bee/,25244ic,exp1/exp1_cont_46,s3://braingeneers/braindance/25_04_15_busiest_bee/25244ic/exp1/exp1_cont_46,0,0.0,,False,spontaneous,190,True
s3://braingeneers/braindance/25_04_15_busiest_bee/,25244ic,exp1/exp1_cont_39,s3://braingeneers/braindance/25_04_15_busiest_bee/25244ic/exp1/exp1_cont_39,9600,8.0,8.00000167569484,True,stim,190,True
s3://braingeneers/braindance/25_04_15_busiest_bee/,25244ic,exp1/exp1_cont_62,s3://braingeneers/braindance/25_04_15_busiest_bee/25244ic/exp1/exp1_cont_62,0,0.0,,False,spontaneous,190,True
s3://braingeneers/braindance/25_04_15_busiest_bee/,25244ic,exp1/exp1_cont_37,s3://braingeneers/braindance/25_04_15_busiest_bee/25244ic/exp1/exp1_cont_37,4800,4.0,4.000003752991982,True,stim,190,True
s3://braingeneers/braindance/25_04_15_busiest_bee/,25244ic,exp1/exp1_cont_61,s3://braingeneers/braindance/25_04_15_busiest_bee/25244ic/exp1/exp1_cont_61,600,0.5,0.4999978940001026,True,stim,190,True
s3://braingeneers/braindance/25_04_15_busiest_bee/,25244ic,exp1/exp1_cont_89,s3://braingeneers/braindance/25_04_15_busiest_bee/25244ic/exp1/exp1_cont_89,9600,8.0,8.000008692001412,True,stim,190,True
s3://braingeneers/braindance/25_04_15_busiest_bee/,25244ic,exp1/exp1_cont_31,s3://braingeneers/braindance/25_04_15_busiest_bee/25244ic/exp1/exp1_cont_31,600,0.5,0.4999982699972196,True,stim,190,True
s3://braingeneers/braindance/25_04_15_busiest_bee/,25244ic,exp1/exp1_cont_78,s3://braingeneers/braindance/25_04_15_busiest_bee/25244ic/exp1/exp1_cont_78,0,0.0,,False,spontaneous,190,True
s3://braingeneers/braindance/25_04_15_busiest_bee/,25244ic,exp1/exp1_cont_70,s3://braingeneers/braindance/25_04_15_busiest_bee/25244ic/exp1/exp1_cont_70,0,0.0,,False,spontaneous,190,True
s3://braingeneers/braindance/25_04_15_busiest_bee/,25244ic,exp1/exp1_cont_13,s3://braingeneers/braindance/25_04_15_busiest_bee/25244ic/exp1/exp1_cont_13,0,0.0,,False,spontaneous,190,True
s3://braingeneers/braindance/25_04_15_busiest_bee/,25244ic,exp1/exp1_cont_74,s3://braingeneers/braindance/25_04_15_busiest_bee/25244ic/exp1/exp1_cont_74,0,0.0,,False,spontaneous,190,True
s3://braingeneers/braindance/25_04_15_busiest_bee/,25244ic,exp1/exp1_cont_65,s3://braingeneers/braindance/25_04_15_busiest_bee/25244ic/exp1/exp1_cont_65,2400,2.0,1.9999961242676112,True,stim,190,True
s3://braingeneers/braindance/25_04_15_busiest_bee/,25244ic,exp1/exp1_cont_6,s3://braingeneers/braindance/25_04_15_busiest_bee/25244ic/exp1/exp1_cont_6,0,0.0,,False,spontaneous,190,True
s3://braingeneers/braindance/25_04_15_busiest_bee/,25244ic,exp1/exp1_cont_72,s3://braingeneers/braindance/25_04_15_busiest_bee/25244ic/exp1/exp1_cont_72,0,0.0,,False,spontaneous,190,True
s3://braingeneers/braindance/25_04_15_busiest_bee/,25244ic,exp1/exp1_cont_29,s3://braingeneers/braindance/25_04_15_busiest_bee/25244ic/exp1/exp1_cont_29,9600,8.0,7.999969339130457,True,stim,190,True
s3://braingeneers/braindance/25_04_15_busiest_bee/,25244ic,exp1/exp1_cont_32,s3://braingeneers/braindance/25_04_15_busiest_bee/25244ic/exp1/exp1_cont_32,0,0.0,,False,spontaneous,190,True
s3://braingeneers/braindance/25_04_15_busiest_bee/,25244ic,exp1/exp1_cont_27,s3://braingeneers/braindance/25_04_15_busiest_bee/25244ic/exp1/exp1_cont_27,4800,4.0,3.999993276900661,True,stim,190,True
s3://braingeneers/braindance/25_04_15_busiest_bee/,25244ic,exp1/exp1_cont_17,s3://braingeneers/braindance/25_04_15_busiest_bee/25244ic/exp1/exp1_cont_17,4800,4.0,4.00000032239386,True,stim,190,True
s3://braingeneers/braindance/25_04_15_busiest_bee/,25244ic,exp1/exp1_cont_4,s3://braingeneers/braindance/25_04_15_busiest_bee/25244ic/exp1/exp1_cont_4,0,0.0,,False,spontaneous,190,True
s3://braingeneers/braindance/25_04_15_busiest_bee/,25244ic,exp1/exp1_cont_86,s3://braingeneers/braindance/25_04_15_busiest_bee/25244ic/exp1/exp1_cont_86,0,0.0,,False,spontaneous,190,True
s3://braingeneers/braindance/25_04_15_busiest_bee/,25244ic,exp1/exp1_cont_60,s3://braingeneers/braindance/25_04_15_busiest_bee/25244ic/exp1/exp1_cont_60,0,0.0,,False,spontaneous,190,True
s3://braingeneers/braindance/25_04_15_busiest_bee/,25244ic,exp1/exp1_cont_75,s3://braingeneers/braindance/25_04_15_busiest_bee/25244ic/exp1/exp1_cont_75,2400,2.0,1.999998315906364,True,stim,190,True
s3://braingeneers/braindance/25_04_15_busiest_bee/,25244ic,exp1/exp1_cont_77,s3://braingeneers/braindance/25_04_15_busiest_bee/25244ic/exp1/exp1_cont_77,4800,4.0,3.99997903948966,True,stim,190,True
s3://braingeneers/braindance/25_04_15_busiest_bee/,25244ic,exp1/exp1_cont_55,s3://braingeneers/braindance/25_04_15_busiest_bee/25244ic/exp1/exp1_cont_55,2400,2.0,1.999993952990352,True,stim,190,True
s3://braingeneers/braindance/25_04_15_busiest_bee/,25244ic,exp1/exp1_cont_24,s3://braingeneers/braindance/25_04_15_busiest_bee/25244ic/exp1/exp1_cont_24,0,0.0,,False,spontaneous,190,True
s3://braingeneers/braindance/25_04_15_busiest_bee/,25244ic,exp1/exp1_cont_3,s3://braingeneers/braindance/25_04_15_busiest_bee/25244ic/exp1/exp1_cont_3,1200,1.0,0.9999961002954344,True,stim,190,True
s3://braingeneers/braindance/25_04_15_busiest_bee/,25244ic,exp1/exp1_cont_59,s3://braingeneers/braindance/25_04_15_busiest_bee/25244ic/exp1/exp1_cont_59,9600,8.0,8.000013488594528,True,stim,190,True
s3://braingeneers/braindance/25_04_15_busiest_bee/,25244ic,exp1/exp1_cont_40,s3://braingeneers/braindance/25_04_15_busiest_bee/25244ic/exp1/exp1_cont_40,0,0.0,,False,spontaneous,190,True
s3://braingeneers/braindance/25_04_15_busiest_bee/,25244ic,exp1/exp1_cont_73,s3://braingeneers/braindance/25_04_15_busiest_bee/25244ic/exp1/exp1_cont_73,1200,1.0,0.9999983985238302,True,stim,190,True
s3://braingeneers/braindance/25_04_15_busiest_bee/,25244ic,exp1/exp1,s3://braingeneers/braindance/25_04_15_busiest_bee/25244ic/exp1/exp1,0,0.0,,False,spontaneous,190,True
s3://braingeneers/braindance/25_04_15_busiest_bee/,25244ic,exp1/exp1_cont_9,s3://braingeneers/braindance/25_04_15_busiest_bee/25244ic/exp1/exp1_cont_9,9600,8.0,7.999943042018912,True,stim,190,True
s3://braingeneers/braindance/25_04_15_busiest_bee/,25244ic,exp1/exp1_cont_43,s3://braingeneers/braindance/25_04_15_busiest_bee/25244ic/exp1/exp1_cont_43,1200,1.0,0.9999970366676632,True,stim,190,True
s3://braingeneers/braindance/25_04_15_busiest_bee/,25244ic,exp1/exp1_cont_90,s3://braingeneers/braindance/25_04_15_busiest_bee/25244ic/exp1/exp1_cont_90,0,0.0,,False,spontaneous,190,True
s3://braingeneers/braindance/25_04_15_busiest_bee/,25244ic,exp1/exp1_cont_69,s3://braingeneers/braindance/25_04_15_busiest_bee/25244ic/exp1/exp1_cont_69,9600,8.0,7.999982695388134,True,stim,190,True
s3://braingeneers/braindance/25_04_15_busiest_bee/,25244ic,exp1/exp1_cont_19,s3://braingeneers/braindance/25_04_15_busiest_bee/25244ic/exp1/exp1_cont_19,9600,8.0,8.000009494913511,True,stim,190,True
s3://braingeneers/braindance/25_04_15_busiest_bee/,25244ic,exp1/exp1_cont_34,s3://braingeneers/braindance/25_04_15_busiest_bee/25244ic/exp1/exp1_cont_34,0,0.0,,False,spontaneous,190,True
s3://braingeneers/braindance/25_04_15_busiest_bee/,25244ic,exp1/exp1_cont_64,s3://braingeneers/braindance/25_04_15_busiest_bee/25244ic/exp1/exp1_cont_64,0,0.0,,False,spontaneous,190,True
s3://braingeneers/braindance/25_04_15_busiest_bee/,25244ic,exp1/exp1_cont_11,s3://braingeneers/braindance/25_04_15_busiest_bee/25244ic/exp1/exp1_cont_11,600,0.5,0.500001032479175,True,stim,190,True
s3://braingeneers/braindance/25_04_15_busiest_bee/,25244ic,exp1/exp1_cont_80,s3://braingeneers/braindance/25_04_15_busiest_bee/25244ic/exp1/exp1_cont_80,0,0.0,,False,spontaneous,190,True
s3://braingeneers/braindance/25_04_15_busiest_bee/,25244ic,exp1/exp1_cont_8,s3://braingeneers/braindance/25_04_15_busiest_bee/25244ic/exp1/exp1_cont_8,0,0.0,,False,spontaneous,190,True
s3://braingeneers/braindance/25_04_15_busiest_bee/,25244ic,exp1/exp1_cont_63,s3://braingeneers/braindance/25_04_15_busiest_bee/25244ic/exp1/exp1_cont_63,1200,1.0,1.0000030781195703,True,stim,190,True
s3://braingeneers/braindance/25_04_15_busiest_bee/,25244ic,exp1/exp1_cont_76,s3://braingeneers/braindance/25_04_15_busiest_bee/25244ic/exp1/exp1_cont_76,0,0.0,,False,spontaneous,190,True
s3://braingeneers/braindance/25_04_15_busiest_bee/,25244ic,exp1/exp1_cont_79,s3://braingeneers/braindance/25_04_15_busiest_bee/25244ic/exp1/exp1_cont_79,9600,8.0,7.999975098850309,True,stim,190,True
s3://braingeneers/braindance/25_04_15_busiest_bee/,25244ic,exp1/exp1_cont_71,s3://braingeneers/braindance/25_04_15_busiest_bee/25244ic/exp1/exp1_cont_71,600,0.5,0.4999961591033842,True,stim,190,True
s3://braingeneers/braindance/25_04_15_busiest_bee/,25244ic,exp1/exp1_cont_20,s3://braingeneers/braindance/25_04_15_busiest_bee/25244ic/exp1/exp1_cont_20,0,0.0,,False,spontaneous,190,True
s3://braingeneers/braindance/25_04_15_busiest_bee/,25244ic,exp1/exp1_cont_88,s3://braingeneers/braindance/25_04_15_busiest_bee/25244ic/exp1/exp1_cont_88,0,0.0,,False,spontaneous,190,True
s3://braingeneers/braindance/25_04_15_busiest_bee/,25244ic,exp1/exp1_cont_10,s3://braingeneers/braindance/25_04_15_busiest_bee/25244ic/exp1/exp1_cont_10,0,0.0,,False,spontaneous,190,True
s3://braingeneers/braindance/25_04_15_busiest_bee/,25244ic,exp1/exp1_cont_47,s3://braingeneers/braindance/25_04_15_busiest_bee/25244ic/exp1/exp1_cont_47,4800,4.0,3.9999961197353935,True,stim,190,True
s3://braingeneers/braindance/25_04_15_busiest_bee/,25244ic,exp1/exp1_cont_49,s3://braingeneers/braindance/25_04_15_busiest_bee/25244ic/exp1/exp1_cont_49,9600,8.0,7.999961687372538,True,stim,190,True
s3://braingeneers/braindance/25_04_15_busiest_bee/,25244ic,exp1/exp1_cont_15,s3://braingeneers/braindance/25_04_15_busiest_bee/25244ic/exp1/exp1_cont_15,2400,2.0,1.999993564534258,True,stim,190,True
s3://braingeneers/braindance/25_04_15_busiest_bee/,25244ic,exp1/exp1_cont_56,s3://braingeneers/braindance/25_04_15_busiest_bee/25244ic/exp1/exp1_cont_56,0,0.0,,False,spontaneous,190,True
s3://braingeneers/braindance/25_04_15_busiest_bee/,25244ic,exp1/exp1_cont_58,s3://braingeneers/braindance/25_04_15_busiest_bee/25244ic/exp1/exp1_cont_58,0,0.0,,False,spontaneous,190,True
s3://braingeneers/braindance/25_04_15_busiest_bee/,25244ic,exp1/exp1_cont_48,s3://braingeneers/braindance/25_04_15_busiest_bee/25244ic/exp1/exp1_cont_48,0,0.0,,False,spontaneous,190,True
s3://braingeneers/braindance/25_04_15_busiest_bee/,25244ic,exp1/exp1_cont_14,s3://braingeneers/braindance/25_04_15_busiest_bee/25244ic/exp1/exp1_cont_14,0,0.0,,False,spontaneous,190,True
s3://braingeneers/braindance/25_04_15_busiest_bee/,25244ic,exp1/exp1_cont_81,s3://braingeneers/braindance/25_04_15_busiest_bee/25244ic/exp1/exp1_cont_81,600,0.5,0.4999990449041654,True,stim,190,True
s3://braingeneers/braindance/25_04_15_busiest_bee/,25244ic,exp1/exp1_cont_41,s3://braingeneers/braindance/25_04_15_busiest_bee/25244ic/exp1/exp1_cont_41,600,0.5,0.5000009614930825,True,stim,190,True
s3://braingeneers/braindance/25_04_15_busiest_bee/,25244ic,exp1/exp1_cont_2,s3://braingeneers/braindance/25_04_15_busiest_bee/25244ic/exp1/exp1_cont_2,0,0.0,,False,spontaneous,190,True
s3://braingeneers/braindance/25_04_15_busiest_bee/,25244ic,exp1/exp1_cont_82,s3://braingeneers/braindance/25_04_15_busiest_bee/25244ic/exp1/exp1_cont_82,0,0.0,,False,spontaneous,190,True
s3://braingeneers/braindance/25_04_15_busiest_bee/,25244ic,exp1/exp1_cont_36,s3://braingeneers/braindance/25_04_15_busiest_bee/25244ic/exp1/exp1_cont_36,0,0.0,,False,spontaneous,190,True
s3://braingeneers/braindance/25_04_15_busiest_bee/,25244ic,exp1/exp1_cont_54,s3://braingeneers/braindance/25_04_15_busiest_bee/25244ic/exp1/exp1_cont_54,0,0.0,,False,spontaneous,190,True
s3://braingeneers/braindance/25_04_15_busiest_bee/,25244ic,exp1/exp1_cont_83,s3://braingeneers/braindance/25_04_15_busiest_bee/25244ic/exp1/exp1_cont_83,1200,1.0,0.999996082618333,True,stim,190,True
s3://braingeneers/braindance/25_04_15_busiest_bee/,25244ic,exp1/exp1_cont_93,s3://braingeneers/braindance/25_04_15_busiest_bee/25244ic/exp1/exp1_cont_93,201,1.0,0.9999539708538424,True,stim,190,True
s3://braingeneers/braindance/25_04_15_busiest_bee/,25244ic,exp1/exp1_cont_51,s3://braingeneers/braindance/25_04_15_busiest_bee/25244ic/exp1/exp1_cont_51,600,0.5,0.4999994712593187,True,stim,190,True
s3://braingeneers/braindance/25_04_15_busiest_bee/,25244ic,exp1/exp1_cont_53,s3://braingeneers/braindance/25_04_15_busiest_bee/25244ic/exp1/exp1_cont_53,1200,1.0,0.9999952144649372,True,stim,190,True
s3://braingeneers/braindance/25_04_15_busiest_bee/,25244ic,exp1/exp1_cont_30,s3://braingeneers/braindance/25_04_15_busiest_bee/25244ic/exp1/exp1_cont_30,0,0.0,,False,spontaneous,190,True
s3://braingeneers/braindance/25_04_15_busiest_bee/,25244ic,exp1/exp1_cont_67,s3://braingeneers/braindance/25_04_15_busiest_bee/25244ic/exp1/exp1_cont_67,4800,4.0,3.9999960759229514,True,stim,190,True
s3://braingeneers/braindance/25_04_15_busiest_bee/,25244ic,exp1/exp1_cont_22,s3://braingeneers/braindance/25_04_15_busiest_bee/25244ic/exp1/exp1_cont_22,0,0.0,,False,spontaneous,190,True
s3://braingeneers/braindance/25_04_15_busiest_bee/,25244ic,exp1/exp1_cont,s3://braingeneers/braindance/25_04_15_busiest_bee/25244ic/exp1/exp1_cont,0,0.0,,False,spontaneous,190,True
s3://braingeneers/braindance/25_04_15_busiest_bee/,25244ic,exp1/exp1_cont_1,s3://braingeneers/braindance/25_04_15_busiest_bee/25244ic/exp1/exp1_cont_1,600,0.5,0.4999990374634524,True,stim,190,True
s3://braingeneers/braindance/25_04_15_busiest_bee/,25244ic,exp1/exp1_cont_23,s3://braingeneers/braindance/25_04_15_busiest_bee/25244ic/exp1/exp1_cont_23,1200,1.0,0.9999972070853628,True,stim,190,True
s3://braingeneers/braindance/25_04_15_busiest_bee/,25244ic,exp1/exp1_cont_7,s3://braingeneers/braindance/25_04_15_busiest_bee/25244ic/exp1/exp1_cont_7,4800,4.0,4.000014471963989,True,stim,190,True
s3://braingeneers/braindance/25_04_15_busiest_bee/,25244ic,exp1/exp1_cont_26,s3://braingeneers/braindance/25_04_15_busiest_bee/25244ic/exp1/exp1_cont_26,0,0.0,,False,spontaneous,190,True
s3://braingeneers/braindance/25_04_15_busiest_bee/,25244ic,exp1/exp1_cont_50,s3://braingeneers/braindance/25_04_15_busiest_bee/25244ic/exp1/exp1_cont_50,0,0.0,,False,spontaneous,190,True
s3://braingeneers/braindance/25_04_15_busiest_bee/,25244ic,exp1/exp1_cont_91,s3://braingeneers/braindance/25_04_15_busiest_bee/25244ic/exp1/exp1_cont_91,600,0.5,0.4999987351747422,True,stim,190,True
s3://braingeneers/braindance/25_04_15_busiest_bee/,25244ic,exp1/exp1_cont_44,s3://braingeneers/braindance/25_04_15_busiest_bee/25244ic/exp1/exp1_cont_44,0,0.0,,False,spontaneous,190,True
s3://braingeneers/braindance/25_04_15_busiest_bee/,25244ic,exp1/exp1_cont_45,s3://braingeneers/braindance/25_04_15_busiest_bee/25244ic/exp1/exp1_cont_45,2400,2.0,1.9999986873739488,True,stim,190,True
s3://braingeneers/braindance/25_04_15_busiest_bee/,25244ic,exp1/exp1_cont_84,s3://braingeneers/braindance/25_04_15_busiest_bee/25244ic/exp1/exp1_cont_84,0,0.0,,False,spontaneous,190,True
s3://braingeneers/braindance/25_04_15_busiest_bee/,25244ic,exp1/exp1_cont_25,s3://braingeneers/braindance/25_04_15_busiest_bee/25244ic/exp1/exp1_cont_25,2400,2.0,1.9999951479167557,True,stim,190,True
s3://braingeneers/braindance/25_04_15_busiest_bee/,25244ic,exp1/exp1_cont_38,s3://braingeneers/braindance/25_04_15_busiest_bee/25244ic/exp1/exp1_cont_38,0,0.0,,False,spontaneous,190,True
s3://braingeneers/braindance/25_04_15_busiest_bee/,25244ic,exp1/exp1_cont_92,s3://braingeneers/braindance/25_04_15_busiest_bee/25244ic/exp1/exp1_cont_92,0,0.0,,False,spontaneous,190,True
s3://braingeneers/braindance/25_04_15_busiest_bee/,25244ic,exp1/exp1_cont_57,s3://braingeneers/braindance/25_04_15_busiest_bee/25244ic/exp1/exp1_cont_57,4800,4.0,4.000012987274436,True,stim,190,True
s3://braingeneers/braindance/25_04_15_busiest_bee/,25244ic,exp1/exp1_cont_52,s3://braingeneers/braindance/25_04_15_busiest_bee/25244ic/exp1/exp1_cont_52,0,0.0,,False,spontaneous,190,True
s3://braingeneers/braindance/25_04_15_busiest_bee/,25244ic,exp1/exp1_cont_42,s3://braingeneers/braindance/25_04_15_busiest_bee/25244ic/exp1/exp1_cont_42,0,0.0,,False,spontaneous,190,True
s3://braingeneers/braindance/25_04_15_busiest_bee/,25244ic,exp1/exp1_cont_12,s3://braingeneers/braindance/25_04_15_busiest_bee/25244ic/exp1/exp1_cont_12,0,0.0,,False,spontaneous,190,True
s3://braingeneers/braindance/25_04_15_busiest_bee/,25244ic,exp1/exp1_cont_66,s3://braingeneers/braindance/25_04_15_busiest_bee/25244ic/exp1/exp1_cont_66,0,0.0,,False,spontaneous,190,True
s3://braingeneers/braindance/25_04_15_busiest_bee/,25244ic,exp1/exp1_cont_85,s3://braingeneers/braindance/25_04_15_busiest_bee/25244ic/exp1/exp1_cont_85,2400,2.0,1.9999938363958536,True,stim,190,True
s3://braingeneers/braindance/25_04_15_busiest_bee/,25244ic,exp1/exp1_cont_16,s3://braingeneers/braindance/25_04_15_busiest_bee/25244ic/exp1/exp1_cont_16,0,0.0,,False,spontaneous,190,True
s3://braingeneers/braindance/25_04_15_busiest_bee/,25244ic,exp1/exp1_cont_5,s3://braingeneers/braindance/25_04_15_busiest_bee/25244ic/exp1/exp1_cont_5,2400,2.0,2.000000947385232,True,stim,190,True
s3://braingeneers/braindance/25_04_15_busiest_bee/,25244ic,exp1/exp1_cont_18,s3://braingeneers/braindance/25_04_15_busiest_bee/25244ic/exp1/exp1_cont_18,0,0.0,,False,spontaneous,190,True
s3://braingeneers/braindance/25_04_15_busiest_bee/,25244ic,exp1/exp1_cont_68,s3://braingeneers/braindance/25_04_15_busiest_bee/25244ic/exp1/exp1_cont_68,0,0.0,,False,spontaneous,190,True
s3://braingeneers/braindance/25_04_15_busiest_bee/,25244ic,exp1/exp1_cont_87,s3://braingeneers/braindance/25_04_15_busiest_bee/25244ic/exp1/exp1_cont_87,4800,4.0,3.9999767710921894,True,stim,190,True
s3://braingeneers/braindance/25_04_15_busiest_bee/,25244ic,exp1/exp1_cont_21,s3://braingeneers/braindance/25_04_15_busiest_bee/25244ic/exp1/exp1_cont_21,600,0.5,0.4999987331275847,True,stim,190,True
s3://braingeneers/braindance/25_04_15_busiest_bee/,25244ic,exp1/exp1_cont_35,s3://braingeneers/braindance/25_04_15_busiest_bee/25244ic/exp1/exp1_cont_35,2400,2.0,1.9999873368438457,True,stim,190,True
s3://braingeneers/braindance/25_04_15_busiest_bee/,25244ic,exp1/exp1_cont_33,s3://braingeneers/braindance/25_04_15_busiest_bee/25244ic/exp1/exp1_cont_33,1200,1.0,0.9999927607529971,True,stim,190,True
s3://braingeneers/braindance/25_04_15_busiest_bee/,25244ic,exp1/exp1_cont_28,s3://braingeneers/braindance/25_04_15_busiest_bee/25244ic/exp1/exp1_cont_28,0,0.0,,False,spontaneous,190,True
s3://braingeneers/braindance/2025-05-14busy_drugs/,25123ic,gabazine1/gabazine1_cont_17,s3://braingeneers/braindance/2025-05-14busy_drugs/25123ic/gabazine1/gabazine1_cont_17,6400,4.0,3.999988268031277,True,stim,71,True
s3://braingeneers/braindance/2025-05-14busy_drugs/,25123ic,gabazine1/gabazine1_cont_25,s3://braingeneers/braindance/2025-05-14busy_drugs/25123ic/gabazine1/gabazine1_cont_25,3200,2.0,1.9999951712039028,True,stim,71,True
s3://braingeneers/braindance/2025-05-14busy_drugs/,25123ic,gabazine1/gabazine1_cont,s3://braingeneers/braindance/2025-05-14busy_drugs/25123ic/gabazine1/gabazine1_cont,0,0.0,,False,spontaneous,71,True
s3://braingeneers/braindance/2025-05-14busy_drugs/,25123ic,gabazine1/gabazine1_cont_55,s3://braingeneers/braindance/2025-05-14busy_drugs/25123ic/gabazine1/gabazine1_cont_55,3200,2.0,2.0000034929376573,True,stim,71,True
s3://braingeneers/braindance/2025-05-14busy_drugs/,25123ic,gabazine1/gabazine1_cont_31,s3://braingeneers/braindance/2025-05-14busy_drugs/25123ic/gabazine1/gabazine1_cont_31,800,0.5,0.4999988261804773,True,stim,71,True
s3://braingeneers/braindance/2025-05-14busy_drugs/,25123ic,gabazine1/gabazine1_cont_66,s3://braingeneers/braindance/2025-05-14busy_drugs/25123ic/gabazine1/gabazine1_cont_66,0,0.0,,False,spontaneous,71,True
s3://braingeneers/braindance/2025-05-14busy_drugs/,25123ic,gabazine1/gabazine1_cont_61,s3://braingeneers/braindance/2025-05-14busy_drugs/25123ic/gabazine1/gabazine1_cont_61,800,0.5,0.4999997967513335,True,stim,71,True
s3://braingeneers/braindance/2025-05-14busy_drugs/,25123ic,gabazine1/gabazine1_cont_15,s3://braingeneers/braindance/2025-05-14busy_drugs/25123ic/gabazine1/gabazine1_cont_15,3200,2.0,1.9999962184091464,True,stim,71,True
s3://braingeneers/braindance/2025-05-14busy_drugs/,25123ic,gabazine1/gabazine1_cont_13,s3://braingeneers/braindance/2025-05-14busy_drugs/25123ic/gabazine1/gabazine1_cont_13,1600,1.0,0.9999961248211487,True,stim,71,True
s3://braingeneers/braindance/2025-05-14busy_drugs/,25123ic,gabazine1/gabazine1_cont_7,s3://braingeneers/braindance/2025-05-14busy_drugs/25123ic/gabazine1/gabazine1_cont_7,6400,4.0,3.9999975210867103,True,stim,71,True
s3://braingeneers/braindance/2025-05-14busy_drugs/,25123ic,gabazine1/gabazine1_cont_48,s3://braingeneers/braindance/2025-05-14busy_drugs/25123ic/gabazine1/gabazine1_cont_48,0,0.0,,False,spontaneous,71,True
s3://braingeneers/braindance/2025-05-14busy_drugs/,25123ic,gabazine1/gabazine1_cont_12,s3://braingeneers/braindance/2025-05-14busy_drugs/25123ic/gabazine1/gabazine1_cont_12,0,0.0,,False,spontaneous,71,True
s3://braingeneers/braindance/2025-05-14busy_drugs/,25123ic,gabazine1/gabazine1_cont_30,s3://braingeneers/braindance/2025-05-14busy_drugs/25123ic/gabazine1/gabazine1_cont_30,0,0.0,,False,spontaneous,71,True
s3://braingeneers/braindance/2025-05-14busy_drugs/,25123ic,gabazine1/gabazine1_cont_19,s3://braingeneers/braindance/2025-05-14busy_drugs/25123ic/gabazine1/gabazine1_cont_19,12800,8.0,8.000024334540159,True,stim,71,True
s3://braingeneers/braindance/2025-05-14busy_drugs/,25123ic,gabazine1/gabazine1_cont_6,s3://braingeneers/braindance/2025-05-14busy_drugs/25123ic/gabazine1/gabazine1_cont_6,0,0.0,,False,spontaneous,71,True
s3://braingeneers/braindance/2025-05-14busy_drugs/,25123ic,gabazine1/gabazine1_cont_43,s3://braingeneers/braindance/2025-05-14busy_drugs/25123ic/gabazine1/gabazine1_cont_43,1600,1.0,0.9999985650164396,True,stim,71,True
s3://braingeneers/braindance/2025-05-14busy_drugs/,25123ic,gabazine1/gabazine1_cont_2,s3://braingeneers/braindance/2025-05-14busy_drugs/25123ic/gabazine1/gabazine1_cont_2,0,0.0,,False,spontaneous,71,True
s3://braingeneers/braindance/2025-05-14busy_drugs/,25123ic,gabazine1/gabazine1_cont_33,s3://braingeneers/braindance/2025-05-14busy_drugs/25123ic/gabazine1/gabazine1_cont_33,1600,1.0,0.9999968557247064,True,stim,71,True
s3://braingeneers/braindance/2025-05-14busy_drugs/,25123ic,gabazine1/gabazine1_cont_35,s3://braingeneers/braindance/2025-05-14busy_drugs/25123ic/gabazine1/gabazine1_cont_35,3200,2.0,1.9999958798734447,True,stim,71,True
s3://braingeneers/braindance/2025-05-14busy_drugs/,25123ic,gabazine1/gabazine1_cont_11,s3://braingeneers/braindance/2025-05-14busy_drugs/25123ic/gabazine1/gabazine1_cont_11,800,0.5,0.500000284258922,True,stim,71,True
s3://braingeneers/braindance/2025-05-14busy_drugs/,25123ic,gabazine1/gabazine1_cont_34,s3://braingeneers/braindance/2025-05-14busy_drugs/25123ic/gabazine1/gabazine1_cont_34,0,0.0,,False,spontaneous,71,True
s3://braingeneers/braindance/2025-05-14busy_drugs/,25123ic,gabazine1/gabazine1_cont_59,s3://braingeneers/braindance/2025-05-14busy_drugs/25123ic/gabazine1/gabazine1_cont_59,12800,8.0,8.000001989660973,True,stim,71,True
s3://braingeneers/braindance/2025-05-14busy_drugs/,25123ic,gabazine1/gabazine1_cont_58,s3://braingeneers/braindance/2025-05-14busy_drugs/25123ic/gabazine1/gabazine1_cont_58,0,0.0,,False,spontaneous,71,True
s3://braingeneers/braindance/2025-05-14busy_drugs/,25123ic,gabazine1/gabazine1_cont_41,s3://braingeneers/braindance/2025-05-14busy_drugs/25123ic/gabazine1/gabazine1_cont_41,800,0.5,0.5000004992260925,True,stim,71,True
s3://braingeneers/braindance/2025-05-14busy_drugs/,25123ic,gabazine1/gabazine1_cont_14,s3://braingeneers/braindance/2025-05-14busy_drugs/25123ic/gabazine1/gabazine1_cont_14,0,0.0,,False,spontaneous,71,True
s3://braingeneers/braindance/2025-05-14busy_drugs/,25123ic,gabazine1/gabazine1_cont_36,s3://braingeneers/braindance/2025-05-14busy_drugs/25123ic/gabazine1/gabazine1_cont_36,0,0.0,,False,spontaneous,71,True
s3://braingeneers/braindance/2025-05-14busy_drugs/,25123ic,gabazine1/gabazine1_cont_44,s3://braingeneers/braindance/2025-05-14busy_drugs/25123ic/gabazine1/gabazine1_cont_44,0,0.0,,False,spontaneous,71,True
s3://braingeneers/braindance/2025-05-14busy_drugs/,25123ic,gabazine1/gabazine1_cont_16,s3://braingeneers/braindance/2025-05-14busy_drugs/25123ic/gabazine1/gabazine1_cont_16,0,0.0,,False,spontaneous,71,True
s3://braingeneers/braindance/2025-05-14busy_drugs/,25123ic,gabazine1/gabazine1_cont_8,s3://braingeneers/braindance/2025-05-14busy_drugs/25123ic/gabazine1/gabazine1_cont_8,0,0.0,,False,spontaneous,71,True
s3://braingeneers/braindance/2025-05-14busy_drugs/,25123ic,gabazine1/gabazine1_cont_3,s3://braingeneers/braindance/2025-05-14busy_drugs/25123ic/gabazine1/gabazine1_cont_3,1600,1.0,0.999995034161619,True,stim,71,True
s3://braingeneers/braindance/2025-05-14busy_drugs/,25123ic,gabazine1/gabazine1_cont_26,s3://braingeneers/braindance/2025-05-14busy_drugs/25123ic/gabazine1/gabazine1_cont_26,0,0.0,,False,spontaneous,71,True
s3://braingeneers/braindance/2025-05-14busy_drugs/,25123ic,gabazine1/gabazine1_cont_29,s3://braingeneers/braindance/2025-05-14busy_drugs/25123ic/gabazine1/gabazine1_cont_29,12800,8.0,8.000002921164285,True,stim,71,True
s3://braingeneers/braindance/2025-05-14busy_drugs/,25123ic,gabazine1/gabazine1_cont_39,s3://braingeneers/braindance/2025-05-14busy_drugs/25123ic/gabazine1/gabazine1_cont_39,12800,8.0,7.9999591669633165,True,stim,71,True
s3://braingeneers/braindance/2025-05-14busy_drugs/,25123ic,gabazine1/gabazine1_cont_69,s3://braingeneers/braindance/2025-05-14busy_drugs/25123ic/gabazine1/gabazine1_cont_69,1078,8.0,8.000114854431974,True,stim,71,True
s3://braingeneers/braindance/2025-05-14busy_drugs/,25123ic,gabazine1/gabazine1_cont_49,s3://braingeneers/braindance/2025-05-14busy_drugs/25123ic/gabazine1/gabazine1_cont_49,12800,8.0,7.999987362482638,True,stim,71,True
s3://braingeneers/braindance/2025-05-14busy_drugs/,25123ic,gabazine1/gabazine1_cont_22,s3://braingeneers/braindance/2025-05-14busy_drugs/25123ic/gabazine1/gabazine1_cont_22,0,0.0,,False,spontaneous,71,True
s3://braingeneers/braindance/2025-05-14busy_drugs/,25123ic,gabazine1/gabazine1_cont_38,s3://braingeneers/braindance/2025-05-14busy_drugs/25123ic/gabazine1/gabazine1_cont_38,0,0.0,,False,spontaneous,71,True
s3://braingeneers/braindance/2025-05-14busy_drugs/,25123ic,gabazine1/gabazine1_cont_60,s3://braingeneers/braindance/2025-05-14busy_drugs/25123ic/gabazine1/gabazine1_cont_60,0,0.0,,False,spontaneous,71,True
s3://braingeneers/braindance/2025-05-14busy_drugs/,25123ic,gabazine1/gabazine1_cont_52,s3://braingeneers/braindance/2025-05-14busy_drugs/25123ic/gabazine1/gabazine1_cont_52,0,0.0,,False,spontaneous,71,True
s3://braingeneers/braindance/2025-05-14busy_drugs/,25123ic,gabazine1/gabazine1_cont_67,s3://braingeneers/braindance/2025-05-14busy_drugs/25123ic/gabazine1/gabazine1_cont_67,6400,4.0,3.999993543951673,True,stim,71,True
s3://braingeneers/braindance/2025-05-14busy_drugs/,25123ic,gabazine1/gabazine1_cont_5,s3://braingeneers/braindance/2025-05-14busy_drugs/25123ic/gabazine1/gabazine1_cont_5,3200,2.0,1.9999945880896652,True,stim,71,True
s3://braingeneers/braindance/2025-05-14busy_drugs/,25123ic,gabazine1/gabazine1_cont_47,s3://braingeneers/braindance/2025-05-14busy_drugs/25123ic/gabazine1/gabazine1_cont_47,6400,4.0,3.999986818261304,True,stim,71,True
s3://braingeneers/braindance/2025-05-14busy_drugs/,25123ic,gabazine1/gabazine1_cont_51,s3://braingeneers/braindance/2025-05-14busy_drugs/25123ic/gabazine1/gabazine1_cont_51,800,0.5,0.499998462291649,True,stim,71,True
s3://braingeneers/braindance/2025-05-14busy_drugs/,25123ic,gabazine1/gabazine1_cont_53,s3://braingeneers/braindance/2025-05-14busy_drugs/25123ic/gabazine1/gabazine1_cont_53,1600,1.0,0.9999993790185256,True,stim,71,True
s3://braingeneers/braindance/2025-05-14busy_drugs/,25123ic,gabazine1/gabazine1_cont_42,s3://braingeneers/braindance/2025-05-14busy_drugs/25123ic/gabazine1/gabazine1_cont_42,0,0.0,,False,spontaneous,71,True
s3://braingeneers/braindance/2025-05-14busy_drugs/,25123ic,gabazine1/gabazine1_cont_62,s3://braingeneers/braindance/2025-05-14busy_drugs/25123ic/gabazine1/gabazine1_cont_62,0,0.0,,False,spontaneous,71,True
s3://braingeneers/braindance/2025-05-14busy_drugs/,25123ic,gabazine1/gabazine1_cont_23,s3://braingeneers/braindance/2025-05-14busy_drugs/25123ic/gabazine1/gabazine1_cont_23,1600,1.0,0.9999953584217932,True,stim,71,True
s3://braingeneers/braindance/2025-05-14busy_drugs/,25123ic,gabazine1/gabazine1_cont_9,s3://braingeneers/braindance/2025-05-14busy_drugs/25123ic/gabazine1/gabazine1_cont_9,12800,8.0,7.999973148582345,True,stim,71,True
s3://braingeneers/braindance/2025-05-14busy_drugs/,25123ic,gabazine1/gabazine1,s3://braingeneers/braindance/2025-05-14busy_drugs/25123ic/gabazine1/gabazine1,0,0.0,,False,spontaneous,71,True
s3://braingeneers/braindance/2025-05-14busy_drugs/,25123ic,gabazine1/gabazine1_cont_45,s3://braingeneers/braindance/2025-05-14busy_drugs/25123ic/gabazine1/gabazine1_cont_45,3200,2.0,1.9999964141070847,True,stim,71,True
s3://braingeneers/braindance/2025-05-14busy_drugs/,25123ic,gabazine1/gabazine1_cont_64,s3://braingeneers/braindance/2025-05-14busy_drugs/25123ic/gabazine1/gabazine1_cont_64,0,0.0,,False,spontaneous,71,True
s3://braingeneers/braindance/2025-05-14busy_drugs/,25123ic,gabazine1/gabazine1_cont_46,s3://braingeneers/braindance/2025-05-14busy_drugs/25123ic/gabazine1/gabazine1_cont_46,0,0.0,,False,spontaneous,71,True
s3://braingeneers/braindance/2025-05-14busy_drugs/,25123ic,gabazine1/gabazine1_cont_32,s3://braingeneers/braindance/2025-05-14busy_drugs/25123ic/gabazine1/gabazine1_cont_32,0,0.0,,False,spontaneous,71,True
s3://braingeneers/braindance/2025-05-14busy_drugs/,25123ic,gabazine1/gabazine1_cont_50,s3://braingeneers/braindance/2025-05-14busy_drugs/25123ic/gabazine1/gabazine1_cont_50,0,0.0,,False,spontaneous,71,True
s3://braingeneers/braindance/2025-05-14busy_drugs/,25123ic,gabazine1/gabazine1_cont_4,s3://braingeneers/braindance/2025-05-14busy_drugs/25123ic/gabazine1/gabazine1_cont_4,0,0.0,,False,spontaneous,71,True
s3://braingeneers/braindance/2025-05-14busy_drugs/,25123ic,gabazine1/gabazine1_cont_27,s3://braingeneers/braindance/2025-05-14busy_drugs/25123ic/gabazine1/gabazine1_cont_27,6400,4.0,3.999989979844454,True,stim,71,True
s3://braingeneers/braindance/2025-05-14busy_drugs/,25123ic,gabazine1/gabazine1_cont_20,s3://braingeneers/braindance/2025-05-14busy_drugs/25123ic/gabazine1/gabazine1_cont_20,0,0.0,,False,spontaneous,71,True
s3://braingeneers/braindance/2025-05-14busy_drugs/,25123ic,gabazine1/gabazine1_cont_21,s3://braingeneers/braindance/2025-05-14busy_drugs/25123ic/gabazine1/gabazine1_cont_21,800,0.5,0.4999988433146288,True,stim,71,True
s3://braingeneers/braindance/2025-05-14busy_drugs/,25123ic,gabazine1/gabazine1_cont_40,s3://braingeneers/braindance/2025-05-14busy_drugs/25123ic/gabazine1/gabazine1_cont_40,0,0.0,,False,spontaneous,71,True
s3://braingeneers/braindance/2025-05-14busy_drugs/,25123ic,gabazine1/gabazine1_cont_10,s3://braingeneers/braindance/2025-05-14busy_drugs/25123ic/gabazine1/gabazine1_cont_10,0,0.0,,False,spontaneous,71,True
s3://braingeneers/braindance/2025-05-14busy_drugs/,25123ic,gabazine1/gabazine1_cont_28,s3://braingeneers/braindance/2025-05-14busy_drugs/25123ic/gabazine1/gabazine1_cont_28,0,0.0,,False,spontaneous,71,True
s3://braingeneers/braindance/2025-05-14busy_drugs/,25123ic,gabazine1/gabazine1_cont_37,s3://braingeneers/braindance/2025-05-14busy_drugs/25123ic/gabazine1/gabazine1_cont_37,6400,4.0,3.999987849113342,True,stim,71,True
s3://braingeneers/braindance/2025-05-14busy_drugs/,25123ic,gabazine1/gabazine1_cont_54,s3://braingeneers/braindance/2025-05-14busy_drugs/25123ic/gabazine1/gabazine1_cont_54,0,0.0,,False,spontaneous,71,True
s3://braingeneers/braindance/2025-05-14busy_drugs/,25123ic,gabazine1/gabazine1_cont_56,s3://braingeneers/braindance/2025-05-14busy_drugs/25123ic/gabazine1/gabazine1_cont_56,0,0.0,,False,spontaneous,71,True
s3://braingeneers/braindance/2025-05-14busy_drugs/,25123ic,gabazine1/gabazine1_cont_57,s3://braingeneers/braindance/2025-05-14busy_drugs/25123ic/gabazine1/gabazine1_cont_57,6400,4.0,3.9999986646167898,True,stim,71,True
s3://braingeneers/braindance/2025-05-14busy_drugs/,25123ic,gabazine1/gabazine1_cont_63,s3://braingeneers/braindance/2025-05-14busy_drugs/25123ic/gabazine1/gabazine1_cont_63,1600,1.0,1.0000007087109446,True,stim,71,True
s3://braingeneers/braindance/2025-05-14busy_drugs/,25123ic,gabazine1/gabazine1_cont_24,s3://braingeneers/braindance/2025-05-14busy_drugs/25123ic/gabazine1/gabazine1_cont_24,0,0.0,,False,spontaneous,71,True
s3://braingeneers/braindance/2025-05-14busy_drugs/,25123ic,gabazine1/gabazine1_cont_18,s3://braingeneers/braindance/2025-05-14busy_drugs/25123ic/gabazine1/gabazine1_cont_18,0,0.0,,False,spontaneous,71,True
s3://braingeneers/braindance/2025-05-14busy_drugs/,25123ic,gabazine1/gabazine1_cont_65,s3://braingeneers/braindance/2025-05-14busy_drugs/25123ic/gabazine1/gabazine1_cont_65,3200,2.0,1.9999988319531732,True,stim,71,True
s3://braingeneers/braindance/2025-05-14busy_drugs/,25123ic,gabazine1/gabazine1_cont_68,s3://braingeneers/braindance/2025-05-14busy_drugs/25123ic/gabazine1/gabazine1_cont_68,0,0.0,,False,spontaneous,71,True
s3://braingeneers/braindance/2025-05-14busy_drugs/,25123ic,gabazine1/gabazine1_cont_1,s3://braingeneers/braindance/2025-05-14busy_drugs/25123ic/gabazine1/gabazine1_cont_1,800,0.5,0.4999991412039157,True,stim,71,True
s3://braingeneers/braindance/25-05-08_bee_drugs/,25123ic,k252a1/k252a1_cont_1,s3://braingeneers/braindance/25-05-08_bee_drugs/25123ic/k252a1/k252a1_cont_1,850,0.5,0.5000001090353606,True,stim,262,True
s3://braingeneers/braindance/25-05-08_bee_drugs/,25123ic,k252a1/k252a1_cont_254,s3://braingeneers/braindance/25-05-08_bee_drugs/25123ic/k252a1/k252a1_cont_254,0,0.0,,False,spontaneous,262,True
s3://braingeneers/braindance/25-05-08_bee_drugs/,25123ic,k252a1/k252a1_cont_41,s3://braingeneers/braindance/25-05-08_bee_drugs/25123ic/k252a1/k252a1_cont_41,850,0.5,0.4999985057900964,True,stim,262,True
s3://braingeneers/braindance/25-05-08_bee_drugs/,25123ic,k252a1/k252a1_cont_36,s3://braingeneers/braindance/25-05-08_bee_drugs/25123ic/k252a1/k252a1_cont_36,0,0.0,,False,spontaneous,262,True
s3://braingeneers/braindance/25-05-08_bee_drugs/,25123ic,k252a1/k252a1_cont_222,s3://braingeneers/braindance/25-05-08_bee_drugs/25123ic/k252a1/k252a1_cont_222,0,0.0,,False,spontaneous,262,True
s3://braingeneers/braindance/25-05-08_bee_drugs/,25123ic,k252a1/k252a1_cont_219,s3://braingeneers/braindance/25-05-08_bee_drugs/25123ic/k252a1/k252a1_cont_219,3400,2.0,2.0000005135629504,True,stim,262,True
s3://braingeneers/braindance/25-05-08_bee_drugs/,25123ic,k252a1/k252a1_cont_15,s3://braingeneers/braindance/25-05-08_bee_drugs/25123ic/k252a1/k252a1_cont_15,3400,2.0,1.999998914537809,True,stim,262,True
s3://braingeneers/braindance/25-05-08_bee_drugs/,25123ic,k252a1/k252a1_cont_26,s3://braingeneers/braindance/25-05-08_bee_drugs/25123ic/k252a1/k252a1_cont_26,0,0.0,,False,spontaneous,262,True
s3://braingeneers/braindance/25-05-08_bee_drugs/,25123ic,k252a1/k252a1_cont_135,s3://braingeneers/braindance/25-05-08_bee_drugs/25123ic/k252a1/k252a1_cont_135,850,0.5,0.4999996710602873,True,stim,262,True
s3://braingeneers/braindance/25-05-08_bee_drugs/,25123ic,k252a1/k252a1_cont_182,s3://braingeneers/braindance/25-05-08_bee_drugs/25123ic/k252a1/k252a1_cont_182,0,0.0,,False,spontaneous,262,True
s3://braingeneers/braindance/25-05-08_bee_drugs/,25123ic,k252a1/k252a1_cont_4,s3://braingeneers/braindance/25-05-08_bee_drugs/25123ic/k252a1/k252a1_cont_4,0,0.0,,False,spontaneous,262,True
s3://braingeneers/braindance/25-05-08_bee_drugs/,25123ic,k252a1/k252a1_cont_53,s3://braingeneers/braindance/25-05-08_bee_drugs/25123ic/k252a1/k252a1_cont_53,1700,1.0,0.9999978477674452,True,stim,262,True
s3://braingeneers/braindance/25-05-08_bee_drugs/,25123ic,k252a1/k252a1_cont_107,s3://braingeneers/braindance/25-05-08_bee_drugs/25123ic/k252a1/k252a1_cont_107,1700,1.0,0.9999984833219006,True,stim,262,True
s3://braingeneers/braindance/25-05-08_bee_drugs/,25123ic,k252a1/k252a1_cont_89,s3://braingeneers/braindance/25-05-08_bee_drugs/25123ic/k252a1/k252a1_cont_89,13600,8.0,7.99996383844564,True,stim,262,True
s3://braingeneers/braindance/25-05-08_bee_drugs/,25123ic,k252a1/k252a1_cont_105,s3://braingeneers/braindance/25-05-08_bee_drugs/25123ic/k252a1/k252a1_cont_105,850,0.5,0.4999997529323951,True,stim,262,True
s3://braingeneers/braindance/25-05-08_bee_drugs/,25123ic,k252a1/k252a1_cont_42,s3://braingeneers/braindance/25-05-08_bee_drugs/25123ic/k252a1/k252a1_cont_42,0,0.0,,False,spontaneous,262,True
s3://braingeneers/braindance/25-05-08_bee_drugs/,25123ic,k252a1/k252a1_cont_114,s3://braingeneers/braindance/25-05-08_bee_drugs/25123ic/k252a1/k252a1_cont_114,0,0.0,,False,spontaneous,262,True
s3://braingeneers/braindance/25-05-08_bee_drugs/,25123ic,k252a1/k252a1_cont_158,s3://braingeneers/braindance/25-05-08_bee_drugs/25123ic/k252a1/k252a1_cont_158,0,0.0,,False,spontaneous,262,True
s3://braingeneers/braindance/25-05-08_bee_drugs/,25123ic,k252a1/k252a1_cont_174,s3://braingeneers/braindance/25-05-08_bee_drugs/25123ic/k252a1/k252a1_cont_174,0,0.0,,False,spontaneous,262,True
s3://braingeneers/braindance/25-05-08_bee_drugs/,25123ic,k252a1/k252a1_cont_32,s3://braingeneers/braindance/25-05-08_bee_drugs/25123ic/k252a1/k252a1_cont_32,0,0.0,,False,spontaneous,262,True
s3://braingeneers/braindance/25-05-08_bee_drugs/,25123ic,k252a1/k252a1_cont_202,s3://braingeneers/braindance/25-05-08_bee_drugs/25123ic/k252a1/k252a1_cont_202,0,0.0,,False,spontaneous,262,True
s3://braingeneers/braindance/25-05-08_bee_drugs/,25123ic,k252a1/k252a1_cont_210,s3://braingeneers/braindance/25-05-08_bee_drugs/25123ic/k252a1/k252a1_cont_210,0,0.0,,False,spontaneous,262,True
s3://braingeneers/braindance/25-05-08_bee_drugs/,25123ic,k252a1/k252a1_cont_242,s3://braingeneers/braindance/25-05-08_bee_drugs/25123ic/k252a1/k252a1_cont_242,0,0.0,,False,spontaneous,262,True
s3://braingeneers/braindance/25-05-08_bee_drugs/,25123ic,k252a1/k252a1_cont_251,s3://braingeneers/braindance/25-05-08_bee_drugs/25123ic/k252a1/k252a1_cont_251,6800,4.0,3.999997593551102,True,stim,262,True
s3://braingeneers/braindance/25-05-08_bee_drugs/,25123ic,k252a1/k252a1_cont_2,s3://braingeneers/braindance/25-05-08_bee_drugs/25123ic/k252a1/k252a1_cont_2,0,0.0,,False,spontaneous,262,True
s3://braingeneers/braindance/25-05-08_bee_drugs/,25123ic,k252a1/k252a1_cont_115,s3://braingeneers/braindance/25-05-08_bee_drugs/25123ic/k252a1/k252a1_cont_115,850,0.5,0.499996845080272,True,stim,262,True
s3://braingeneers/braindance/25-05-08_bee_drugs/,25123ic,k252a1/k252a1_cont_7,s3://braingeneers/braindance/25-05-08_bee_drugs/25123ic/k252a1/k252a1_cont_7,6800,4.0,3.999994786162388,True,stim,262,True
s3://braingeneers/braindance/25-05-08_bee_drugs/,25123ic,k252a1/k252a1_cont_214,s3://braingeneers/braindance/25-05-08_bee_drugs/25123ic/k252a1/k252a1_cont_214,0,0.0,,False,spontaneous,262,True
s3://braingeneers/braindance/25-05-08_bee_drugs/,25123ic,k252a1/k252a1_cont_143,s3://braingeneers/braindance/25-05-08_bee_drugs/25123ic/k252a1/k252a1_cont_143,13600,8.0,8.000002978671898,True,stim,262,True
s3://braingeneers/braindance/25-05-08_bee_drugs/,25123ic,k252a1/k252a1_cont_38,s3://braingeneers/braindance/25-05-08_bee_drugs/25123ic/k252a1/k252a1_cont_38,0,0.0,,False,spontaneous,262,True
s3://braingeneers/braindance/25-05-08_bee_drugs/,25123ic,k252a1/k252a1_cont_19,s3://braingeneers/braindance/25-05-08_bee_drugs/25123ic/k252a1/k252a1_cont_19,13600,8.0,7.999969714264227,True,stim,262,True
s3://braingeneers/braindance/25-05-08_bee_drugs/,25123ic,k252a1/k252a1_cont_17,s3://braingeneers/braindance/25-05-08_bee_drugs/25123ic/k252a1/k252a1_cont_17,6800,4.0,3.9999876336667226,True,stim,262,True
s3://braingeneers/braindance/25-05-08_bee_drugs/,25123ic,k252a1/k252a1_cont_98,s3://braingeneers/braindance/25-05-08_bee_drugs/25123ic/k252a1/k252a1_cont_98,0,0.0,,False,spontaneous,262,True
s3://braingeneers/braindance/25-05-08_bee_drugs/,25123ic,k252a1/k252a1_cont_48,s3://braingeneers/braindance/25-05-08_bee_drugs/25123ic/k252a1/k252a1_cont_48,0,0.0,,False,spontaneous,262,True
s3://braingeneers/braindance/25-05-08_bee_drugs/,25123ic,k252a1/k252a1_cont_22,s3://braingeneers/braindance/25-05-08_bee_drugs/25123ic/k252a1/k252a1_cont_22,0,0.0,,False,spontaneous,262,True
s3://braingeneers/braindance/25-05-08_bee_drugs/,25123ic,k252a1/k252a1_cont_168,s3://braingeneers/braindance/25-05-08_bee_drugs/25123ic/k252a1/k252a1_cont_168,0,0.0,,False,spontaneous,262,True
s3://braingeneers/braindance/25-05-08_bee_drugs/,25123ic,k252a1/k252a1_cont_232,s3://braingeneers/braindance/25-05-08_bee_drugs/25123ic/k252a1/k252a1_cont_232,0,0.0,,False,spontaneous,262,True
s3://braingeneers/braindance/25-05-08_bee_drugs/,25123ic,k252a1/k252a1_cont_200,s3://braingeneers/braindance/25-05-08_bee_drugs/25123ic/k252a1/k252a1_cont_200,0,0.0,,False,spontaneous,262,True
s3://braingeneers/braindance/25-05-08_bee_drugs/,25123ic,k252a1/k252a1_cont_62,s3://braingeneers/braindance/25-05-08_bee_drugs/25123ic/k252a1/k252a1_cont_62,0,0.0,,False,spontaneous,262,True
s3://braingeneers/braindance/25-05-08_bee_drugs/,25123ic,k252a1/k252a1_cont_187,s3://braingeneers/braindance/25-05-08_bee_drugs/25123ic/k252a1/k252a1_cont_187,1700,1.0,0.999997726320062,True,stim,262,True
s3://braingeneers/braindance/25-05-08_bee_drugs/,25123ic,k252a1/k252a1_cont_209,s3://braingeneers/braindance/25-05-08_bee_drugs/25123ic/k252a1/k252a1_cont_209,3400,2.0,2.0000012105756135,True,stim,262,True
s3://braingeneers/braindance/25-05-08_bee_drugs/,25123ic,k252a1/k252a1_cont_69,s3://braingeneers/braindance/25-05-08_bee_drugs/25123ic/k252a1/k252a1_cont_69,13600,8.0,8.000009459662015,True,stim,262,True
s3://braingeneers/braindance/25-05-08_bee_drugs/,25123ic,k252a1/k252a1_cont_125,s3://braingeneers/braindance/25-05-08_bee_drugs/25123ic/k252a1/k252a1_cont_125,850,0.5,0.4999992826853645,True,stim,262,True
s3://braingeneers/braindance/25-05-08_bee_drugs/,25123ic,k252a1/k252a1_cont_138,s3://braingeneers/braindance/25-05-08_bee_drugs/25123ic/k252a1/k252a1_cont_138,0,0.0,,False,spontaneous,262,True
s3://braingeneers/braindance/25-05-08_bee_drugs/,25123ic,k252a1/k252a1_cont_159,s3://braingeneers/braindance/25-05-08_bee_drugs/25123ic/k252a1/k252a1_cont_159,3400,2.0,1.9999995963990176,True,stim,262,True
s3://braingeneers/braindance/25-05-08_bee_drugs/,25123ic,k252a1/k252a1_cont_85,s3://braingeneers/braindance/25-05-08_bee_drugs/25123ic/k252a1/k252a1_cont_85,3400,2.0,2.000009313899215,True,stim,262,True
s3://braingeneers/braindance/25-05-08_bee_drugs/,25123ic,k252a1/k252a1_cont_180,s3://braingeneers/braindance/25-05-08_bee_drugs/25123ic/k252a1/k252a1_cont_180,0,0.0,,False,spontaneous,262,True
s3://braingeneers/braindance/25-05-08_bee_drugs/,25123ic,k252a1/k252a1_cont_64,s3://braingeneers/braindance/25-05-08_bee_drugs/25123ic/k252a1/k252a1_cont_64,0,0.0,,False,spontaneous,262,True
s3://braingeneers/braindance/25-05-08_bee_drugs/,25123ic,k252a1/k252a1_cont_79,s3://braingeneers/braindance/25-05-08_bee_drugs/25123ic/k252a1/k252a1_cont_79,13600,8.0,8.00000157838943,True,stim,262,True
s3://braingeneers/braindance/25-05-08_bee_drugs/,25123ic,k252a1/k252a1_cont_90,s3://braingeneers/braindance/25-05-08_bee_drugs/25123ic/k252a1/k252a1_cont_90,0,0.0,,False,spontaneous,262,True
s3://braingeneers/braindance/25-05-08_bee_drugs/,25123ic,k252a1/k252a1_cont_173,s3://braingeneers/braindance/25-05-08_bee_drugs/25123ic/k252a1/k252a1_cont_173,13600,8.0,8.000002245149254,True,stim,262,True
s3://braingeneers/braindance/25-05-08_bee_drugs/,25123ic,k252a1/k252a1_cont_181,s3://braingeneers/braindance/25-05-08_bee_drugs/25123ic/k252a1/k252a1_cont_181,6800,4.0,4.0000109357557605,True,stim,262,True
s3://braingeneers/braindance/25-05-08_bee_drugs/,25123ic,k252a1/k252a1_cont_212,s3://braingeneers/braindance/25-05-08_bee_drugs/25123ic/k252a1/k252a1_cont_212,0,0.0,,False,spontaneous,262,True
s3://braingeneers/braindance/25-05-08_bee_drugs/,25123ic,k252a1/k252a1_cont_253,s3://braingeneers/braindance/25-05-08_bee_drugs/25123ic/k252a1/k252a1_cont_253,13600,8.0,7.999980638914918,True,stim,262,True
s3://braingeneers/braindance/25-05-08_bee_drugs/,25123ic,k252a1/k252a1_cont_116,s3://braingeneers/braindance/25-05-08_bee_drugs/25123ic/k252a1/k252a1_cont_116,0,0.0,,False,spontaneous,262,True
s3://braingeneers/braindance/25-05-08_bee_drugs/,25123ic,k252a1/k252a1_cont_258,s3://braingeneers/braindance/25-05-08_bee_drugs/25123ic/k252a1/k252a1_cont_258,0,0.0,,False,spontaneous,262,True
s3://braingeneers/braindance/25-05-08_bee_drugs/,25123ic,k252a1/k252a1_cont_25,s3://braingeneers/braindance/25-05-08_bee_drugs/25123ic/k252a1/k252a1_cont_25,3400,2.0,1.9999917648870975,True,stim,262,True
s3://braingeneers/braindance/25-05-08_bee_drugs/,25123ic,k252a1/k252a1_cont_120,s3://braingeneers/braindance/25-05-08_bee_drugs/25123ic/k252a1/k252a1_cont_120,0,0.0,,False,spontaneous,262,True
s3://braingeneers/braindance/25-05-08_bee_drugs/,25123ic,k252a1/k252a1_cont_252,s3://braingeneers/braindance/25-05-08_bee_drugs/25123ic/k252a1/k252a1_cont_252,0,0.0,,False,spontaneous,262,True
s3://braingeneers/braindance/25-05-08_bee_drugs/,25123ic,k252a1/k252a1_cont_207,s3://braingeneers/braindance/25-05-08_bee_drugs/25123ic/k252a1/k252a1_cont_207,1700,1.0,1.0000037767223198,True,stim,262,True
s3://braingeneers/braindance/25-05-08_bee_drugs/,25123ic,k252a1/k252a1_cont_49,s3://braingeneers/braindance/25-05-08_bee_drugs/25123ic/k252a1/k252a1_cont_49,13600,8.0,7.999968958026164,True,stim,262,True
s3://braingeneers/braindance/25-05-08_bee_drugs/,25123ic,k252a1/k252a1_cont_122,s3://braingeneers/braindance/25-05-08_bee_drugs/25123ic/k252a1/k252a1_cont_122,0,0.0,,False,spontaneous,262,True
s3://braingeneers/braindance/25-05-08_bee_drugs/,25123ic,k252a1/k252a1_cont_47,s3://braingeneers/braindance/25-05-08_bee_drugs/25123ic/k252a1/k252a1_cont_47,6800,4.0,3.999994294070224,True,stim,262,True
s3://braingeneers/braindance/25-05-08_bee_drugs/,25123ic,k252a1/k252a1_cont_57,s3://braingeneers/braindance/25-05-08_bee_drugs/25123ic/k252a1/k252a1_cont_57,6800,4.0,3.9999917771982574,True,stim,262,True
s3://braingeneers/braindance/25-05-08_bee_drugs/,25123ic,k252a1/k252a1_cont_88,s3://braingeneers/braindance/25-05-08_bee_drugs/25123ic/k252a1/k252a1_cont_88,0,0.0,,False,spontaneous,262,True
s3://braingeneers/braindance/25-05-08_bee_drugs/,25123ic,k252a1/k252a1_cont_176,s3://braingeneers/braindance/25-05-08_bee_drugs/25123ic/k252a1/k252a1_cont_176,0,0.0,,False,spontaneous,262,True
s3://braingeneers/braindance/25-05-08_bee_drugs/,25123ic,k252a1/k252a1_cont_188,s3://braingeneers/braindance/25-05-08_bee_drugs/25123ic/k252a1/k252a1_cont_188,0,0.0,,False,spontaneous,262,True
s3://braingeneers/braindance/25-05-08_bee_drugs/,25123ic,k252a1/k252a1_cont_204,s3://braingeneers/braindance/25-05-08_bee_drugs/25123ic/k252a1/k252a1_cont_204,0,0.0,,False,spontaneous,262,True
s3://braingeneers/braindance/25-05-08_bee_drugs/,25123ic,k252a1/k252a1_cont_14,s3://braingeneers/braindance/25-05-08_bee_drugs/25123ic/k252a1/k252a1_cont_14,0,0.0,,False,spontaneous,262,True
s3://braingeneers/braindance/25-05-08_bee_drugs/,25123ic,k252a1/k252a1_cont_34,s3://braingeneers/braindance/25-05-08_bee_drugs/25123ic/k252a1/k252a1_cont_34,0,0.0,,False,spontaneous,262,True
s3://braingeneers/braindance/25-05-08_bee_drugs/,25123ic,k252a1/k252a1_cont_68,s3://braingeneers/braindance/25-05-08_bee_drugs/25123ic/k252a1/k252a1_cont_68,0,0.0,,False,spontaneous,262,True
s3://braingeneers/braindance/25-05-08_bee_drugs/,25123ic,k252a1/k252a1_cont_75,s3://braingeneers/braindance/25-05-08_bee_drugs/25123ic/k252a1/k252a1_cont_75,3400,2.0,1.9999951979238235,True,stim,262,True
s3://braingeneers/braindance/25-05-08_bee_drugs/,25123ic,k252a1/k252a1_cont_259,s3://braingeneers/braindance/25-05-08_bee_drugs/25123ic/k252a1/k252a1_cont_259,3400,2.0,1.999997458274492,True,stim,262,True
s3://braingeneers/braindance/25-05-08_bee_drugs/,25123ic,k252a1/k252a1_cont_104,s3://braingeneers/braindance/25-05-08_bee_drugs/25123ic/k252a1/k252a1_cont_104,0,0.0,,False,spontaneous,262,True
s3://braingeneers/braindance/25-05-08_bee_drugs/,25123ic,k252a1/k252a1_cont_128,s3://braingeneers/braindance/25-05-08_bee_drugs/25123ic/k252a1/k252a1_cont_128,0,0.0,,False,spontaneous,262,True
s3://braingeneers/braindance/25-05-08_bee_drugs/,25123ic,k252a1/k252a1_cont_50,s3://braingeneers/braindance/25-05-08_bee_drugs/25123ic/k252a1/k252a1_cont_50,0,0.0,,False,spontaneous,262,True
s3://braingeneers/braindance/25-05-08_bee_drugs/,25123ic,k252a1/k252a1_cont_43,s3://braingeneers/braindance/25-05-08_bee_drugs/25123ic/k252a1/k252a1_cont_43,1700,1.0,0.9999977158651367,True,stim,262,True
s3://braingeneers/braindance/25-05-08_bee_drugs/,25123ic,k252a1/k252a1_cont_165,s3://braingeneers/braindance/25-05-08_bee_drugs/25123ic/k252a1/k252a1_cont_165,850,0.5,0.4999996320247135,True,stim,262,True
s3://braingeneers/braindance/25-05-08_bee_drugs/,25123ic,k252a1/k252a1_cont_194,s3://braingeneers/braindance/25-05-08_bee_drugs/25123ic/k252a1/k252a1_cont_194,0,0.0,,False,spontaneous,262,True
s3://braingeneers/braindance/25-05-08_bee_drugs/,25123ic,k252a1/k252a1_cont_215,s3://braingeneers/braindance/25-05-08_bee_drugs/25123ic/k252a1/k252a1_cont_215,850,0.5,0.4999991552134363,True,stim,262,True
s3://braingeneers/braindance/25-05-08_bee_drugs/,25123ic,k252a1/k252a1_cont_83,s3://braingeneers/braindance/25-05-08_bee_drugs/25123ic/k252a1/k252a1_cont_83,1700,1.0,0.9999998212813744,True,stim,262,True
s3://braingeneers/braindance/25-05-08_bee_drugs/,25123ic,k252a1/k252a1_cont_152,s3://braingeneers/braindance/25-05-08_bee_drugs/25123ic/k252a1/k252a1_cont_152,0,0.0,,False,spontaneous,262,True
s3://braingeneers/braindance/25-05-08_bee_drugs/,25123ic,k252a1/k252a1_cont_5,s3://braingeneers/braindance/25-05-08_bee_drugs/25123ic/k252a1/k252a1_cont_5,3400,2.0,2.000001099822901,True,stim,262,True
s3://braingeneers/braindance/25-05-08_bee_drugs/,25123ic,k252a1/k252a1_cont_92,s3://braingeneers/braindance/25-05-08_bee_drugs/25123ic/k252a1/k252a1_cont_92,0,0.0,,False,spontaneous,262,True
s3://braingeneers/braindance/25-05-08_bee_drugs/,25123ic,k252a1/k252a1_cont,s3://braingeneers/braindance/25-05-08_bee_drugs/25123ic/k252a1/k252a1_cont,0,0.0,,False,spontaneous,262,True
s3://braingeneers/braindance/25-05-08_bee_drugs/,25123ic,k252a1/k252a1_cont_155,s3://braingeneers/braindance/25-05-08_bee_drugs/25123ic/k252a1/k252a1_cont_155,850,0.5,0.5000029011994012,True,stim,262,True
s3://braingeneers/braindance/25-05-08_bee_drugs/,25123ic,k252a1/k252a1_cont_240,s3://braingeneers/braindance/25-05-08_bee_drugs/25123ic/k252a1/k252a1_cont_240,0,0.0,,False,spontaneous,262,True
s3://braingeneers/braindance/25-05-08_bee_drugs/,25123ic,k252a1/k252a1_cont_153,s3://braingeneers/braindance/25-05-08_bee_drugs/25123ic/k252a1/k252a1_cont_153,13600,8.0,7.999984143844305,True,stim,262,True
s3://braingeneers/braindance/25-05-08_bee_drugs/,25123ic,k252a1/k252a1_cont_95,s3://braingeneers/braindance/25-05-08_bee_drugs/25123ic/k252a1/k252a1_cont_95,850,0.5,0.4999981756011799,True,stim,262,True
s3://braingeneers/braindance/25-05-08_bee_drugs/,25123ic,k252a1/k252a1_cont_220,s3://braingeneers/braindance/25-05-08_bee_drugs/25123ic/k252a1/k252a1_cont_220,0,0.0,,False,spontaneous,262,True
s3://braingeneers/braindance/25-05-08_bee_drugs/,25123ic,k252a1/k252a1_cont_203,s3://braingeneers/braindance/25-05-08_bee_drugs/25123ic/k252a1/k252a1_cont_203,13600,8.0,8.000027317711348,True,stim,262,True
s3://braingeneers/braindance/25-05-08_bee_drugs/,25123ic,k252a1/k252a1_cont_118,s3://braingeneers/braindance/25-05-08_bee_drugs/25123ic/k252a1/k252a1_cont_118,0,0.0,,False,spontaneous,262,True
s3://braingeneers/braindance/25-05-08_bee_drugs/,25123ic,k252a1/k252a1_cont_65,s3://braingeneers/braindance/25-05-08_bee_drugs/25123ic/k252a1/k252a1_cont_65,3400,2.0,1.9999950088774323,True,stim,262,True
s3://braingeneers/braindance/25-05-08_bee_drugs/,25123ic,k252a1/k252a1_cont_35,s3://braingeneers/braindance/25-05-08_bee_drugs/25123ic/k252a1/k252a1_cont_35,3400,2.0,1.9999934943912667,True,stim,262,True
s3://braingeneers/braindance/25-05-08_bee_drugs/,25123ic,k252a1/k252a1_cont_127,s3://braingeneers/braindance/25-05-08_bee_drugs/25123ic/k252a1/k252a1_cont_127,1700,1.0,0.9999963221500782,True,stim,262,True
s3://braingeneers/braindance/25-05-08_bee_drugs/,25123ic,k252a1/k252a1_cont_156,s3://braingeneers/braindance/25-05-08_bee_drugs/25123ic/k252a1/k252a1_cont_156,0,0.0,,False,spontaneous,262,True
s3://braingeneers/braindance/25-05-08_bee_drugs/,25123ic,k252a1/k252a1_cont_166,s3://braingeneers/braindance/25-05-08_bee_drugs/25123ic/k252a1/k252a1_cont_166,0,0.0,,False,spontaneous,262,True
s3://braingeneers/braindance/25-05-08_bee_drugs/,25123ic,k252a1/k252a1_cont_39,s3://braingeneers/braindance/25-05-08_bee_drugs/25123ic/k252a1/k252a1_cont_39,13600,8.0,7.999972917201424,True,stim,262,True
s3://braingeneers/braindance/25-05-08_bee_drugs/,25123ic,k252a1/k252a1_cont_52,s3://braingeneers/braindance/25-05-08_bee_drugs/25123ic/k252a1/k252a1_cont_52,0,0.0,,False,spontaneous,262,True
s3://braingeneers/braindance/25-05-08_bee_drugs/,25123ic,k252a1/k252a1_cont_117,s3://braingeneers/braindance/25-05-08_bee_drugs/25123ic/k252a1/k252a1_cont_117,1700,1.0,1.0000004674186989,True,stim,262,True
s3://braingeneers/braindance/25-05-08_bee_drugs/,25123ic,k252a1/k252a1_cont_24,s3://braingeneers/braindance/25-05-08_bee_drugs/25123ic/k252a1/k252a1_cont_24,0,0.0,,False,spontaneous,262,True
s3://braingeneers/braindance/25-05-08_bee_drugs/,25123ic,k252a1/k252a1_cont_186,s3://braingeneers/braindance/25-05-08_bee_drugs/25123ic/k252a1/k252a1_cont_186,0,0.0,,False,spontaneous,262,True
s3://braingeneers/braindance/25-05-08_bee_drugs/,25123ic,k252a1/k252a1_cont_123,s3://braingeneers/braindance/25-05-08_bee_drugs/25123ic/k252a1/k252a1_cont_123,13600,8.0,7.999995989085919,True,stim,262,True
s3://braingeneers/braindance/25-05-08_bee_drugs/,25123ic,k252a1/k252a1_cont_193,s3://braingeneers/braindance/25-05-08_bee_drugs/25123ic/k252a1/k252a1_cont_193,13600,8.0,7.999976609619155,True,stim,262,True
s3://braingeneers/braindance/25-05-08_bee_drugs/,25123ic,k252a1/k252a1_cont_81,s3://braingeneers/braindance/25-05-08_bee_drugs/25123ic/k252a1/k252a1_cont_81,850,0.5,0.4999996862334204,True,stim,262,True
s3://braingeneers/braindance/25-05-08_bee_drugs/,25123ic,k252a1/k252a1_cont_102,s3://braingeneers/braindance/25-05-08_bee_drugs/25123ic/k252a1/k252a1_cont_102,0,0.0,,False,spontaneous,262,True
s3://braingeneers/braindance/25-05-08_bee_drugs/,25123ic,k252a1/k252a1_cont_108,s3://braingeneers/braindance/25-05-08_bee_drugs/25123ic/k252a1/k252a1_cont_108,0,0.0,,False,spontaneous,262,True
s3://braingeneers/braindance/25-05-08_bee_drugs/,25123ic,k252a1/k252a1_cont_235,s3://braingeneers/braindance/25-05-08_bee_drugs/25123ic/k252a1/k252a1_cont_235,850,0.5,0.4999990707387712,True,stim,262,True
s3://braingeneers/braindance/25-05-08_bee_drugs/,25123ic,k252a1/k252a1_cont_44,s3://braingeneers/braindance/25-05-08_bee_drugs/25123ic/k252a1/k252a1_cont_44,0,0.0,,False,spontaneous,262,True
s3://braingeneers/braindance/25-05-08_bee_drugs/,25123ic,k252a1/k252a1_cont_78,s3://braingeneers/braindance/25-05-08_bee_drugs/25123ic/k252a1/k252a1_cont_78,0,0.0,,False,spontaneous,262,True
s3://braingeneers/braindance/25-05-08_bee_drugs/,25123ic,k252a1/k252a1_cont_110,s3://braingeneers/braindance/25-05-08_bee_drugs/25123ic/k252a1/k252a1_cont_110,0,0.0,,False,spontaneous,262,True
s3://braingeneers/braindance/25-05-08_bee_drugs/,25123ic,k252a1/k252a1_cont_146,s3://braingeneers/braindance/25-05-08_bee_drugs/25123ic/k252a1/k252a1_cont_146,0,0.0,,False,spontaneous,262,True
s3://braingeneers/braindance/25-05-08_bee_drugs/,25123ic,k252a1/k252a1_cont_160,s3://braingeneers/braindance/25-05-08_bee_drugs/25123ic/k252a1/k252a1_cont_160,0,0.0,,False,spontaneous,262,True
s3://braingeneers/braindance/25-05-08_bee_drugs/,25123ic,k252a1/k252a1_cont_94,s3://braingeneers/braindance/25-05-08_bee_drugs/25123ic/k252a1/k252a1_cont_94,0,0.0,,False,spontaneous,262,True
s3://braingeneers/braindance/25-05-08_bee_drugs/,25123ic,k252a1/k252a1,s3://braingeneers/braindance/25-05-08_bee_drugs/25123ic/k252a1/k252a1,0,0.0,,False,spontaneous,262,True
s3://braingeneers/braindance/25-05-08_bee_drugs/,25123ic,k252a1/k252a1_cont_76,s3://braingeneers/braindance/25-05-08_bee_drugs/25123ic/k252a1/k252a1_cont_76,0,0.0,,False,spontaneous,262,True
s3://braingeneers/braindance/25-05-08_bee_drugs/,25123ic,k252a1/k252a1_cont_93,s3://braingeneers/braindance/25-05-08_bee_drugs/25123ic/k252a1/k252a1_cont_93,778,1.0,0.9999969072334882,True,stim,262,True
s3://braingeneers/braindance/25-05-08_bee_drugs/,25123ic,k252a1/k252a1_cont_61,s3://braingeneers/braindance/25-05-08_bee_drugs/25123ic/k252a1/k252a1_cont_61,850,0.5,0.4999991693037995,True,stim,262,True
s3://braingeneers/braindance/25-05-08_bee_drugs/,25123ic,k252a1/k252a1_cont_239,s3://braingeneers/braindance/25-05-08_bee_drugs/25123ic/k252a1/k252a1_cont_239,3400,2.0,1.9999996739629669,True,stim,262,True
s3://braingeneers/braindance/25-05-08_bee_drugs/,25123ic,k252a1/k252a1_cont_164,s3://braingeneers/braindance/25-05-08_bee_drugs/25123ic/k252a1/k252a1_cont_164,0,0.0,,False,spontaneous,262,True
s3://braingeneers/braindance/25-05-08_bee_drugs/,25123ic,k252a1/k252a1_cont_142,s3://braingeneers/braindance/25-05-08_bee_drugs/25123ic/k252a1/k252a1_cont_142,0,0.0,,False,spontaneous,262,True
s3://braingeneers/braindance/25-05-08_bee_drugs/,25123ic,k252a1/k252a1_cont_218,s3://braingeneers/braindance/25-05-08_bee_drugs/25123ic/k252a1/k252a1_cont_218,0,0.0,,False,spontaneous,262,True
s3://braingeneers/braindance/25-05-08_bee_drugs/,25123ic,k252a1/k252a1_cont_224,s3://braingeneers/braindance/25-05-08_bee_drugs/25123ic/k252a1/k252a1_cont_224,0,0.0,,False,spontaneous,262,True
s3://braingeneers/braindance/25-05-08_bee_drugs/,25123ic,k252a1/k252a1_cont_257,s3://braingeneers/braindance/25-05-08_bee_drugs/25123ic/k252a1/k252a1_cont_257,1700,1.0,0.9999964158509956,True,stim,262,True
s3://braingeneers/braindance/25-05-08_bee_drugs/,25123ic,k252a1/k252a1_cont_244,s3://braingeneers/braindance/25-05-08_bee_drugs/25123ic/k252a1/k252a1_cont_244,0,0.0,,False,spontaneous,262,True
s3://braingeneers/braindance/25-05-08_bee_drugs/,25123ic,k252a1/k252a1_cont_6,s3://braingeneers/braindance/25-05-08_bee_drugs/25123ic/k252a1/k252a1_cont_6,0,0.0,,False,spontaneous,262,True
s3://braingeneers/braindance/25-05-08_bee_drugs/,25123ic,k252a1/k252a1_cont_134,s3://braingeneers/braindance/25-05-08_bee_drugs/25123ic/k252a1/k252a1_cont_134,0,0.0,,False,spontaneous,262,True
s3://braingeneers/braindance/25-05-08_bee_drugs/,25123ic,k252a1/k252a1_cont_260,s3://braingeneers/braindance/25-05-08_bee_drugs/25123ic/k252a1/k252a1_cont_260,0,0.0,,False,spontaneous,262,True
s3://braingeneers/braindance/25-05-08_bee_drugs/,25123ic,k252a1/k252a1_cont_226,s3://braingeneers/braindance/25-05-08_bee_drugs/25123ic/k252a1/k252a1_cont_226,0,0.0,,False,spontaneous,262,True
s3://braingeneers/braindance/25-05-08_bee_drugs/,25123ic,k252a1/k252a1_cont_3,s3://braingeneers/braindance/25-05-08_bee_drugs/25123ic/k252a1/k252a1_cont_3,1700,1.0,1.0000005716671947,True,stim,262,True
s3://braingeneers/braindance/25-05-08_bee_drugs/,25123ic,k252a1/k252a1_cont_9,s3://braingeneers/braindance/25-05-08_bee_drugs/25123ic/k252a1/k252a1_cont_9,13600,8.0,8.000004127209174,True,stim,262,True
s3://braingeneers/braindance/25-05-08_bee_drugs/,25123ic,k252a1/k252a1_cont_229,s3://braingeneers/braindance/25-05-08_bee_drugs/25123ic/k252a1/k252a1_cont_229,3400,2.0,1.9999961693324368,True,stim,262,True
s3://braingeneers/braindance/25-05-08_bee_drugs/,25123ic,k252a1/k252a1_cont_13,s3://braingeneers/braindance/25-05-08_bee_drugs/25123ic/k252a1/k252a1_cont_13,1700,1.0,0.9999997369070692,True,stim,262,True
s3://braingeneers/braindance/25-05-08_bee_drugs/,25123ic,k252a1/k252a1_cont_136,s3://braingeneers/braindance/25-05-08_bee_drugs/25123ic/k252a1/k252a1_cont_136,0,0.0,,False,spontaneous,262,True
s3://braingeneers/braindance/25-05-08_bee_drugs/,25123ic,k252a1/k252a1_cont_185,s3://braingeneers/braindance/25-05-08_bee_drugs/25123ic/k252a1/k252a1_cont_185,850,0.5,0.5000000107052436,True,stim,262,True
s3://braingeneers/braindance/25-05-08_bee_drugs/,25123ic,k252a1/k252a1_cont_29,s3://braingeneers/braindance/25-05-08_bee_drugs/25123ic/k252a1/k252a1_cont_29,13600,8.0,7.99996617820662,True,stim,262,True
s3://braingeneers/braindance/25-05-08_bee_drugs/,25123ic,k252a1/k252a1_cont_248,s3://braingeneers/braindance/25-05-08_bee_drugs/25123ic/k252a1/k252a1_cont_248,0,0.0,,False,spontaneous,262,True
s3://braingeneers/braindance/25-05-08_bee_drugs/,25123ic,k252a1/k252a1_cont_149,s3://braingeneers/braindance/25-05-08_bee_drugs/25123ic/k252a1/k252a1_cont_149,3400,2.0,2.000001603607051,True,stim,262,True
s3://braingeneers/braindance/25-05-08_bee_drugs/,25123ic,k252a1/k252a1_cont_247,s3://braingeneers/braindance/25-05-08_bee_drugs/25123ic/k252a1/k252a1_cont_247,1700,1.0,0.9999999429046604,True,stim,262,True
s3://braingeneers/braindance/25-05-08_bee_drugs/,25123ic,k252a1/k252a1_cont_241,s3://braingeneers/braindance/25-05-08_bee_drugs/25123ic/k252a1/k252a1_cont_241,6800,4.0,3.9999978738578537,True,stim,262,True
s3://braingeneers/braindance/25-05-08_bee_drugs/,25123ic,k252a1/k252a1_cont_112,s3://braingeneers/braindance/25-05-08_bee_drugs/25123ic/k252a1/k252a1_cont_112,0,0.0,,False,spontaneous,262,True
s3://braingeneers/braindance/25-05-08_bee_drugs/,25123ic,k252a1/k252a1_cont_144,s3://braingeneers/braindance/25-05-08_bee_drugs/25123ic/k252a1/k252a1_cont_144,0,0.0,,False,spontaneous,262,True
s3://braingeneers/braindance/25-05-08_bee_drugs/,25123ic,k252a1/k252a1_cont_141,s3://braingeneers/braindance/25-05-08_bee_drugs/25123ic/k252a1/k252a1_cont_141,6800,4.0,3.9999915702016153,True,stim,262,True
s3://braingeneers/braindance/25-05-08_bee_drugs/,25123ic,k252a1/k252a1_cont_243,s3://braingeneers/braindance/25-05-08_bee_drugs/25123ic/k252a1/k252a1_cont_243,13600,8.0,7.999996304035845,True,stim,262,True
s3://braingeneers/braindance/25-05-08_bee_drugs/,25123ic,k252a1/k252a1_cont_147,s3://braingeneers/braindance/25-05-08_bee_drugs/25123ic/k252a1/k252a1_cont_147,1700,1.0,0.9999992089794338,True,stim,262,True
s3://braingeneers/braindance/25-05-08_bee_drugs/,25123ic,k252a1/k252a1_cont_103,s3://braingeneers/braindance/25-05-08_bee_drugs/25123ic/k252a1/k252a1_cont_103,13600,8.0,7.99998116878203,True,stim,262,True
s3://braingeneers/braindance/25-05-08_bee_drugs/,25123ic,k252a1/k252a1_cont_172,s3://braingeneers/braindance/25-05-08_bee_drugs/25123ic/k252a1/k252a1_cont_172,0,0.0,,False,spontaneous,262,True
s3://braingeneers/braindance/25-05-08_bee_drugs/,25123ic,k252a1/k252a1_cont_175,s3://braingeneers/braindance/25-05-08_bee_drugs/25123ic/k252a1/k252a1_cont_175,850,0.5,0.4999998285083046,True,stim,262,True
s3://braingeneers/braindance/25-05-08_bee_drugs/,25123ic,k252a1/k252a1_cont_140,s3://braingeneers/braindance/25-05-08_bee_drugs/25123ic/k252a1/k252a1_cont_140,0,0.0,,False,spontaneous,262,True
s3://braingeneers/braindance/25-05-08_bee_drugs/,25123ic,k252a1/k252a1_cont_233,s3://braingeneers/braindance/25-05-08_bee_drugs/25123ic/k252a1/k252a1_cont_233,13600,8.0,7.999975980277698,True,stim,262,True
s3://braingeneers/braindance/25-05-08_bee_drugs/,25123ic,k252a1/k252a1_cont_217,s3://braingeneers/braindance/25-05-08_bee_drugs/25123ic/k252a1/k252a1_cont_217,1700,1.0,0.9999980066955584,True,stim,262,True
s3://braingeneers/braindance/25-05-08_bee_drugs/,25123ic,k252a1/k252a1_cont_228,s3://braingeneers/braindance/25-05-08_bee_drugs/25123ic/k252a1/k252a1_cont_228,0,0.0,,False,spontaneous,262,True
s3://braingeneers/braindance/25-05-08_bee_drugs/,25123ic,k252a1/k252a1_cont_129,s3://braingeneers/braindance/25-05-08_bee_drugs/25123ic/k252a1/k252a1_cont_129,0,0.0,,False,spontaneous,262,True
s3://braingeneers/braindance/25-05-08_bee_drugs/,25123ic,k252a1/k252a1_cont_87,s3://braingeneers/braindance/25-05-08_bee_drugs/25123ic/k252a1/k252a1_cont_87,6800,4.0,4.000002126316179,True,stim,262,True
s3://braingeneers/braindance/25-05-08_bee_drugs/,25123ic,k252a1/k252a1_cont_199,s3://braingeneers/braindance/25-05-08_bee_drugs/25123ic/k252a1/k252a1_cont_199,3400,2.0,2.000000118566649,True,stim,262,True
s3://braingeneers/braindance/25-05-08_bee_drugs/,25123ic,k252a1/k252a1_cont_66,s3://braingeneers/braindance/25-05-08_bee_drugs/25123ic/k252a1/k252a1_cont_66,0,0.0,,False,spontaneous,262,True
s3://braingeneers/braindance/25-05-08_bee_drugs/,25123ic,k252a1/k252a1_cont_171,s3://braingeneers/braindance/25-05-08_bee_drugs/25123ic/k252a1/k252a1_cont_171,6800,4.0,3.9999798175244226,True,stim,262,True
s3://braingeneers/braindance/25-05-08_bee_drugs/,25123ic,k252a1/k252a1_cont_20,s3://braingeneers/braindance/25-05-08_bee_drugs/25123ic/k252a1/k252a1_cont_20,0,0.0,,False,spontaneous,262,True
s3://braingeneers/braindance/25-05-08_bee_drugs/,25123ic,k252a1/k252a1_cont_8,s3://braingeneers/braindance/25-05-08_bee_drugs/25123ic/k252a1/k252a1_cont_8,0,0.0,,False,spontaneous,262,True
s3://braingeneers/braindance/25-05-08_bee_drugs/,25123ic,k252a1/k252a1_cont_12,s3://braingeneers/braindance/25-05-08_bee_drugs/25123ic/k252a1/k252a1_cont_12,0,0.0,,False,spontaneous,262,True
s3://braingeneers/braindance/25-05-08_bee_drugs/,25123ic,k252a1/k252a1_cont_198,s3://braingeneers/braindance/25-05-08_bee_drugs/25123ic/k252a1/k252a1_cont_198,0,0.0,,False,spontaneous,262,True
s3://braingeneers/braindance/25-05-08_bee_drugs/,25123ic,k252a1/k252a1_cont_221,s3://braingeneers/braindance/25-05-08_bee_drugs/25123ic/k252a1/k252a1_cont_221,6800,4.0,3.9999922398362058,True,stim,262,True
s3://braingeneers/braindance/25-05-08_bee_drugs/,25123ic,k252a1/k252a1_cont_113,s3://braingeneers/braindance/25-05-08_bee_drugs/25123ic/k252a1/k252a1_cont_113,13600,8.0,8.000010033931543,True,stim,262,True
s3://braingeneers/braindance/25-05-08_bee_drugs/,25123ic,k252a1/k252a1_cont_84,s3://braingeneers/braindance/25-05-08_bee_drugs/25123ic/k252a1/k252a1_cont_84,0,0.0,,False,spontaneous,262,True
s3://braingeneers/braindance/25-05-08_bee_drugs/,25123ic,k252a1/k252a1_cont_195,s3://braingeneers/braindance/25-05-08_bee_drugs/25123ic/k252a1/k252a1_cont_195,850,0.5,0.4999985271392019,True,stim,262,True
s3://braingeneers/braindance/25-05-08_bee_drugs/,25123ic,k252a1/k252a1_cont_73,s3://braingeneers/braindance/25-05-08_bee_drugs/25123ic/k252a1/k252a1_cont_73,1700,1.0,1.0000011398194155,True,stim,262,True
s3://braingeneers/braindance/25-05-08_bee_drugs/,25123ic,k252a1/k252a1_cont_245,s3://braingeneers/braindance/25-05-08_bee_drugs/25123ic/k252a1/k252a1_cont_245,850,0.5,0.499999447323344,True,stim,262,True
s3://braingeneers/braindance/25-05-08_bee_drugs/,25123ic,k252a1/k252a1_cont_18,s3://braingeneers/braindance/25-05-08_bee_drugs/25123ic/k252a1/k252a1_cont_18,0,0.0,,False,spontaneous,262,True
s3://braingeneers/braindance/25-05-08_bee_drugs/,25123ic,k252a1/k252a1_cont_227,s3://braingeneers/braindance/25-05-08_bee_drugs/25123ic/k252a1/k252a1_cont_227,1700,1.0,0.9999974945671964,True,stim,262,True
s3://braingeneers/braindance/25-05-08_bee_drugs/,25123ic,k252a1/k252a1_cont_28,s3://braingeneers/braindance/25-05-08_bee_drugs/25123ic/k252a1/k252a1_cont_28,0,0.0,,False,spontaneous,262,True
s3://braingeneers/braindance/25-05-08_bee_drugs/,25123ic,k252a1/k252a1_cont_148,s3://braingeneers/braindance/25-05-08_bee_drugs/25123ic/k252a1/k252a1_cont_148,0,0.0,,False,spontaneous,262,True
s3://braingeneers/braindance/25-05-08_bee_drugs/,25123ic,k252a1/k252a1_cont_183,s3://braingeneers/braindance/25-05-08_bee_drugs/25123ic/k252a1/k252a1_cont_183,13600,8.0,7.999934680841031,True,stim,262,True
s3://braingeneers/braindance/25-05-08_bee_drugs/,25123ic,k252a1/k252a1_cont_30,s3://braingeneers/braindance/25-05-08_bee_drugs/25123ic/k252a1/k252a1_cont_30,0,0.0,,False,spontaneous,262,True
s3://braingeneers/braindance/25-05-08_bee_drugs/,25123ic,k252a1/k252a1_cont_255,s3://braingeneers/braindance/25-05-08_bee_drugs/25123ic/k252a1/k252a1_cont_255,850,0.5,0.4999979148384956,True,stim,262,True
s3://braingeneers/braindance/25-05-08_bee_drugs/,25123ic,k252a1/k252a1_cont_58,s3://braingeneers/braindance/25-05-08_bee_drugs/25123ic/k252a1/k252a1_cont_58,0,0.0,,False,spontaneous,262,True
s3://braingeneers/braindance/25-05-08_bee_drugs/,25123ic,k252a1/k252a1_cont_133,s3://braingeneers/braindance/25-05-08_bee_drugs/25123ic/k252a1/k252a1_cont_133,13600,8.0,7.99999585332078,True,stim,262,True
s3://braingeneers/braindance/25-05-08_bee_drugs/,25123ic,k252a1/k252a1_cont_40,s3://braingeneers/braindance/25-05-08_bee_drugs/25123ic/k252a1/k252a1_cont_40,0,0.0,,False,spontaneous,262,True
s3://braingeneers/braindance/25-05-08_bee_drugs/,25123ic,k252a1/k252a1_cont_51,s3://braingeneers/braindance/25-05-08_bee_drugs/25123ic/k252a1/k252a1_cont_51,850,0.5,0.4999983950970244,True,stim,262,True
s3://braingeneers/braindance/25-05-08_bee_drugs/,25123ic,k252a1/k252a1_cont_201,s3://braingeneers/braindance/25-05-08_bee_drugs/25123ic/k252a1/k252a1_cont_201,6800,4.0,3.999994043930607,True,stim,262,True
s3://braingeneers/braindance/25-05-08_bee_drugs/,25123ic,k252a1/k252a1_cont_150,s3://braingeneers/braindance/25-05-08_bee_drugs/25123ic/k252a1/k252a1_cont_150,0,0.0,,False,spontaneous,262,True
s3://braingeneers/braindance/25-05-08_bee_drugs/,25123ic,k252a1/k252a1_cont_213,s3://braingeneers/braindance/25-05-08_bee_drugs/25123ic/k252a1/k252a1_cont_213,13600,8.0,7.99998505574318,True,stim,262,True
s3://braingeneers/braindance/25-05-08_bee_drugs/,25123ic,k252a1/k252a1_cont_139,s3://braingeneers/braindance/25-05-08_bee_drugs/25123ic/k252a1/k252a1_cont_139,3400,2.0,1.999998413719413,True,stim,262,True
s3://braingeneers/braindance/25-05-08_bee_drugs/,25123ic,k252a1/k252a1_cont_27,s3://braingeneers/braindance/25-05-08_bee_drugs/25123ic/k252a1/k252a1_cont_27,6800,4.0,3.999998198566492,True,stim,262,True
s3://braingeneers/braindance/25-05-08_bee_drugs/,25123ic,k252a1/k252a1_cont_71,s3://braingeneers/braindance/25-05-08_bee_drugs/25123ic/k252a1/k252a1_cont_71,850,0.5,0.4999986160571307,True,stim,262,True
s3://braingeneers/braindance/25-05-08_bee_drugs/,25123ic,k252a1/k252a1_cont_157,s3://braingeneers/braindance/25-05-08_bee_drugs/25123ic/k252a1/k252a1_cont_157,1700,1.0,0.9999978194438366,True,stim,262,True
s3://braingeneers/braindance/25-05-08_bee_drugs/,25123ic,k252a1/k252a1_cont_67,s3://braingeneers/braindance/25-05-08_bee_drugs/25123ic/k252a1/k252a1_cont_67,6800,4.0,3.9999944407172623,True,stim,262,True
s3://braingeneers/braindance/25-05-08_bee_drugs/,25123ic,k252a1/k252a1_cont_60,s3://braingeneers/braindance/25-05-08_bee_drugs/25123ic/k252a1/k252a1_cont_60,0,0.0,,False,spontaneous,262,True
s3://braingeneers/braindance/25-05-08_bee_drugs/,25123ic,k252a1/k252a1_cont_249,s3://braingeneers/braindance/25-05-08_bee_drugs/25123ic/k252a1/k252a1_cont_249,3400,2.0,2.000001417187257,True,stim,262,True
s3://braingeneers/braindance/25-05-08_bee_drugs/,25123ic,k252a1/k252a1_cont_100,s3://braingeneers/braindance/25-05-08_bee_drugs/25123ic/k252a1/k252a1_cont_100,0,0.0,,False,spontaneous,262,True
s3://braingeneers/braindance/25-05-08_bee_drugs/,25123ic,k252a1/k252a1_cont_56,s3://braingeneers/braindance/25-05-08_bee_drugs/25123ic/k252a1/k252a1_cont_56,0,0.0,,False,spontaneous,262,True
s3://braingeneers/braindance/25-05-08_bee_drugs/,25123ic,k252a1/k252a1_cont_97,s3://braingeneers/braindance/25-05-08_bee_drugs/25123ic/k252a1/k252a1_cont_97,1700,1.0,0.9999993528432678,True,stim,262,True
s3://braingeneers/braindance/25-05-08_bee_drugs/,25123ic,k252a1/k252a1_cont_111,s3://braingeneers/braindance/25-05-08_bee_drugs/25123ic/k252a1/k252a1_cont_111,6800,4.0,3.999980575835465,True,stim,262,True
s3://braingeneers/braindance/25-05-08_bee_drugs/,25123ic,k252a1/k252a1_cont_238,s3://braingeneers/braindance/25-05-08_bee_drugs/25123ic/k252a1/k252a1_cont_238,0,0.0,,False,spontaneous,262,True
s3://braingeneers/braindance/25-05-08_bee_drugs/,25123ic,k252a1/k252a1_cont_46,s3://braingeneers/braindance/25-05-08_bee_drugs/25123ic/k252a1/k252a1_cont_46,0,0.0,,False,spontaneous,262,True
s3://braingeneers/braindance/25-05-08_bee_drugs/,25123ic,k252a1/k252a1_cont_74,s3://braingeneers/braindance/25-05-08_bee_drugs/25123ic/k252a1/k252a1_cont_74,0,0.0,,False,spontaneous,262,True
s3://braingeneers/braindance/25-05-08_bee_drugs/,25123ic,k252a1/k252a1_cont_205,s3://braingeneers/braindance/25-05-08_bee_drugs/25123ic/k252a1/k252a1_cont_205,850,0.5,0.5000007603768937,True,stim,262,True
s3://braingeneers/braindance/25-05-08_bee_drugs/,25123ic,k252a1/k252a1_cont_216,s3://braingeneers/braindance/25-05-08_bee_drugs/25123ic/k252a1/k252a1_cont_216,0,0.0,,False,spontaneous,262,True
s3://braingeneers/braindance/25-05-08_bee_drugs/,25123ic,k252a1/k252a1_cont_178,s3://braingeneers/braindance/25-05-08_bee_drugs/25123ic/k252a1/k252a1_cont_178,0,0.0,,False,spontaneous,262,True
s3://braingeneers/braindance/25-05-08_bee_drugs/,25123ic,k252a1/k252a1_cont_55,s3://braingeneers/braindance/25-05-08_bee_drugs/25123ic/k252a1/k252a1_cont_55,3400,2.0,1.9999941405773165,True,stim,262,True
s3://braingeneers/braindance/25-05-08_bee_drugs/,25123ic,k252a1/k252a1_cont_137,s3://braingeneers/braindance/25-05-08_bee_drugs/25123ic/k252a1/k252a1_cont_137,1700,1.0,0.999999834484428,True,stim,262,True
s3://braingeneers/braindance/25-05-08_bee_drugs/,25123ic,k252a1/k252a1_cont_109,s3://braingeneers/braindance/25-05-08_bee_drugs/25123ic/k252a1/k252a1_cont_109,3400,2.0,2.000000099124453,True,stim,262,True
s3://braingeneers/braindance/25-05-08_bee_drugs/,25123ic,k252a1/k252a1_cont_101,s3://braingeneers/braindance/25-05-08_bee_drugs/25123ic/k252a1/k252a1_cont_101,6800,4.0,4.000002448799262,True,stim,262,True
s3://braingeneers/braindance/25-05-08_bee_drugs/,25123ic,k252a1/k252a1_cont_59,s3://braingeneers/braindance/25-05-08_bee_drugs/25123ic/k252a1/k252a1_cont_59,13600,8.0,7.999976284801722,True,stim,262,True
s3://braingeneers/braindance/25-05-08_bee_drugs/,25123ic,k252a1/k252a1_cont_80,s3://braingeneers/braindance/25-05-08_bee_drugs/25123ic/k252a1/k252a1_cont_80,0,0.0,,False,spontaneous,262,True
s3://braingeneers/braindance/25-05-08_bee_drugs/,25123ic,k252a1/k252a1_cont_223,s3://braingeneers/braindance/25-05-08_bee_drugs/25123ic/k252a1/k252a1_cont_223,13600,8.0,7.999989022483209,True,stim,262,True
s3://braingeneers/braindance/25-05-08_bee_drugs/,25123ic,k252a1/k252a1_cont_119,s3://braingeneers/braindance/25-05-08_bee_drugs/25123ic/k252a1/k252a1_cont_119,3400,2.0,1.999993547934908,True,stim,262,True
s3://braingeneers/braindance/25-05-08_bee_drugs/,25123ic,k252a1/k252a1_cont_33,s3://braingeneers/braindance/25-05-08_bee_drugs/25123ic/k252a1/k252a1_cont_33,1700,1.0,0.9999988595739908,True,stim,262,True
s3://braingeneers/braindance/25-05-08_bee_drugs/,25123ic,k252a1/k252a1_cont_184,s3://braingeneers/braindance/25-05-08_bee_drugs/25123ic/k252a1/k252a1_cont_184,0,0.0,,False,spontaneous,262,True
s3://braingeneers/braindance/25-05-08_bee_drugs/,25123ic,k252a1/k252a1_cont_231,s3://braingeneers/braindance/25-05-08_bee_drugs/25123ic/k252a1/k252a1_cont_231,6800,4.0,4.000003509262703,True,stim,262,True
s3://braingeneers/braindance/25-05-08_bee_drugs/,25123ic,k252a1/k252a1_cont_192,s3://braingeneers/braindance/25-05-08_bee_drugs/25123ic/k252a1/k252a1_cont_192,0,0.0,,False,spontaneous,262,True
s3://braingeneers/braindance/25-05-08_bee_drugs/,25123ic,k252a1/k252a1_cont_250,s3://braingeneers/braindance/25-05-08_bee_drugs/25123ic/k252a1/k252a1_cont_250,0,0.0,,False,spontaneous,262,True
s3://braingeneers/braindance/25-05-08_bee_drugs/,25123ic,k252a1/k252a1_cont_162,s3://braingeneers/braindance/25-05-08_bee_drugs/25123ic/k252a1/k252a1_cont_162,0,0.0,,False,spontaneous,262,True
s3://braingeneers/braindance/25-05-08_bee_drugs/,25123ic,k252a1/k252a1_cont_163,s3://braingeneers/braindance/25-05-08_bee_drugs/25123ic/k252a1/k252a1_cont_163,13600,8.0,7.999979374517742,True,stim,262,True
s3://braingeneers/braindance/25-05-08_bee_drugs/,25123ic,k252a1/k252a1_cont_130,s3://braingeneers/braindance/25-05-08_bee_drugs/25123ic/k252a1/k252a1_cont_130,0,0.0,,False,spontaneous,262,True
s3://braingeneers/braindance/25-05-08_bee_drugs/,25123ic,k252a1/k252a1_cont_208,s3://braingeneers/braindance/25-05-08_bee_drugs/25123ic/k252a1/k252a1_cont_208,0,0.0,,False,spontaneous,262,True
s3://braingeneers/braindance/25-05-08_bee_drugs/,25123ic,k252a1/k252a1_cont_190,s3://braingeneers/braindance/25-05-08_bee_drugs/25123ic/k252a1/k252a1_cont_190,0,0.0,,False,spontaneous,262,True
s3://braingeneers/braindance/25-05-08_bee_drugs/,25123ic,k252a1/k252a1_cont_54,s3://braingeneers/braindance/25-05-08_bee_drugs/25123ic/k252a1/k252a1_cont_54,0,0.0,,False,spontaneous,262,True
s3://braingeneers/braindance/25-05-08_bee_drugs/,25123ic,k252a1/k252a1_cont_151,s3://braingeneers/braindance/25-05-08_bee_drugs/25123ic/k252a1/k252a1_cont_151,6800,4.0,3.9999965353335103,True,stim,262,True
s3://braingeneers/braindance/25-05-08_bee_drugs/,25123ic,k252a1/k252a1_cont_70,s3://braingeneers/braindance/25-05-08_bee_drugs/25123ic/k252a1/k252a1_cont_70,0,0.0,,False,spontaneous,262,True
s3://braingeneers/braindance/25-05-08_bee_drugs/,25123ic,k252a1/k252a1_cont_237,s3://braingeneers/braindance/25-05-08_bee_drugs/25123ic/k252a1/k252a1_cont_237,1700,1.0,1.0000638887201043,True,stim,262,True
s3://braingeneers/braindance/25-05-08_bee_drugs/,25123ic,k252a1/k252a1_cont_124,s3://braingeneers/braindance/25-05-08_bee_drugs/25123ic/k252a1/k252a1_cont_124,0,0.0,,False,spontaneous,262,True
s3://braingeneers/braindance/25-05-08_bee_drugs/,25123ic,k252a1/k252a1_cont_132,s3://braingeneers/braindance/25-05-08_bee_drugs/25123ic/k252a1/k252a1_cont_132,0,0.0,,False,spontaneous,262,True
s3://braingeneers/braindance/25-05-08_bee_drugs/,25123ic,k252a1/k252a1_cont_11,s3://braingeneers/braindance/25-05-08_bee_drugs/25123ic/k252a1/k252a1_cont_11,850,0.5,0.500000658784436,True,stim,262,True
s3://braingeneers/braindance/25-05-08_bee_drugs/,25123ic,k252a1/k252a1_cont_72,s3://braingeneers/braindance/25-05-08_bee_drugs/25123ic/k252a1/k252a1_cont_72,0,0.0,,False,spontaneous,262,True
s3://braingeneers/braindance/25-05-08_bee_drugs/,25123ic,k252a1/k252a1_cont_246,s3://braingeneers/braindance/25-05-08_bee_drugs/25123ic/k252a1/k252a1_cont_246,0,0.0,,False,spontaneous,262,True
s3://braingeneers/braindance/25-05-08_bee_drugs/,25123ic,k252a1/k252a1_cont_77,s3://braingeneers/braindance/25-05-08_bee_drugs/25123ic/k252a1/k252a1_cont_77,6800,4.0,3.999972875985627,True,stim,262,True
s3://braingeneers/braindance/25-05-08_bee_drugs/,25123ic,k252a1/k252a1_cont_225,s3://braingeneers/braindance/25-05-08_bee_drugs/25123ic/k252a1/k252a1_cont_225,850,0.5,0.5000001836372931,True,stim,262,True
s3://braingeneers/braindance/25-05-08_bee_drugs/,25123ic,k252a1/k252a1_cont_131,s3://braingeneers/braindance/25-05-08_bee_drugs/25123ic/k252a1/k252a1_cont_131,6800,4.0,3.999988730887455,True,stim,262,True
s3://braingeneers/braindance/25-05-08_bee_drugs/,25123ic,k252a1/k252a1_cont_196,s3://braingeneers/braindance/25-05-08_bee_drugs/25123ic/k252a1/k252a1_cont_196,0,0.0,,False,spontaneous,262,True
s3://braingeneers/braindance/25-05-08_bee_drugs/,25123ic,k252a1/k252a1_cont_37,s3://braingeneers/braindance/25-05-08_bee_drugs/25123ic/k252a1/k252a1_cont_37,6800,4.0,3.99999846603149,True,stim,262,True
s3://braingeneers/braindance/25-05-08_bee_drugs/,25123ic,k252a1/k252a1_cont_206,s3://braingeneers/braindance/25-05-08_bee_drugs/25123ic/k252a1/k252a1_cont_206,0,0.0,,False,spontaneous,262,True
s3://braingeneers/braindance/25-05-08_bee_drugs/,25123ic,k252a1/k252a1_cont_154,s3://braingeneers/braindance/25-05-08_bee_drugs/25123ic/k252a1/k252a1_cont_154,0,0.0,,False,spontaneous,262,True
s3://braingeneers/braindance/25-05-08_bee_drugs/,25123ic,k252a1/k252a1_cont_189,s3://braingeneers/braindance/25-05-08_bee_drugs/25123ic/k252a1/k252a1_cont_189,3400,2.0,1.9999919350428184,True,stim,262,True
s3://braingeneers/braindance/25-05-08_bee_drugs/,25123ic,k252a1/k252a1_cont_63,s3://braingeneers/braindance/25-05-08_bee_drugs/25123ic/k252a1/k252a1_cont_63,1700,1.0,1.0000000721589186,True,stim,262,True
s3://braingeneers/braindance/25-05-08_bee_drugs/,25123ic,k252a1/k252a1_cont_10,s3://braingeneers/braindance/25-05-08_bee_drugs/25123ic/k252a1/k252a1_cont_10,0,0.0,,False,spontaneous,262,True
s3://braingeneers/braindance/25-05-08_bee_drugs/,25123ic,k252a1/k252a1_cont_82,s3://braingeneers/braindance/25-05-08_bee_drugs/25123ic/k252a1/k252a1_cont_82,0,0.0,,False,spontaneous,262,True
s3://braingeneers/braindance/25-05-08_bee_drugs/,25123ic,k252a1/k252a1_cont_86,s3://braingeneers/braindance/25-05-08_bee_drugs/25123ic/k252a1/k252a1_cont_86,0,0.0,,False,spontaneous,262,True
s3://braingeneers/braindance/25-05-08_bee_drugs/,25123ic,k252a1/k252a1_cont_16,s3://braingeneers/braindance/25-05-08_bee_drugs/25123ic/k252a1/k252a1_cont_16,0,0.0,,False,spontaneous,262,True
s3://braingeneers/braindance/25-05-08_bee_drugs/,25123ic,k252a1/k252a1_cont_91,s3://braingeneers/braindance/25-05-08_bee_drugs/25123ic/k252a1/k252a1_cont_91,850,0.5,0.5000001075512661,True,stim,262,True
s3://braingeneers/braindance/25-05-08_bee_drugs/,25123ic,k252a1/k252a1_cont_106,s3://braingeneers/braindance/25-05-08_bee_drugs/25123ic/k252a1/k252a1_cont_106,0,0.0,,False,spontaneous,262,True
s3://braingeneers/braindance/25-05-08_bee_drugs/,25123ic,k252a1/k252a1_cont_167,s3://braingeneers/braindance/25-05-08_bee_drugs/25123ic/k252a1/k252a1_cont_167,1700,1.0,0.999998258226692,True,stim,262,True
s3://braingeneers/braindance/25-05-08_bee_drugs/,25123ic,k252a1/k252a1_cont_197,s3://braingeneers/braindance/25-05-08_bee_drugs/25123ic/k252a1/k252a1_cont_197,1700,1.0,0.9999974299577488,True,stim,262,True
s3://braingeneers/braindance/25-05-08_bee_drugs/,25123ic,k252a1/k252a1_cont_161,s3://braingeneers/braindance/25-05-08_bee_drugs/25123ic/k252a1/k252a1_cont_161,6800,4.0,3.999998835845614,True,stim,262,True
s3://braingeneers/braindance/25-05-08_bee_drugs/,25123ic,k252a1/k252a1_cont_45,s3://braingeneers/braindance/25-05-08_bee_drugs/25123ic/k252a1/k252a1_cont_45,3400,2.0,2.000000176564898,True,stim,262,True
s3://braingeneers/braindance/25-05-08_bee_drugs/,25123ic,k252a1/k252a1_cont_230,s3://braingeneers/braindance/25-05-08_bee_drugs/25123ic/k252a1/k252a1_cont_230,0,0.0,,False,spontaneous,262,True
s3://braingeneers/braindance/25-05-08_bee_drugs/,25123ic,k252a1/k252a1_cont_31,s3://braingeneers/braindance/25-05-08_bee_drugs/25123ic/k252a1/k252a1_cont_31,850,0.5,0.4999983758536248,True,stim,262,True
s3://braingeneers/braindance/25-05-08_bee_drugs/,25123ic,k252a1/k252a1_cont_177,s3://braingeneers/braindance/25-05-08_bee_drugs/25123ic/k252a1/k252a1_cont_177,1700,1.0,0.9999970255827112,True,stim,262,True
s3://braingeneers/braindance/25-05-08_bee_drugs/,25123ic,k252a1/k252a1_cont_179,s3://braingeneers/braindance/25-05-08_bee_drugs/25123ic/k252a1/k252a1_cont_179,3400,2.0,1.999990653824204,True,stim,262,True
s3://braingeneers/braindance/25-05-08_bee_drugs/,25123ic,k252a1/k252a1_cont_211,s3://braingeneers/braindance/25-05-08_bee_drugs/25123ic/k252a1/k252a1_cont_211,6800,4.0,3.999983252779032,True,stim,262,True
s3://braingeneers/braindance/25-05-08_bee_drugs/,25123ic,k252a1/k252a1_cont_99,s3://braingeneers/braindance/25-05-08_bee_drugs/25123ic/k252a1/k252a1_cont_99,3400,2.0,1.9999947788780024,True,stim,262,True
s3://braingeneers/braindance/25-05-08_bee_drugs/,25123ic,k252a1/k252a1_cont_234,s3://braingeneers/braindance/25-05-08_bee_drugs/25123ic/k252a1/k252a1_cont_234,0,0.0,,False,spontaneous,262,True
s3://braingeneers/braindance/25-05-08_bee_drugs/,25123ic,k252a1/k252a1_cont_121,s3://braingeneers/braindance/25-05-08_bee_drugs/25123ic/k252a1/k252a1_cont_121,6800,4.0,4.000008479789706,True,stim,262,True
s3://braingeneers/braindance/25-05-08_bee_drugs/,25123ic,k252a1/k252a1_cont_256,s3://braingeneers/braindance/25-05-08_bee_drugs/25123ic/k252a1/k252a1_cont_256,0,0.0,,False,spontaneous,262,True
s3://braingeneers/braindance/25-05-08_bee_drugs/,25123ic,k252a1/k252a1_cont_145,s3://braingeneers/braindance/25-05-08_bee_drugs/25123ic/k252a1/k252a1_cont_145,850,0.5,0.5000001613451641,True,stim,262,True
s3://braingeneers/braindance/25-05-08_bee_drugs/,25123ic,k252a1/k252a1_cont_96,s3://braingeneers/braindance/25-05-08_bee_drugs/25123ic/k252a1/k252a1_cont_96,0,0.0,,False,spontaneous,262,True
s3://braingeneers/braindance/25-05-08_bee_drugs/,25123ic,k252a1/k252a1_cont_236,s3://braingeneers/braindance/25-05-08_bee_drugs/25123ic/k252a1/k252a1_cont_236,0,0.0,,False,spontaneous,262,True
s3://braingeneers/braindance/25-05-08_bee_drugs/,25123ic,k252a1/k252a1_cont_170,s3://braingeneers/braindance/25-05-08_bee_drugs/25123ic/k252a1/k252a1_cont_170,0,0.0,,False,spontaneous,262,True
s3://braingeneers/braindance/25-05-08_bee_drugs/,25123ic,k252a1/k252a1_cont_23,s3://braingeneers/braindance/25-05-08_bee_drugs/25123ic/k252a1/k252a1_cont_23,1700,1.0,0.999997108693462,True,stim,262,True
s3://braingeneers/braindance/25-05-08_bee_drugs/,25123ic,k252a1/k252a1_cont_169,s3://braingeneers/braindance/25-05-08_bee_drugs/25123ic/k252a1/k252a1_cont_169,3400,2.0,1.999996485384233,True,stim,262,True
s3://braingeneers/braindance/25-05-08_bee_drugs/,25123ic,k252a1/k252a1_cont_126,s3://braingeneers/braindance/25-05-08_bee_drugs/25123ic/k252a1/k252a1_cont_126,0,0.0,,False,spontaneous,262,True
s3://braingeneers/braindance/25-05-08_bee_drugs/,25123ic,k252a1/k252a1_cont_21,s3://braingeneers/braindance/25-05-08_bee_drugs/25123ic/k252a1/k252a1_cont_21,850,0.5,0.4999992341322077,True,stim,262,True
s3://braingeneers/braindance/25-05-08_bee_drugs/,25123ic,k252a1/k252a1_cont_191,s3://braingeneers/braindance/25-05-08_bee_drugs/25123ic/k252a1/k252a1_cont_191,6800,4.0,3.999986743051999,True,stim,262,True
s3://braingeneers/braindance/25-05-08_bee_drugs/,25178ic,k252a1/k252a1_cont_254,s3://braingeneers/braindance/25-05-08_bee_drugs/25178ic/k252a1/k252a1_cont_254,0,0.0,,False,spontaneous,338,True
s3://braingeneers/braindance/25-05-08_bee_drugs/,25178ic,k252a1/k252a1_cont_222,s3://braingeneers/braindance/25-05-08_bee_drugs/25178ic/k252a1/k252a1_cont_222,0,0.0,,False,spontaneous,338,True
s3://braingeneers/braindance/25-05-08_bee_drugs/,25178ic,k252a1/k252a1_cont_15,s3://braingeneers/braindance/25-05-08_bee_drugs/25178ic/k252a1/k252a1_cont_15,1400,2.0,1.9999952587560597,True,stim,338,True
s3://braingeneers/braindance/25-05-08_bee_drugs/,25178ic,k252a1/k252a1_cont_26,s3://braingeneers/braindance/25-05-08_bee_drugs/25178ic/k252a1/k252a1_cont_26,0,0.0,,False,spontaneous,338,True
s3://braingeneers/braindance/25-05-08_bee_drugs/,25178ic,k252a1/k252a1_cont_135,s3://braingeneers/braindance/25-05-08_bee_drugs/25178ic/k252a1/k252a1_cont_135,1400,2.0,1.9999855341203452,True,stim,338,True
s3://braingeneers/braindance/25-05-08_bee_drugs/,25178ic,k252a1/k252a1_cont_158,s3://braingeneers/braindance/25-05-08_bee_drugs/25178ic/k252a1/k252a1_cont_158,0,0.0,,False,spontaneous,338,True
s3://braingeneers/braindance/25-05-08_bee_drugs/,25178ic,k252a1/k252a1_cont_251,s3://braingeneers/braindance/25-05-08_bee_drugs/25178ic/k252a1/k252a1_cont_251,350,0.5,0.4999975741944289,True,stim,338,True
s3://braingeneers/braindance/25-05-08_bee_drugs/,25178ic,k252a1/k252a1_cont_210,s3://braingeneers/braindance/25-05-08_bee_drugs/25178ic/k252a1/k252a1_cont_210,0,0.0,,False,spontaneous,338,True
s3://braingeneers/braindance/25-05-08_bee_drugs/,25178ic,k252a1/k252a1_cont_32,s3://braingeneers/braindance/25-05-08_bee_drugs/25178ic/k252a1/k252a1_cont_32,0,0.0,,False,spontaneous,338,True
s3://braingeneers/braindance/25-05-08_bee_drugs/,25178ic,k252a1/k252a1_cont_214,s3://braingeneers/braindance/25-05-08_bee_drugs/25178ic/k252a1/k252a1_cont_214,0,0.0,,False,spontaneous,338,True
s3://braingeneers/braindance/25-05-08_bee_drugs/,25178ic,k252a1/k252a1_cont_298,s3://braingeneers/braindance/25-05-08_bee_drugs/25178ic/k252a1/k252a1_cont_298,0,0.0,,False,spontaneous,338,True
s3://braingeneers/braindance/25-05-08_bee_drugs/,25178ic,k252a1/k252a1_cont_38,s3://braingeneers/braindance/25-05-08_bee_drugs/25178ic/k252a1/k252a1_cont_38,0,0.0,,False,spontaneous,338,True
s3://braingeneers/braindance/25-05-08_bee_drugs/,25178ic,k252a1/k252a1_cont_19,s3://braingeneers/braindance/25-05-08_bee_drugs/25178ic/k252a1/k252a1_cont_19,5600,8.0,7.999951890246807,True,stim,338,True
s3://braingeneers/braindance/25-05-08_bee_drugs/,25178ic,k252a1/k252a1_cont_17,s3://braingeneers/braindance/25-05-08_bee_drugs/25178ic/k252a1/k252a1_cont_17,2800,4.0,3.999959530641666,True,stim,338,True
s3://braingeneers/braindance/25-05-08_bee_drugs/,25178ic,k252a1/k252a1_cont_48,s3://braingeneers/braindance/25-05-08_bee_drugs/25178ic/k252a1/k252a1_cont_48,0,0.0,,False,spontaneous,338,True
s3://braingeneers/braindance/25-05-08_bee_drugs/,25178ic,k252a1/k252a1_cont_168,s3://braingeneers/braindance/25-05-08_bee_drugs/25178ic/k252a1/k252a1_cont_168,0,0.0,,False,spontaneous,338,True
s3://braingeneers/braindance/25-05-08_bee_drugs/,25178ic,k252a1/k252a1_cont_159,s3://braingeneers/braindance/25-05-08_bee_drugs/25178ic/k252a1/k252a1_cont_159,5600,8.0,7.999877366072139,True,stim,338,True
s3://braingeneers/braindance/25-05-08_bee_drugs/,25178ic,k252a1/k252a1_cont_288,s3://braingeneers/braindance/25-05-08_bee_drugs/25178ic/k252a1/k252a1_cont_288,0,0.0,,False,spontaneous,338,True
s3://braingeneers/braindance/25-05-08_bee_drugs/,25178ic,k252a1/k252a1_cont_293,s3://braingeneers/braindance/25-05-08_bee_drugs/25178ic/k252a1/k252a1_cont_293,700,1.0,0.9999986599231256,True,stim,338,True
s3://braingeneers/braindance/25-05-08_bee_drugs/,25178ic,k252a1/k252a1_cont_316,s3://braingeneers/braindance/25-05-08_bee_drugs/25178ic/k252a1/k252a1_cont_316,0,0.0,,False,spontaneous,338,True
s3://braingeneers/braindance/25-05-08_bee_drugs/,25178ic,k252a1/k252a1_cont_285,s3://braingeneers/braindance/25-05-08_bee_drugs/25178ic/k252a1/k252a1_cont_285,1400,2.0,1.999986440935356,True,stim,338,True
s3://braingeneers/braindance/25-05-08_bee_drugs/,25178ic,k252a1/k252a1_cont_207,s3://braingeneers/braindance/25-05-08_bee_drugs/25178ic/k252a1/k252a1_cont_207,2800,4.0,3.999957617420738,True,stim,338,True
s3://braingeneers/braindance/25-05-08_bee_drugs/,25178ic,k252a1/k252a1_cont_88,s3://braingeneers/braindance/25-05-08_bee_drugs/25178ic/k252a1/k252a1_cont_88,0,0.0,,False,spontaneous,338,True
s3://braingeneers/braindance/25-05-08_bee_drugs/,25178ic,k252a1/k252a1_cont_188,s3://braingeneers/braindance/25-05-08_bee_drugs/25178ic/k252a1/k252a1_cont_188,0,0.0,,False,spontaneous,338,True
s3://braingeneers/braindance/25-05-08_bee_drugs/,25178ic,k252a1/k252a1_cont_14,s3://braingeneers/braindance/25-05-08_bee_drugs/25178ic/k252a1/k252a1_cont_14,0,0.0,,False,spontaneous,338,True
s3://braingeneers/braindance/25-05-08_bee_drugs/,25178ic,k252a1/k252a1_cont_104,s3://braingeneers/braindance/25-05-08_bee_drugs/25178ic/k252a1/k252a1_cont_104,0,0.0,,False,spontaneous,338,True
s3://braingeneers/braindance/25-05-08_bee_drugs/,25178ic,k252a1/k252a1_cont_295,s3://braingeneers/braindance/25-05-08_bee_drugs/25178ic/k252a1/k252a1_cont_295,1400,2.0,1.9999861221291728,True,stim,338,True
s3://braingeneers/braindance/25-05-08_bee_drugs/,25178ic,k252a1/k252a1_cont_50,s3://braingeneers/braindance/25-05-08_bee_drugs/25178ic/k252a1/k252a1_cont_50,0,0.0,,False,spontaneous,338,True
s3://braingeneers/braindance/25-05-08_bee_drugs/,25178ic,k252a1/k252a1_cont_83,s3://braingeneers/braindance/25-05-08_bee_drugs/25178ic/k252a1/k252a1_cont_83,700,1.0,0.999997925001444,True,stim,338,True
s3://braingeneers/braindance/25-05-08_bee_drugs/,25178ic,k252a1/k252a1_cont_155,s3://braingeneers/braindance/25-05-08_bee_drugs/25178ic/k252a1/k252a1_cont_155,1400,2.0,1.9999935395004929,True,stim,338,True
s3://braingeneers/braindance/25-05-08_bee_drugs/,25178ic,k252a1/k252a1_cont_297,s3://braingeneers/braindance/25-05-08_bee_drugs/25178ic/k252a1/k252a1_cont_297,2800,4.0,3.9999674484792993,True,stim,338,True
s3://braingeneers/braindance/25-05-08_bee_drugs/,25178ic,k252a1/k252a1_cont_270,s3://braingeneers/braindance/25-05-08_bee_drugs/25178ic/k252a1/k252a1_cont_270,0,0.0,,False,spontaneous,338,True
s3://braingeneers/braindance/25-05-08_bee_drugs/,25178ic,k252a1/k252a1_cont_186,s3://braingeneers/braindance/25-05-08_bee_drugs/25178ic/k252a1/k252a1_cont_186,0,0.0,,False,spontaneous,338,True
s3://braingeneers/braindance/25-05-08_bee_drugs/,25178ic,k252a1/k252a1_cont_24,s3://braingeneers/braindance/25-05-08_bee_drugs/25178ic/k252a1/k252a1_cont_24,0,0.0,,False,spontaneous,338,True
s3://braingeneers/braindance/25-05-08_bee_drugs/,25178ic,k252a1/k252a1_cont_102,s3://braingeneers/braindance/25-05-08_bee_drugs/25178ic/k252a1/k252a1_cont_102,0,0.0,,False,spontaneous,338,True
s3://braingeneers/braindance/25-05-08_bee_drugs/,25178ic,k252a1/k252a1_cont_108,s3://braingeneers/braindance/25-05-08_bee_drugs/25178ic/k252a1/k252a1_cont_108,0,0.0,,False,spontaneous,338,True
s3://braingeneers/braindance/25-05-08_bee_drugs/,25178ic,k252a1/k252a1_cont_235,s3://braingeneers/braindance/25-05-08_bee_drugs/25178ic/k252a1/k252a1_cont_235,1400,2.0,1.99997455688976,True,stim,338,True
s3://braingeneers/braindance/25-05-08_bee_drugs/,25178ic,k252a1/k252a1_cont_44,s3://braingeneers/braindance/25-05-08_bee_drugs/25178ic/k252a1/k252a1_cont_44,0,0.0,,False,spontaneous,338,True
s3://braingeneers/braindance/25-05-08_bee_drugs/,25178ic,k252a1/k252a1_cont_78,s3://braingeneers/braindance/25-05-08_bee_drugs/25178ic/k252a1/k252a1_cont_78,0,0.0,,False,spontaneous,338,True
s3://braingeneers/braindance/25-05-08_bee_drugs/,25178ic,k252a1/k252a1_cont_301,s3://braingeneers/braindance/25-05-08_bee_drugs/25178ic/k252a1/k252a1_cont_301,350,0.5,0.4999986799340005,True,stim,338,True
s3://braingeneers/braindance/25-05-08_bee_drugs/,25178ic,k252a1/k252a1_cont_93,s3://braingeneers/braindance/25-05-08_bee_drugs/25178ic/k252a1/k252a1_cont_93,700,1.0,0.9999987300402428,True,stim,338,True
s3://braingeneers/braindance/25-05-08_bee_drugs/,25178ic,k252a1/k252a1_cont_61,s3://braingeneers/braindance/25-05-08_bee_drugs/25178ic/k252a1/k252a1_cont_61,350,0.5,0.4999974538073811,True,stim,338,True
s3://braingeneers/braindance/25-05-08_bee_drugs/,25178ic,k252a1/k252a1_cont_226,s3://braingeneers/braindance/25-05-08_bee_drugs/25178ic/k252a1/k252a1_cont_226,0,0.0,,False,spontaneous,338,True
s3://braingeneers/braindance/25-05-08_bee_drugs/,25178ic,k252a1/k252a1_cont_291,s3://braingeneers/braindance/25-05-08_bee_drugs/25178ic/k252a1/k252a1_cont_291,350,0.5,0.5000003059256848,True,stim,338,True
s3://braingeneers/braindance/25-05-08_bee_drugs/,25178ic,k252a1/k252a1_cont_9,s3://braingeneers/braindance/25-05-08_bee_drugs/25178ic/k252a1/k252a1_cont_9,5600,8.0,8.000015371700188,True,stim,338,True
s3://braingeneers/braindance/25-05-08_bee_drugs/,25178ic,k252a1/k252a1_cont_247,s3://braingeneers/braindance/25-05-08_bee_drugs/25178ic/k252a1/k252a1_cont_247,2800,4.0,3.999986085707491,True,stim,338,True
s3://braingeneers/braindance/25-05-08_bee_drugs/,25178ic,k252a1/k252a1_cont_243,s3://braingeneers/braindance/25-05-08_bee_drugs/25178ic/k252a1/k252a1_cont_243,700,1.0,0.9999955150473108,True,stim,338,True
s3://braingeneers/braindance/25-05-08_bee_drugs/,25178ic,k252a1/k252a1_cont_103,s3://braingeneers/braindance/25-05-08_bee_drugs/25178ic/k252a1/k252a1_cont_103,700,1.0,0.9999878971736692,True,stim,338,True
s3://braingeneers/braindance/25-05-08_bee_drugs/,25178ic,k252a1/k252a1_cont_171,s3://braingeneers/braindance/25-05-08_bee_drugs/25178ic/k252a1/k252a1_cont_171,350,0.5,0.4999956196565762,True,stim,338,True
s3://braingeneers/braindance/25-05-08_bee_drugs/,25178ic,k252a1/k252a1_cont_20,s3://braingeneers/braindance/25-05-08_bee_drugs/25178ic/k252a1/k252a1_cont_20,0,0.0,,False,spontaneous,338,True
s3://braingeneers/braindance/25-05-08_bee_drugs/,25178ic,k252a1/k252a1_cont_12,s3://braingeneers/braindance/25-05-08_bee_drugs/25178ic/k252a1/k252a1_cont_12,0,0.0,,False,spontaneous,338,True
s3://braingeneers/braindance/25-05-08_bee_drugs/,25178ic,k252a1/k252a1_cont_113,s3://braingeneers/braindance/25-05-08_bee_drugs/25178ic/k252a1/k252a1_cont_113,700,1.0,0.999995865590788,True,stim,338,True
s3://braingeneers/braindance/25-05-08_bee_drugs/,25178ic,k252a1/k252a1_cont_148,s3://braingeneers/braindance/25-05-08_bee_drugs/25178ic/k252a1/k252a1_cont_148,0,0.0,,False,spontaneous,338,True
s3://braingeneers/braindance/25-05-08_bee_drugs/,25178ic,k252a1/k252a1_cont_58,s3://braingeneers/braindance/25-05-08_bee_drugs/25178ic/k252a1/k252a1_cont_58,0,0.0,,False,spontaneous,338,True
s3://braingeneers/braindance/25-05-08_bee_drugs/,25178ic,k252a1/k252a1_cont_201,s3://braingeneers/braindance/25-05-08_bee_drugs/25178ic/k252a1/k252a1_cont_201,350,0.5,0.499998733141469,True,stim,338,True
s3://braingeneers/braindance/25-05-08_bee_drugs/,25178ic,k252a1/k252a1_cont_71,s3://braingeneers/braindance/25-05-08_bee_drugs/25178ic/k252a1/k252a1_cont_71,350,0.5,0.4999970231939418,True,stim,338,True
s3://braingeneers/braindance/25-05-08_bee_drugs/,25178ic,k252a1/k252a1_cont_157,s3://braingeneers/braindance/25-05-08_bee_drugs/25178ic/k252a1/k252a1_cont_157,2800,4.0,4.000001494408531,True,stim,338,True
s3://braingeneers/braindance/25-05-08_bee_drugs/,25178ic,k252a1/k252a1_cont_67,s3://braingeneers/braindance/25-05-08_bee_drugs/25178ic/k252a1/k252a1_cont_67,2800,4.0,3.999992649559778,True,stim,338,True
s3://braingeneers/braindance/25-05-08_bee_drugs/,25178ic,k252a1/k252a1_cont_262,s3://braingeneers/braindance/25-05-08_bee_drugs/25178ic/k252a1/k252a1_cont_262,0,0.0,,False,spontaneous,338,True
s3://braingeneers/braindance/25-05-08_bee_drugs/,25178ic,k252a1/k252a1_cont_60,s3://braingeneers/braindance/25-05-08_bee_drugs/25178ic/k252a1/k252a1_cont_60,0,0.0,,False,spontaneous,338,True
s3://braingeneers/braindance/25-05-08_bee_drugs/,25178ic,k252a1/k252a1_cont_280,s3://braingeneers/braindance/25-05-08_bee_drugs/25178ic/k252a1/k252a1_cont_280,0,0.0,,False,spontaneous,338,True
s3://braingeneers/braindance/25-05-08_bee_drugs/,25178ic,k252a1/k252a1_cont_238,s3://braingeneers/braindance/25-05-08_bee_drugs/25178ic/k252a1/k252a1_cont_238,0,0.0,,False,spontaneous,338,True
s3://braingeneers/braindance/25-05-08_bee_drugs/,25178ic,k252a1/k252a1_cont_111,s3://braingeneers/braindance/25-05-08_bee_drugs/25178ic/k252a1/k252a1_cont_111,350,0.5,0.4999993688897578,True,stim,338,True
s3://braingeneers/braindance/25-05-08_bee_drugs/,25178ic,k252a1/k252a1_cont_178,s3://braingeneers/braindance/25-05-08_bee_drugs/25178ic/k252a1/k252a1_cont_178,0,0.0,,False,spontaneous,338,True
s3://braingeneers/braindance/25-05-08_bee_drugs/,25178ic,k252a1/k252a1_cont_137,s3://braingeneers/braindance/25-05-08_bee_drugs/25178ic/k252a1/k252a1_cont_137,2800,4.0,3.9999620090839145,True,stim,338,True
s3://braingeneers/braindance/25-05-08_bee_drugs/,25178ic,k252a1/k252a1_cont_80,s3://braingeneers/braindance/25-05-08_bee_drugs/25178ic/k252a1/k252a1_cont_80,0,0.0,,False,spontaneous,338,True
s3://braingeneers/braindance/25-05-08_bee_drugs/,25178ic,k252a1/k252a1_cont_307,s3://braingeneers/braindance/25-05-08_bee_drugs/25178ic/k252a1/k252a1_cont_307,2800,4.0,3.999976959018076,True,stim,338,True
s3://braingeneers/braindance/25-05-08_bee_drugs/,25178ic,k252a1/k252a1_cont_315,s3://braingeneers/braindance/25-05-08_bee_drugs/25178ic/k252a1/k252a1_cont_315,1400,2.0,1.999997162854621,True,stim,338,True
s3://braingeneers/braindance/25-05-08_bee_drugs/,25178ic,k252a1/k252a1_cont_208,s3://braingeneers/braindance/25-05-08_bee_drugs/25178ic/k252a1/k252a1_cont_208,0,0.0,,False,spontaneous,338,True
s3://braingeneers/braindance/25-05-08_bee_drugs/,25178ic,k252a1/k252a1_cont_190,s3://braingeneers/braindance/25-05-08_bee_drugs/25178ic/k252a1/k252a1_cont_190,0,0.0,,False,spontaneous,338,True
s3://braingeneers/braindance/25-05-08_bee_drugs/,25178ic,k252a1/k252a1_cont_11,s3://braingeneers/braindance/25-05-08_bee_drugs/25178ic/k252a1/k252a1_cont_11,350,0.5,0.5000005240141592,True,stim,338,True
s3://braingeneers/braindance/25-05-08_bee_drugs/,25178ic,k252a1/k252a1_cont_131,s3://braingeneers/braindance/25-05-08_bee_drugs/25178ic/k252a1/k252a1_cont_131,350,0.5,0.4999993568718871,True,stim,338,True
s3://braingeneers/braindance/25-05-08_bee_drugs/,25178ic,k252a1/k252a1_cont_311,s3://braingeneers/braindance/25-05-08_bee_drugs/25178ic/k252a1/k252a1_cont_311,350,0.5,0.4999955524593427,True,stim,338,True
s3://braingeneers/braindance/25-05-08_bee_drugs/,25178ic,k252a1/k252a1_cont_37,s3://braingeneers/braindance/25-05-08_bee_drugs/25178ic/k252a1/k252a1_cont_37,2800,4.0,3.999978806686065,True,stim,338,True
s3://braingeneers/braindance/25-05-08_bee_drugs/,25178ic,k252a1/k252a1_cont_154,s3://braingeneers/braindance/25-05-08_bee_drugs/25178ic/k252a1/k252a1_cont_154,0,0.0,,False,spontaneous,338,True
s3://braingeneers/braindance/25-05-08_bee_drugs/,25178ic,k252a1/k252a1_cont_189,s3://braingeneers/braindance/25-05-08_bee_drugs/25178ic/k252a1/k252a1_cont_189,5600,8.0,7.999992263517509,True,stim,338,True
s3://braingeneers/braindance/25-05-08_bee_drugs/,25178ic,k252a1/k252a1_cont_86,s3://braingeneers/braindance/25-05-08_bee_drugs/25178ic/k252a1/k252a1_cont_86,0,0.0,,False,spontaneous,338,True
s3://braingeneers/braindance/25-05-08_bee_drugs/,25178ic,k252a1/k252a1_cont_45,s3://braingeneers/braindance/25-05-08_bee_drugs/25178ic/k252a1/k252a1_cont_45,1400,2.0,1.9999834986579403,True,stim,338,True
s3://braingeneers/braindance/25-05-08_bee_drugs/,25178ic,k252a1/k252a1_cont_31,s3://braingeneers/braindance/25-05-08_bee_drugs/25178ic/k252a1/k252a1_cont_31,350,0.5,0.4999987841569678,True,stim,338,True
s3://braingeneers/braindance/25-05-08_bee_drugs/,25178ic,k252a1/k252a1_cont_211,s3://braingeneers/braindance/25-05-08_bee_drugs/25178ic/k252a1/k252a1_cont_211,350,0.5,0.4999993724821747,True,stim,338,True
s3://braingeneers/braindance/25-05-08_bee_drugs/,25178ic,k252a1/k252a1_cont_99,s3://braingeneers/braindance/25-05-08_bee_drugs/25178ic/k252a1/k252a1_cont_99,5600,8.0,7.99996793090481,True,stim,338,True
s3://braingeneers/braindance/25-05-08_bee_drugs/,25178ic,k252a1/k252a1_cont_279,s3://braingeneers/braindance/25-05-08_bee_drugs/25178ic/k252a1/k252a1_cont_279,5600,8.0,7.999942409513439,True,stim,338,True
s3://braingeneers/braindance/25-05-08_bee_drugs/,25178ic,k252a1/k252a1_cont_236,s3://braingeneers/braindance/25-05-08_bee_drugs/25178ic/k252a1/k252a1_cont_236,0,0.0,,False,spontaneous,338,True
s3://braingeneers/braindance/25-05-08_bee_drugs/,25178ic,k252a1/k252a1_cont_126,s3://braingeneers/braindance/25-05-08_bee_drugs/25178ic/k252a1/k252a1_cont_126,0,0.0,,False,spontaneous,338,True
s3://braingeneers/braindance/25-05-08_bee_drugs/,25178ic,k252a1/k252a1_cont_191,s3://braingeneers/braindance/25-05-08_bee_drugs/25178ic/k252a1/k252a1_cont_191,350,0.5,0.4999980695439893,True,stim,338,True
s3://braingeneers/braindance/25-05-08_bee_drugs/,25178ic,k252a1/k252a1_cont_312,s3://braingeneers/braindance/25-05-08_bee_drugs/25178ic/k252a1/k252a1_cont_312,0,0.0,,False,spontaneous,338,True
s3://braingeneers/braindance/25-05-08_bee_drugs/,25178ic,k252a1/k252a1_cont_182,s3://braingeneers/braindance/25-05-08_bee_drugs/25178ic/k252a1/k252a1_cont_182,0,0.0,,False,spontaneous,338,True
s3://braingeneers/braindance/25-05-08_bee_drugs/,25178ic,k252a1/k252a1_cont_4,s3://braingeneers/braindance/25-05-08_bee_drugs/25178ic/k252a1/k252a1_cont_4,0,0.0,,False,spontaneous,338,True
s3://braingeneers/braindance/25-05-08_bee_drugs/,25178ic,k252a1/k252a1_cont_313,s3://braingeneers/braindance/25-05-08_bee_drugs/25178ic/k252a1/k252a1_cont_313,700,1.0,1.0000031035103325,True,stim,338,True
s3://braingeneers/braindance/25-05-08_bee_drugs/,25178ic,k252a1/k252a1_cont_174,s3://braingeneers/braindance/25-05-08_bee_drugs/25178ic/k252a1/k252a1_cont_174,0,0.0,,False,spontaneous,338,True
s3://braingeneers/braindance/25-05-08_bee_drugs/,25178ic,k252a1/k252a1_cont_287,s3://braingeneers/braindance/25-05-08_bee_drugs/25178ic/k252a1/k252a1_cont_287,2800,4.0,3.999993696272899,True,stim,338,True
s3://braingeneers/braindance/25-05-08_bee_drugs/,25178ic,k252a1/k252a1_cont_98,s3://braingeneers/braindance/25-05-08_bee_drugs/25178ic/k252a1/k252a1_cont_98,0,0.0,,False,spontaneous,338,True
s3://braingeneers/braindance/25-05-08_bee_drugs/,25178ic,k252a1/k252a1_cont_22,s3://braingeneers/braindance/25-05-08_bee_drugs/25178ic/k252a1/k252a1_cont_22,0,0.0,,False,spontaneous,338,True
s3://braingeneers/braindance/25-05-08_bee_drugs/,25178ic,k252a1/k252a1_cont_232,s3://braingeneers/braindance/25-05-08_bee_drugs/25178ic/k252a1/k252a1_cont_232,0,0.0,,False,spontaneous,338,True
s3://braingeneers/braindance/25-05-08_bee_drugs/,25178ic,k252a1/k252a1_cont_302,s3://braingeneers/braindance/25-05-08_bee_drugs/25178ic/k252a1/k252a1_cont_302,0,0.0,,False,spontaneous,338,True
s3://braingeneers/braindance/25-05-08_bee_drugs/,25178ic,k252a1/k252a1_cont_200,s3://braingeneers/braindance/25-05-08_bee_drugs/25178ic/k252a1/k252a1_cont_200,0,0.0,,False,spontaneous,338,True
s3://braingeneers/braindance/25-05-08_bee_drugs/,25178ic,k252a1/k252a1_cont_267,s3://braingeneers/braindance/25-05-08_bee_drugs/25178ic/k252a1/k252a1_cont_267,2800,4.0,3.9999883874234383,True,stim,338,True
s3://braingeneers/braindance/25-05-08_bee_drugs/,25178ic,k252a1/k252a1_cont_62,s3://braingeneers/braindance/25-05-08_bee_drugs/25178ic/k252a1/k252a1_cont_62,0,0.0,,False,spontaneous,338,True
s3://braingeneers/braindance/25-05-08_bee_drugs/,25178ic,k252a1/k252a1_cont_209,s3://braingeneers/braindance/25-05-08_bee_drugs/25178ic/k252a1/k252a1_cont_209,5600,8.0,7.999939713769026,True,stim,338,True
s3://braingeneers/braindance/25-05-08_bee_drugs/,25178ic,k252a1/k252a1_cont_69,s3://braingeneers/braindance/25-05-08_bee_drugs/25178ic/k252a1/k252a1_cont_69,5600,8.0,7.999979197745052,True,stim,338,True
s3://braingeneers/braindance/25-05-08_bee_drugs/,25178ic,k252a1/k252a1_cont_138,s3://braingeneers/braindance/25-05-08_bee_drugs/25178ic/k252a1/k252a1_cont_138,0,0.0,,False,spontaneous,338,True
s3://braingeneers/braindance/25-05-08_bee_drugs/,25178ic,k252a1/k252a1_cont_212,s3://braingeneers/braindance/25-05-08_bee_drugs/25178ic/k252a1/k252a1_cont_212,0,0.0,,False,spontaneous,338,True
s3://braingeneers/braindance/25-05-08_bee_drugs/,25178ic,k252a1/k252a1_cont_271,s3://braingeneers/braindance/25-05-08_bee_drugs/25178ic/k252a1/k252a1_cont_271,350,0.5,0.5000003175116714,True,stim,338,True
s3://braingeneers/braindance/25-05-08_bee_drugs/,25178ic,k252a1/k252a1_cont_327,s3://braingeneers/braindance/25-05-08_bee_drugs/25178ic/k252a1/k252a1_cont_327,2800,4.0,3.9999865362367775,True,stim,338,True
s3://braingeneers/braindance/25-05-08_bee_drugs/,25178ic,k252a1/k252a1_cont_277,s3://braingeneers/braindance/25-05-08_bee_drugs/25178ic/k252a1/k252a1_cont_277,2800,4.0,3.999964462469388,True,stim,338,True
s3://braingeneers/braindance/25-05-08_bee_drugs/,25178ic,k252a1/k252a1_cont_122,s3://braingeneers/braindance/25-05-08_bee_drugs/25178ic/k252a1/k252a1_cont_122,0,0.0,,False,spontaneous,338,True
s3://braingeneers/braindance/25-05-08_bee_drugs/,25178ic,k252a1/k252a1_cont_47,s3://braingeneers/braindance/25-05-08_bee_drugs/25178ic/k252a1/k252a1_cont_47,2800,4.0,3.9999509653285217,True,stim,338,True
s3://braingeneers/braindance/25-05-08_bee_drugs/,25178ic,k252a1/k252a1_cont_57,s3://braingeneers/braindance/25-05-08_bee_drugs/25178ic/k252a1/k252a1_cont_57,2800,4.0,3.999984131881477,True,stim,338,True
s3://braingeneers/braindance/25-05-08_bee_drugs/,25178ic,k252a1/k252a1_cont_322,s3://braingeneers/braindance/25-05-08_bee_drugs/25178ic/k252a1/k252a1_cont_322,0,0.0,,False,spontaneous,338,True
s3://braingeneers/braindance/25-05-08_bee_drugs/,25178ic,k252a1/k252a1_cont_283,s3://braingeneers/braindance/25-05-08_bee_drugs/25178ic/k252a1/k252a1_cont_283,700,1.0,0.999989558153386,True,stim,338,True
s3://braingeneers/braindance/25-05-08_bee_drugs/,25178ic,k252a1/k252a1_cont_165,s3://braingeneers/braindance/25-05-08_bee_drugs/25178ic/k252a1/k252a1_cont_165,1400,2.0,1.9999944692390212,True,stim,338,True
s3://braingeneers/braindance/25-05-08_bee_drugs/,25178ic,k252a1/k252a1_cont_194,s3://braingeneers/braindance/25-05-08_bee_drugs/25178ic/k252a1/k252a1_cont_194,0,0.0,,False,spontaneous,338,True
s3://braingeneers/braindance/25-05-08_bee_drugs/,25178ic,k252a1/k252a1_cont_304,s3://braingeneers/braindance/25-05-08_bee_drugs/25178ic/k252a1/k252a1_cont_304,0,0.0,,False,spontaneous,338,True
s3://braingeneers/braindance/25-05-08_bee_drugs/,25178ic,k252a1/k252a1_cont_324,s3://braingeneers/braindance/25-05-08_bee_drugs/25178ic/k252a1/k252a1_cont_324,0,0.0,,False,spontaneous,338,True
s3://braingeneers/braindance/25-05-08_bee_drugs/,25178ic,k252a1/k252a1_cont,s3://braingeneers/braindance/25-05-08_bee_drugs/25178ic/k252a1/k252a1_cont,0,0.0,,False,spontaneous,338,True
s3://braingeneers/braindance/25-05-08_bee_drugs/,25178ic,k252a1/k252a1_cont_203,s3://braingeneers/braindance/25-05-08_bee_drugs/25178ic/k252a1/k252a1_cont_203,700,1.0,0.9999993622293086,True,stim,338,True
s3://braingeneers/braindance/25-05-08_bee_drugs/,25178ic,k252a1/k252a1_cont_286,s3://braingeneers/braindance/25-05-08_bee_drugs/25178ic/k252a1/k252a1_cont_286,0,0.0,,False,spontaneous,338,True
s3://braingeneers/braindance/25-05-08_bee_drugs/,25178ic,k252a1/k252a1_cont_127,s3://braingeneers/braindance/25-05-08_bee_drugs/25178ic/k252a1/k252a1_cont_127,2800,4.0,3.999990104736182,True,stim,338,True
s3://braingeneers/braindance/25-05-08_bee_drugs/,25178ic,k252a1/k252a1_cont_39,s3://braingeneers/braindance/25-05-08_bee_drugs/25178ic/k252a1/k252a1_cont_39,5600,8.0,7.9999544161654175,True,stim,338,True
s3://braingeneers/braindance/25-05-08_bee_drugs/,25178ic,k252a1/k252a1_cont_52,s3://braingeneers/braindance/25-05-08_bee_drugs/25178ic/k252a1/k252a1_cont_52,0,0.0,,False,spontaneous,338,True
s3://braingeneers/braindance/25-05-08_bee_drugs/,25178ic,k252a1/k252a1_cont_117,s3://braingeneers/braindance/25-05-08_bee_drugs/25178ic/k252a1/k252a1_cont_117,2800,4.0,3.999969265945348,True,stim,338,True
s3://braingeneers/braindance/25-05-08_bee_drugs/,25178ic,k252a1/k252a1_cont_81,s3://braingeneers/braindance/25-05-08_bee_drugs/25178ic/k252a1/k252a1_cont_81,350,0.5,0.4999945168230241,True,stim,338,True
s3://braingeneers/braindance/25-05-08_bee_drugs/,25178ic,k252a1/k252a1_cont_110,s3://braingeneers/braindance/25-05-08_bee_drugs/25178ic/k252a1/k252a1_cont_110,0,0.0,,False,spontaneous,338,True
s3://braingeneers/braindance/25-05-08_bee_drugs/,25178ic,k252a1/k252a1_cont_94,s3://braingeneers/braindance/25-05-08_bee_drugs/25178ic/k252a1/k252a1_cont_94,0,0.0,,False,spontaneous,338,True
s3://braingeneers/braindance/25-05-08_bee_drugs/,25178ic,k252a1/k252a1_cont_164,s3://braingeneers/braindance/25-05-08_bee_drugs/25178ic/k252a1/k252a1_cont_164,0,0.0,,False,spontaneous,338,True
s3://braingeneers/braindance/25-05-08_bee_drugs/,25178ic,k252a1/k252a1_cont_244,s3://braingeneers/braindance/25-05-08_bee_drugs/25178ic/k252a1/k252a1_cont_244,0,0.0,,False,spontaneous,338,True
s3://braingeneers/braindance/25-05-08_bee_drugs/,25178ic,k252a1/k252a1_cont_134,s3://braingeneers/braindance/25-05-08_bee_drugs/25178ic/k252a1/k252a1_cont_134,0,0.0,,False,spontaneous,338,True
s3://braingeneers/braindance/25-05-08_bee_drugs/,25178ic,k252a1/k252a1_cont_260,s3://braingeneers/braindance/25-05-08_bee_drugs/25178ic/k252a1/k252a1_cont_260,0,0.0,,False,spontaneous,338,True
s3://braingeneers/braindance/25-05-08_bee_drugs/,25178ic,k252a1/k252a1_cont_229,s3://braingeneers/braindance/25-05-08_bee_drugs/25178ic/k252a1/k252a1_cont_229,5600,8.0,7.9999249795469805,True,stim,338,True
s3://braingeneers/braindance/25-05-08_bee_drugs/,25178ic,k252a1/k252a1_cont_185,s3://braingeneers/braindance/25-05-08_bee_drugs/25178ic/k252a1/k252a1_cont_185,1400,2.0,2.000002315001988,True,stim,338,True
s3://braingeneers/braindance/25-05-08_bee_drugs/,25178ic,k252a1/k252a1_cont_276,s3://braingeneers/braindance/25-05-08_bee_drugs/25178ic/k252a1/k252a1_cont_276,0,0.0,,False,spontaneous,338,True
s3://braingeneers/braindance/25-05-08_bee_drugs/,25178ic,k252a1/k252a1_cont_149,s3://braingeneers/braindance/25-05-08_bee_drugs/25178ic/k252a1/k252a1_cont_149,5600,8.0,7.999970387564617,True,stim,338,True
s3://braingeneers/braindance/25-05-08_bee_drugs/,25178ic,k252a1/k252a1_cont_241,s3://braingeneers/braindance/25-05-08_bee_drugs/25178ic/k252a1/k252a1_cont_241,350,0.5,0.4999986738394905,True,stim,338,True
s3://braingeneers/braindance/25-05-08_bee_drugs/,25178ic,k252a1/k252a1_cont_144,s3://braingeneers/braindance/25-05-08_bee_drugs/25178ic/k252a1/k252a1_cont_144,0,0.0,,False,spontaneous,338,True
s3://braingeneers/braindance/25-05-08_bee_drugs/,25178ic,k252a1/k252a1_cont_175,s3://braingeneers/braindance/25-05-08_bee_drugs/25178ic/k252a1/k252a1_cont_175,1400,2.0,1.9999821053123876,True,stim,338,True
s3://braingeneers/braindance/25-05-08_bee_drugs/,25178ic,k252a1/k252a1_cont_294,s3://braingeneers/braindance/25-05-08_bee_drugs/25178ic/k252a1/k252a1_cont_294,0,0.0,,False,spontaneous,338,True
s3://braingeneers/braindance/25-05-08_bee_drugs/,25178ic,k252a1/k252a1_cont_199,s3://braingeneers/braindance/25-05-08_bee_drugs/25178ic/k252a1/k252a1_cont_199,5600,8.0,7.99994976752829,True,stim,338,True
s3://braingeneers/braindance/25-05-08_bee_drugs/,25178ic,k252a1/k252a1_cont_87,s3://braingeneers/braindance/25-05-08_bee_drugs/25178ic/k252a1/k252a1_cont_87,2800,4.0,3.999991522464574,True,stim,338,True
s3://braingeneers/braindance/25-05-08_bee_drugs/,25178ic,k252a1/k252a1_cont_198,s3://braingeneers/braindance/25-05-08_bee_drugs/25178ic/k252a1/k252a1_cont_198,0,0.0,,False,spontaneous,338,True
s3://braingeneers/braindance/25-05-08_bee_drugs/,25178ic,k252a1/k252a1_cont_221,s3://braingeneers/braindance/25-05-08_bee_drugs/25178ic/k252a1/k252a1_cont_221,350,0.5,0.4999985556116302,True,stim,338,True
s3://braingeneers/braindance/25-05-08_bee_drugs/,25178ic,k252a1/k252a1_cont_28,s3://braingeneers/braindance/25-05-08_bee_drugs/25178ic/k252a1/k252a1_cont_28,0,0.0,,False,spontaneous,338,True
s3://braingeneers/braindance/25-05-08_bee_drugs/,25178ic,k252a1/k252a1_cont_133,s3://braingeneers/braindance/25-05-08_bee_drugs/25178ic/k252a1/k252a1_cont_133,700,1.0,1.00000239758944,True,stim,338,True
s3://braingeneers/braindance/25-05-08_bee_drugs/,25178ic,k252a1/k252a1_cont_40,s3://braingeneers/braindance/25-05-08_bee_drugs/25178ic/k252a1/k252a1_cont_40,0,0.0,,False,spontaneous,338,True
s3://braingeneers/braindance/25-05-08_bee_drugs/,25178ic,k252a1/k252a1_cont_292,s3://braingeneers/braindance/25-05-08_bee_drugs/25178ic/k252a1/k252a1_cont_292,0,0.0,,False,spontaneous,338,True
s3://braingeneers/braindance/25-05-08_bee_drugs/,25178ic,k252a1/k252a1_cont_74,s3://braingeneers/braindance/25-05-08_bee_drugs/25178ic/k252a1/k252a1_cont_74,0,0.0,,False,spontaneous,338,True
s3://braingeneers/braindance/25-05-08_bee_drugs/,25178ic,k252a1/k252a1_cont_205,s3://braingeneers/braindance/25-05-08_bee_drugs/25178ic/k252a1/k252a1_cont_205,1400,2.0,1.999995231408039,True,stim,338,True
s3://braingeneers/braindance/25-05-08_bee_drugs/,25178ic,k252a1/k252a1_cont_216,s3://braingeneers/braindance/25-05-08_bee_drugs/25178ic/k252a1/k252a1_cont_216,0,0.0,,False,spontaneous,338,True
s3://braingeneers/braindance/25-05-08_bee_drugs/,25178ic,k252a1/k252a1_cont_55,s3://braingeneers/braindance/25-05-08_bee_drugs/25178ic/k252a1/k252a1_cont_55,1400,2.0,1.9999954153814776,True,stim,338,True
s3://braingeneers/braindance/25-05-08_bee_drugs/,25178ic,k252a1/k252a1_cont_223,s3://braingeneers/braindance/25-05-08_bee_drugs/25178ic/k252a1/k252a1_cont_223,700,1.0,0.9999941554189986,True,stim,338,True
s3://braingeneers/braindance/25-05-08_bee_drugs/,25178ic,k252a1/k252a1_cont_33,s3://braingeneers/braindance/25-05-08_bee_drugs/25178ic/k252a1/k252a1_cont_33,700,1.0,1.0000023831516018,True,stim,338,True
s3://braingeneers/braindance/25-05-08_bee_drugs/,25178ic,k252a1/k252a1_cont_299,s3://braingeneers/braindance/25-05-08_bee_drugs/25178ic/k252a1/k252a1_cont_299,5600,8.0,7.999926674755504,True,stim,338,True
s3://braingeneers/braindance/25-05-08_bee_drugs/,25178ic,k252a1/k252a1_cont_250,s3://braingeneers/braindance/25-05-08_bee_drugs/25178ic/k252a1/k252a1_cont_250,0,0.0,,False,spontaneous,338,True
s3://braingeneers/braindance/25-05-08_bee_drugs/,25178ic,k252a1/k252a1_cont_162,s3://braingeneers/braindance/25-05-08_bee_drugs/25178ic/k252a1/k252a1_cont_162,0,0.0,,False,spontaneous,338,True
s3://braingeneers/braindance/25-05-08_bee_drugs/,25178ic,k252a1/k252a1_cont_163,s3://braingeneers/braindance/25-05-08_bee_drugs/25178ic/k252a1/k252a1_cont_163,700,1.0,0.9999907555732958,True,stim,338,True
s3://braingeneers/braindance/25-05-08_bee_drugs/,25178ic,k252a1/k252a1_cont_70,s3://braingeneers/braindance/25-05-08_bee_drugs/25178ic/k252a1/k252a1_cont_70,0,0.0,,False,spontaneous,338,True
s3://braingeneers/braindance/25-05-08_bee_drugs/,25178ic,k252a1/k252a1_cont_132,s3://braingeneers/braindance/25-05-08_bee_drugs/25178ic/k252a1/k252a1_cont_132,0,0.0,,False,spontaneous,338,True
s3://braingeneers/braindance/25-05-08_bee_drugs/,25178ic,k252a1/k252a1_cont_77,s3://braingeneers/braindance/25-05-08_bee_drugs/25178ic/k252a1/k252a1_cont_77,2800,4.0,3.9999783432112297,True,stim,338,True
s3://braingeneers/braindance/25-05-08_bee_drugs/,25178ic,k252a1/k252a1_cont_225,s3://braingeneers/braindance/25-05-08_bee_drugs/25178ic/k252a1/k252a1_cont_225,1400,2.0,1.9999975787934896,True,stim,338,True
s3://braingeneers/braindance/25-05-08_bee_drugs/,25178ic,k252a1/k252a1_cont_290,s3://braingeneers/braindance/25-05-08_bee_drugs/25178ic/k252a1/k252a1_cont_290,0,0.0,,False,spontaneous,338,True
s3://braingeneers/braindance/25-05-08_bee_drugs/,25178ic,k252a1/k252a1_cont_82,s3://braingeneers/braindance/25-05-08_bee_drugs/25178ic/k252a1/k252a1_cont_82,0,0.0,,False,spontaneous,338,True
s3://braingeneers/braindance/25-05-08_bee_drugs/,25178ic,k252a1/k252a1_cont_106,s3://braingeneers/braindance/25-05-08_bee_drugs/25178ic/k252a1/k252a1_cont_106,0,0.0,,False,spontaneous,338,True
s3://braingeneers/braindance/25-05-08_bee_drugs/,25178ic,k252a1/k252a1_cont_16,s3://braingeneers/braindance/25-05-08_bee_drugs/25178ic/k252a1/k252a1_cont_16,0,0.0,,False,spontaneous,338,True
s3://braingeneers/braindance/25-05-08_bee_drugs/,25178ic,k252a1/k252a1_cont_91,s3://braingeneers/braindance/25-05-08_bee_drugs/25178ic/k252a1/k252a1_cont_91,350,0.5,0.5000013441132111,True,stim,338,True
s3://braingeneers/braindance/25-05-08_bee_drugs/,25178ic,k252a1/k252a1_cont_167,s3://braingeneers/braindance/25-05-08_bee_drugs/25178ic/k252a1/k252a1_cont_167,2800,4.0,3.999976163577601,True,stim,338,True
s3://braingeneers/braindance/25-05-08_bee_drugs/,25178ic,k252a1/k252a1_cont_325,s3://braingeneers/braindance/25-05-08_bee_drugs/25178ic/k252a1/k252a1_cont_325,1400,2.0,1.9999813692428596,True,stim,338,True
s3://braingeneers/braindance/25-05-08_bee_drugs/,25178ic,k252a1/k252a1_cont_230,s3://braingeneers/braindance/25-05-08_bee_drugs/25178ic/k252a1/k252a1_cont_230,0,0.0,,False,spontaneous,338,True
s3://braingeneers/braindance/25-05-08_bee_drugs/,25178ic,k252a1/k252a1_cont_179,s3://braingeneers/braindance/25-05-08_bee_drugs/25178ic/k252a1/k252a1_cont_179,5600,8.0,7.999973266252606,True,stim,338,True
s3://braingeneers/braindance/25-05-08_bee_drugs/,25178ic,k252a1/k252a1_cont_300,s3://braingeneers/braindance/25-05-08_bee_drugs/25178ic/k252a1/k252a1_cont_300,0,0.0,,False,spontaneous,338,True
s3://braingeneers/braindance/25-05-08_bee_drugs/,25178ic,k252a1/k252a1_cont_96,s3://braingeneers/braindance/25-05-08_bee_drugs/25178ic/k252a1/k252a1_cont_96,0,0.0,,False,spontaneous,338,True
s3://braingeneers/braindance/25-05-08_bee_drugs/,25178ic,k252a1/k252a1_cont_335,s3://braingeneers/braindance/25-05-08_bee_drugs/25178ic/k252a1/k252a1_cont_335,1400,2.0,1.9999992184306064,True,stim,338,True
s3://braingeneers/braindance/25-05-08_bee_drugs/,25178ic,k252a1/k252a1_cont_275,s3://braingeneers/braindance/25-05-08_bee_drugs/25178ic/k252a1/k252a1_cont_275,1400,2.0,1.9999973094303425,True,stim,338,True
s3://braingeneers/braindance/25-05-08_bee_drugs/,25178ic,k252a1/k252a1_cont_21,s3://braingeneers/braindance/25-05-08_bee_drugs/25178ic/k252a1/k252a1_cont_21,350,0.5,0.4999961923312911,True,stim,338,True
s3://braingeneers/braindance/25-05-08_bee_drugs/,25178ic,k252a1/k252a1_cont_1,s3://braingeneers/braindance/25-05-08_bee_drugs/25178ic/k252a1/k252a1_cont_1,350,0.5,0.4999988371474035,True,stim,338,True
s3://braingeneers/braindance/25-05-08_bee_drugs/,25178ic,k252a1/k252a1_cont_105,s3://braingeneers/braindance/25-05-08_bee_drugs/25178ic/k252a1/k252a1_cont_105,1400,2.0,1.999984655239955,True,stim,338,True
s3://braingeneers/braindance/25-05-08_bee_drugs/,25178ic,k252a1/k252a1_cont_114,s3://braingeneers/braindance/25-05-08_bee_drugs/25178ic/k252a1/k252a1_cont_114,0,0.0,,False,spontaneous,338,True
s3://braingeneers/braindance/25-05-08_bee_drugs/,25178ic,k252a1/k252a1_cont_143,s3://braingeneers/braindance/25-05-08_bee_drugs/25178ic/k252a1/k252a1_cont_143,700,1.0,0.9999958004568336,True,stim,338,True
s3://braingeneers/braindance/25-05-08_bee_drugs/,25178ic,k252a1/k252a1_cont_187,s3://braingeneers/braindance/25-05-08_bee_drugs/25178ic/k252a1/k252a1_cont_187,2800,4.0,3.999994708225643,True,stim,338,True
s3://braingeneers/braindance/25-05-08_bee_drugs/,25178ic,k252a1/k252a1_cont_85,s3://braingeneers/braindance/25-05-08_bee_drugs/25178ic/k252a1/k252a1_cont_85,1400,2.0,2.000012474122121,True,stim,338,True
s3://braingeneers/braindance/25-05-08_bee_drugs/,25178ic,k252a1/k252a1_cont_180,s3://braingeneers/braindance/25-05-08_bee_drugs/25178ic/k252a1/k252a1_cont_180,0,0.0,,False,spontaneous,338,True
s3://braingeneers/braindance/25-05-08_bee_drugs/,25178ic,k252a1/k252a1_cont_64,s3://braingeneers/braindance/25-05-08_bee_drugs/25178ic/k252a1/k252a1_cont_64,0,0.0,,False,spontaneous,338,True
s3://braingeneers/braindance/25-05-08_bee_drugs/,25178ic,k252a1/k252a1_cont_336,s3://braingeneers/braindance/25-05-08_bee_drugs/25178ic/k252a1/k252a1_cont_336,0,0.0,,False,spontaneous,338,True
s3://braingeneers/braindance/25-05-08_bee_drugs/,25178ic,k252a1/k252a1_cont_252,s3://braingeneers/braindance/25-05-08_bee_drugs/25178ic/k252a1/k252a1_cont_252,0,0.0,,False,spontaneous,338,True
s3://braingeneers/braindance/25-05-08_bee_drugs/,25178ic,k252a1/k252a1_cont_204,s3://braingeneers/braindance/25-05-08_bee_drugs/25178ic/k252a1/k252a1_cont_204,0,0.0,,False,spontaneous,338,True
s3://braingeneers/braindance/25-05-08_bee_drugs/,25178ic,k252a1/k252a1_cont_259,s3://braingeneers/braindance/25-05-08_bee_drugs/25178ic/k252a1/k252a1_cont_259,5600,8.0,7.999973751433191,True,stim,338,True
s3://braingeneers/braindance/25-05-08_bee_drugs/,25178ic,k252a1/k252a1_cont_68,s3://braingeneers/braindance/25-05-08_bee_drugs/25178ic/k252a1/k252a1_cont_68,0,0.0,,False,spontaneous,338,True
s3://braingeneers/braindance/25-05-08_bee_drugs/,25178ic,k252a1/k252a1_cont_152,s3://braingeneers/braindance/25-05-08_bee_drugs/25178ic/k252a1/k252a1_cont_152,0,0.0,,False,spontaneous,338,True
s3://braingeneers/braindance/25-05-08_bee_drugs/,25178ic,k252a1/k252a1_cont_92,s3://braingeneers/braindance/25-05-08_bee_drugs/25178ic/k252a1/k252a1_cont_92,0,0.0,,False,spontaneous,338,True
s3://braingeneers/braindance/25-05-08_bee_drugs/,25178ic,k252a1/k252a1_cont_153,s3://braingeneers/braindance/25-05-08_bee_drugs/25178ic/k252a1/k252a1_cont_153,700,1.0,0.9999972424940304,True,stim,338,True
s3://braingeneers/braindance/25-05-08_bee_drugs/,25178ic,k252a1/k252a1_cont_333,s3://braingeneers/braindance/25-05-08_bee_drugs/25178ic/k252a1/k252a1_cont_333,700,1.0,0.9999988047539528,True,stim,338,True
s3://braingeneers/braindance/25-05-08_bee_drugs/,25178ic,k252a1/k252a1_cont_118,s3://braingeneers/braindance/25-05-08_bee_drugs/25178ic/k252a1/k252a1_cont_118,0,0.0,,False,spontaneous,338,True
s3://braingeneers/braindance/25-05-08_bee_drugs/,25178ic,k252a1/k252a1_cont_156,s3://braingeneers/braindance/25-05-08_bee_drugs/25178ic/k252a1/k252a1_cont_156,0,0.0,,False,spontaneous,338,True
s3://braingeneers/braindance/25-05-08_bee_drugs/,25178ic,k252a1/k252a1_cont_193,s3://braingeneers/braindance/25-05-08_bee_drugs/25178ic/k252a1/k252a1_cont_193,700,1.0,0.999989584244405,True,stim,338,True
s3://braingeneers/braindance/25-05-08_bee_drugs/,25178ic,k252a1/k252a1_cont_123,s3://braingeneers/braindance/25-05-08_bee_drugs/25178ic/k252a1/k252a1_cont_123,700,1.0,1.0000002879399954,True,stim,338,True
s3://braingeneers/braindance/25-05-08_bee_drugs/,25178ic,k252a1/k252a1_cont_146,s3://braingeneers/braindance/25-05-08_bee_drugs/25178ic/k252a1/k252a1_cont_146,0,0.0,,False,spontaneous,338,True
s3://braingeneers/braindance/25-05-08_bee_drugs/,25178ic,k252a1/k252a1,s3://braingeneers/braindance/25-05-08_bee_drugs/25178ic/k252a1/k252a1,0,0.0,,False,spontaneous,338,True
s3://braingeneers/braindance/25-05-08_bee_drugs/,25178ic,k252a1/k252a1_cont_76,s3://braingeneers/braindance/25-05-08_bee_drugs/25178ic/k252a1/k252a1_cont_76,0,0.0,,False,spontaneous,338,True
s3://braingeneers/braindance/25-05-08_bee_drugs/,25178ic,k252a1/k252a1_cont_239,s3://braingeneers/braindance/25-05-08_bee_drugs/25178ic/k252a1/k252a1_cont_239,5600,8.0,7.999977983546356,True,stim,338,True
s3://braingeneers/braindance/25-05-08_bee_drugs/,25178ic,k252a1/k252a1_cont_142,s3://braingeneers/braindance/25-05-08_bee_drugs/25178ic/k252a1/k252a1_cont_142,0,0.0,,False,spontaneous,338,True
s3://braingeneers/braindance/25-05-08_bee_drugs/,25178ic,k252a1/k252a1_cont_257,s3://braingeneers/braindance/25-05-08_bee_drugs/25178ic/k252a1/k252a1_cont_257,2800,4.0,3.99999553395289,True,stim,338,True
s3://braingeneers/braindance/25-05-08_bee_drugs/,25178ic,k252a1/k252a1_cont_224,s3://braingeneers/braindance/25-05-08_bee_drugs/25178ic/k252a1/k252a1_cont_224,0,0.0,,False,spontaneous,338,True
s3://braingeneers/braindance/25-05-08_bee_drugs/,25178ic,k252a1/k252a1_cont_6,s3://braingeneers/braindance/25-05-08_bee_drugs/25178ic/k252a1/k252a1_cont_6,0,0.0,,False,spontaneous,338,True
s3://braingeneers/braindance/25-05-08_bee_drugs/,25178ic,k252a1/k252a1_cont_3,s3://braingeneers/braindance/25-05-08_bee_drugs/25178ic/k252a1/k252a1_cont_3,700,1.0,0.9999934287627804,True,stim,338,True
s3://braingeneers/braindance/25-05-08_bee_drugs/,25178ic,k252a1/k252a1_cont_269,s3://braingeneers/braindance/25-05-08_bee_drugs/25178ic/k252a1/k252a1_cont_269,5600,8.0,7.999999156706544,True,stim,338,True
s3://braingeneers/braindance/25-05-08_bee_drugs/,25178ic,k252a1/k252a1_cont_136,s3://braingeneers/braindance/25-05-08_bee_drugs/25178ic/k252a1/k252a1_cont_136,0,0.0,,False,spontaneous,338,True
s3://braingeneers/braindance/25-05-08_bee_drugs/,25178ic,k252a1/k252a1_cont_29,s3://braingeneers/braindance/25-05-08_bee_drugs/25178ic/k252a1/k252a1_cont_29,5600,8.0,7.999997812467087,True,stim,338,True
s3://braingeneers/braindance/25-05-08_bee_drugs/,25178ic,k252a1/k252a1_cont_284,s3://braingeneers/braindance/25-05-08_bee_drugs/25178ic/k252a1/k252a1_cont_284,0,0.0,,False,spontaneous,338,True
s3://braingeneers/braindance/25-05-08_bee_drugs/,25178ic,k252a1/k252a1_cont_326,s3://braingeneers/braindance/25-05-08_bee_drugs/25178ic/k252a1/k252a1_cont_326,0,0.0,,False,spontaneous,338,True
s3://braingeneers/braindance/25-05-08_bee_drugs/,25178ic,k252a1/k252a1_cont_172,s3://braingeneers/braindance/25-05-08_bee_drugs/25178ic/k252a1/k252a1_cont_172,0,0.0,,False,spontaneous,338,True
s3://braingeneers/braindance/25-05-08_bee_drugs/,25178ic,k252a1/k252a1_cont_140,s3://braingeneers/braindance/25-05-08_bee_drugs/25178ic/k252a1/k252a1_cont_140,0,0.0,,False,spontaneous,338,True
s3://braingeneers/braindance/25-05-08_bee_drugs/,25178ic,k252a1/k252a1_cont_233,s3://braingeneers/braindance/25-05-08_bee_drugs/25178ic/k252a1/k252a1_cont_233,700,1.0,0.999999925148784,True,stim,338,True
s3://braingeneers/braindance/25-05-08_bee_drugs/,25178ic,k252a1/k252a1_cont_217,s3://braingeneers/braindance/25-05-08_bee_drugs/25178ic/k252a1/k252a1_cont_217,2800,4.0,3.999971340089542,True,stim,338,True
s3://braingeneers/braindance/25-05-08_bee_drugs/,25178ic,k252a1/k252a1_cont_228,s3://braingeneers/braindance/25-05-08_bee_drugs/25178ic/k252a1/k252a1_cont_228,0,0.0,,False,spontaneous,338,True
s3://braingeneers/braindance/25-05-08_bee_drugs/,25178ic,k252a1/k252a1_cont_261,s3://braingeneers/braindance/25-05-08_bee_drugs/25178ic/k252a1/k252a1_cont_261,350,0.5,0.4999941628260343,True,stim,338,True
s3://braingeneers/braindance/25-05-08_bee_drugs/,25178ic,k252a1/k252a1_cont_195,s3://braingeneers/braindance/25-05-08_bee_drugs/25178ic/k252a1/k252a1_cont_195,1400,2.0,1.9999857686073128,True,stim,338,True
s3://braingeneers/braindance/25-05-08_bee_drugs/,25178ic,k252a1/k252a1_cont_84,s3://braingeneers/braindance/25-05-08_bee_drugs/25178ic/k252a1/k252a1_cont_84,0,0.0,,False,spontaneous,338,True
s3://braingeneers/braindance/25-05-08_bee_drugs/,25178ic,k252a1/k252a1_cont_318,s3://braingeneers/braindance/25-05-08_bee_drugs/25178ic/k252a1/k252a1_cont_318,0,0.0,,False,spontaneous,338,True
s3://braingeneers/braindance/25-05-08_bee_drugs/,25178ic,k252a1/k252a1_cont_18,s3://braingeneers/braindance/25-05-08_bee_drugs/25178ic/k252a1/k252a1_cont_18,0,0.0,,False,spontaneous,338,True
s3://braingeneers/braindance/25-05-08_bee_drugs/,25178ic,k252a1/k252a1_cont_306,s3://braingeneers/braindance/25-05-08_bee_drugs/25178ic/k252a1/k252a1_cont_306,0,0.0,,False,spontaneous,338,True
s3://braingeneers/braindance/25-05-08_bee_drugs/,25178ic,k252a1/k252a1_cont_30,s3://braingeneers/braindance/25-05-08_bee_drugs/25178ic/k252a1/k252a1_cont_30,0,0.0,,False,spontaneous,338,True
s3://braingeneers/braindance/25-05-08_bee_drugs/,25178ic,k252a1/k252a1_cont_278,s3://braingeneers/braindance/25-05-08_bee_drugs/25178ic/k252a1/k252a1_cont_278,0,0.0,,False,spontaneous,338,True
s3://braingeneers/braindance/25-05-08_bee_drugs/,25178ic,k252a1/k252a1_cont_255,s3://braingeneers/braindance/25-05-08_bee_drugs/25178ic/k252a1/k252a1_cont_255,1400,2.0,1.9999908243966265,True,stim,338,True
s3://braingeneers/braindance/25-05-08_bee_drugs/,25178ic,k252a1/k252a1_cont_310,s3://braingeneers/braindance/25-05-08_bee_drugs/25178ic/k252a1/k252a1_cont_310,0,0.0,,False,spontaneous,338,True
s3://braingeneers/braindance/25-05-08_bee_drugs/,25178ic,k252a1/k252a1_cont_317,s3://braingeneers/braindance/25-05-08_bee_drugs/25178ic/k252a1/k252a1_cont_317,2800,4.0,3.999970861479838,True,stim,338,True
s3://braingeneers/braindance/25-05-08_bee_drugs/,25178ic,k252a1/k252a1_cont_139,s3://braingeneers/braindance/25-05-08_bee_drugs/25178ic/k252a1/k252a1_cont_139,5600,8.0,7.999948239903454,True,stim,338,True
s3://braingeneers/braindance/25-05-08_bee_drugs/,25178ic,k252a1/k252a1_cont_27,s3://braingeneers/braindance/25-05-08_bee_drugs/25178ic/k252a1/k252a1_cont_27,2800,4.0,4.000018866907135,True,stim,338,True
s3://braingeneers/braindance/25-05-08_bee_drugs/,25178ic,k252a1/k252a1_cont_331,s3://braingeneers/braindance/25-05-08_bee_drugs/25178ic/k252a1/k252a1_cont_331,350,0.5,0.4999959744528962,True,stim,338,True
s3://braingeneers/braindance/25-05-08_bee_drugs/,25178ic,k252a1/k252a1_cont_46,s3://braingeneers/braindance/25-05-08_bee_drugs/25178ic/k252a1/k252a1_cont_46,0,0.0,,False,spontaneous,338,True
s3://braingeneers/braindance/25-05-08_bee_drugs/,25178ic,k252a1/k252a1_cont_101,s3://braingeneers/braindance/25-05-08_bee_drugs/25178ic/k252a1/k252a1_cont_101,350,0.5,0.4999971053913929,True,stim,338,True
s3://braingeneers/braindance/25-05-08_bee_drugs/,25178ic,k252a1/k252a1_cont_192,s3://braingeneers/braindance/25-05-08_bee_drugs/25178ic/k252a1/k252a1_cont_192,0,0.0,,False,spontaneous,338,True
s3://braingeneers/braindance/25-05-08_bee_drugs/,25178ic,k252a1/k252a1_cont_305,s3://braingeneers/braindance/25-05-08_bee_drugs/25178ic/k252a1/k252a1_cont_305,1400,2.0,1.999978179368872,True,stim,338,True
s3://braingeneers/braindance/25-05-08_bee_drugs/,25178ic,k252a1/k252a1_cont_289,s3://braingeneers/braindance/25-05-08_bee_drugs/25178ic/k252a1/k252a1_cont_289,5600,8.0,7.999999973343781,True,stim,338,True
s3://braingeneers/braindance/25-05-08_bee_drugs/,25178ic,k252a1/k252a1_cont_54,s3://braingeneers/braindance/25-05-08_bee_drugs/25178ic/k252a1/k252a1_cont_54,0,0.0,,False,spontaneous,338,True
s3://braingeneers/braindance/25-05-08_bee_drugs/,25178ic,k252a1/k252a1_cont_124,s3://braingeneers/braindance/25-05-08_bee_drugs/25178ic/k252a1/k252a1_cont_124,0,0.0,,False,spontaneous,338,True
s3://braingeneers/braindance/25-05-08_bee_drugs/,25178ic,k252a1/k252a1_cont_72,s3://braingeneers/braindance/25-05-08_bee_drugs/25178ic/k252a1/k252a1_cont_72,0,0.0,,False,spontaneous,338,True
s3://braingeneers/braindance/25-05-08_bee_drugs/,25178ic,k252a1/k252a1_cont_196,s3://braingeneers/braindance/25-05-08_bee_drugs/25178ic/k252a1/k252a1_cont_196,0,0.0,,False,spontaneous,338,True
s3://braingeneers/braindance/25-05-08_bee_drugs/,25178ic,k252a1/k252a1_cont_63,s3://braingeneers/braindance/25-05-08_bee_drugs/25178ic/k252a1/k252a1_cont_63,700,1.0,1.0000020883405556,True,stim,338,True
s3://braingeneers/braindance/25-05-08_bee_drugs/,25178ic,k252a1/k252a1_cont_10,s3://braingeneers/braindance/25-05-08_bee_drugs/25178ic/k252a1/k252a1_cont_10,0,0.0,,False,spontaneous,338,True
s3://braingeneers/braindance/25-05-08_bee_drugs/,25178ic,k252a1/k252a1_cont_197,s3://braingeneers/braindance/25-05-08_bee_drugs/25178ic/k252a1/k252a1_cont_197,2800,4.0,4.000009284194457,True,stim,338,True
s3://braingeneers/braindance/25-05-08_bee_drugs/,25178ic,k252a1/k252a1_cont_121,s3://braingeneers/braindance/25-05-08_bee_drugs/25178ic/k252a1/k252a1_cont_121,350,0.5,0.4999965973741483,True,stim,338,True
s3://braingeneers/braindance/25-05-08_bee_drugs/,25178ic,k252a1/k252a1_cont_256,s3://braingeneers/braindance/25-05-08_bee_drugs/25178ic/k252a1/k252a1_cont_256,0,0.0,,False,spontaneous,338,True
s3://braingeneers/braindance/25-05-08_bee_drugs/,25178ic,k252a1/k252a1_cont_145,s3://braingeneers/braindance/25-05-08_bee_drugs/25178ic/k252a1/k252a1_cont_145,1400,2.0,2.000012570120446,True,stim,338,True
s3://braingeneers/braindance/25-05-08_bee_drugs/,25178ic,k252a1/k252a1_cont_23,s3://braingeneers/braindance/25-05-08_bee_drugs/25178ic/k252a1/k252a1_cont_23,700,1.0,1.0000010531312968,True,stim,338,True
s3://braingeneers/braindance/25-05-08_bee_drugs/,25178ic,k252a1/k252a1_cont_169,s3://braingeneers/braindance/25-05-08_bee_drugs/25178ic/k252a1/k252a1_cont_169,5600,8.0,7.999991661708349,True,stim,338,True
s3://braingeneers/braindance/25-05-08_bee_drugs/,25178ic,k252a1/k252a1_cont_332,s3://braingeneers/braindance/25-05-08_bee_drugs/25178ic/k252a1/k252a1_cont_332,0,0.0,,False,spontaneous,338,True
s3://braingeneers/braindance/25-05-08_bee_drugs/,25178ic,k252a1/k252a1_cont_218,s3://braingeneers/braindance/25-05-08_bee_drugs/25178ic/k252a1/k252a1_cont_218,0,0.0,,False,spontaneous,338,True
s3://braingeneers/braindance/25-05-08_bee_drugs/,25178ic,k252a1/k252a1_cont_296,s3://braingeneers/braindance/25-05-08_bee_drugs/25178ic/k252a1/k252a1_cont_296,0,0.0,,False,spontaneous,338,True
s3://braingeneers/braindance/25-05-08_bee_drugs/,25178ic,k252a1/k252a1_cont_41,s3://braingeneers/braindance/25-05-08_bee_drugs/25178ic/k252a1/k252a1_cont_41,350,0.5,0.4999986916380933,True,stim,338,True
s3://braingeneers/braindance/25-05-08_bee_drugs/,25178ic,k252a1/k252a1_cont_36,s3://braingeneers/braindance/25-05-08_bee_drugs/25178ic/k252a1/k252a1_cont_36,0,0.0,,False,spontaneous,338,True
s3://braingeneers/braindance/25-05-08_bee_drugs/,25178ic,k252a1/k252a1_cont_219,s3://braingeneers/braindance/25-05-08_bee_drugs/25178ic/k252a1/k252a1_cont_219,5600,8.0,7.99996300681083,True,stim,338,True
s3://braingeneers/braindance/25-05-08_bee_drugs/,25178ic,k252a1/k252a1_cont_53,s3://braingeneers/braindance/25-05-08_bee_drugs/25178ic/k252a1/k252a1_cont_53,700,1.0,1.000001218346264,True,stim,338,True
s3://braingeneers/braindance/25-05-08_bee_drugs/,25178ic,k252a1/k252a1_cont_107,s3://braingeneers/braindance/25-05-08_bee_drugs/25178ic/k252a1/k252a1_cont_107,2800,4.0,3.99999151788584,True,stim,338,True
s3://braingeneers/braindance/25-05-08_bee_drugs/,25178ic,k252a1/k252a1_cont_268,s3://braingeneers/braindance/25-05-08_bee_drugs/25178ic/k252a1/k252a1_cont_268,0,0.0,,False,spontaneous,338,True
s3://braingeneers/braindance/25-05-08_bee_drugs/,25178ic,k252a1/k252a1_cont_89,s3://braingeneers/braindance/25-05-08_bee_drugs/25178ic/k252a1/k252a1_cont_89,5600,8.0,7.999916621636949,True,stim,338,True
s3://braingeneers/braindance/25-05-08_bee_drugs/,25178ic,k252a1/k252a1_cont_202,s3://braingeneers/braindance/25-05-08_bee_drugs/25178ic/k252a1/k252a1_cont_202,0,0.0,,False,spontaneous,338,True
s3://braingeneers/braindance/25-05-08_bee_drugs/,25178ic,k252a1/k252a1_cont_42,s3://braingeneers/braindance/25-05-08_bee_drugs/25178ic/k252a1/k252a1_cont_42,0,0.0,,False,spontaneous,338,True
s3://braingeneers/braindance/25-05-08_bee_drugs/,25178ic,k252a1/k252a1_cont_242,s3://braingeneers/braindance/25-05-08_bee_drugs/25178ic/k252a1/k252a1_cont_242,0,0.0,,False,spontaneous,338,True
s3://braingeneers/braindance/25-05-08_bee_drugs/,25178ic,k252a1/k252a1_cont_2,s3://braingeneers/braindance/25-05-08_bee_drugs/25178ic/k252a1/k252a1_cont_2,0,0.0,,False,spontaneous,338,True
s3://braingeneers/braindance/25-05-08_bee_drugs/,25178ic,k252a1/k252a1_cont_115,s3://braingeneers/braindance/25-05-08_bee_drugs/25178ic/k252a1/k252a1_cont_115,1400,2.0,1.9999930515895508,True,stim,338,True
s3://braingeneers/braindance/25-05-08_bee_drugs/,25178ic,k252a1/k252a1_cont_7,s3://braingeneers/braindance/25-05-08_bee_drugs/25178ic/k252a1/k252a1_cont_7,2800,4.0,3.999973378280786,True,stim,338,True
s3://braingeneers/braindance/25-05-08_bee_drugs/,25178ic,k252a1/k252a1_cont_328,s3://braingeneers/braindance/25-05-08_bee_drugs/25178ic/k252a1/k252a1_cont_328,0,0.0,,False,spontaneous,338,True
s3://braingeneers/braindance/25-05-08_bee_drugs/,25178ic,k252a1/k252a1_cont_274,s3://braingeneers/braindance/25-05-08_bee_drugs/25178ic/k252a1/k252a1_cont_274,0,0.0,,False,spontaneous,338,True
s3://braingeneers/braindance/25-05-08_bee_drugs/,25178ic,k252a1/k252a1_cont_282,s3://braingeneers/braindance/25-05-08_bee_drugs/25178ic/k252a1/k252a1_cont_282,0,0.0,,False,spontaneous,338,True
s3://braingeneers/braindance/25-05-08_bee_drugs/,25178ic,k252a1/k252a1_cont_125,s3://braingeneers/braindance/25-05-08_bee_drugs/25178ic/k252a1/k252a1_cont_125,1400,2.0,1.9999894264633336,True,stim,338,True
s3://braingeneers/braindance/25-05-08_bee_drugs/,25178ic,k252a1/k252a1_cont_79,s3://braingeneers/braindance/25-05-08_bee_drugs/25178ic/k252a1/k252a1_cont_79,5600,8.0,7.999963670054547,True,stim,338,True
s3://braingeneers/braindance/25-05-08_bee_drugs/,25178ic,k252a1/k252a1_cont_90,s3://braingeneers/braindance/25-05-08_bee_drugs/25178ic/k252a1/k252a1_cont_90,0,0.0,,False,spontaneous,338,True
s3://braingeneers/braindance/25-05-08_bee_drugs/,25178ic,k252a1/k252a1_cont_173,s3://braingeneers/braindance/25-05-08_bee_drugs/25178ic/k252a1/k252a1_cont_173,700,1.0,0.9999980040197188,True,stim,338,True
s3://braingeneers/braindance/25-05-08_bee_drugs/,25178ic,k252a1/k252a1_cont_181,s3://braingeneers/braindance/25-05-08_bee_drugs/25178ic/k252a1/k252a1_cont_181,350,0.5,0.4999994535399882,True,stim,338,True
s3://braingeneers/braindance/25-05-08_bee_drugs/,25178ic,k252a1/k252a1_cont_314,s3://braingeneers/braindance/25-05-08_bee_drugs/25178ic/k252a1/k252a1_cont_314,0,0.0,,False,spontaneous,338,True
s3://braingeneers/braindance/25-05-08_bee_drugs/,25178ic,k252a1/k252a1_cont_253,s3://braingeneers/braindance/25-05-08_bee_drugs/25178ic/k252a1/k252a1_cont_253,700,1.0,1.0000000191859617,True,stim,338,True
s3://braingeneers/braindance/25-05-08_bee_drugs/,25178ic,k252a1/k252a1_cont_323,s3://braingeneers/braindance/25-05-08_bee_drugs/25178ic/k252a1/k252a1_cont_323,700,1.0,1.0000020832003562,True,stim,338,True
s3://braingeneers/braindance/25-05-08_bee_drugs/,25178ic,k252a1/k252a1_cont_116,s3://braingeneers/braindance/25-05-08_bee_drugs/25178ic/k252a1/k252a1_cont_116,0,0.0,,False,spontaneous,338,True
s3://braingeneers/braindance/25-05-08_bee_drugs/,25178ic,k252a1/k252a1_cont_258,s3://braingeneers/braindance/25-05-08_bee_drugs/25178ic/k252a1/k252a1_cont_258,0,0.0,,False,spontaneous,338,True
s3://braingeneers/braindance/25-05-08_bee_drugs/,25178ic,k252a1/k252a1_cont_273,s3://braingeneers/braindance/25-05-08_bee_drugs/25178ic/k252a1/k252a1_cont_273,700,1.0,0.9999957954425854,True,stim,338,True
s3://braingeneers/braindance/25-05-08_bee_drugs/,25178ic,k252a1/k252a1_cont_25,s3://braingeneers/braindance/25-05-08_bee_drugs/25178ic/k252a1/k252a1_cont_25,1400,2.0,1.9999861538085024,True,stim,338,True
s3://braingeneers/braindance/25-05-08_bee_drugs/,25178ic,k252a1/k252a1_cont_120,s3://braingeneers/braindance/25-05-08_bee_drugs/25178ic/k252a1/k252a1_cont_120,0,0.0,,False,spontaneous,338,True
s3://braingeneers/braindance/25-05-08_bee_drugs/,25178ic,k252a1/k252a1_cont_49,s3://braingeneers/braindance/25-05-08_bee_drugs/25178ic/k252a1/k252a1_cont_49,5600,8.0,8.00003869170205,True,stim,338,True
s3://braingeneers/braindance/25-05-08_bee_drugs/,25178ic,k252a1/k252a1_cont_176,s3://braingeneers/braindance/25-05-08_bee_drugs/25178ic/k252a1/k252a1_cont_176,0,0.0,,False,spontaneous,338,True
s3://braingeneers/braindance/25-05-08_bee_drugs/,25178ic,k252a1/k252a1_cont_34,s3://braingeneers/braindance/25-05-08_bee_drugs/25178ic/k252a1/k252a1_cont_34,0,0.0,,False,spontaneous,338,True
s3://braingeneers/braindance/25-05-08_bee_drugs/,25178ic,k252a1/k252a1_cont_75,s3://braingeneers/braindance/25-05-08_bee_drugs/25178ic/k252a1/k252a1_cont_75,1400,2.0,1.9999852214901972,True,stim,338,True
s3://braingeneers/braindance/25-05-08_bee_drugs/,25178ic,k252a1/k252a1_cont_128,s3://braingeneers/braindance/25-05-08_bee_drugs/25178ic/k252a1/k252a1_cont_128,0,0.0,,False,spontaneous,338,True
s3://braingeneers/braindance/25-05-08_bee_drugs/,25178ic,k252a1/k252a1_cont_43,s3://braingeneers/braindance/25-05-08_bee_drugs/25178ic/k252a1/k252a1_cont_43,700,1.0,0.9999994321119088,True,stim,338,True
s3://braingeneers/braindance/25-05-08_bee_drugs/,25178ic,k252a1/k252a1_cont_215,s3://braingeneers/braindance/25-05-08_bee_drugs/25178ic/k252a1/k252a1_cont_215,1400,2.0,1.9999883249602612,True,stim,338,True
s3://braingeneers/braindance/25-05-08_bee_drugs/,25178ic,k252a1/k252a1_cont_5,s3://braingeneers/braindance/25-05-08_bee_drugs/25178ic/k252a1/k252a1_cont_5,1400,2.0,1.9999933794129117,True,stim,338,True
s3://braingeneers/braindance/25-05-08_bee_drugs/,25178ic,k252a1/k252a1_cont_240,s3://braingeneers/braindance/25-05-08_bee_drugs/25178ic/k252a1/k252a1_cont_240,0,0.0,,False,spontaneous,338,True
s3://braingeneers/braindance/25-05-08_bee_drugs/,25178ic,k252a1/k252a1_cont_95,s3://braingeneers/braindance/25-05-08_bee_drugs/25178ic/k252a1/k252a1_cont_95,1400,2.0,1.999998132367732,True,stim,338,True
s3://braingeneers/braindance/25-05-08_bee_drugs/,25178ic,k252a1/k252a1_cont_220,s3://braingeneers/braindance/25-05-08_bee_drugs/25178ic/k252a1/k252a1_cont_220,0,0.0,,False,spontaneous,338,True
s3://braingeneers/braindance/25-05-08_bee_drugs/,25178ic,k252a1/k252a1_cont_65,s3://braingeneers/braindance/25-05-08_bee_drugs/25178ic/k252a1/k252a1_cont_65,1400,2.0,1.9999953297693056,True,stim,338,True
s3://braingeneers/braindance/25-05-08_bee_drugs/,25178ic,k252a1/k252a1_cont_35,s3://braingeneers/braindance/25-05-08_bee_drugs/25178ic/k252a1/k252a1_cont_35,1400,2.0,1.9999726451775808,True,stim,338,True
s3://braingeneers/braindance/25-05-08_bee_drugs/,25178ic,k252a1/k252a1_cont_166,s3://braingeneers/braindance/25-05-08_bee_drugs/25178ic/k252a1/k252a1_cont_166,0,0.0,,False,spontaneous,338,True
s3://braingeneers/braindance/25-05-08_bee_drugs/,25178ic,k252a1/k252a1_cont_330,s3://braingeneers/braindance/25-05-08_bee_drugs/25178ic/k252a1/k252a1_cont_330,0,0.0,,False,spontaneous,338,True
s3://braingeneers/braindance/25-05-08_bee_drugs/,25178ic,k252a1/k252a1_cont_160,s3://braingeneers/braindance/25-05-08_bee_drugs/25178ic/k252a1/k252a1_cont_160,0,0.0,,False,spontaneous,338,True
s3://braingeneers/braindance/25-05-08_bee_drugs/,25178ic,k252a1/k252a1_cont_13,s3://braingeneers/braindance/25-05-08_bee_drugs/25178ic/k252a1/k252a1_cont_13,700,1.0,0.9999958071763788,True,stim,338,True
s3://braingeneers/braindance/25-05-08_bee_drugs/,25178ic,k252a1/k252a1_cont_248,s3://braingeneers/braindance/25-05-08_bee_drugs/25178ic/k252a1/k252a1_cont_248,0,0.0,,False,spontaneous,338,True
s3://braingeneers/braindance/25-05-08_bee_drugs/,25178ic,k252a1/k252a1_cont_112,s3://braingeneers/braindance/25-05-08_bee_drugs/25178ic/k252a1/k252a1_cont_112,0,0.0,,False,spontaneous,338,True
s3://braingeneers/braindance/25-05-08_bee_drugs/,25178ic,k252a1/k252a1_cont_141,s3://braingeneers/braindance/25-05-08_bee_drugs/25178ic/k252a1/k252a1_cont_141,350,0.5,0.5000008943905588,True,stim,338,True
s3://braingeneers/braindance/25-05-08_bee_drugs/,25178ic,k252a1/k252a1_cont_147,s3://braingeneers/braindance/25-05-08_bee_drugs/25178ic/k252a1/k252a1_cont_147,2800,4.0,3.999996923051996,True,stim,338,True
s3://braingeneers/braindance/25-05-08_bee_drugs/,25178ic,k252a1/k252a1_cont_129,s3://braingeneers/braindance/25-05-08_bee_drugs/25178ic/k252a1/k252a1_cont_129,5600,8.0,7.999923601166756,True,stim,338,True
s3://braingeneers/braindance/25-05-08_bee_drugs/,25178ic,k252a1/k252a1_cont_66,s3://braingeneers/braindance/25-05-08_bee_drugs/25178ic/k252a1/k252a1_cont_66,0,0.0,,False,spontaneous,338,True
s3://braingeneers/braindance/25-05-08_bee_drugs/,25178ic,k252a1/k252a1_cont_266,s3://braingeneers/braindance/25-05-08_bee_drugs/25178ic/k252a1/k252a1_cont_266,0,0.0,,False,spontaneous,338,True
s3://braingeneers/braindance/25-05-08_bee_drugs/,25178ic,k252a1/k252a1_cont_8,s3://braingeneers/braindance/25-05-08_bee_drugs/25178ic/k252a1/k252a1_cont_8,0,0.0,,False,spontaneous,338,True
s3://braingeneers/braindance/25-05-08_bee_drugs/,25178ic,k252a1/k252a1_cont_245,s3://braingeneers/braindance/25-05-08_bee_drugs/25178ic/k252a1/k252a1_cont_245,1400,2.0,1.9999970781115008,True,stim,338,True
s3://braingeneers/braindance/25-05-08_bee_drugs/,25178ic,k252a1/k252a1_cont_320,s3://braingeneers/braindance/25-05-08_bee_drugs/25178ic/k252a1/k252a1_cont_320,0,0.0,,False,spontaneous,338,True
s3://braingeneers/braindance/25-05-08_bee_drugs/,25178ic,k252a1/k252a1_cont_73,s3://braingeneers/braindance/25-05-08_bee_drugs/25178ic/k252a1/k252a1_cont_73,700,1.0,1.0000007756958764,True,stim,338,True
s3://braingeneers/braindance/25-05-08_bee_drugs/,25178ic,k252a1/k252a1_cont_264,s3://braingeneers/braindance/25-05-08_bee_drugs/25178ic/k252a1/k252a1_cont_264,0,0.0,,False,spontaneous,338,True
s3://braingeneers/braindance/25-05-08_bee_drugs/,25178ic,k252a1/k252a1_cont_227,s3://braingeneers/braindance/25-05-08_bee_drugs/25178ic/k252a1/k252a1_cont_227,2800,4.0,3.999983816268468,True,stim,338,True
s3://braingeneers/braindance/25-05-08_bee_drugs/,25178ic,k252a1/k252a1_cont_183,s3://braingeneers/braindance/25-05-08_bee_drugs/25178ic/k252a1/k252a1_cont_183,700,1.0,1.0000066409840116,True,stim,338,True
s3://braingeneers/braindance/25-05-08_bee_drugs/,25178ic,k252a1/k252a1_cont_263,s3://braingeneers/braindance/25-05-08_bee_drugs/25178ic/k252a1/k252a1_cont_263,700,1.0,0.999997672916718,True,stim,338,True
s3://braingeneers/braindance/25-05-08_bee_drugs/,25178ic,k252a1/k252a1_cont_329,s3://braingeneers/braindance/25-05-08_bee_drugs/25178ic/k252a1/k252a1_cont_329,5600,8.0,7.9999766926031874,True,stim,338,True
s3://braingeneers/braindance/25-05-08_bee_drugs/,25178ic,k252a1/k252a1_cont_51,s3://braingeneers/braindance/25-05-08_bee_drugs/25178ic/k252a1/k252a1_cont_51,350,0.5,0.4999964889078924,True,stim,338,True
s3://braingeneers/braindance/25-05-08_bee_drugs/,25178ic,k252a1/k252a1_cont_150,s3://braingeneers/braindance/25-05-08_bee_drugs/25178ic/k252a1/k252a1_cont_150,0,0.0,,False,spontaneous,338,True
s3://braingeneers/braindance/25-05-08_bee_drugs/,25178ic,k252a1/k252a1_cont_213,s3://braingeneers/braindance/25-05-08_bee_drugs/25178ic/k252a1/k252a1_cont_213,0,0.0,,False,spontaneous,338,True
s3://braingeneers/braindance/25-05-08_bee_drugs/,25178ic,k252a1/k252a1_cont_281,s3://braingeneers/braindance/25-05-08_bee_drugs/25178ic/k252a1/k252a1_cont_281,350,0.5,0.4999992064855095,True,stim,338,True
s3://braingeneers/braindance/25-05-08_bee_drugs/,25178ic,k252a1/k252a1_cont_249,s3://braingeneers/braindance/25-05-08_bee_drugs/25178ic/k252a1/k252a1_cont_249,5600,8.0,7.99989250150519,True,stim,338,True
s3://braingeneers/braindance/25-05-08_bee_drugs/,25178ic,k252a1/k252a1_cont_100,s3://braingeneers/braindance/25-05-08_bee_drugs/25178ic/k252a1/k252a1_cont_100,0,0.0,,False,spontaneous,338,True
s3://braingeneers/braindance/25-05-08_bee_drugs/,25178ic,k252a1/k252a1_cont_56,s3://braingeneers/braindance/25-05-08_bee_drugs/25178ic/k252a1/k252a1_cont_56,0,0.0,,False,spontaneous,338,True
s3://braingeneers/braindance/25-05-08_bee_drugs/,25178ic,k252a1/k252a1_cont_97,s3://braingeneers/braindance/25-05-08_bee_drugs/25178ic/k252a1/k252a1_cont_97,2800,4.0,3.999989331881251,True,stim,338,True
s3://braingeneers/braindance/25-05-08_bee_drugs/,25178ic,k252a1/k252a1_cont_321,s3://braingeneers/braindance/25-05-08_bee_drugs/25178ic/k252a1/k252a1_cont_321,350,0.5,0.4999963734604095,True,stim,338,True
s3://braingeneers/braindance/25-05-08_bee_drugs/,25178ic,k252a1/k252a1_cont_334,s3://braingeneers/braindance/25-05-08_bee_drugs/25178ic/k252a1/k252a1_cont_334,0,0.0,,False,spontaneous,338,True
s3://braingeneers/braindance/25-05-08_bee_drugs/,25178ic,k252a1/k252a1_cont_265,s3://braingeneers/braindance/25-05-08_bee_drugs/25178ic/k252a1/k252a1_cont_265,1400,2.0,1.9999829654088384,True,stim,338,True
s3://braingeneers/braindance/25-05-08_bee_drugs/,25178ic,k252a1/k252a1_cont_303,s3://braingeneers/braindance/25-05-08_bee_drugs/25178ic/k252a1/k252a1_cont_303,700,1.0,0.9999965141738052,True,stim,338,True
s3://braingeneers/braindance/25-05-08_bee_drugs/,25178ic,k252a1/k252a1_cont_109,s3://braingeneers/braindance/25-05-08_bee_drugs/25178ic/k252a1/k252a1_cont_109,5600,8.0,7.999959129241871,True,stim,338,True
s3://braingeneers/braindance/25-05-08_bee_drugs/,25178ic,k252a1/k252a1_cont_59,s3://braingeneers/braindance/25-05-08_bee_drugs/25178ic/k252a1/k252a1_cont_59,5600,8.0,7.999973439413827,True,stim,338,True
s3://braingeneers/braindance/25-05-08_bee_drugs/,25178ic,k252a1/k252a1_cont_119,s3://braingeneers/braindance/25-05-08_bee_drugs/25178ic/k252a1/k252a1_cont_119,5600,8.0,7.999983458897621,True,stim,338,True
s3://braingeneers/braindance/25-05-08_bee_drugs/,25178ic,k252a1/k252a1_cont_184,s3://braingeneers/braindance/25-05-08_bee_drugs/25178ic/k252a1/k252a1_cont_184,0,0.0,,False,spontaneous,338,True
s3://braingeneers/braindance/25-05-08_bee_drugs/,25178ic,k252a1/k252a1_cont_231,s3://braingeneers/braindance/25-05-08_bee_drugs/25178ic/k252a1/k252a1_cont_231,350,0.5,0.4999984950031148,True,stim,338,True
s3://braingeneers/braindance/25-05-08_bee_drugs/,25178ic,k252a1/k252a1_cont_130,s3://braingeneers/braindance/25-05-08_bee_drugs/25178ic/k252a1/k252a1_cont_130,0,0.0,,False,spontaneous,338,True
s3://braingeneers/braindance/25-05-08_bee_drugs/,25178ic,k252a1/k252a1_cont_151,s3://braingeneers/braindance/25-05-08_bee_drugs/25178ic/k252a1/k252a1_cont_151,350,0.5,0.4999955160122828,True,stim,338,True
s3://braingeneers/braindance/25-05-08_bee_drugs/,25178ic,k252a1/k252a1_cont_237,s3://braingeneers/braindance/25-05-08_bee_drugs/25178ic/k252a1/k252a1_cont_237,2800,4.0,3.999987103544242,True,stim,338,True
s3://braingeneers/braindance/25-05-08_bee_drugs/,25178ic,k252a1/k252a1_cont_246,s3://braingeneers/braindance/25-05-08_bee_drugs/25178ic/k252a1/k252a1_cont_246,0,0.0,,False,spontaneous,338,True
s3://braingeneers/braindance/25-05-08_bee_drugs/,25178ic,k252a1/k252a1_cont_308,s3://braingeneers/braindance/25-05-08_bee_drugs/25178ic/k252a1/k252a1_cont_308,0,0.0,,False,spontaneous,338,True
s3://braingeneers/braindance/25-05-08_bee_drugs/,25178ic,k252a1/k252a1_cont_272,s3://braingeneers/braindance/25-05-08_bee_drugs/25178ic/k252a1/k252a1_cont_272,0,0.0,,False,spontaneous,338,True
s3://braingeneers/braindance/25-05-08_bee_drugs/,25178ic,k252a1/k252a1_cont_206,s3://braingeneers/braindance/25-05-08_bee_drugs/25178ic/k252a1/k252a1_cont_206,0,0.0,,False,spontaneous,338,True
s3://braingeneers/braindance/25-05-08_bee_drugs/,25178ic,k252a1/k252a1_cont_161,s3://braingeneers/braindance/25-05-08_bee_drugs/25178ic/k252a1/k252a1_cont_161,350,0.5,0.4999970676217847,True,stim,338,True
s3://braingeneers/braindance/25-05-08_bee_drugs/,25178ic,k252a1/k252a1_cont_177,s3://braingeneers/braindance/25-05-08_bee_drugs/25178ic/k252a1/k252a1_cont_177,2800,4.0,3.999987697032468,True,stim,338,True
s3://braingeneers/braindance/25-05-08_bee_drugs/,25178ic,k252a1/k252a1_cont_319,s3://braingeneers/braindance/25-05-08_bee_drugs/25178ic/k252a1/k252a1_cont_319,5600,8.0,7.99998232440254,True,stim,338,True
s3://braingeneers/braindance/25-05-08_bee_drugs/,25178ic,k252a1/k252a1_cont_234,s3://braingeneers/braindance/25-05-08_bee_drugs/25178ic/k252a1/k252a1_cont_234,0,0.0,,False,spontaneous,338,True
s3://braingeneers/braindance/25-05-08_bee_drugs/,25178ic,k252a1/k252a1_cont_170,s3://braingeneers/braindance/25-05-08_bee_drugs/25178ic/k252a1/k252a1_cont_170,0,0.0,,False,spontaneous,338,True
s3://braingeneers/braindance/25-05-08_bee_drugs/,25178ic,k252a1/k252a1_cont_309,s3://braingeneers/braindance/25-05-08_bee_drugs/25178ic/k252a1/k252a1_cont_309,5600,8.0,7.999977075629214,True,stim,338,True
s3://braingeneersdev/asrobbin/braindance_data/23-05-10_drug_causal/,20247,causal_BL1/causal_BL1,s3://braingeneersdev/asrobbin/braindance_data/23-05-10_drug_causal/20247/causal_BL1/causal_BL1,1400,0.5,,False,stim,2,True
s3://braingeneersdev/asrobbin/braindance_data/23-05-10_drug_causal/,20247,causal_BL1/causal_BL1_causal,s3://braingeneersdev/asrobbin/braindance_data/23-05-10_drug_causal/20247/causal_BL1/causal_BL1_causal,1400,2.0,2.0000033173322436,True,stim,2,True
s3://braingeneersdev/asrobbin/braindance_data/23-05-10_drug_causal/,20247,causal_BL2/causal_BL2,s3://braingeneersdev/asrobbin/braindance_data/23-05-10_drug_causal/20247/causal_BL2/causal_BL2,1400,0.5,,False,stim,2,True
s3://braingeneersdev/asrobbin/braindance_data/23-05-10_drug_causal/,20247,causal_BL2/causal_BL2_causal,s3://braingeneersdev/asrobbin/braindance_data/23-05-10_drug_causal/20247/causal_BL2/causal_BL2_causal,1400,2.0,2.000013683201379,True,stim,2,True
s3://braingeneersdev/asrobbin/braindance_data/23-05-10_drug_causal/,20247,thc2/thc2,s3://braingeneersdev/asrobbin/braindance_data/23-05-10_drug_causal/20247/thc2/thc2,1400,0.5,,False,stim,2,True
s3://braingeneersdev/asrobbin/braindance_data/23-05-10_drug_causal/,20247,thc2/thc2_causal,s3://braingeneersdev/asrobbin/braindance_data/23-05-10_drug_causal/20247/thc2/thc2_causal,1400,2.0,2.000017607889064,True,stim,2,True
s3://braingeneersdev/asrobbin/braindance_data/23-05-10_drug_causal/,21985,bl-1/bl-1_causal,s3://braingeneersdev/asrobbin/braindance_data/23-05-10_drug_causal/21985/bl-1/bl-1_causal,1300,2.0,1.9999975318921144,True,stim,2,True
s3://braingeneersdev/asrobbin/braindance_data/23-05-10_drug_causal/,21985,bl-1/bl-1,s3://braingeneersdev/asrobbin/braindance_data/23-05-10_drug_causal/21985/bl-1/bl-1,1300,0.5,,False,stim,2,True
s3://braingeneersdev/asrobbin/braindance_data/23-05-10_drug_causal/,21985,bl-2/bl-2,s3://braingeneersdev/asrobbin/braindance_data/23-05-10_drug_causal/21985/bl-2/bl-2,0,0.0,,False,spontaneous,1,True
s3://braingeneersdev/asrobbin/braindance_data/23-05-10_drug_causal/,21985,func-2/func-2_causal,s3://braingeneersdev/asrobbin/braindance_data/23-05-10_drug_causal/21985/func-2/func-2_causal,1300,2.0,1.9999962202319648,True,stim,1,True
s3://braingeneersdev/asrobbin/braindance_data/23-05-10_drug_causal/,21985,gaba-1/gaba-1_causal,s3://braingeneersdev/asrobbin/braindance_data/23-05-10_drug_causal/21985/gaba-1/gaba-1_causal,1300,2.0,1.9999970199736652,True,stim,2,True
s3://braingeneersdev/asrobbin/braindance_data/23-05-10_drug_causal/,21985,gaba-1/gaba-1,s3://braingeneersdev/asrobbin/braindance_data/23-05-10_drug_causal/21985/gaba-1/gaba-1,1300,0.5,,False,stim,2,True
s3://braingeneersdev/asrobbin/braindance_data/23-05-10_drug_causal/,22097,bl-3/bl-3,s3://braingeneersdev/asrobbin/braindance_data/23-05-10_drug_causal/22097/bl-3/bl-3,0,0.0,,False,spontaneous,1,True
s3://braingeneersdev/asrobbin/braindance_data/23-05-10_drug_causal/,22097,bl-4/bl-4,s3://braingeneersdev/asrobbin/braindance_data/23-05-10_drug_causal/22097/bl-4/bl-4,0,0.0,,False,spontaneous,1,True
s3://braingeneersdev/asrobbin/braindance_data/23-05-10_drug_causal/,22097,bl_1/bl_1,s3://braingeneersdev/asrobbin/braindance_data/23-05-10_drug_causal/22097/bl_1/bl_1,1150,0.5,,False,stim,2,True
s3://braingeneersdev/asrobbin/braindance_data/23-05-10_drug_causal/,22097,bl_1/bl_1_causal,s3://braingeneersdev/asrobbin/braindance_data/23-05-10_drug_causal/22097/bl_1/bl_1_causal,1150,2.0,2.00000415255227,True,stim,2,True
s3://braingeneersdev/asrobbin/braindance_data/23-05-10_drug_causal/,22097,bl_2/bl_2,s3://braingeneersdev/asrobbin/braindance_data/23-05-10_drug_causal/22097/bl_2/bl_2,0,0.0,,False,spontaneous,1,True
s3://braingeneersdev/asrobbin/braindance_data/23-05-10_drug_causal/,22097,causal-3/causal-3_causal,s3://braingeneersdev/asrobbin/braindance_data/23-05-10_drug_causal/22097/causal-3/causal-3_causal,1550,2.0,2.0000109157600394,True,stim,1,True
s3://braingeneersdev/asrobbin/braindance_data/23-05-10_drug_causal/,22097,nbqx_apv2/nbqx_apv2,s3://braingeneersdev/asrobbin/braindance_data/23-05-10_drug_causal/22097/nbqx_apv2/nbqx_apv2,1150,0.5,,False,stim,2,True
s3://braingeneersdev/asrobbin/braindance_data/23-05-10_drug_causal/,22097,nbqx_apv2/nbqx_apv2_causal,s3://braingeneersdev/asrobbin/braindance_data/23-05-10_drug_causal/22097/nbqx_apv2/nbqx_apv2_causal,1150,2.0,2.0000050985195252,True,stim,2,True
s3://braingeneersdev/asrobbin/braindance_data/24-105-10_drug_causal/,20247,BL1/BL1,s3://braingeneersdev/asrobbin/braindance_data/24-105-10_drug_causal/20247/BL1/BL1,1300,0.5,,False,stim,2,True
s3://braingeneersdev/asrobbin/braindance_data/24-105-10_drug_causal/,20247,BL1/BL1_causal,s3://braingeneersdev/asrobbin/braindance_data/24-105-10_drug_causal/20247/BL1/BL1_causal,1300,2.0,2.0000110362434453,True,stim,2,True
s3://braingeneersdev/asrobbin/braindance_data/24-105-10_drug_causal/,20247,bl2/bl2,s3://braingeneersdev/asrobbin/braindance_data/24-105-10_drug_causal/20247/bl2/bl2,0,0.0,,False,spontaneous,1,True
s3://braingeneersdev/asrobbin/braindance_data/24-105-10_drug_causal/,20247,nbqx_apv1/nbqx_apv1_causal,s3://braingeneersdev/asrobbin/braindance_data/24-105-10_drug_causal/20247/nbqx_apv1/nbqx_apv1_causal,1300,2.0,2.000021894004482,True,stim,2,True
s3://braingeneersdev/asrobbin/braindance_data/24-105-10_drug_causal/,20247,nbqx_apv1/nbqx_apv1,s3://braingeneersdev/asrobbin/braindance_data/24-105-10_drug_causal/20247/nbqx_apv1/nbqx_apv1,1300,0.5,,False,stim,2,True
s3://braingeneersdev/asrobbin/braindance_data/24-105-10_drug_causal/,20247,nbqx_apv2/nbqx_apv2,s3://braingeneersdev/asrobbin/braindance_data/24-105-10_drug_causal/20247/nbqx_apv2/nbqx_apv2,1300,0.5,,False,stim,2,True
s3://braingeneersdev/asrobbin/braindance_data/24-105-10_drug_causal/,20247,nbqx_apv2/nbqx_apv2_causal,s3://braingeneersdev/asrobbin/braindance_data/24-105-10_drug_causal/20247/nbqx_apv2/nbqx_apv2_causal,1300,2.0,2.0000227465873124,True,stim,2,True
s3://braingeneersdev/asrobbin/braindance_data/24-105-10_drug_causal/,20264,causal_BL1/causal_BL1,s3://braingeneersdev/asrobbin/braindance_data/24-105-10_drug_causal/20264/causal_BL1/causal_BL1,1100,0.5,,False,stim,2,True
s3://braingeneersdev/asrobbin/braindance_data/24-105-10_drug_causal/,20264,causal_BL1/causal_BL1_causal,s3://braingeneersdev/asrobbin/braindance_data/24-105-10_drug_causal/20264/causal_BL1/causal_BL1_causal,1100,2.0,2.000007218886139,True,stim,2,True
s3://braingeneersdev/asrobbin/braindance_data/24-105-10_drug_causal/,20264,causal_BL2/causal_BL2,s3://braingeneersdev/asrobbin/braindance_data/24-105-10_drug_causal/20264/causal_BL2/causal_BL2,1100,0.5,,False,stim,2,True
s3://braingeneersdev/asrobbin/braindance_data/24-105-10_drug_causal/,20264,causal_BL2/causal_BL2_causal,s3://braingeneersdev/asrobbin/braindance_data/24-105-10_drug_causal/20264/causal_BL2/causal_BL2_causal,1100,2.0,2.0000003408149696,True,stim,2,True
s3://braingeneersdev/asrobbin/braindance_data/24-105-10_drug_causal/,20264,nbqx_apv2/nbqx_apv2,s3://braingeneersdev/asrobbin/braindance_data/24-105-10_drug_causal/20264/nbqx_apv2/nbqx_apv2,1100,0.5,,False,stim,2,True
s3://braingeneersdev/asrobbin/braindance_data/24-105-10_drug_causal/,20264,nbqx_apv2/nbqx_apv2_causal,s3://braingeneersdev/asrobbin/braindance_data/24-105-10_drug_causal/20264/nbqx_apv2/nbqx_apv2_causal,1100,2.0,1.999985911608093,True,stim,2,True
s3://braingeneersdev/asrobbin/braindance_data/24-105-10_drug_causal/,22097,bl-1/bl-1_causal,s3://braingeneersdev/asrobbin/braindance_data/24-105-10_drug_causal/22097/bl-1/bl-1_causal,1550,2.0,2.0000054611534064,True,stim,2,True
s3://braingeneersdev/asrobbin/braindance_data/24-105-10_drug_causal/,22097,bl-1/bl-1,s3://braingeneersdev/asrobbin/braindance_data/24-105-10_drug_causal/22097/bl-1/bl-1,1550,0.5,,False,stim,2,True
s3://braingeneersdev/asrobbin/braindance_data/24-105-10_drug_causal/,22097,bl-2/bl-2,s3://braingeneersdev/asrobbin/braindance_data/24-105-10_drug_causal/22097/bl-2/bl-2,972,0.5,,False,stim,3,True
s3://braingeneersdev/asrobbin/braindance_data/24-105-10_drug_causal/,22097,bl-2/bl-2_causal,s3://braingeneersdev/asrobbin/braindance_data/24-105-10_drug_causal/22097/bl-2/bl-2_causal,972,2.0,2.000008264512029,True,stim,3,True
s3://braingeneersdev/asrobbin/braindance_data/24-105-10_drug_causal/,22097,bl-2/bl-2_causal_1,s3://braingeneersdev/asrobbin/braindance_data/24-105-10_drug_causal/22097/bl-2/bl-2_causal_1,1550,2.0,2.000020616787926,True,stim,3,True
s3://braingeneersdev/asrobbin/braindance_data/24-105-10_drug_causal/,22097,gaba-1/gaba-1_causal,s3://braingeneersdev/asrobbin/braindance_data/24-105-10_drug_causal/22097/gaba-1/gaba-1_causal,1550,2.0,2.000008921989817,True,stim,2,True
s3://braingeneersdev/asrobbin/braindance_data/24-105-10_drug_causal/,22097,gaba-1/gaba-1,s3://braingeneersdev/asrobbin/braindance_data/24-105-10_drug_causal/22097/gaba-1/gaba-1,1550,0.5,,False,stim,2,True
s3://braingeneersdev/asrobbin/braindance_data/24-05-13-causal-mousepaper/,22097,BL2/BL2,s3://braingeneersdev/asrobbin/braindance_data/24-05-13-causal-mousepaper/22097/BL2/BL2,0,0.0,,False,spontaneous,1,True
s3://braingeneersdev/asrobbin/braindance_data/24-05-13-causal-mousepaper/,22097,nbqx_apv1/nbqx_apv1_causal,s3://braingeneersdev/asrobbin/braindance_data/24-05-13-causal-mousepaper/22097/nbqx_apv1/nbqx_apv1_causal,1350,2.0,2.000018626008446,True,stim,2,True
s3://braingeneersdev/asrobbin/braindance_data/24-05-13-causal-mousepaper/,22097,nbqx_apv1/nbqx_apv1,s3://braingeneersdev/asrobbin/braindance_data/24-05-13-causal-mousepaper/22097/nbqx_apv1/nbqx_apv1,1350,0.5,,False,stim,2,True
s3://braingeneersdev/asrobbin/braindance_data/24-05-13-causal-mousepaper/,22097,nbqx_apv2/nbqx_apv2,s3://braingeneersdev/asrobbin/braindance_data/24-05-13-causal-mousepaper/22097/nbqx_apv2/nbqx_apv2,1350,0.5,,False,stim,2,True
s3://braingeneersdev/asrobbin/braindance_data/24-05-13-causal-mousepaper/,22097,nbqx_apv2/nbqx_apv2_causal,s3://braingeneersdev/asrobbin/braindance_data/24-05-13-causal-mousepaper/22097/nbqx_apv2/nbqx_apv2_causal,1350,2.0,2.000015048030555,True,stim,2,True
s3://braingeneers/braindance/250802_fife/,23117hs,fife_test2/fife_test2_recordphase_recording_7,s3://braingeneers/braindance/250802_fife/23117hs/fife_test2/fife_test2_recordphase_recording_7,0,0.0,,False,spontaneous,59,True
s3://braingeneers/braindance/250802_fife/,23117hs,fife_test2/fife_test2_frequencystimphase_35,s3://braingeneers/braindance/250802_fife/23117hs/fife_test2/fife_test2_frequencystimphase_35,1000,2.0,1.9999840645880236,True,stim,59,True
s3://braingeneers/braindance/250802_fife/,23117hs,fife_test2/fife_test2_recordphase_recording_10,s3://braingeneers/braindance/250802_fife/23117hs/fife_test2/fife_test2_recordphase_recording_10,0,0.0,,False,spontaneous,59,True
s3://braingeneers/braindance/250802_fife/,23117hs,fife_test2/fife_test2_frequencystimphase_14,s3://braingeneers/braindance/250802_fife/23117hs/fife_test2/fife_test2_frequencystimphase_14,4200,2.0,2.000002003125821,True,stim,59,True
s3://braingeneers/braindance/250802_fife/,23117hs,fife_test2/fife_test2_frequencystimphase_5,s3://braingeneers/braindance/250802_fife/23117hs/fife_test2/fife_test2_frequencystimphase_5,1000,2.0,1.999986374879914,True,stim,59,True
s3://braingeneers/braindance/250802_fife/,23117hs,fife_test2/fife_test2_frequencystimphase_31,s3://braingeneers/braindance/250802_fife/23117hs/fife_test2/fife_test2_frequencystimphase_31,1000,2.0,1.9999892621796516,True,stim,59,True
s3://braingeneers/braindance/250802_fife/,23117hs,fife_test2/fife_test2_recordphase_recording_13,s3://braingeneers/braindance/250802_fife/23117hs/fife_test2/fife_test2_recordphase_recording_13,0,0.0,,False,spontaneous,59,True
s3://braingeneers/braindance/250802_fife/,23117hs,fife_test2/fife_test2_frequencystimphase_37,s3://braingeneers/braindance/250802_fife/23117hs/fife_test2/fife_test2_frequencystimphase_37,1000,2.0,1.9999913506917653,True,stim,59,True
s3://braingeneers/braindance/250802_fife/,23117hs,fife_test2/fife_test2_frequencystimphase_8,s3://braingeneers/braindance/250802_fife/23117hs/fife_test2/fife_test2_frequencystimphase_8,4200,2.0,2.000002910502837,True,stim,59,True
s3://braingeneers/braindance/250802_fife/,23117hs,fife_test2/fife_test2_frequencystimphase_18,s3://braingeneers/braindance/250802_fife/23117hs/fife_test2/fife_test2_frequencystimphase_18,4200,2.0,1.999997910062648,True,stim,59,True
s3://braingeneers/braindance/250802_fife/,23117hs,fife_test2/fife_test2_frequencystimphase_29,s3://braingeneers/braindance/250802_fife/23117hs/fife_test2/fife_test2_frequencystimphase_29,1000,2.0,2.0000039146901907,True,stim,59,True
s3://braingeneers/braindance/250802_fife/,23117hs,fife_test2/fife_test2_frequencystimphase_20,s3://braingeneers/braindance/250802_fife/23117hs/fife_test2/fife_test2_frequencystimphase_20,4200,2.0,1.9999988507592497,True,stim,59,True
s3://braingeneers/braindance/250802_fife/,23117hs,fife_test2/fife_test2_recordphase_recording_15,s3://braingeneers/braindance/250802_fife/23117hs/fife_test2/fife_test2_recordphase_recording_15,0,0.0,,False,spontaneous,59,True
s3://braingeneers/braindance/250802_fife/,23117hs,fife_test2/fife_test2_frequencystimphase_33,s3://braingeneers/braindance/250802_fife/23117hs/fife_test2/fife_test2_frequencystimphase_33,1000,2.0,1.9999961516464173,True,stim,59,True
s3://braingeneers/braindance/250802_fife/,23117hs,fife_test2/fife_test2_recordphase_recording,s3://braingeneers/braindance/250802_fife/23117hs/fife_test2/fife_test2_recordphase_recording,0,0.0,,False,spontaneous,59,True
s3://braingeneers/braindance/250802_fife/,23117hs,fife_test2/fife_test2_recordphase_recording_4,s3://braingeneers/braindance/250802_fife/23117hs/fife_test2/fife_test2_recordphase_recording_4,0,0.0,,False,spontaneous,59,True
s3://braingeneers/braindance/250802_fife/,23117hs,fife_test2/fife_test2_frequencystimphase_9,s3://braingeneers/braindance/250802_fife/23117hs/fife_test2/fife_test2_frequencystimphase_9,1000,2.0,1.9999828069383587,True,stim,59,True
s3://braingeneers/braindance/250802_fife/,23117hs,fife_test2/fife_test2_recordphase_recording_17,s3://braingeneers/braindance/250802_fife/23117hs/fife_test2/fife_test2_recordphase_recording_17,0,0.0,,False,spontaneous,59,True
s3://braingeneers/braindance/250802_fife/,23117hs,fife_test2/fife_test2_frequencystimphase_22,s3://braingeneers/braindance/250802_fife/23117hs/fife_test2/fife_test2_frequencystimphase_22,4200,2.0,2.000000123832419,True,stim,59,True
s3://braingeneers/braindance/250802_fife/,23117hs,fife_test2/fife_test2_frequencystimphase_4,s3://braingeneers/braindance/250802_fife/23117hs/fife_test2/fife_test2_frequencystimphase_4,4200,2.0,1.999996134771926,True,stim,59,True
s3://braingeneers/braindance/250802_fife/,23117hs,fife_test2/fife_test2_frequencystimphase_10,s3://braingeneers/braindance/250802_fife/23117hs/fife_test2/fife_test2_frequencystimphase_10,4200,2.0,2.0000006313379837,True,stim,59,True
s3://braingeneers/braindance/250802_fife/,23117hs,fife_test2/fife_test2_recordphase_recording_19,s3://braingeneers/braindance/250802_fife/23117hs/fife_test2/fife_test2_recordphase_recording_19,0,0.0,,False,spontaneous,59,True
s3://braingeneers/braindance/250802_fife/,23117hs,fife_test2/fife_test2_recordphase_recording_18,s3://braingeneers/braindance/250802_fife/23117hs/fife_test2/fife_test2_recordphase_recording_18,0,0.0,,False,spontaneous,59,True
s3://braingeneers/braindance/250802_fife/,23117hs,fife_test2/fife_test2_frequencystimphase_3,s3://braingeneers/braindance/250802_fife/23117hs/fife_test2/fife_test2_frequencystimphase_3,1000,2.0,1.9999848898957515,True,stim,59,True
s3://braingeneers/braindance/250802_fife/,23117hs,fife_test2/fife_test2_frequencystimphase_26,s3://braingeneers/braindance/250802_fife/23117hs/fife_test2/fife_test2_frequencystimphase_26,4200,2.0,1.9999983164044195,True,stim,59,True
s3://braingeneers/braindance/250802_fife/,23117hs,fife_test2/fife_test2_recordphase_recording_8,s3://braingeneers/braindance/250802_fife/23117hs/fife_test2/fife_test2_recordphase_recording_8,0,0.0,,False,spontaneous,59,True
s3://braingeneers/braindance/250802_fife/,23117hs,fife_test2/fife_test2_frequencystimphase_15,s3://braingeneers/braindance/250802_fife/23117hs/fife_test2/fife_test2_frequencystimphase_15,1000,2.0,2.00000143395532,True,stim,59,True
s3://braingeneers/braindance/250802_fife/,23117hs,fife_test2/fife_test2_frequencystimphase_17,s3://braingeneers/braindance/250802_fife/23117hs/fife_test2/fife_test2_frequencystimphase_17,1000,2.0,1.9999999034482363,True,stim,59,True
s3://braingeneers/braindance/250802_fife/,23117hs,fife_test2/fife_test2_recordphase_recording_12,s3://braingeneers/braindance/250802_fife/23117hs/fife_test2/fife_test2_recordphase_recording_12,0,0.0,,False,spontaneous,59,True
s3://braingeneers/braindance/250802_fife/,23117hs,fife_test2/fife_test2_frequencystimphase_11,s3://braingeneers/braindance/250802_fife/23117hs/fife_test2/fife_test2_frequencystimphase_11,1000,2.0,2.000002241516024,True,stim,59,True
s3://braingeneers/braindance/250802_fife/,23117hs,fife_test2/fife_test2_frequencystimphase_2,s3://braingeneers/braindance/250802_fife/23117hs/fife_test2/fife_test2_frequencystimphase_2,4200,2.0,1.9999989153662152,True,stim,59,True
s3://braingeneers/braindance/250802_fife/,23117hs,fife_test2/fife_test2_frequencystimphase,s3://braingeneers/braindance/250802_fife/23117hs/fife_test2/fife_test2_frequencystimphase,4200,2.0,1.9999957482462365,True,stim,59,True
s3://braingeneers/braindance/250802_fife/,23117hs,fife_test2/fife_test2_recordphase_recording_2,s3://braingeneers/braindance/250802_fife/23117hs/fife_test2/fife_test2_recordphase_recording_2,0,0.0,,False,spontaneous,59,True
s3://braingeneers/braindance/250802_fife/,23117hs,fife_test2/fife_test2_frequencystimphase_24,s3://braingeneers/braindance/250802_fife/23117hs/fife_test2/fife_test2_frequencystimphase_24,4200,2.0,1.999999528252512,True,stim,59,True
s3://braingeneers/braindance/250802_fife/,23117hs,fife_test2/fife_test2_frequencystimphase_32,s3://braingeneers/braindance/250802_fife/23117hs/fife_test2/fife_test2_frequencystimphase_32,4200,2.0,2.000001082677385,True,stim,59,True
s3://braingeneers/braindance/250802_fife/,23117hs,fife_test2/fife_test2_frequencystimphase_36,s3://braingeneers/braindance/250802_fife/23117hs/fife_test2/fife_test2_frequencystimphase_36,4200,2.0,1.9999954731839051,True,stim,59,True
s3://braingeneers/braindance/250802_fife/,23117hs,fife_test2/fife_test2_frequencystimphase_16,s3://braingeneers/braindance/250802_fife/23117hs/fife_test2/fife_test2_frequencystimphase_16,4200,2.0,1.9999950150636523,True,stim,59,True
s3://braingeneers/braindance/250802_fife/,23117hs,fife_test2/fife_test2_frequencystimphase_19,s3://braingeneers/braindance/250802_fife/23117hs/fife_test2/fife_test2_frequencystimphase_19,1000,2.0,1.999983656257676,True,stim,59,True
s3://braingeneers/braindance/250802_fife/,23117hs,fife_test2/fife_test2_frequencystimphase_6,s3://braingeneers/braindance/250802_fife/23117hs/fife_test2/fife_test2_frequencystimphase_6,4200,2.0,2.000000550762675,True,stim,59,True
s3://braingeneers/braindance/250802_fife/,23117hs,fife_test2/fife_test2_recordphase_recording_1,s3://braingeneers/braindance/250802_fife/23117hs/fife_test2/fife_test2_recordphase_recording_1,0,0.0,,False,spontaneous,59,True
s3://braingeneers/braindance/250802_fife/,23117hs,fife_test2/fife_test2_frequencystimphase_21,s3://braingeneers/braindance/250802_fife/23117hs/fife_test2/fife_test2_frequencystimphase_21,1000,2.0,1.999998586403424,True,stim,59,True
s3://braingeneers/braindance/250802_fife/,23117hs,fife_test2/fife_test2_frequencystimphase_12,s3://braingeneers/braindance/250802_fife/23117hs/fife_test2/fife_test2_frequencystimphase_12,4200,2.0,1.999996469166507,True,stim,59,True
s3://braingeneers/braindance/250802_fife/,23117hs,fife_test2/fife_test2_frequencystimphase_34,s3://braingeneers/braindance/250802_fife/23117hs/fife_test2/fife_test2_frequencystimphase_34,4200,2.0,2.0000013504692147,True,stim,59,True
s3://braingeneers/braindance/250802_fife/,23117hs,fife_test2/fife_test2_frequencystimphase_38,s3://braingeneers/braindance/250802_fife/23117hs/fife_test2/fife_test2_frequencystimphase_38,1985,2.0,2.000000713622891,True,stim,59,True
s3://braingeneers/braindance/250802_fife/,23117hs,fife_test2/fife_test2_recordphase_recording_3,s3://braingeneers/braindance/250802_fife/23117hs/fife_test2/fife_test2_recordphase_recording_3,0,0.0,,False,spontaneous,59,True
s3://braingeneers/braindance/250802_fife/,23117hs,fife_test2/fife_test2_frequencystimphase_1,s3://braingeneers/braindance/250802_fife/23117hs/fife_test2/fife_test2_frequencystimphase_1,1000,2.0,2.000000056291413,True,stim,59,True
s3://braingeneers/braindance/250802_fife/,23117hs,fife_test2/fife_test2_frequencystimphase_7,s3://braingeneers/braindance/250802_fife/23117hs/fife_test2/fife_test2_frequencystimphase_7,1000,2.0,1.9999916015454176,True,stim,59,True
s3://braingeneers/braindance/250802_fife/,23117hs,fife_test2/fife_test2_recordphase_recording_5,s3://braingeneers/braindance/250802_fife/23117hs/fife_test2/fife_test2_recordphase_recording_5,0,0.0,,False,spontaneous,59,True
s3://braingeneers/braindance/250802_fife/,23117hs,fife_test2/fife_test2_recordphase_recording_11,s3://braingeneers/braindance/250802_fife/23117hs/fife_test2/fife_test2_recordphase_recording_11,0,0.0,,False,spontaneous,59,True
s3://braingeneers/braindance/250802_fife/,23117hs,fife_test2/fife_test2_frequencystimphase_27,s3://braingeneers/braindance/250802_fife/23117hs/fife_test2/fife_test2_frequencystimphase_27,1000,2.0,1.9999789321018144,True,stim,59,True
s3://braingeneers/braindance/250802_fife/,23117hs,fife_test2/fife_test2_recordphase_recording_14,s3://braingeneers/braindance/250802_fife/23117hs/fife_test2/fife_test2_recordphase_recording_14,0,0.0,,False,spontaneous,59,True
s3://braingeneers/braindance/250802_fife/,23117hs,fife_test2/fife_test2_recordphase_recording_9,s3://braingeneers/braindance/250802_fife/23117hs/fife_test2/fife_test2_recordphase_recording_9,0,0.0,,False,spontaneous,59,True
s3://braingeneers/braindance/250802_fife/,23117hs,fife_test2/fife_test2_recordphase_recording_6,s3://braingeneers/braindance/250802_fife/23117hs/fife_test2/fife_test2_recordphase_recording_6,0,0.0,,False,spontaneous,59,True
s3://braingeneers/braindance/250802_fife/,23117hs,fife_test2/fife_test2_frequencystimphase_13,s3://braingeneers/braindance/250802_fife/23117hs/fife_test2/fife_test2_frequencystimphase_13,1000,2.0,1.999990108044888,True,stim,59,True
s3://braingeneers/braindance/250802_fife/,23117hs,fife_test2/fife_test2_frequencystimphase_23,s3://braingeneers/braindance/250802_fife/23117hs/fife_test2/fife_test2_frequencystimphase_23,1000,2.0,1.999998379376976,True,stim,59,True
s3://braingeneers/braindance/250802_fife/,23117hs,fife_test2/fife_test2_recordphase_recording_16,s3://braingeneers/braindance/250802_fife/23117hs/fife_test2/fife_test2_recordphase_recording_16,0,0.0,,False,spontaneous,59,True
s3://braingeneers/braindance/250802_fife/,23117hs,fife_test2/fife_test2_frequencystimphase_25,s3://braingeneers/braindance/250802_fife/23117hs/fife_test2/fife_test2_frequencystimphase_25,1000,2.0,1.9999793648454829,True,stim,59,True
s3://braingeneers/braindance/250802_fife/,23117hs,fife_test2/fife_test2_frequencystimphase_30,s3://braingeneers/braindance/250802_fife/23117hs/fife_test2/fife_test2_frequencystimphase_30,4200,2.0,1.9999986383747188,True,stim,59,True
s3://braingeneers/braindance/250802_fife/,23117hs,fife_test2/fife_test2_frequencystimphase_28,s3://braingeneers/braindance/250802_fife/23117hs/fife_test2/fife_test2_frequencystimphase_28,4200,2.0,1.9999948489133532,True,stim,59,True
s3://braingeneers/braindance/25-02-25_busybees/,25178ic,spike_data,s3://braingeneers/braindance/25-02-25_busybees/25178ic/spike_data/,0,0.0,,False,spontaneous,0,False
s3://braingeneers/braindance/25_04_15_busiest_bee/,25244ic,exp/exp1_cont_10,s3://braingeneers/braindance/25_04_15_busiest_bee/25244ic/exp/exp1_cont_10,0,0.0,,False,spontaneous,82,True
s3://braingeneers/braindance/25_04_15_busiest_bee/,25244ic,exp/exp1_cont_14,s3://braingeneers/braindance/25_04_15_busiest_bee/25244ic/exp/exp1_cont_14,0,0.0,,False,spontaneous,82,True
s3://braingeneers/braindance/25_04_15_busiest_bee/,25244ic,exp/exp1_cont_11,s3://braingeneers/braindance/25_04_15_busiest_bee/25244ic/exp/exp1_cont_11,0,0.0,,False,spontaneous,82,True
s3://braingeneers/braindance/25_04_15_busiest_bee/,25244ic,exp/exp1_cont_19,s3://braingeneers/braindance/25_04_15_busiest_bee/25244ic/exp/exp1_cont_19,0,0.0,,False,spontaneous,82,True
s3://braingeneers/braindance/25_04_15_busiest_bee/,25244ic,exp/exp1_cont_1,s3://braingeneers/braindance/25_04_15_busiest_bee/25244ic/exp/exp1_cont_1,0,0.0,,False,spontaneous,82,True
s3://braingeneers/braindance/25_04_15_busiest_bee/,25244ic,exp/exp1_cont_82,s3://braingeneers/braindance/25_04_15_busiest_bee/25244ic/exp/exp1_cont_82,0,0.0,,False,spontaneous,82,True
s3://braingeneers/braindance/25_04_15_busiest_bee/,25244ic,exp/exp1_cont_7,s3://braingeneers/braindance/25_04_15_busiest_bee/25244ic/exp/exp1_cont_7,0,0.0,,False,spontaneous,82,True
s3://braingeneers/braindance/25_04_15_busiest_bee/,25244ic,exp/exp1_cont_36,s3://braingeneers/braindance/25_04_15_busiest_bee/25244ic/exp/exp1_cont_36,0,0.0,,False,spontaneous,82,True
s3://braingeneers/braindance/25_04_15_busiest_bee/,25244ic,exp/exp1_cont_61,s3://braingeneers/braindance/25_04_15_busiest_bee/25244ic/exp/exp1_cont_61,0,0.0,,False,spontaneous,82,True
s3://braingeneers/braindance/25_04_15_busiest_bee/,25244ic,exp/exp1_cont_44,s3://braingeneers/braindance/25_04_15_busiest_bee/25244ic/exp/exp1_cont_44,0,0.0,,False,spontaneous,82,True
s3://braingeneers/braindance/25_04_15_busiest_bee/,25244ic,exp/exp1_cont_74,s3://braingeneers/braindance/25_04_15_busiest_bee/25244ic/exp/exp1_cont_74,0,0.0,,False,spontaneous,82,True
s3://braingeneers/braindance/25_04_15_busiest_bee/,25244ic,exp/exp1_cont_28,s3://braingeneers/braindance/25_04_15_busiest_bee/25244ic/exp/exp1_cont_28,0,0.0,,False,spontaneous,82,True
s3://braingeneers/braindance/25_04_15_busiest_bee/,25244ic,exp/exp1_cont_58,s3://braingeneers/braindance/25_04_15_busiest_bee/25244ic/exp/exp1_cont_58,0,0.0,,False,spontaneous,82,True
s3://braingeneers/braindance/25_04_15_busiest_bee/,25244ic,exp/exp1_cont_13,s3://braingeneers/braindance/25_04_15_busiest_bee/25244ic/exp/exp1_cont_13,0,0.0,,False,spontaneous,82,True
s3://braingeneers/braindance/25_04_15_busiest_bee/,25244ic,exp/exp1_cont_6,s3://braingeneers/braindance/25_04_15_busiest_bee/25244ic/exp/exp1_cont_6,0,0.0,,False,spontaneous,82,True
s3://braingeneers/braindance/25_04_15_busiest_bee/,25244ic,exp/exp1_cont_39,s3://braingeneers/braindance/25_04_15_busiest_bee/25244ic/exp/exp1_cont_39,0,0.0,,False,spontaneous,82,True
s3://braingeneers/braindance/25_04_15_busiest_bee/,25244ic,exp/exp1_cont_64,s3://braingeneers/braindance/25_04_15_busiest_bee/25244ic/exp/exp1_cont_64,0,0.0,,False,spontaneous,82,True
s3://braingeneers/braindance/25_04_15_busiest_bee/,25244ic,exp/exp1_cont_25,s3://braingeneers/braindance/25_04_15_busiest_bee/25244ic/exp/exp1_cont_25,0,0.0,,False,spontaneous,82,True
s3://braingeneers/braindance/25_04_15_busiest_bee/,25244ic,exp/exp1_cont_31,s3://braingeneers/braindance/25_04_15_busiest_bee/25244ic/exp/exp1_cont_31,0,0.0,,False,spontaneous,82,True
s3://braingeneers/braindance/25_04_15_busiest_bee/,25244ic,exp/exp1_cont_72,s3://braingeneers/braindance/25_04_15_busiest_bee/25244ic/exp/exp1_cont_72,0,0.0,,False,spontaneous,82,True
s3://braingeneers/braindance/25_04_15_busiest_bee/,25244ic,exp/exp1_cont_23,s3://braingeneers/braindance/25_04_15_busiest_bee/25244ic/exp/exp1_cont_23,0,0.0,,False,spontaneous,82,True
s3://braingeneers/braindance/25_04_15_busiest_bee/,25244ic,exp/exp1_cont_67,s3://braingeneers/braindance/25_04_15_busiest_bee/25244ic/exp/exp1_cont_67,0,0.0,,False,spontaneous,82,True
s3://braingeneers/braindance/25_04_15_busiest_bee/,25244ic,exp/exp1_cont_18,s3://braingeneers/braindance/25_04_15_busiest_bee/25244ic/exp/exp1_cont_18,0,0.0,,False,spontaneous,82,True
s3://braingeneers/braindance/25_04_15_busiest_bee/,25244ic,exp/exp1_cont_53,s3://braingeneers/braindance/25_04_15_busiest_bee/25244ic/exp/exp1_cont_53,0,0.0,,False,spontaneous,82,True
s3://braingeneers/braindance/25_04_15_busiest_bee/,25244ic,exp/exp1_cont_26,s3://braingeneers/braindance/25_04_15_busiest_bee/25244ic/exp/exp1_cont_26,0,0.0,,False,spontaneous,82,True
s3://braingeneers/braindance/25_04_15_busiest_bee/,25244ic,exp/exp1_cont_20,s3://braingeneers/braindance/25_04_15_busiest_bee/25244ic/exp/exp1_cont_20,0,0.0,,False,spontaneous,82,True
s3://braingeneers/braindance/25_04_15_busiest_bee/,25244ic,exp/exp1_cont_54,s3://braingeneers/braindance/25_04_15_busiest_bee/25244ic/exp/exp1_cont_54,0,0.0,,False,spontaneous,82,True
s3://braingeneers/braindance/25_04_15_busiest_bee/,25244ic,exp/exp1_cont_43,s3://braingeneers/braindance/25_04_15_busiest_bee/25244ic/exp/exp1_cont_43,0,0.0,,False,spontaneous,82,True
s3://braingeneers/braindance/25_04_15_busiest_bee/,25244ic,exp/exp1_cont_68,s3://braingeneers/braindance/25_04_15_busiest_bee/25244ic/exp/exp1_cont_68,0,0.0,,False,spontaneous,82,True
s3://braingeneers/braindance/25_04_15_busiest_bee/,25244ic,exp/exp1_cont_55,s3://braingeneers/braindance/25_04_15_busiest_bee/25244ic/exp/exp1_cont_55,0,0.0,,False,spontaneous,82,True
s3://braingeneers/braindance/25_04_15_busiest_bee/,25244ic,exp/exp1_cont_32,s3://braingeneers/braindance/25_04_15_busiest_bee/25244ic/exp/exp1_cont_32,0,0.0,,False,spontaneous,82,True
s3://braingeneers/braindance/25_04_15_busiest_bee/,25244ic,exp/exp1_cont_30,s3://braingeneers/braindance/25_04_15_busiest_bee/25244ic/exp/exp1_cont_30,0,0.0,,False,spontaneous,82,True
s3://braingeneers/braindance/25_04_15_busiest_bee/,25244ic,exp/exp1_cont_3,s3://braingeneers/braindance/25_04_15_busiest_bee/25244ic/exp/exp1_cont_3,0,0.0,,False,spontaneous,82,True
s3://braingeneers/braindance/25_04_15_busiest_bee/,25244ic,exp/exp1_cont_47,s3://braingeneers/braindance/25_04_15_busiest_bee/25244ic/exp/exp1_cont_47,0,0.0,,False,spontaneous,82,True
s3://braingeneers/braindance/25_04_15_busiest_bee/,25244ic,exp/exp1_cont_37,s3://braingeneers/braindance/25_04_15_busiest_bee/25244ic/exp/exp1_cont_37,0,0.0,,False,spontaneous,82,True
s3://braingeneers/braindance/25_04_15_busiest_bee/,25244ic,exp/exp1_cont_62,s3://braingeneers/braindance/25_04_15_busiest_bee/25244ic/exp/exp1_cont_62,0,0.0,,False,spontaneous,82,True
s3://braingeneers/braindance/25_04_15_busiest_bee/,25244ic,exp/exp1_cont_66,s3://braingeneers/braindance/25_04_15_busiest_bee/25244ic/exp/exp1_cont_66,0,0.0,,False,spontaneous,82,True
s3://braingeneers/braindance/25_04_15_busiest_bee/,25244ic,exp/exp1_cont_59,s3://braingeneers/braindance/25_04_15_busiest_bee/25244ic/exp/exp1_cont_59,0,0.0,,False,spontaneous,82,True
s3://braingeneers/braindance/25_04_15_busiest_bee/,25244ic,exp/exp1_cont_78,s3://braingeneers/braindance/25_04_15_busiest_bee/25244ic/exp/exp1_cont_78,0,0.0,,False,spontaneous,82,True
s3://braingeneers/braindance/25_04_15_busiest_bee/,25244ic,exp/exp1_cont_80,s3://braingeneers/braindance/25_04_15_busiest_bee/25244ic/exp/exp1_cont_80,0,0.0,,False,spontaneous,82,True
s3://braingeneers/braindance/25_04_15_busiest_bee/,25244ic,exp/exp1_cont_33,s3://braingeneers/braindance/25_04_15_busiest_bee/25244ic/exp/exp1_cont_33,0,0.0,,False,spontaneous,82,True
s3://braingeneers/braindance/25_04_15_busiest_bee/,25244ic,exp/exp1_cont_29,s3://braingeneers/braindance/25_04_15_busiest_bee/25244ic/exp/exp1_cont_29,0,0.0,,False,spontaneous,82,True
s3://braingeneers/braindance/25_04_15_busiest_bee/,25244ic,exp/exp1_cont_48,s3://braingeneers/braindance/25_04_15_busiest_bee/25244ic/exp/exp1_cont_48,0,0.0,,False,spontaneous,82,True
s3://braingeneers/braindance/25_04_15_busiest_bee/,25244ic,exp/exp1_cont_56,s3://braingeneers/braindance/25_04_15_busiest_bee/25244ic/exp/exp1_cont_56,0,0.0,,False,spontaneous,82,True
s3://braingeneers/braindance/25_04_15_busiest_bee/,25244ic,exp/exp1_cont_40,s3://braingeneers/braindance/25_04_15_busiest_bee/25244ic/exp/exp1_cont_40,0,0.0,,False,spontaneous,82,True
s3://braingeneers/braindance/25_04_15_busiest_bee/,25244ic,exp/exp1_cont_73,s3://braingeneers/braindance/25_04_15_busiest_bee/25244ic/exp/exp1_cont_73,0,0.0,,False,spontaneous,82,True
s3://braingeneers/braindance/25_04_15_busiest_bee/,25244ic,exp/exp1_cont_69,s3://braingeneers/braindance/25_04_15_busiest_bee/25244ic/exp/exp1_cont_69,0,0.0,,False,spontaneous,82,True
s3://braingeneers/braindance/25_04_15_busiest_bee/,25244ic,exp/exp1_cont_70,s3://braingeneers/braindance/25_04_15_busiest_bee/25244ic/exp/exp1_cont_70,0,0.0,,False,spontaneous,82,True
s3://braingeneers/braindance/25_04_15_busiest_bee/,25244ic,exp/exp1_cont_79,s3://braingeneers/braindance/25_04_15_busiest_bee/25244ic/exp/exp1_cont_79,0,0.0,,False,spontaneous,82,True
s3://braingeneers/braindance/25_04_15_busiest_bee/,25244ic,exp/exp1,s3://braingeneers/braindance/25_04_15_busiest_bee/25244ic/exp/exp1,0,0.0,,False,spontaneous,82,True
s3://braingeneers/braindance/25_04_15_busiest_bee/,25244ic,exp/exp1_cont_35,s3://braingeneers/braindance/25_04_15_busiest_bee/25244ic/exp/exp1_cont_35,0,0.0,,False,spontaneous,82,True
s3://braingeneers/braindance/25_04_15_busiest_bee/,25244ic,exp/exp1_cont_5,s3://braingeneers/braindance/25_04_15_busiest_bee/25244ic/exp/exp1_cont_5,0,0.0,,False,spontaneous,82,True
s3://braingeneers/braindance/25_04_15_busiest_bee/,25244ic,exp/exp1_cont_60,s3://braingeneers/braindance/25_04_15_busiest_bee/25244ic/exp/exp1_cont_60,0,0.0,,False,spontaneous,82,True
s3://braingeneers/braindance/25_04_15_busiest_bee/,25244ic,exp/exp1_cont_46,s3://braingeneers/braindance/25_04_15_busiest_bee/25244ic/exp/exp1_cont_46,0,0.0,,False,spontaneous,82,True
s3://braingeneers/braindance/25_04_15_busiest_bee/,25244ic,exp/exp1_cont_77,s3://braingeneers/braindance/25_04_15_busiest_bee/25244ic/exp/exp1_cont_77,0,0.0,,False,spontaneous,82,True
s3://braingeneers/braindance/25_04_15_busiest_bee/,25244ic,exp/exp1_cont_52,s3://braingeneers/braindance/25_04_15_busiest_bee/25244ic/exp/exp1_cont_52,0,0.0,,False,spontaneous,82,True
s3://braingeneers/braindance/25_04_15_busiest_bee/,25244ic,exp/exp1_cont_4,s3://braingeneers/braindance/25_04_15_busiest_bee/25244ic/exp/exp1_cont_4,0,0.0,,False,spontaneous,82,True
s3://braingeneers/braindance/25_04_15_busiest_bee/,25244ic,exp/exp1_cont_57,s3://braingeneers/braindance/25_04_15_busiest_bee/25244ic/exp/exp1_cont_57,0,0.0,,False,spontaneous,82,True
s3://braingeneers/braindance/25_04_15_busiest_bee/,25244ic,exp/exp1_cont,s3://braingeneers/braindance/25_04_15_busiest_bee/25244ic/exp/exp1_cont,0,0.0,,False,spontaneous,82,True
s3://braingeneers/braindance/25_04_15_busiest_bee/,25244ic,exp/exp1_cont_17,s3://braingeneers/braindance/25_04_15_busiest_bee/25244ic/exp/exp1_cont_17,0,0.0,,False,spontaneous,82,True
s3://braingeneers/braindance/25_04_15_busiest_bee/,25244ic,exp/exp1_cont_65,s3://braingeneers/braindance/25_04_15_busiest_bee/25244ic/exp/exp1_cont_65,0,0.0,,False,spontaneous,82,True
s3://braingeneers/braindance/25_04_15_busiest_bee/,25244ic,exp/exp1_cont_38,s3://braingeneers/braindance/25_04_15_busiest_bee/25244ic/exp/exp1_cont_38,0,0.0,,False,spontaneous,82,True
s3://braingeneers/braindance/25_04_15_busiest_bee/,25244ic,exp/exp1_cont_15,s3://braingeneers/braindance/25_04_15_busiest_bee/25244ic/exp/exp1_cont_15,0,0.0,,False,spontaneous,82,True
s3://braingeneers/braindance/25_04_15_busiest_bee/,25244ic,exp/exp1_cont_51,s3://braingeneers/braindance/25_04_15_busiest_bee/25244ic/exp/exp1_cont_51,0,0.0,,False,spontaneous,82,True
s3://braingeneers/braindance/25_04_15_busiest_bee/,25244ic,exp/exp1_cont_16,s3://braingeneers/braindance/25_04_15_busiest_bee/25244ic/exp/exp1_cont_16,0,0.0,,False,spontaneous,82,True
s3://braingeneers/braindance/25_04_15_busiest_bee/,25244ic,exp/exp1_cont_71,s3://braingeneers/braindance/25_04_15_busiest_bee/25244ic/exp/exp1_cont_71,0,0.0,,False,spontaneous,82,True
s3://braingeneers/braindance/25_04_15_busiest_bee/,25244ic,exp/exp1_cont_76,s3://braingeneers/braindance/25_04_15_busiest_bee/25244ic/exp/exp1_cont_76,0,0.0,,False,spontaneous,82,True
s3://braingeneers/braindance/25_04_15_busiest_bee/,25244ic,exp/exp1_cont_2,s3://braingeneers/braindance/25_04_15_busiest_bee/25244ic/exp/exp1_cont_2,0,0.0,,False,spontaneous,82,True
s3://braingeneers/braindance/25_04_15_busiest_bee/,25244ic,exp/exp1_cont_49,s3://braingeneers/braindance/25_04_15_busiest_bee/25244ic/exp/exp1_cont_49,0,0.0,,False,spontaneous,82,True
s3://braingeneers/braindance/25_04_15_busiest_bee/,25244ic,exp/exp1_cont_27,s3://braingeneers/braindance/25_04_15_busiest_bee/25244ic/exp/exp1_cont_27,0,0.0,,False,spontaneous,82,True
s3://braingeneers/braindance/25_04_15_busiest_bee/,25244ic,exp/exp1_cont_34,s3://braingeneers/braindance/25_04_15_busiest_bee/25244ic/exp/exp1_cont_34,0,0.0,,False,spontaneous,82,True
s3://braingeneers/braindance/25_04_15_busiest_bee/,25244ic,exp/exp1_cont_21,s3://braingeneers/braindance/25_04_15_busiest_bee/25244ic/exp/exp1_cont_21,0,0.0,,False,spontaneous,82,True
s3://braingeneers/braindance/25_04_15_busiest_bee/,25244ic,exp/exp1_cont_45,s3://braingeneers/braindance/25_04_15_busiest_bee/25244ic/exp/exp1_cont_45,0,0.0,,False,spontaneous,82,True
s3://braingeneers/braindance/25_04_15_busiest_bee/,25244ic,exp/exp1_cont_41,s3://braingeneers/braindance/25_04_15_busiest_bee/25244ic/exp/exp1_cont_41,0,0.0,,False,spontaneous,82,True
s3://braingeneers/braindance/25_04_15_busiest_bee/,25244ic,exp/exp1_cont_22,s3://braingeneers/braindance/25_04_15_busiest_bee/25244ic/exp/exp1_cont_22,0,0.0,,False,spontaneous,82,True
s3://braingeneers/braindance/25_04_15_busiest_bee/,25244ic,exp/exp1_cont_12,s3://braingeneers/braindance/25_04_15_busiest_bee/25244ic/exp/exp1_cont_12,0,0.0,,False,spontaneous,82,True
s3://braingeneers/braindance/25_04_15_busiest_bee/,25244ic,exp/exp1_cont_8,s3://braingeneers/braindance/25_04_15_busiest_bee/25244ic/exp/exp1_cont_8,0,0.0,,False,spontaneous,82,True
s3://braingeneers/braindance/25_04_15_busiest_bee/,25244ic,exp/exp1_cont_24,s3://braingeneers/braindance/25_04_15_busiest_bee/25244ic/exp/exp1_cont_24,0,0.0,,False,spontaneous,82,True
s3://braingeneers/braindance/25_04_15_busiest_bee/,25244ic,exp/exp1_cont_50,s3://braingeneers/braindance/25_04_15_busiest_bee/25244ic/exp/exp1_cont_50,0,0.0,,False,spontaneous,82,True
s3://braingeneers/braindance/25_04_15_busiest_bee/,25244ic,exp/exp1_cont_75,s3://braingeneers/braindance/25_04_15_busiest_bee/25244ic/exp/exp1_cont_75,0,0.0,,False,spontaneous,82,True
s3://braingeneers/braindance/25_04_15_busiest_bee/,25244ic,exp/exp1_cont_42,s3://braingeneers/braindance/25_04_15_busiest_bee/25244ic/exp/exp1_cont_42,0,0.0,,False,spontaneous,82,True
s3://braingeneers/braindance/25_04_15_busiest_bee/,25244ic,exp/exp1_cont_63,s3://braingeneers/braindance/25_04_15_busiest_bee/25244ic/exp/exp1_cont_63,0,0.0,,False,spontaneous,82,True
s3://braingeneersdev/asrobbin/braindance_data/23-05-10_drug_causal/,20247,causal_thc/causal_thc,s3://braingeneersdev/asrobbin/braindance_data/23-05-10_drug_causal/20247/causal_thc/causal_thc,1400,0.5,,False,stim,2,True
s3://braingeneersdev/asrobbin/braindance_data/23-05-10_drug_causal/,20247,causal_thc/causal_thc_causal,s3://braingeneersdev/asrobbin/braindance_data/23-05-10_drug_causal/20247/causal_thc/causal_thc_causal,1400,2.0,2.0000061348836,True,stim,2,True
s3://braingeneersdev/asrobbin/braindance_data/23-05-10_drug_causal/,20247,spike_data,s3://braingeneersdev/asrobbin/braindance_data/23-05-10_drug_causal/20247/spike_data/,0,0.0,,False,spontaneous,0,False
s3://braingeneersdev/asrobbin/braindance_data/23-05-10_drug_causal/,21985,spike_data,s3://braingeneersdev/asrobbin/braindance_data/23-05-10_drug_causal/21985/spike_data/,0,0.0,,False,spontaneous,0,False
s3://braingeneersdev/asrobbin/braindance_data/23-05-10_drug_causal/,22097,nbqx_apv/nbqx_apv_causal,s3://braingeneersdev/asrobbin/braindance_data/23-05-10_drug_causal/22097/nbqx_apv/nbqx_apv_causal,1150,2.0,1.9999956540773516,True,stim,2,True
s3://braingeneersdev/asrobbin/braindance_data/23-05-10_drug_causal/,22097,nbqx_apv/nbqx_apv,s3://braingeneersdev/asrobbin/braindance_data/23-05-10_drug_causal/22097/nbqx_apv/nbqx_apv,1150,0.5,,False,stim,2,True
s3://braingeneersdev/asrobbin/braindance_data/23-05-10_drug_causal/,22097,spike_data,s3://braingeneersdev/asrobbin/braindance_data/23-05-10_drug_causal/22097/spike_data/,0,0.0,,False,spontaneous,0,False
s3://braingeneersdev/asrobbin/braindance_data/24-105-10_drug_causal/,20247,spike_data,s3://braingeneersdev/asrobbin/braindance_data/24-105-10_drug_causal/20247/spike_data/,0,0.0,,False,spontaneous,0,False
s3://braingeneersdev/asrobbin/braindance_data/24-105-10_drug_causal/,20264,causal_nbqx_apv/causal_nbqx_apv_causal,s3://braingeneersdev/asrobbin/braindance_data/24-105-10_drug_causal/20264/causal_nbqx_apv/causal_nbqx_apv_causal,1100,2.0,2.000001795965252,True,stim,2,True
s3://braingeneersdev/asrobbin/braindance_data/24-105-10_drug_causal/,20264,causal_nbqx_apv/causal_nbqx_apv,s3://braingeneersdev/asrobbin/braindance_data/24-105-10_drug_causal/20264/causal_nbqx_apv/causal_nbqx_apv,1100,0.5,,False,stim,2,True
s3://braingeneersdev/asrobbin/braindance_data/24-105-10_drug_causal/,20264,spike_data,s3://braingeneersdev/asrobbin/braindance_data/24-105-10_drug_causal/20264/spike_data/,0,0.0,,False,spontaneous,0,False
s3://braingeneersdev/asrobbin/braindance_data/24-105-10_drug_causal/,22097,spike_data,s3://braingeneersdev/asrobbin/braindance_data/24-105-10_drug_causal/22097/spike_data/,0,0.0,,False,spontaneous,0,False
s3://braingeneersdev/asrobbin/braindance_data/24-05-13-causal-mousepaper/,22097,causal/causal_causal,s3://braingeneersdev/asrobbin/braindance_data/24-05-13-causal-mousepaper/22097/causal/causal_causal,1250,2.0,1.999999032311574,True,stim,2,True
s3://braingeneersdev/asrobbin/braindance_data/24-05-13-causal-mousepaper/,22097,causal/causal,s3://braingeneersdev/asrobbin/braindance_data/24-05-13-causal-mousepaper/22097/causal/causal,1250,0.5,,False,stim,2,True
s3://braingeneersdev/asrobbin/braindance_data/24-05-13-causal-mousepaper/,22097,spike_data,s3://braingeneersdev/asrobbin/braindance_data/24-05-13-causal-mousepaper/22097/spike_data/,0,0.0,,False,spontaneous,0,False
s3://braingeneersdev/asrobbin/braindance_data/24-05-13-causal-mousepaper/,22717,spike_data,s3://braingeneersdev/asrobbin/braindance_data/24-05-13-causal-mousepaper/22717/spike_data/,0,0.0,,False,spontaneous,0,False
s3://braingeneersdev/asrobbin/braindance_data/24-05-13-causal-mousepaper/,22717,ventral_BL1_gabazine/ventral_BL1_gabazine_causal,s3://braingeneersdev/asrobbin/braindance_data/24-05-13-causal-mousepaper/22717/ventral_BL1_gabazine/ventral_BL1_gabazine_causal,1050,2.0,2.0000159010033576,True,stim,2,True
s3://braingeneersdev/asrobbin/braindance_data/24-05-13-causal-mousepaper/,22717,ventral_BL1_gabazine/ventral_BL1_gabazine,s3://braingeneersdev/asrobbin/braindance_data/24-05-13-causal-mousepaper/22717/ventral_BL1_gabazine/ventral_BL1_gabazine,1050,0.5,,False,stim,2,True
s3://braingeneersdev/asrobbin/braindance_data/24-05-13-causal-mousepaper/,22717,ventral_BL2_gabazine/ventral_BL2_gabazine,s3://braingeneersdev/asrobbin/braindance_data/24-05-13-causal-mousepaper/22717/ventral_BL2_gabazine/ventral_BL2_gabazine,1050,0.5,,False,stim,2,True
s3://braingeneersdev/asrobbin/braindance_data/24-05-13-causal-mousepaper/,22717,ventral_BL2_gabazine/ventral_BL2_gabazine_causal,s3://braingeneersdev/asrobbin/braindance_data/24-05-13-causal-mousepaper/22717/ventral_BL2_gabazine/ventral_BL2_gabazine_causal,1050,2.0,2.0000165819790174,True,stim,2,True
s3://braingeneers/braindance/drug_causal_2025-09-01/,25126hs2d,bl/bl,s3://braingeneers/braindance/drug_causal_2025-09-01/25126hs2d/bl/bl,1400,0.5,,False,stim,2,True
s3://braingeneers/braindance/drug_causal_2025-09-01/,25126hs2d,bl/bl_causal,s3://braingeneers/braindance/drug_causal_2025-09-01/25126hs2d/bl/bl_causal,1400,2.0,2.000020363217938,True,stim,2,True
s3://braingeneers/braindance/drug_causal_2025-09-01/,25126hs2d,noradrenaline/noradrenaline_causal,s3://braingeneers/braindance/drug_causal_2025-09-01/25126hs2d/noradrenaline/noradrenaline_causal,1400,2.0,2.000018104827099,True,stim,2,True
s3://braingeneers/braindance/drug_causal_2025-09-01/,25126hs2d,noradrenaline/noradrenaline,s3://braingeneers/braindance/drug_causal_2025-09-01/25126hs2d/noradrenaline/noradrenaline,1400,0.5,,False,stim,2,True
s3://braingeneers/braindance/drug_causal_2025-09-01/,25126hs2d,sorted,s3://braingeneers/braindance/drug_causal_2025-09-01/25126hs2d/sorted/,0,0.0,,False,spontaneous,0,False
s3://braingeneers/braindance/drug_causal_2025-09-01/,25134hs1,bl/bl,s3://braingeneers/braindance/drug_causal_2025-09-01/25134hs1/bl/bl,1300,0.5,,False,stim,2,True
s3://braingeneers/braindance/drug_causal_2025-09-01/,25134hs1,bl/bl_causal,s3://braingeneers/braindance/drug_causal_2025-09-01/25134hs1/bl/bl_causal,1300,2.0,1.9999974693294755,True,stim,2,True
s3://braingeneers/braindance/drug_causal_2025-09-01/,25134hs1,noradrenaline/noradrenaline_causal,s3://braingeneers/braindance/drug_causal_2025-09-01/25134hs1/noradrenaline/noradrenaline_causal,1300,2.0,2.0000092235974773,True,stim,2,True
s3://braingeneers/braindance/drug_causal_2025-09-01/,25134hs1,noradrenaline/noradrenaline,s3://braingeneers/braindance/drug_causal_2025-09-01/25134hs1/noradrenaline/noradrenaline,1300,0.5,,False,stim,2,True
s3://braingeneers/braindance/busy_bee_10-10-2025/,25126hs1,dorsal2d/dorsal2d_cont_50,s3://braingeneers/braindance/busy_bee_10-10-2025/25126hs1/dorsal2d/dorsal2d_cont_50,0,0.0,,False,spontaneous,127,True
s3://braingeneers/braindance/busy_bee_10-10-2025/,25126hs1,dorsal2d/dorsal2d_cont_17,s3://braingeneers/braindance/busy_bee_10-10-2025/25126hs1/dorsal2d/dorsal2d_cont_17,9200,4.0,4.000001164968554,True,stim,127,True
s3://braingeneers/braindance/busy_bee_10-10-2025/,25126hs1,dorsal2d/dorsal2d_cont_44,s3://braingeneers/braindance/busy_bee_10-10-2025/25126hs1/dorsal2d/dorsal2d_cont_44,0,0.0,,False,spontaneous,127,True
s3://braingeneers/braindance/busy_bee_10-10-2025/,25126hs1,dorsal2d/dorsal2d_cont_100,s3://braingeneers/braindance/busy_bee_10-10-2025/25126hs1/dorsal2d/dorsal2d_cont_100,0,0.0,,False,spontaneous,127,True
s3://braingeneers/braindance/busy_bee_10-10-2025/,25126hs1,dorsal2d/dorsal2d_cont_40,s3://braingeneers/braindance/busy_bee_10-10-2025/25126hs1/dorsal2d/dorsal2d_cont_40,0,0.0,,False,spontaneous,127,True
s3://braingeneers/braindance/busy_bee_10-10-2025/,25126hs1,dorsal2d/dorsal2d_cont_118,s3://braingeneers/braindance/busy_bee_10-10-2025/25126hs1/dorsal2d/dorsal2d_cont_118,0,0.0,,False,spontaneous,127,True
s3://braingeneers/braindance/busy_bee_10-10-2025/,25126hs1,dorsal2d/dorsal2d_cont_125,s3://braingeneers/braindance/busy_bee_10-10-2025/25126hs1/dorsal2d/dorsal2d_cont_125,1714,2.0,2.00000752165689,True,stim,127,True
s3://braingeneers/braindance/busy_bee_10-10-2025/,25126hs1,dorsal2d/dorsal2d_cont_1,s3://braingeneers/braindance/busy_bee_10-10-2025/25126hs1/dorsal2d/dorsal2d_cont_1,1150,0.5,0.500000940472217,True,stim,127,True
s3://braingeneers/braindance/busy_bee_10-10-2025/,25126hs1,dorsal2d/dorsal2d_cont_107,s3://braingeneers/braindance/busy_bee_10-10-2025/25126hs1/dorsal2d/dorsal2d_cont_107,9200,4.0,4.000014414326321,True,stim,127,True
s3://braingeneers/braindance/busy_bee_10-10-2025/,25126hs1,dorsal2d/dorsal2d_cont_4,s3://braingeneers/braindance/busy_bee_10-10-2025/25126hs1/dorsal2d/dorsal2d_cont_4,0,0.0,,False,spontaneous,127,True
s3://braingeneers/braindance/busy_bee_10-10-2025/,25126hs1,dorsal2d/dorsal2d_cont_20,s3://braingeneers/braindance/busy_bee_10-10-2025/25126hs1/dorsal2d/dorsal2d_cont_20,0,0.0,,False,spontaneous,127,True
s3://braingeneers/braindance/busy_bee_10-10-2025/,25126hs1,dorsal2d/dorsal2d_cont_30,s3://braingeneers/braindance/busy_bee_10-10-2025/25126hs1/dorsal2d/dorsal2d_cont_30,0,0.0,,False,spontaneous,127,True
s3://braingeneers/braindance/busy_bee_10-10-2025/,25126hs1,dorsal2d/dorsal2d_cont_112,s3://braingeneers/braindance/busy_bee_10-10-2025/25126hs1/dorsal2d/dorsal2d_cont_112,0,0.0,,False,spontaneous,127,True
s3://braingeneers/braindance/busy_bee_10-10-2025/,25126hs1,dorsal2d/dorsal2d_cont_23,s3://braingeneers/braindance/busy_bee_10-10-2025/25126hs1/dorsal2d/dorsal2d_cont_23,2300,1.0,0.9999998884884138,True,stim,127,True
s3://braingeneers/braindance/busy_bee_10-10-2025/,25126hs1,dorsal2d/dorsal2d_cont_45,s3://braingeneers/braindance/busy_bee_10-10-2025/25126hs1/dorsal2d/dorsal2d_cont_45,4600,2.0,2.0000026161114173,True,stim,127,True
s3://braingeneers/braindance/busy_bee_10-10-2025/,25126hs1,dorsal2d/dorsal2d_cont_109,s3://braingeneers/braindance/busy_bee_10-10-2025/25126hs1/dorsal2d/dorsal2d_cont_109,18400,8.0,7.999986526927104,True,stim,127,True
s3://braingeneers/braindance/busy_bee_10-10-2025/,25126hs1,dorsal2d/dorsal2d_cont_25,s3://braingeneers/braindance/busy_bee_10-10-2025/25126hs1/dorsal2d/dorsal2d_cont_25,4600,2.0,2.0000052493868403,True,stim,127,True
s3://braingeneers/braindance/busy_bee_10-10-2025/,25126hs1,dorsal2d/dorsal2d_cont_43,s3://braingeneers/braindance/busy_bee_10-10-2025/25126hs1/dorsal2d/dorsal2d_cont_43,2300,1.0,0.9999969394378968,True,stim,127,True
s3://braingeneers/braindance/busy_bee_10-10-2025/,25126hs1,dorsal2d/dorsal2d_cont_124,s3://braingeneers/braindance/busy_bee_10-10-2025/25126hs1/dorsal2d/dorsal2d_cont_124,0,0.0,,False,spontaneous,127,True
s3://braingeneers/braindance/busy_bee_10-10-2025/,25126hs1,dorsal2d/dorsal2d_cont_71,s3://braingeneers/braindance/busy_bee_10-10-2025/25126hs1/dorsal2d/dorsal2d_cont_71,1150,0.5,0.4999994545073742,True,stim,127,True
s3://braingeneers/braindance/busy_bee_10-10-2025/,25126hs1,dorsal2d/dorsal2d_cont_63,s3://braingeneers/braindance/busy_bee_10-10-2025/25126hs1/dorsal2d/dorsal2d_cont_63,2300,1.0,1.0000010174695302,True,stim,127,True
s3://braingeneers/braindance/busy_bee_10-10-2025/,25126hs1,dorsal2d/dorsal2d_cont_56,s3://braingeneers/braindance/busy_bee_10-10-2025/25126hs1/dorsal2d/dorsal2d_cont_56,0,0.0,,False,spontaneous,127,True
s3://braingeneers/braindance/busy_bee_10-10-2025/,25126hs1,dorsal2d/dorsal2d_cont_32,s3://braingeneers/braindance/busy_bee_10-10-2025/25126hs1/dorsal2d/dorsal2d_cont_32,0,0.0,,False,spontaneous,127,True
s3://braingeneers/braindance/busy_bee_10-10-2025/,25126hs1,dorsal2d/dorsal2d_cont_47,s3://braingeneers/braindance/busy_bee_10-10-2025/25126hs1/dorsal2d/dorsal2d_cont_47,9200,4.0,3.9999974449036206,True,stim,127,True
s3://braingeneers/braindance/busy_bee_10-10-2025/,25126hs1,dorsal2d/dorsal2d_cont_91,s3://braingeneers/braindance/busy_bee_10-10-2025/25126hs1/dorsal2d/dorsal2d_cont_91,1150,0.5,0.5000009758626105,True,stim,127,True
s3://braingeneers/braindance/busy_bee_10-10-2025/,25126hs1,dorsal2d/dorsal2d_cont_93,s3://braingeneers/braindance/busy_bee_10-10-2025/25126hs1/dorsal2d/dorsal2d_cont_93,2300,1.0,1.0000006653487947,True,stim,127,True
s3://braingeneers/braindance/busy_bee_10-10-2025/,25126hs1,dorsal2d/dorsal2d_cont_73,s3://braingeneers/braindance/busy_bee_10-10-2025/25126hs1/dorsal2d/dorsal2d_cont_73,2300,1.0,1.0000028860287218,True,stim,127,True
s3://braingeneers/braindance/busy_bee_10-10-2025/,25126hs1,dorsal2d/dorsal2d_cont_21,s3://braingeneers/braindance/busy_bee_10-10-2025/25126hs1/dorsal2d/dorsal2d_cont_21,1150,0.5,0.5000008389668138,True,stim,127,True
s3://braingeneers/braindance/busy_bee_10-10-2025/,25126hs1,dorsal2d/dorsal2d_cont_110,s3://braingeneers/braindance/busy_bee_10-10-2025/25126hs1/dorsal2d/dorsal2d_cont_110,0,0.0,,False,spontaneous,127,True
s3://braingeneers/braindance/busy_bee_10-10-2025/,25126hs1,dorsal2d/dorsal2d_cont_35,s3://braingeneers/braindance/busy_bee_10-10-2025/25126hs1/dorsal2d/dorsal2d_cont_35,4600,2.0,1.999997266786027,True,stim,127,True
s3://braingeneers/braindance/busy_bee_10-10-2025/,25126hs1,dorsal2d/dorsal2d_cont_117,s3://braingeneers/braindance/busy_bee_10-10-2025/25126hs1/dorsal2d/dorsal2d_cont_117,9200,4.0,4.000007029762712,True,stim,127,True
s3://braingeneers/braindance/busy_bee_10-10-2025/,25126hs1,dorsal2d/dorsal2d_cont_5,s3://braingeneers/braindance/busy_bee_10-10-2025/25126hs1/dorsal2d/dorsal2d_cont_5,4600,2.0,1.999995545173482,True,stim,127,True
s3://braingeneers/braindance/busy_bee_10-10-2025/,25126hs1,dorsal2d/dorsal2d_cont_13,s3://braingeneers/braindance/busy_bee_10-10-2025/25126hs1/dorsal2d/dorsal2d_cont_13,2300,1.0,1.000000287483846,True,stim,127,True
s3://braingeneers/braindance/busy_bee_10-10-2025/,25126hs1,dorsal2d/dorsal2d_cont_69,s3://braingeneers/braindance/busy_bee_10-10-2025/25126hs1/dorsal2d/dorsal2d_cont_69,18400,8.0,7.999981611680537,True,stim,127,True
s3://braingeneers/braindance/busy_bee_10-10-2025/,25126hs1,dorsal2d/dorsal2d_cont_92,s3://braingeneers/braindance/busy_bee_10-10-2025/25126hs1/dorsal2d/dorsal2d_cont_92,0,0.0,,False,spontaneous,127,True
s3://braingeneers/braindance/busy_bee_10-10-2025/,25126hs1,dorsal2d/dorsal2d_cont_89,s3://braingeneers/braindance/busy_bee_10-10-2025/25126hs1/dorsal2d/dorsal2d_cont_89,18400,8.0,8.000032300207808,True,stim,127,True
s3://braingeneers/braindance/busy_bee_10-10-2025/,25126hs1,dorsal2d/dorsal2d_cont_108,s3://braingeneers/braindance/busy_bee_10-10-2025/25126hs1/dorsal2d/dorsal2d_cont_108,0,0.0,,False,spontaneous,127,True
s3://braingeneers/braindance/busy_bee_10-10-2025/,25126hs1,dorsal2d/dorsal2d_cont_65,s3://braingeneers/braindance/busy_bee_10-10-2025/25126hs1/dorsal2d/dorsal2d_cont_65,4600,2.0,1.999999548195048,True,stim,127,True
s3://braingeneers/braindance/busy_bee_10-10-2025/,25126hs1,dorsal2d/dorsal2d_cont_68,s3://braingeneers/braindance/busy_bee_10-10-2025/25126hs1/dorsal2d/dorsal2d_cont_68,0,0.0,,False,spontaneous,127,True
s3://braingeneers/braindance/busy_bee_10-10-2025/,25126hs1,dorsal2d/dorsal2d_cont_48,s3://braingeneers/braindance/busy_bee_10-10-2025/25126hs1/dorsal2d/dorsal2d_cont_48,0,0.0,,False,spontaneous,127,True
s3://braingeneers/braindance/busy_bee_10-10-2025/,25126hs1,dorsal2d/dorsal2d_cont_51,s3://braingeneers/braindance/busy_bee_10-10-2025/25126hs1/dorsal2d/dorsal2d_cont_51,1150,0.5,0.4999994845260498,True,stim,127,True
s3://braingeneers/braindance/busy_bee_10-10-2025/,25126hs1,dorsal2d/dorsal2d_cont_18,s3://braingeneers/braindance/busy_bee_10-10-2025/25126hs1/dorsal2d/dorsal2d_cont_18,0,0.0,,False,spontaneous,127,True
s3://braingeneers/braindance/busy_bee_10-10-2025/,25126hs1,dorsal2d/dorsal2d_cont_102,s3://braingeneers/braindance/busy_bee_10-10-2025/25126hs1/dorsal2d/dorsal2d_cont_102,0,0.0,,False,spontaneous,127,True
s3://braingeneers/braindance/busy_bee_10-10-2025/,25126hs1,dorsal2d/dorsal2d_cont_31,s3://braingeneers/braindance/busy_bee_10-10-2025/25126hs1/dorsal2d/dorsal2d_cont_31,1150,0.5,0.5000009875370158,True,stim,127,True
s3://braingeneers/braindance/busy_bee_10-10-2025/,25126hs1,dorsal2d/dorsal2d_cont_52,s3://braingeneers/braindance/busy_bee_10-10-2025/25126hs1/dorsal2d/dorsal2d_cont_52,0,0.0,,False,spontaneous,127,True
s3://braingeneers/braindance/busy_bee_10-10-2025/,25126hs1,dorsal2d/dorsal2d_cont_83,s3://braingeneers/braindance/busy_bee_10-10-2025/25126hs1/dorsal2d/dorsal2d_cont_83,2300,1.0,0.999999884798368,True,stim,127,True
s3://braingeneers/braindance/busy_bee_10-10-2025/,25126hs1,dorsal2d/dorsal2d_cont_115,s3://braingeneers/braindance/busy_bee_10-10-2025/25126hs1/dorsal2d/dorsal2d_cont_115,4600,2.0,2.000000266034688,True,stim,127,True
s3://braingeneers/braindance/busy_bee_10-10-2025/,25126hs1,dorsal2d/dorsal2d_cont_121,s3://braingeneers/braindance/busy_bee_10-10-2025/25126hs1/dorsal2d/dorsal2d_cont_121,1150,0.5,0.4999996097042095,True,stim,127,True
s3://braingeneers/braindance/busy_bee_10-10-2025/,25126hs1,dorsal2d/dorsal2d_cont_70,s3://braingeneers/braindance/busy_bee_10-10-2025/25126hs1/dorsal2d/dorsal2d_cont_70,0,0.0,,False,spontaneous,127,True
s3://braingeneers/braindance/busy_bee_10-10-2025/,25126hs1,dorsal2d/dorsal2d_cont_24,s3://braingeneers/braindance/busy_bee_10-10-2025/25126hs1/dorsal2d/dorsal2d_cont_24,0,0.0,,False,spontaneous,127,True
s3://braingeneers/braindance/busy_bee_10-10-2025/,25126hs1,dorsal2d/dorsal2d_cont_82,s3://braingeneers/braindance/busy_bee_10-10-2025/25126hs1/dorsal2d/dorsal2d_cont_82,0,0.0,,False,spontaneous,127,True
s3://braingeneers/braindance/busy_bee_10-10-2025/,25126hs1,dorsal2d/dorsal2d_cont_120,s3://braingeneers/braindance/busy_bee_10-10-2025/25126hs1/dorsal2d/dorsal2d_cont_120,0,0.0,,False,spontaneous,127,True
s3://braingeneers/braindance/busy_bee_10-10-2025/,25126hs1,dorsal2d/dorsal2d_cont_104,s3://braingeneers/braindance/busy_bee_10-10-2025/25126hs1/dorsal2d/dorsal2d_cont_104,0,0.0,,False,spontaneous,127,True
s3://braingeneers/braindance/busy_bee_10-10-2025/,25126hs1,dorsal2d/dorsal2d_cont_10,s3://braingeneers/braindance/busy_bee_10-10-2025/25126hs1/dorsal2d/dorsal2d_cont_10,0,0.0,,False,spontaneous,127,True
s3://braingeneers/braindance/busy_bee_10-10-2025/,25126hs1,dorsal2d/dorsal2d_cont_67,s3://braingeneers/braindance/busy_bee_10-10-2025/25126hs1/dorsal2d/dorsal2d_cont_67,9200,4.0,3.9999951990975218,True,stim,127,True
s3://braingeneers/braindance/busy_bee_10-10-2025/,25126hs1,dorsal2d/dorsal2d_cont_66,s3://braingeneers/braindance/busy_bee_10-10-2025/25126hs1/dorsal2d/dorsal2d_cont_66,0,0.0,,False,spontaneous,127,True
s3://braingeneers/braindance/busy_bee_10-10-2025/,25126hs1,dorsal2d/dorsal2d_cont_111,s3://braingeneers/braindance/busy_bee_10-10-2025/25126hs1/dorsal2d/dorsal2d_cont_111,1150,0.5,0.4999999126719076,True,stim,127,True
s3://braingeneers/braindance/busy_bee_10-10-2025/,25126hs1,dorsal2d/dorsal2d_cont_86,s3://braingeneers/braindance/busy_bee_10-10-2025/25126hs1/dorsal2d/dorsal2d_cont_86,0,0.0,,False,spontaneous,127,True
s3://braingeneers/braindance/busy_bee_10-10-2025/,25126hs1,dorsal2d/dorsal2d_cont_101,s3://braingeneers/braindance/busy_bee_10-10-2025/25126hs1/dorsal2d/dorsal2d_cont_101,1150,0.5,0.500000038141472,True,stim,127,True
s3://braingeneers/braindance/busy_bee_10-10-2025/,25126hs1,dorsal2d/dorsal2d_cont_33,s3://braingeneers/braindance/busy_bee_10-10-2025/25126hs1/dorsal2d/dorsal2d_cont_33,2300,1.0,1.0000024296839056,True,stim,127,True
s3://braingeneers/braindance/busy_bee_10-10-2025/,25126hs1,dorsal2d/dorsal2d_cont_39,s3://braingeneers/braindance/busy_bee_10-10-2025/25126hs1/dorsal2d/dorsal2d_cont_39,18400,8.0,8.000003292303544,True,stim,127,True
s3://braingeneers/braindance/busy_bee_10-10-2025/,25126hs1,dorsal2d/dorsal2d_cont_80,s3://braingeneers/braindance/busy_bee_10-10-2025/25126hs1/dorsal2d/dorsal2d_cont_80,0,0.0,,False,spontaneous,127,True
s3://braingeneers/braindance/busy_bee_10-10-2025/,25126hs1,dorsal2d/dorsal2d_cont_84,s3://braingeneers/braindance/busy_bee_10-10-2025/25126hs1/dorsal2d/dorsal2d_cont_84,0,0.0,,False,spontaneous,127,True
s3://braingeneers/braindance/busy_bee_10-10-2025/,25126hs1,dorsal2d/dorsal2d_cont_9,s3://braingeneers/braindance/busy_bee_10-10-2025/25126hs1/dorsal2d/dorsal2d_cont_9,18400,8.0,8.000010399972798,True,stim,127,True
s3://braingeneers/braindance/busy_bee_10-10-2025/,25126hs1,dorsal2d/dorsal2d_cont_15,s3://braingeneers/braindance/busy_bee_10-10-2025/25126hs1/dorsal2d/dorsal2d_cont_15,4600,2.0,2.00000399046133,True,stim,127,True
s3://braingeneers/braindance/busy_bee_10-10-2025/,25126hs1,dorsal2d/dorsal2d_cont_60,s3://braingeneers/braindance/busy_bee_10-10-2025/25126hs1/dorsal2d/dorsal2d_cont_60,0,0.0,,False,spontaneous,127,True
s3://braingeneers/braindance/busy_bee_10-10-2025/,25126hs1,dorsal2d/dorsal2d_cont_87,s3://braingeneers/braindance/busy_bee_10-10-2025/25126hs1/dorsal2d/dorsal2d_cont_87,9200,4.0,4.000006176344037,True,stim,127,True
s3://braingeneers/braindance/busy_bee_10-10-2025/,25126hs1,dorsal2d/dorsal2d_cont_123,s3://braingeneers/braindance/busy_bee_10-10-2025/25126hs1/dorsal2d/dorsal2d_cont_123,2300,1.0,1.0000030267346107,True,stim,127,True
s3://braingeneers/braindance/busy_bee_10-10-2025/,25126hs1,dorsal2d/dorsal2d_cont_41,s3://braingeneers/braindance/busy_bee_10-10-2025/25126hs1/dorsal2d/dorsal2d_cont_41,1150,0.5,0.4999995737257534,True,stim,127,True
s3://braingeneers/braindance/busy_bee_10-10-2025/,25126hs1,dorsal2d/dorsal2d_cont_97,s3://braingeneers/braindance/busy_bee_10-10-2025/25126hs1/dorsal2d/dorsal2d_cont_97,9200,4.0,3.999999817900984,True,stim,127,True
s3://braingeneers/braindance/busy_bee_10-10-2025/,25126hs1,dorsal2d/dorsal2d_cont_64,s3://braingeneers/braindance/busy_bee_10-10-2025/25126hs1/dorsal2d/dorsal2d_cont_64,0,0.0,,False,spontaneous,127,True
s3://braingeneers/braindance/busy_bee_10-10-2025/,25126hs1,dorsal2d/dorsal2d_cont_26,s3://braingeneers/braindance/busy_bee_10-10-2025/25126hs1/dorsal2d/dorsal2d_cont_26,0,0.0,,False,spontaneous,127,True
s3://braingeneers/braindance/busy_bee_10-10-2025/,25126hs1,dorsal2d/dorsal2d_cont_57,s3://braingeneers/braindance/busy_bee_10-10-2025/25126hs1/dorsal2d/dorsal2d_cont_57,9200,4.0,3.9999960553203566,True,stim,127,True
s3://braingeneers/braindance/busy_bee_10-10-2025/,25126hs1,dorsal2d/dorsal2d_cont_6,s3://braingeneers/braindance/busy_bee_10-10-2025/25126hs1/dorsal2d/dorsal2d_cont_6,0,0.0,,False,spontaneous,127,True
s3://braingeneers/braindance/busy_bee_10-10-2025/,25126hs1,dorsal2d/dorsal2d_cont_29,s3://braingeneers/braindance/busy_bee_10-10-2025/25126hs1/dorsal2d/dorsal2d_cont_29,18400,8.0,7.999997725869152,True,stim,127,True
s3://braingeneers/braindance/busy_bee_10-10-2025/,25126hs1,dorsal2d/dorsal2d_cont_49,s3://braingeneers/braindance/busy_bee_10-10-2025/25126hs1/dorsal2d/dorsal2d_cont_49,18400,8.0,7.999987176310755,True,stim,127,True
s3://braingeneers/braindance/busy_bee_10-10-2025/,25126hs1,dorsal2d/dorsal2d_cont_75,s3://braingeneers/braindance/busy_bee_10-10-2025/25126hs1/dorsal2d/dorsal2d_cont_75,4600,2.0,1.9999997366927251,True,stim,127,True
s3://braingeneers/braindance/busy_bee_10-10-2025/,25126hs1,dorsal2d/dorsal2d_cont_114,s3://braingeneers/braindance/busy_bee_10-10-2025/25126hs1/dorsal2d/dorsal2d_cont_114,0,0.0,,False,spontaneous,127,True
s3://braingeneers/braindance/busy_bee_10-10-2025/,25126hs1,dorsal2d/dorsal2d_cont_7,s3://braingeneers/braindance/busy_bee_10-10-2025/25126hs1/dorsal2d/dorsal2d_cont_7,9200,4.0,3.9999925845421584,True,stim,127,True
s3://braingeneers/braindance/busy_bee_10-10-2025/,25126hs1,dorsal2d/dorsal2d_cont_42,s3://braingeneers/braindance/busy_bee_10-10-2025/25126hs1/dorsal2d/dorsal2d_cont_42,0,0.0,,False,spontaneous,127,True
s3://braingeneers/braindance/busy_bee_10-10-2025/,25126hs1,dorsal2d/dorsal2d_cont_34,s3://braingeneers/braindance/busy_bee_10-10-2025/25126hs1/dorsal2d/dorsal2d_cont_34,0,0.0,,False,spontaneous,127,True
s3://braingeneers/braindance/busy_bee_10-10-2025/,25126hs1,dorsal2d/dorsal2d_cont_106,s3://braingeneers/braindance/busy_bee_10-10-2025/25126hs1/dorsal2d/dorsal2d_cont_106,0,0.0,,False,spontaneous,127,True
s3://braingeneers/braindance/busy_bee_10-10-2025/,25126hs1,dorsal2d/dorsal2d_cont_58,s3://braingeneers/braindance/busy_bee_10-10-2025/25126hs1/dorsal2d/dorsal2d_cont_58,0,0.0,,False,spontaneous,127,True
s3://braingeneers/braindance/busy_bee_10-10-2025/,25126hs1,dorsal2d/dorsal2d_cont_88,s3://braingeneers/braindance/busy_bee_10-10-2025/25126hs1/dorsal2d/dorsal2d_cont_88,0,0.0,,False,spontaneous,127,True
s3://braingeneers/braindance/busy_bee_10-10-2025/,25126hs1,dorsal2d/dorsal2d_cont_12,s3://braingeneers/braindance/busy_bee_10-10-2025/25126hs1/dorsal2d/dorsal2d_cont_12,0,0.0,,False,spontaneous,127,True
s3://braingeneers/braindance/busy_bee_10-10-2025/,25126hs1,dorsal2d/dorsal2d_cont_36,s3://braingeneers/braindance/busy_bee_10-10-2025/25126hs1/dorsal2d/dorsal2d_cont_36,0,0.0,,False,spontaneous,127,True
s3://braingeneers/braindance/busy_bee_10-10-2025/,25126hs1,dorsal2d/dorsal2d_cont_74,s3://braingeneers/braindance/busy_bee_10-10-2025/25126hs1/dorsal2d/dorsal2d_cont_74,0,0.0,,False,spontaneous,127,True
s3://braingeneers/braindance/busy_bee_10-10-2025/,25126hs1,dorsal2d/dorsal2d_cont_81,s3://braingeneers/braindance/busy_bee_10-10-2025/25126hs1/dorsal2d/dorsal2d_cont_81,1150,0.5,0.4999999888312216,True,stim,127,True
s3://braingeneers/braindance/busy_bee_10-10-2025/,25126hs1,dorsal2d/dorsal2d_cont_28,s3://braingeneers/braindance/busy_bee_10-10-2025/25126hs1/dorsal2d/dorsal2d_cont_28,0,0.0,,False,spontaneous,127,True
s3://braingeneers/braindance/busy_bee_10-10-2025/,25126hs1,dorsal2d/dorsal2d_cont_2,s3://braingeneers/braindance/busy_bee_10-10-2025/25126hs1/dorsal2d/dorsal2d_cont_2,0,0.0,,False,spontaneous,127,True
s3://braingeneers/braindance/busy_bee_10-10-2025/,25126hs1,dorsal2d/dorsal2d,s3://braingeneers/braindance/busy_bee_10-10-2025/25126hs1/dorsal2d/dorsal2d,0,0.0,,False,spontaneous,127,True
s3://braingeneers/braindance/busy_bee_10-10-2025/,25126hs1,dorsal2d/dorsal2d_cont_54,s3://braingeneers/braindance/busy_bee_10-10-2025/25126hs1/dorsal2d/dorsal2d_cont_54,0,0.0,,False,spontaneous,127,True
s3://braingeneers/braindance/busy_bee_10-10-2025/,25126hs1,dorsal2d/dorsal2d_cont_38,s3://braingeneers/braindance/busy_bee_10-10-2025/25126hs1/dorsal2d/dorsal2d_cont_38,0,0.0,,False,spontaneous,127,True
s3://braingeneers/braindance/busy_bee_10-10-2025/,25126hs1,dorsal2d/dorsal2d_cont_76,s3://braingeneers/braindance/busy_bee_10-10-2025/25126hs1/dorsal2d/dorsal2d_cont_76,0,0.0,,False,spontaneous,127,True
s3://braingeneers/braindance/busy_bee_10-10-2025/,25126hs1,dorsal2d/dorsal2d_cont_78,s3://braingeneers/braindance/busy_bee_10-10-2025/25126hs1/dorsal2d/dorsal2d_cont_78,0,0.0,,False,spontaneous,127,True
s3://braingeneers/braindance/busy_bee_10-10-2025/,25126hs1,dorsal2d/dorsal2d_cont_116,s3://braingeneers/braindance/busy_bee_10-10-2025/25126hs1/dorsal2d/dorsal2d_cont_116,0,0.0,,False,spontaneous,127,True
s3://braingeneers/braindance/busy_bee_10-10-2025/,25126hs1,dorsal2d/dorsal2d_cont_8,s3://braingeneers/braindance/busy_bee_10-10-2025/25126hs1/dorsal2d/dorsal2d_cont_8,0,0.0,,False,spontaneous,127,True
s3://braingeneers/braindance/busy_bee_10-10-2025/,25126hs1,dorsal2d/dorsal2d_cont_77,s3://braingeneers/braindance/busy_bee_10-10-2025/25126hs1/dorsal2d/dorsal2d_cont_77,9200,4.0,3.999999457807741,True,stim,127,True
s3://braingeneers/braindance/busy_bee_10-10-2025/,25126hs1,dorsal2d/dorsal2d_cont_90,s3://braingeneers/braindance/busy_bee_10-10-2025/25126hs1/dorsal2d/dorsal2d_cont_90,0,0.0,,False,spontaneous,127,True
s3://braingeneers/braindance/busy_bee_10-10-2025/,25126hs1,dorsal2d/dorsal2d_cont_62,s3://braingeneers/braindance/busy_bee_10-10-2025/25126hs1/dorsal2d/dorsal2d_cont_62,0,0.0,,False,spontaneous,127,True
s3://braingeneers/braindance/busy_bee_10-10-2025/,25126hs1,dorsal2d/dorsal2d_cont_37,s3://braingeneers/braindance/busy_bee_10-10-2025/25126hs1/dorsal2d/dorsal2d_cont_37,9200,4.0,3.999992048594854,True,stim,127,True
s3://braingeneers/braindance/busy_bee_10-10-2025/,25126hs1,dorsal2d/dorsal2d_cont_11,s3://braingeneers/braindance/busy_bee_10-10-2025/25126hs1/dorsal2d/dorsal2d_cont_11,1150,0.5,0.4999999432596447,True,stim,127,True
s3://braingeneers/braindance/busy_bee_10-10-2025/,25126hs1,dorsal2d/dorsal2d_cont_14,s3://braingeneers/braindance/busy_bee_10-10-2025/25126hs1/dorsal2d/dorsal2d_cont_14,0,0.0,,False,spontaneous,127,True
s3://braingeneers/braindance/busy_bee_10-10-2025/,25126hs1,dorsal2d/dorsal2d_cont_46,s3://braingeneers/braindance/busy_bee_10-10-2025/25126hs1/dorsal2d/dorsal2d_cont_46,0,0.0,,False,spontaneous,127,True
s3://braingeneers/braindance/busy_bee_10-10-2025/,25126hs1,dorsal2d/dorsal2d_cont_98,s3://braingeneers/braindance/busy_bee_10-10-2025/25126hs1/dorsal2d/dorsal2d_cont_98,0,0.0,,False,spontaneous,127,True
s3://braingeneers/braindance/busy_bee_10-10-2025/,25126hs1,dorsal2d/dorsal2d_cont_59,s3://braingeneers/braindance/busy_bee_10-10-2025/25126hs1/dorsal2d/dorsal2d_cont_59,18400,8.0,8.000009370292643,True,stim,127,True
s3://braingeneers/braindance/busy_bee_10-10-2025/,25126hs1,dorsal2d/dorsal2d_cont_122,s3://braingeneers/braindance/busy_bee_10-10-2025/25126hs1/dorsal2d/dorsal2d_cont_122,0,0.0,,False,spontaneous,127,True
s3://braingeneers/braindance/busy_bee_10-10-2025/,25126hs1,dorsal2d/dorsal2d_cont_79,s3://braingeneers/braindance/busy_bee_10-10-2025/25126hs1/dorsal2d/dorsal2d_cont_79,18400,8.0,7.999995666356898,True,stim,127,True
s3://braingeneers/braindance/busy_bee_10-10-2025/,25126hs1,dorsal2d/dorsal2d_cont_85,s3://braingeneers/braindance/busy_bee_10-10-2025/25126hs1/dorsal2d/dorsal2d_cont_85,4600,2.0,1.999999075565468,True,stim,127,True
s3://braingeneers/braindance/busy_bee_10-10-2025/,25126hs1,dorsal2d/dorsal2d_cont_53,s3://braingeneers/braindance/busy_bee_10-10-2025/25126hs1/dorsal2d/dorsal2d_cont_53,2300,1.0,1.000001277448074,True,stim,127,True
s3://braingeneers/braindance/busy_bee_10-10-2025/,25126hs1,dorsal2d/dorsal2d_cont_72,s3://braingeneers/braindance/busy_bee_10-10-2025/25126hs1/dorsal2d/dorsal2d_cont_72,0,0.0,,False,spontaneous,127,True
s3://braingeneers/braindance/busy_bee_10-10-2025/,25126hs1,dorsal2d/dorsal2d_cont_19,s3://braingeneers/braindance/busy_bee_10-10-2025/25126hs1/dorsal2d/dorsal2d_cont_19,18400,8.0,8.000000421576784,True,stim,127,True
s3://braingeneers/braindance/busy_bee_10-10-2025/,25126hs1,dorsal2d/dorsal2d_cont_22,s3://braingeneers/braindance/busy_bee_10-10-2025/25126hs1/dorsal2d/dorsal2d_cont_22,0,0.0,,False,spontaneous,127,True
s3://braingeneers/braindance/busy_bee_10-10-2025/,25126hs1,dorsal2d/dorsal2d_cont,s3://braingeneers/braindance/busy_bee_10-10-2025/25126hs1/dorsal2d/dorsal2d_cont,0,0.0,,False,spontaneous,127,True
s3://braingeneers/braindance/busy_bee_10-10-2025/,25126hs1,dorsal2d/dorsal2d_cont_103,s3://braingeneers/braindance/busy_bee_10-10-2025/25126hs1/dorsal2d/dorsal2d_cont_103,2300,1.0,0.9999997520596308,True,stim,127,True
s3://braingeneers/braindance/busy_bee_10-10-2025/,25126hs1,dorsal2d/dorsal2d_cont_113,s3://braingeneers/braindance/busy_bee_10-10-2025/25126hs1/dorsal2d/dorsal2d_cont_113,2300,1.0,1.0000006818837426,True,stim,127,True
s3://braingeneers/braindance/busy_bee_10-10-2025/,25126hs1,dorsal2d/dorsal2d_cont_119,s3://braingeneers/braindance/busy_bee_10-10-2025/25126hs1/dorsal2d/dorsal2d_cont_119,18400,8.0,8.000003617225108,True,stim,127,True
s3://braingeneers/braindance/busy_bee_10-10-2025/,25126hs1,dorsal2d/dorsal2d_cont_27,s3://braingeneers/braindance/busy_bee_10-10-2025/25126hs1/dorsal2d/dorsal2d_cont_27,9200,4.0,4.000006215591929,True,stim,127,True
s3://braingeneers/braindance/busy_bee_10-10-2025/,25126hs1,dorsal2d/dorsal2d_cont_94,s3://braingeneers/braindance/busy_bee_10-10-2025/25126hs1/dorsal2d/dorsal2d_cont_94,0,0.0,,False,spontaneous,127,True
s3://braingeneers/braindance/busy_bee_10-10-2025/,25126hs1,dorsal2d/dorsal2d_cont_95,s3://braingeneers/braindance/busy_bee_10-10-2025/25126hs1/dorsal2d/dorsal2d_cont_95,4600,2.0,1.9998353378082503,True,stim,127,True
s3://braingeneers/braindance/busy_bee_10-10-2025/,25126hs1,dorsal2d/dorsal2d_cont_3,s3://braingeneers/braindance/busy_bee_10-10-2025/25126hs1/dorsal2d/dorsal2d_cont_3,2300,1.0,0.999997206814222,True,stim,127,True
s3://braingeneers/braindance/busy_bee_10-10-2025/,25126hs1,dorsal2d/dorsal2d_cont_16,s3://braingeneers/braindance/busy_bee_10-10-2025/25126hs1/dorsal2d/dorsal2d_cont_16,0,0.0,,False,spontaneous,127,True
s3://braingeneers/braindance/busy_bee_10-10-2025/,25126hs1,dorsal2d/dorsal2d_cont_55,s3://braingeneers/braindance/busy_bee_10-10-2025/25126hs1/dorsal2d/dorsal2d_cont_55,4600,2.0,1.9999935683867696,True,stim,127,True
s3://braingeneers/braindance/busy_bee_10-10-2025/,25126hs1,dorsal2d/dorsal2d_cont_61,s3://braingeneers/braindance/busy_bee_10-10-2025/25126hs1/dorsal2d/dorsal2d_cont_61,1150,0.5,0.4999982185793753,True,stim,127,True
s3://braingeneers/braindance/busy_bee_10-10-2025/,25126hs1,dorsal2d/dorsal2d_cont_105,s3://braingeneers/braindance/busy_bee_10-10-2025/25126hs1/dorsal2d/dorsal2d_cont_105,4600,2.0,1.9999926856942505,True,stim,127,True
s3://braingeneers/braindance/busy_bee_10-10-2025/,25126hs1,dorsal2d/dorsal2d_cont_96,s3://braingeneers/braindance/busy_bee_10-10-2025/25126hs1/dorsal2d/dorsal2d_cont_96,0,0.0,,False,spontaneous,127,True
s3://braingeneers/braindance/busy_bee_10-10-2025/,25126hs1,dorsal2d/dorsal2d_cont_99,s3://braingeneers/braindance/busy_bee_10-10-2025/25126hs1/dorsal2d/dorsal2d_cont_99,18400,8.0,8.00000575406336,True,stim,127,True
s3://braingeneers/braindance/busy_bee_10-10-2025/,25134hs,ventral2d/ventral2d_cont_102,s3://braingeneers/braindance/busy_bee_10-10-2025/25134hs/ventral2d/ventral2d_cont_102,0,0.0,,False,spontaneous,167,True
s3://braingeneers/braindance/busy_bee_10-10-2025/,25134hs,ventral2d/ventral2d_cont_7,s3://braingeneers/braindance/busy_bee_10-10-2025/25134hs/ventral2d/ventral2d_cont_7,8800,4.0,3.999999312438287,True,stim,167,True
s3://braingeneers/braindance/busy_bee_10-10-2025/,25134hs,ventral2d/ventral2d_cont_116,s3://braingeneers/braindance/busy_bee_10-10-2025/25134hs/ventral2d/ventral2d_cont_116,0,0.0,,False,spontaneous,167,True
s3://braingeneers/braindance/busy_bee_10-10-2025/,25134hs,ventral2d/ventral2d_cont_159,s3://braingeneers/braindance/busy_bee_10-10-2025/25134hs/ventral2d/ventral2d_cont_159,17600,8.0,8.000008909774813,True,stim,167,True
s3://braingeneers/braindance/busy_bee_10-10-2025/,25134hs,ventral2d/ventral2d_cont_82,s3://braingeneers/braindance/busy_bee_10-10-2025/25134hs/ventral2d/ventral2d_cont_82,0,0.0,,False,spontaneous,167,True
s3://braingeneers/braindance/busy_bee_10-10-2025/,25134hs,ventral2d/ventral2d_cont_142,s3://braingeneers/braindance/busy_bee_10-10-2025/25134hs/ventral2d/ventral2d_cont_142,0,0.0,,False,spontaneous,167,True
s3://braingeneers/braindance/busy_bee_10-10-2025/,25134hs,ventral2d/ventral2d_cont_75,s3://braingeneers/braindance/busy_bee_10-10-2025/25134hs/ventral2d/ventral2d_cont_75,4400,2.0,1.9999989479062523,True,stim,167,True
s3://braingeneers/braindance/busy_bee_10-10-2025/,25134hs,ventral2d/ventral2d_cont_91,s3://braingeneers/braindance/busy_bee_10-10-2025/25134hs/ventral2d/ventral2d_cont_91,1100,0.5,0.5000005958840282,True,stim,167,True
s3://braingeneers/braindance/busy_bee_10-10-2025/,25134hs,ventral2d/ventral2d_cont_58,s3://braingeneers/braindance/busy_bee_10-10-2025/25134hs/ventral2d/ventral2d_cont_58,0,0.0,,False,spontaneous,167,True
s3://braingeneers/braindance/busy_bee_10-10-2025/,25134hs,ventral2d/ventral2d_cont_27,s3://braingeneers/braindance/busy_bee_10-10-2025/25134hs/ventral2d/ventral2d_cont_27,8800,4.0,4.000009181429378,True,stim,167,True
s3://braingeneers/braindance/busy_bee_10-10-2025/,25134hs,ventral2d/ventral2d_cont_87,s3://braingeneers/braindance/busy_bee_10-10-2025/25134hs/ventral2d/ventral2d_cont_87,8800,4.0,4.000002085963821,True,stim,167,True
s3://braingeneers/braindance/busy_bee_10-10-2025/,25134hs,ventral2d/ventral2d_cont_165,s3://braingeneers/braindance/busy_bee_10-10-2025/25134hs/ventral2d/ventral2d_cont_165,4005,2.0,1.9999998281137803,True,stim,167,True
s3://braingeneers/braindance/busy_bee_10-10-2025/,25134hs,ventral2d/ventral2d_cont_120,s3://braingeneers/braindance/busy_bee_10-10-2025/25134hs/ventral2d/ventral2d_cont_120,0,0.0,,False,spontaneous,167,True
s3://braingeneers/braindance/busy_bee_10-10-2025/,25134hs,ventral2d/ventral2d_cont_108,s3://braingeneers/braindance/busy_bee_10-10-2025/25134hs/ventral2d/ventral2d_cont_108,0,0.0,,False,spontaneous,167,True
s3://braingeneers/braindance/busy_bee_10-10-2025/,25134hs,ventral2d/ventral2d_cont_109,s3://braingeneers/braindance/busy_bee_10-10-2025/25134hs/ventral2d/ventral2d_cont_109,17600,8.0,7.999988667862042,True,stim,167,True
s3://braingeneers/braindance/busy_bee_10-10-2025/,25134hs,ventral2d/ventral2d_cont_62,s3://braingeneers/braindance/busy_bee_10-10-2025/25134hs/ventral2d/ventral2d_cont_62,0,0.0,,False,spontaneous,167,True
s3://braingeneers/braindance/busy_bee_10-10-2025/,25134hs,ventral2d/ventral2d_cont_100,s3://braingeneers/braindance/busy_bee_10-10-2025/25134hs/ventral2d/ventral2d_cont_100,0,0.0,,False,spontaneous,167,True
s3://braingeneers/braindance/busy_bee_10-10-2025/,25134hs,ventral2d/ventral2d_cont_23,s3://braingeneers/braindance/busy_bee_10-10-2025/25134hs/ventral2d/ventral2d_cont_23,2200,1.0,1.0000001670731145,True,stim,167,True
s3://braingeneers/braindance/busy_bee_10-10-2025/,25134hs,ventral2d/ventral2d_cont_83,s3://braingeneers/braindance/busy_bee_10-10-2025/25134hs/ventral2d/ventral2d_cont_83,2200,1.0,1.0000006832109147,True,stim,167,True
s3://braingeneers/braindance/busy_bee_10-10-2025/,25134hs,ventral2d/ventral2d_cont_93,s3://braingeneers/braindance/busy_bee_10-10-2025/25134hs/ventral2d/ventral2d_cont_93,2200,1.0,0.9999994098662532,True,stim,167,True
s3://braingeneers/braindance/busy_bee_10-10-2025/,25134hs,ventral2d/ventral2d_cont_14,s3://braingeneers/braindance/busy_bee_10-10-2025/25134hs/ventral2d/ventral2d_cont_14,0,0.0,,False,spontaneous,167,True
s3://braingeneers/braindance/busy_bee_10-10-2025/,25134hs,ventral2d/ventral2d_cont_71,s3://braingeneers/braindance/busy_bee_10-10-2025/25134hs/ventral2d/ventral2d_cont_71,1100,0.5,0.4999994757606402,True,stim,167,True
s3://braingeneers/braindance/busy_bee_10-10-2025/,25134hs,ventral2d/ventral2d_cont_99,s3://braingeneers/braindance/busy_bee_10-10-2025/25134hs/ventral2d/ventral2d_cont_99,17600,8.0,8.0000007734617,True,stim,167,True
s3://braingeneers/braindance/busy_bee_10-10-2025/,25134hs,ventral2d/ventral2d_cont_144,s3://braingeneers/braindance/busy_bee_10-10-2025/25134hs/ventral2d/ventral2d_cont_144,0,0.0,,False,spontaneous,167,True
s3://braingeneers/braindance/busy_bee_10-10-2025/,25134hs,ventral2d/ventral2d_cont_146,s3://braingeneers/braindance/busy_bee_10-10-2025/25134hs/ventral2d/ventral2d_cont_146,0,0.0,,False,spontaneous,167,True
s3://braingeneers/braindance/busy_bee_10-10-2025/,25134hs,ventral2d/ventral2d_cont_1,s3://braingeneers/braindance/busy_bee_10-10-2025/25134hs/ventral2d/ventral2d_cont_1,1100,0.5,0.4999990035732685,True,stim,167,True
s3://braingeneers/braindance/busy_bee_10-10-2025/,25134hs,ventral2d/ventral2d_cont_44,s3://braingeneers/braindance/busy_bee_10-10-2025/25134hs/ventral2d/ventral2d_cont_44,0,0.0,,False,spontaneous,167,True
s3://braingeneers/braindance/busy_bee_10-10-2025/,25134hs,ventral2d/ventral2d_cont_121,s3://braingeneers/braindance/busy_bee_10-10-2025/25134hs/ventral2d/ventral2d_cont_121,1100,0.5,0.5000005483460034,True,stim,167,True
s3://braingeneers/braindance/busy_bee_10-10-2025/,25134hs,ventral2d/ventral2d_cont_162,s3://braingeneers/braindance/busy_bee_10-10-2025/25134hs/ventral2d/ventral2d_cont_162,0,0.0,,False,spontaneous,167,True
s3://braingeneers/braindance/busy_bee_10-10-2025/,25134hs,ventral2d/ventral2d_cont_78,s3://braingeneers/braindance/busy_bee_10-10-2025/25134hs/ventral2d/ventral2d_cont_78,0,0.0,,False,spontaneous,167,True
s3://braingeneers/braindance/busy_bee_10-10-2025/,25134hs,ventral2d/ventral2d_cont_104,s3://braingeneers/braindance/busy_bee_10-10-2025/25134hs/ventral2d/ventral2d_cont_104,0,0.0,,False,spontaneous,167,True
s3://braingeneers/braindance/busy_bee_10-10-2025/,25134hs,ventral2d/ventral2d_cont_22,s3://braingeneers/braindance/busy_bee_10-10-2025/25134hs/ventral2d/ventral2d_cont_22,0,0.0,,False,spontaneous,167,True
s3://braingeneers/braindance/busy_bee_10-10-2025/,25134hs,ventral2d/ventral2d,s3://braingeneers/braindance/busy_bee_10-10-2025/25134hs/ventral2d/ventral2d,0,0.0,,False,spontaneous,167,True
s3://braingeneers/braindance/busy_bee_10-10-2025/,25134hs,ventral2d/ventral2d_cont_110,s3://braingeneers/braindance/busy_bee_10-10-2025/25134hs/ventral2d/ventral2d_cont_110,0,0.0,,False,spontaneous,167,True
s3://braingeneers/braindance/busy_bee_10-10-2025/,25134hs,ventral2d/ventral2d_cont_16,s3://braingeneers/braindance/busy_bee_10-10-2025/25134hs/ventral2d/ventral2d_cont_16,0,0.0,,False,spontaneous,167,True
s3://braingeneers/braindance/busy_bee_10-10-2025/,25134hs,ventral2d/ventral2d_cont_145,s3://braingeneers/braindance/busy_bee_10-10-2025/25134hs/ventral2d/ventral2d_cont_145,4400,2.0,2.000005791673687,True,stim,167,True
s3://braingeneers/braindance/busy_bee_10-10-2025/,25134hs,ventral2d/ventral2d_cont_160,s3://braingeneers/braindance/busy_bee_10-10-2025/25134hs/ventral2d/ventral2d_cont_160,0,0.0,,False,spontaneous,167,True
s3://braingeneers/braindance/busy_bee_10-10-2025/,25134hs,ventral2d/ventral2d_cont_3,s3://braingeneers/braindance/busy_bee_10-10-2025/25134hs/ventral2d/ventral2d_cont_3,2200,1.0,0.9999991329534108,True,stim,167,True
s3://braingeneers/braindance/busy_bee_10-10-2025/,25134hs,ventral2d/ventral2d_cont_151,s3://braingeneers/braindance/busy_bee_10-10-2025/25134hs/ventral2d/ventral2d_cont_151,1100,0.5,0.499999286648602,True,stim,167,True
s3://braingeneers/braindance/busy_bee_10-10-2025/,25134hs,ventral2d/ventral2d_cont_125,s3://braingeneers/braindance/busy_bee_10-10-2025/25134hs/ventral2d/ventral2d_cont_125,4400,2.0,2.000000576185456,True,stim,167,True
s3://braingeneers/braindance/busy_bee_10-10-2025/,25134hs,ventral2d/ventral2d_cont_56,s3://braingeneers/braindance/busy_bee_10-10-2025/25134hs/ventral2d/ventral2d_cont_56,0,0.0,,False,spontaneous,167,True
s3://braingeneers/braindance/busy_bee_10-10-2025/,25134hs,ventral2d/ventral2d_cont_57,s3://braingeneers/braindance/busy_bee_10-10-2025/25134hs/ventral2d/ventral2d_cont_57,8800,4.0,4.000008443519743,True,stim,167,True
s3://braingeneers/braindance/busy_bee_10-10-2025/,25134hs,ventral2d/ventral2d_cont_86,s3://braingeneers/braindance/busy_bee_10-10-2025/25134hs/ventral2d/ventral2d_cont_86,0,0.0,,False,spontaneous,167,True
s3://braingeneers/braindance/busy_bee_10-10-2025/,25134hs,ventral2d/ventral2d_cont_130,s3://braingeneers/braindance/busy_bee_10-10-2025/25134hs/ventral2d/ventral2d_cont_130,0,0.0,,False,spontaneous,167,True
s3://braingeneers/braindance/busy_bee_10-10-2025/,25134hs,ventral2d/ventral2d_cont_31,s3://braingeneers/braindance/busy_bee_10-10-2025/25134hs/ventral2d/ventral2d_cont_31,1100,0.5,0.5000006124934311,True,stim,167,True
s3://braingeneers/braindance/busy_bee_10-10-2025/,25134hs,ventral2d/ventral2d_cont_155,s3://braingeneers/braindance/busy_bee_10-10-2025/25134hs/ventral2d/ventral2d_cont_155,4400,2.0,1.999997575785732,True,stim,167,True
s3://braingeneers/braindance/busy_bee_10-10-2025/,25134hs,ventral2d/ventral2d_cont_123,s3://braingeneers/braindance/busy_bee_10-10-2025/25134hs/ventral2d/ventral2d_cont_123,2200,1.0,0.9999977504150754,True,stim,167,True
s3://braingeneers/braindance/busy_bee_10-10-2025/,25134hs,ventral2d/ventral2d_cont_148,s3://braingeneers/braindance/busy_bee_10-10-2025/25134hs/ventral2d/ventral2d_cont_148,0,0.0,,False,spontaneous,167,True
s3://braingeneers/braindance/busy_bee_10-10-2025/,25134hs,ventral2d/ventral2d_cont_45,s3://braingeneers/braindance/busy_bee_10-10-2025/25134hs/ventral2d/ventral2d_cont_45,4400,2.0,1.9999979318579852,True,stim,167,True
s3://braingeneers/braindance/busy_bee_10-10-2025/,25134hs,ventral2d/ventral2d_cont_13,s3://braingeneers/braindance/busy_bee_10-10-2025/25134hs/ventral2d/ventral2d_cont_13,2200,1.0,1.0000014345361343,True,stim,167,True
s3://braingeneers/braindance/busy_bee_10-10-2025/,25134hs,ventral2d/ventral2d_cont_134,s3://braingeneers/braindance/busy_bee_10-10-2025/25134hs/ventral2d/ventral2d_cont_134,0,0.0,,False,spontaneous,167,True
s3://braingeneers/braindance/busy_bee_10-10-2025/,25134hs,ventral2d/ventral2d_cont_54,s3://braingeneers/braindance/busy_bee_10-10-2025/25134hs/ventral2d/ventral2d_cont_54,0,0.0,,False,spontaneous,167,True
s3://braingeneers/braindance/busy_bee_10-10-2025/,25134hs,ventral2d/ventral2d_cont_55,s3://braingeneers/braindance/busy_bee_10-10-2025/25134hs/ventral2d/ventral2d_cont_55,4400,2.0,2.00000303849501,True,stim,167,True
s3://braingeneers/braindance/busy_bee_10-10-2025/,25134hs,ventral2d/ventral2d_cont_50,s3://braingeneers/braindance/busy_bee_10-10-2025/25134hs/ventral2d/ventral2d_cont_50,0,0.0,,False,spontaneous,167,True
s3://braingeneers/braindance/busy_bee_10-10-2025/,25134hs,ventral2d/ventral2d_cont_89,s3://braingeneers/braindance/busy_bee_10-10-2025/25134hs/ventral2d/ventral2d_cont_89,17600,8.0,7.999997465003306,True,stim,167,True
s3://braingeneers/braindance/busy_bee_10-10-2025/,25134hs,ventral2d/ventral2d_cont_29,s3://braingeneers/braindance/busy_bee_10-10-2025/25134hs/ventral2d/ventral2d_cont_29,17600,8.0,8.000002174572707,True,stim,167,True
s3://braingeneers/braindance/busy_bee_10-10-2025/,25134hs,ventral2d/ventral2d_cont_140,s3://braingeneers/braindance/busy_bee_10-10-2025/25134hs/ventral2d/ventral2d_cont_140,0,0.0,,False,spontaneous,167,True
s3://braingeneers/braindance/busy_bee_10-10-2025/,25134hs,ventral2d/ventral2d_cont_156,s3://braingeneers/braindance/busy_bee_10-10-2025/25134hs/ventral2d/ventral2d_cont_156,0,0.0,,False,spontaneous,167,True
s3://braingeneers/braindance/busy_bee_10-10-2025/,25134hs,ventral2d/ventral2d_cont_164,s3://braingeneers/braindance/busy_bee_10-10-2025/25134hs/ventral2d/ventral2d_cont_164,0,0.0,,False,spontaneous,167,True
s3://braingeneers/braindance/busy_bee_10-10-2025/,25134hs,ventral2d/ventral2d_cont_126,s3://braingeneers/braindance/busy_bee_10-10-2025/25134hs/ventral2d/ventral2d_cont_126,0,0.0,,False,spontaneous,167,True
s3://braingeneers/braindance/busy_bee_10-10-2025/,25134hs,ventral2d/ventral2d_cont_101,s3://braingeneers/braindance/busy_bee_10-10-2025/25134hs/ventral2d/ventral2d_cont_101,1100,0.5,0.5000007269642139,True,stim,167,True
s3://braingeneers/braindance/busy_bee_10-10-2025/,25134hs,ventral2d/ventral2d_cont_132,s3://braingeneers/braindance/busy_bee_10-10-2025/25134hs/ventral2d/ventral2d_cont_132,0,0.0,,False,spontaneous,167,True
s3://braingeneers/braindance/busy_bee_10-10-2025/,25134hs,ventral2d/ventral2d_cont_131,s3://braingeneers/braindance/busy_bee_10-10-2025/25134hs/ventral2d/ventral2d_cont_131,1100,0.5,0.4999999283199505,True,stim,167,True
s3://braingeneers/braindance/busy_bee_10-10-2025/,25134hs,ventral2d/ventral2d_cont_20,s3://braingeneers/braindance/busy_bee_10-10-2025/25134hs/ventral2d/ventral2d_cont_20,0,0.0,,False,spontaneous,167,True
s3://braingeneers/braindance/busy_bee_10-10-2025/,25134hs,ventral2d/ventral2d_cont_113,s3://braingeneers/braindance/busy_bee_10-10-2025/25134hs/ventral2d/ventral2d_cont_113,2200,1.0,0.9999977038182416,True,stim,167,True
s3://braingeneers/braindance/busy_bee_10-10-2025/,25134hs,ventral2d/ventral2d_cont_141,s3://braingeneers/braindance/busy_bee_10-10-2025/25134hs/ventral2d/ventral2d_cont_141,1100,0.5,0.5000010740142624,True,stim,167,True
s3://braingeneers/braindance/busy_bee_10-10-2025/,25134hs,ventral2d/ventral2d_cont_127,s3://braingeneers/braindance/busy_bee_10-10-2025/25134hs/ventral2d/ventral2d_cont_127,8800,4.0,4.0000022368045824,True,stim,167,True
s3://braingeneers/braindance/busy_bee_10-10-2025/,25134hs,ventral2d/ventral2d_cont_139,s3://braingeneers/braindance/busy_bee_10-10-2025/25134hs/ventral2d/ventral2d_cont_139,17600,8.0,7.99999262463054,True,stim,167,True
s3://braingeneers/braindance/busy_bee_10-10-2025/,25134hs,ventral2d/ventral2d_cont_152,s3://braingeneers/braindance/busy_bee_10-10-2025/25134hs/ventral2d/ventral2d_cont_152,0,0.0,,False,spontaneous,167,True
s3://braingeneers/braindance/busy_bee_10-10-2025/,25134hs,ventral2d/ventral2d_cont_124,s3://braingeneers/braindance/busy_bee_10-10-2025/25134hs/ventral2d/ventral2d_cont_124,0,0.0,,False,spontaneous,167,True
s3://braingeneers/braindance/busy_bee_10-10-2025/,25134hs,ventral2d/ventral2d_cont_135,s3://braingeneers/braindance/busy_bee_10-10-2025/25134hs/ventral2d/ventral2d_cont_135,4400,2.0,2.0000031835582135,True,stim,167,True
s3://braingeneers/braindance/busy_bee_10-10-2025/,25134hs,ventral2d/ventral2d_cont_68,s3://braingeneers/braindance/busy_bee_10-10-2025/25134hs/ventral2d/ventral2d_cont_68,0,0.0,,False,spontaneous,167,True
s3://braingeneers/braindance/busy_bee_10-10-2025/,25134hs,ventral2d/ventral2d_cont_43,s3://braingeneers/braindance/busy_bee_10-10-2025/25134hs/ventral2d/ventral2d_cont_43,2200,1.0,0.9999990493585738,True,stim,167,True
s3://braingeneers/braindance/busy_bee_10-10-2025/,25134hs,ventral2d/ventral2d_cont_12,s3://braingeneers/braindance/busy_bee_10-10-2025/25134hs/ventral2d/ventral2d_cont_12,0,0.0,,False,spontaneous,167,True
s3://braingeneers/braindance/busy_bee_10-10-2025/,25134hs,ventral2d/ventral2d_cont_143,s3://braingeneers/braindance/busy_bee_10-10-2025/25134hs/ventral2d/ventral2d_cont_143,2200,1.0,1.000001744095359,True,stim,167,True
s3://braingeneers/braindance/busy_bee_10-10-2025/,25134hs,ventral2d/ventral2d_cont_21,s3://braingeneers/braindance/busy_bee_10-10-2025/25134hs/ventral2d/ventral2d_cont_21,1100,0.5,0.4999998527220557,True,stim,167,True
s3://braingeneers/braindance/busy_bee_10-10-2025/,25134hs,ventral2d/ventral2d_cont_61,s3://braingeneers/braindance/busy_bee_10-10-2025/25134hs/ventral2d/ventral2d_cont_61,1100,0.5,0.4999997905196671,True,stim,167,True
s3://braingeneers/braindance/busy_bee_10-10-2025/,25134hs,ventral2d/ventral2d_cont_17,s3://braingeneers/braindance/busy_bee_10-10-2025/25134hs/ventral2d/ventral2d_cont_17,8800,4.0,3.999991910264181,True,stim,167,True
s3://braingeneers/braindance/busy_bee_10-10-2025/,25134hs,ventral2d/ventral2d_cont_24,s3://braingeneers/braindance/busy_bee_10-10-2025/25134hs/ventral2d/ventral2d_cont_24,0,0.0,,False,spontaneous,167,True
s3://braingeneers/braindance/busy_bee_10-10-2025/,25134hs,ventral2d/ventral2d_cont_117,s3://braingeneers/braindance/busy_bee_10-10-2025/25134hs/ventral2d/ventral2d_cont_117,8800,4.0,3.999986380842286,True,stim,167,True
s3://braingeneers/braindance/busy_bee_10-10-2025/,25134hs,ventral2d/ventral2d_cont_85,s3://braingeneers/braindance/busy_bee_10-10-2025/25134hs/ventral2d/ventral2d_cont_85,4400,2.0,2.00000043539922,True,stim,167,True
s3://braingeneers/braindance/busy_bee_10-10-2025/,25134hs,ventral2d/ventral2d_cont_60,s3://braingeneers/braindance/busy_bee_10-10-2025/25134hs/ventral2d/ventral2d_cont_60,0,0.0,,False,spontaneous,167,True
s3://braingeneers/braindance/busy_bee_10-10-2025/,25134hs,ventral2d/ventral2d_cont_15,s3://braingeneers/braindance/busy_bee_10-10-2025/25134hs/ventral2d/ventral2d_cont_15,4400,2.0,1.99999999264596,True,stim,167,True
s3://braingeneers/braindance/busy_bee_10-10-2025/,25134hs,ventral2d/ventral2d_cont_26,s3://braingeneers/braindance/busy_bee_10-10-2025/25134hs/ventral2d/ventral2d_cont_26,0,0.0,,False,spontaneous,167,True
s3://braingeneers/braindance/busy_bee_10-10-2025/,25134hs,ventral2d/ventral2d_cont_69,s3://braingeneers/braindance/busy_bee_10-10-2025/25134hs/ventral2d/ventral2d_cont_69,17600,8.0,8.000007547836868,True,stim,167,True
s3://braingeneers/braindance/busy_bee_10-10-2025/,25134hs,ventral2d/ventral2d_cont_30,s3://braingeneers/braindance/busy_bee_10-10-2025/25134hs/ventral2d/ventral2d_cont_30,0,0.0,,False,spontaneous,167,True
s3://braingeneers/braindance/busy_bee_10-10-2025/,25134hs,ventral2d/ventral2d_cont_163,s3://braingeneers/braindance/busy_bee_10-10-2025/25134hs/ventral2d/ventral2d_cont_163,2200,1.0,0.99999811796918,True,stim,167,True
s3://braingeneers/braindance/busy_bee_10-10-2025/,25134hs,ventral2d/ventral2d_cont_153,s3://braingeneers/braindance/busy_bee_10-10-2025/25134hs/ventral2d/ventral2d_cont_153,2200,1.0,1.000003753376202,True,stim,167,True
s3://braingeneers/braindance/busy_bee_10-10-2025/,25134hs,ventral2d/ventral2d_cont_28,s3://braingeneers/braindance/busy_bee_10-10-2025/25134hs/ventral2d/ventral2d_cont_28,0,0.0,,False,spontaneous,167,True
s3://braingeneers/braindance/busy_bee_10-10-2025/,25134hs,ventral2d/ventral2d_cont_158,s3://braingeneers/braindance/busy_bee_10-10-2025/25134hs/ventral2d/ventral2d_cont_158,0,0.0,,False,spontaneous,167,True
s3://braingeneers/braindance/busy_bee_10-10-2025/,25134hs,ventral2d/ventral2d_cont_97,s3://braingeneers/braindance/busy_bee_10-10-2025/25134hs/ventral2d/ventral2d_cont_97,8800,4.0,3.999994480469497,True,stim,167,True
s3://braingeneers/braindance/busy_bee_10-10-2025/,25134hs,ventral2d/ventral2d_cont_107,s3://braingeneers/braindance/busy_bee_10-10-2025/25134hs/ventral2d/ventral2d_cont_107,8800,4.0,3.9999890865998458,True,stim,167,True
s3://braingeneers/braindance/busy_bee_10-10-2025/,25134hs,ventral2d/ventral2d_cont_70,s3://braingeneers/braindance/busy_bee_10-10-2025/25134hs/ventral2d/ventral2d_cont_70,0,0.0,,False,spontaneous,167,True
s3://braingeneers/braindance/busy_bee_10-10-2025/,25134hs,ventral2d/ventral2d_cont_114,s3://braingeneers/braindance/busy_bee_10-10-2025/25134hs/ventral2d/ventral2d_cont_114,0,0.0,,False,spontaneous,167,True
s3://braingeneers/braindance/busy_bee_10-10-2025/,25134hs,ventral2d/ventral2d_cont_161,s3://braingeneers/braindance/busy_bee_10-10-2025/25134hs/ventral2d/ventral2d_cont_161,1100,0.5,0.5000007977775714,True,stim,167,True
s3://braingeneers/braindance/busy_bee_10-10-2025/,25134hs,ventral2d/ventral2d_cont_11,s3://braingeneers/braindance/busy_bee_10-10-2025/25134hs/ventral2d/ventral2d_cont_11,1100,0.5,0.4999997074589543,True,stim,167,True
s3://braingeneers/braindance/busy_bee_10-10-2025/,25134hs,ventral2d/ventral2d_cont_92,s3://braingeneers/braindance/busy_bee_10-10-2025/25134hs/ventral2d/ventral2d_cont_92,0,0.0,,False,spontaneous,167,True
s3://braingeneers/braindance/busy_bee_10-10-2025/,25134hs,ventral2d/ventral2d_cont_154,s3://braingeneers/braindance/busy_bee_10-10-2025/25134hs/ventral2d/ventral2d_cont_154,0,0.0,,False,spontaneous,167,True
s3://braingeneers/braindance/busy_bee_10-10-2025/,25134hs,ventral2d/ventral2d_cont_112,s3://braingeneers/braindance/busy_bee_10-10-2025/25134hs/ventral2d/ventral2d_cont_112,0,0.0,,False,spontaneous,167,True
s3://braingeneers/braindance/busy_bee_10-10-2025/,25134hs,ventral2d/ventral2d_cont_25,s3://braingeneers/braindance/busy_bee_10-10-2025/25134hs/ventral2d/ventral2d_cont_25,4400,2.0,2.000001836946652,True,stim,167,True
s3://braingeneers/braindance/busy_bee_10-10-2025/,25134hs,ventral2d/ventral2d_cont_67,s3://braingeneers/braindance/busy_bee_10-10-2025/25134hs/ventral2d/ventral2d_cont_67,8800,4.0,4.000018801778811,True,stim,167,True
s3://braingeneers/braindance/busy_bee_10-10-2025/,25134hs,ventral2d/ventral2d_cont_111,s3://braingeneers/braindance/busy_bee_10-10-2025/25134hs/ventral2d/ventral2d_cont_111,1100,0.5,0.4999999376708843,True,stim,167,True
s3://braingeneers/braindance/busy_bee_10-10-2025/,25134hs,ventral2d/ventral2d_cont_133,s3://braingeneers/braindance/busy_bee_10-10-2025/25134hs/ventral2d/ventral2d_cont_133,2200,1.0,1.000000964504254,True,stim,167,True
s3://braingeneers/braindance/busy_bee_10-10-2025/,25134hs,ventral2d/ventral2d_cont_9,s3://braingeneers/braindance/busy_bee_10-10-2025/25134hs/ventral2d/ventral2d_cont_9,17600,8.0,7.999992324633365,True,stim,167,True
s3://braingeneers/braindance/busy_bee_10-10-2025/,25134hs,ventral2d/ventral2d_cont_36,s3://braingeneers/braindance/busy_bee_10-10-2025/25134hs/ventral2d/ventral2d_cont_36,0,0.0,,False,spontaneous,167,True
s3://braingeneers/braindance/busy_bee_10-10-2025/,25134hs,ventral2d/ventral2d_cont_10,s3://braingeneers/braindance/busy_bee_10-10-2025/25134hs/ventral2d/ventral2d_cont_10,0,0.0,,False,spontaneous,167,True
s3://braingeneers/braindance/busy_bee_10-10-2025/,25134hs,ventral2d/ventral2d_cont_147,s3://braingeneers/braindance/busy_bee_10-10-2025/25134hs/ventral2d/ventral2d_cont_147,8800,4.0,4.000001641272384,True,stim,167,True
s3://braingeneers/braindance/busy_bee_10-10-2025/,25134hs,ventral2d/ventral2d_cont_72,s3://braingeneers/braindance/busy_bee_10-10-2025/25134hs/ventral2d/ventral2d_cont_72,0,0.0,,False,spontaneous,167,True
s3://braingeneers/braindance/busy_bee_10-10-2025/,25134hs,ventral2d/ventral2d_cont_96,s3://braingeneers/braindance/busy_bee_10-10-2025/25134hs/ventral2d/ventral2d_cont_96,0,0.0,,False,spontaneous,167,True
s3://braingeneers/braindance/busy_bee_10-10-2025/,25134hs,ventral2d/ventral2d_cont_4,s3://braingeneers/braindance/busy_bee_10-10-2025/25134hs/ventral2d/ventral2d_cont_4,0,0.0,,False,spontaneous,167,True
s3://braingeneers/braindance/busy_bee_10-10-2025/,25134hs,ventral2d/ventral2d_cont_105,s3://braingeneers/braindance/busy_bee_10-10-2025/25134hs/ventral2d/ventral2d_cont_105,4400,2.0,2.0000026852130075,True,stim,167,True
s3://braingeneers/braindance/busy_bee_10-10-2025/,25134hs,ventral2d/ventral2d_cont_38,s3://braingeneers/braindance/busy_bee_10-10-2025/25134hs/ventral2d/ventral2d_cont_38,0,0.0,,False,spontaneous,167,True
s3://braingeneers/braindance/busy_bee_10-10-2025/,25134hs,ventral2d/ventral2d_cont_35,s3://braingeneers/braindance/busy_bee_10-10-2025/25134hs/ventral2d/ventral2d_cont_35,4400,2.0,1.999997045114094,True,stim,167,True
s3://braingeneers/braindance/busy_bee_10-10-2025/,25134hs,ventral2d/ventral2d_cont_42,s3://braingeneers/braindance/busy_bee_10-10-2025/25134hs/ventral2d/ventral2d_cont_42,0,0.0,,False,spontaneous,167,True
s3://braingeneers/braindance/busy_bee_10-10-2025/,25134hs,ventral2d/ventral2d_cont_37,s3://braingeneers/braindance/busy_bee_10-10-2025/25134hs/ventral2d/ventral2d_cont_37,8800,4.0,4.000007675401501,True,stim,167,True
s3://braingeneers/braindance/busy_bee_10-10-2025/,25134hs,ventral2d/ventral2d_cont_157,s3://braingeneers/braindance/busy_bee_10-10-2025/25134hs/ventral2d/ventral2d_cont_157,8800,4.0,4.000003310179101,True,stim,167,True
s3://braingeneers/braindance/busy_bee_10-10-2025/,25134hs,ventral2d/ventral2d_cont_76,s3://braingeneers/braindance/busy_bee_10-10-2025/25134hs/ventral2d/ventral2d_cont_76,0,0.0,,False,spontaneous,167,True
s3://braingeneers/braindance/busy_bee_10-10-2025/,25134hs,ventral2d/ventral2d_cont_88,s3://braingeneers/braindance/busy_bee_10-10-2025/25134hs/ventral2d/ventral2d_cont_88,0,0.0,,False,spontaneous,167,True
s3://braingeneers/braindance/busy_bee_10-10-2025/,25134hs,ventral2d/ventral2d_cont_5,s3://braingeneers/braindance/busy_bee_10-10-2025/25134hs/ventral2d/ventral2d_cont_5,4400,2.0,2.0000033131816313,True,stim,167,True
s3://braingeneers/braindance/busy_bee_10-10-2025/,25134hs,ventral2d/ventral2d_cont_77,s3://braingeneers/braindance/busy_bee_10-10-2025/25134hs/ventral2d/ventral2d_cont_77,8800,4.0,4.000012265901607,True,stim,167,True
s3://braingeneers/braindance/busy_bee_10-10-2025/,25134hs,ventral2d/ventral2d_cont_94,s3://braingeneers/braindance/busy_bee_10-10-2025/25134hs/ventral2d/ventral2d_cont_94,0,0.0,,False,spontaneous,167,True
s3://braingeneers/braindance/busy_bee_10-10-2025/,25134hs,ventral2d/ventral2d_cont_46,s3://braingeneers/braindance/busy_bee_10-10-2025/25134hs/ventral2d/ventral2d_cont_46,0,0.0,,False,spontaneous,167,True
s3://braingeneers/braindance/busy_bee_10-10-2025/,25134hs,ventral2d/ventral2d_cont_47,s3://braingeneers/braindance/busy_bee_10-10-2025/25134hs/ventral2d/ventral2d_cont_47,8800,4.0,4.000003735382003,True,stim,167,True
s3://braingeneers/braindance/busy_bee_10-10-2025/,25134hs,ventral2d/ventral2d_cont_2,s3://braingeneers/braindance/busy_bee_10-10-2025/25134hs/ventral2d/ventral2d_cont_2,0,0.0,,False,spontaneous,167,True
s3://braingeneers/braindance/busy_bee_10-10-2025/,25134hs,ventral2d/ventral2d_cont_118,s3://braingeneers/braindance/busy_bee_10-10-2025/25134hs/ventral2d/ventral2d_cont_118,0,0.0,,False,spontaneous,167,True
s3://braingeneers/braindance/busy_bee_10-10-2025/,25134hs,ventral2d/ventral2d_cont_79,s3://braingeneers/braindance/busy_bee_10-10-2025/25134hs/ventral2d/ventral2d_cont_79,17600,8.0,8.000008506112408,True,stim,167,True
s3://braingeneers/braindance/busy_bee_10-10-2025/,25134hs,ventral2d/ventral2d_cont_49,s3://braingeneers/braindance/busy_bee_10-10-2025/25134hs/ventral2d/ventral2d_cont_49,17600,8.0,7.999997553267167,True,stim,167,True
s3://braingeneers/braindance/busy_bee_10-10-2025/,25134hs,ventral2d/ventral2d_cont_52,s3://braingeneers/braindance/busy_bee_10-10-2025/25134hs/ventral2d/ventral2d_cont_52,0,0.0,,False,spontaneous,167,True
s3://braingeneers/braindance/busy_bee_10-10-2025/,25134hs,ventral2d/ventral2d_cont_137,s3://braingeneers/braindance/busy_bee_10-10-2025/25134hs/ventral2d/ventral2d_cont_137,8800,4.0,4.000007898589554,True,stim,167,True
s3://braingeneers/braindance/busy_bee_10-10-2025/,25134hs,ventral2d/ventral2d_cont_81,s3://braingeneers/braindance/busy_bee_10-10-2025/25134hs/ventral2d/ventral2d_cont_81,1100,0.5,0.5000015870395075,True,stim,167,True
s3://braingeneers/braindance/busy_bee_10-10-2025/,25134hs,ventral2d/ventral2d_cont_66,s3://braingeneers/braindance/busy_bee_10-10-2025/25134hs/ventral2d/ventral2d_cont_66,0,0.0,,False,spontaneous,167,True
s3://braingeneers/braindance/busy_bee_10-10-2025/,25134hs,ventral2d/ventral2d_cont_95,s3://braingeneers/braindance/busy_bee_10-10-2025/25134hs/ventral2d/ventral2d_cont_95,4400,2.0,2.000001793139903,True,stim,167,True
s3://braingeneers/braindance/busy_bee_10-10-2025/,25134hs,ventral2d/ventral2d_cont_73,s3://braingeneers/braindance/busy_bee_10-10-2025/25134hs/ventral2d/ventral2d_cont_73,2200,1.0,0.9999980857762042,True,stim,167,True
s3://braingeneers/braindance/busy_bee_10-10-2025/,25134hs,ventral2d/ventral2d_cont_19,s3://braingeneers/braindance/busy_bee_10-10-2025/25134hs/ventral2d/ventral2d_cont_19,17600,8.0,8.000015558356454,True,stim,167,True
s3://braingeneers/braindance/busy_bee_10-10-2025/,25134hs,ventral2d/ventral2d_cont_84,s3://braingeneers/braindance/busy_bee_10-10-2025/25134hs/ventral2d/ventral2d_cont_84,0,0.0,,False,spontaneous,167,True
s3://braingeneers/braindance/busy_bee_10-10-2025/,25134hs,ventral2d/ventral2d_cont_98,s3://braingeneers/braindance/busy_bee_10-10-2025/25134hs/ventral2d/ventral2d_cont_98,0,0.0,,False,spontaneous,167,True
s3://braingeneers/braindance/busy_bee_10-10-2025/,25134hs,ventral2d/ventral2d_cont_18,s3://braingeneers/braindance/busy_bee_10-10-2025/25134hs/ventral2d/ventral2d_cont_18,0,0.0,,False,spontaneous,167,True
s3://braingeneers/braindance/busy_bee_10-10-2025/,25134hs,ventral2d/ventral2d_cont_64,s3://braingeneers/braindance/busy_bee_10-10-2025/25134hs/ventral2d/ventral2d_cont_64,0,0.0,,False,spontaneous,167,True
s3://braingeneers/braindance/busy_bee_10-10-2025/,25134hs,ventral2d/ventral2d_cont_74,s3://braingeneers/braindance/busy_bee_10-10-2025/25134hs/ventral2d/ventral2d_cont_74,0,0.0,,False,spontaneous,167,True
s3://braingeneers/braindance/busy_bee_10-10-2025/,25134hs,ventral2d/ventral2d_cont_119,s3://braingeneers/braindance/busy_bee_10-10-2025/25134hs/ventral2d/ventral2d_cont_119,17600,8.0,8.000014746942435,True,stim,167,True
s3://braingeneers/braindance/busy_bee_10-10-2025/,25134hs,ventral2d/ventral2d_cont_53,s3://braingeneers/braindance/busy_bee_10-10-2025/25134hs/ventral2d/ventral2d_cont_53,2200,1.0,0.9999971722763348,True,stim,167,True
s3://braingeneers/braindance/busy_bee_10-10-2025/,25134hs,ventral2d/ventral2d_cont_103,s3://braingeneers/braindance/busy_bee_10-10-2025/25134hs/ventral2d/ventral2d_cont_103,2200,1.0,1.000002467425605,True,stim,167,True
s3://braingeneers/braindance/busy_bee_10-10-2025/,25134hs,ventral2d/ventral2d_cont_128,s3://braingeneers/braindance/busy_bee_10-10-2025/25134hs/ventral2d/ventral2d_cont_128,0,0.0,,False,spontaneous,167,True
s3://braingeneers/braindance/busy_bee_10-10-2025/,25134hs,ventral2d/ventral2d_cont_34,s3://braingeneers/braindance/busy_bee_10-10-2025/25134hs/ventral2d/ventral2d_cont_34,0,0.0,,False,spontaneous,167,True
s3://braingeneers/braindance/busy_bee_10-10-2025/,25134hs,ventral2d/ventral2d_cont_150,s3://braingeneers/braindance/busy_bee_10-10-2025/25134hs/ventral2d/ventral2d_cont_150,0,0.0,,False,spontaneous,167,True
s3://braingeneers/braindance/busy_bee_10-10-2025/,25134hs,ventral2d/ventral2d_cont_8,s3://braingeneers/braindance/busy_bee_10-10-2025/25134hs/ventral2d/ventral2d_cont_8,0,0.0,,False,spontaneous,167,True
s3://braingeneers/braindance/busy_bee_10-10-2025/,25134hs,ventral2d/ventral2d_cont_33,s3://braingeneers/braindance/busy_bee_10-10-2025/25134hs/ventral2d/ventral2d_cont_33,2200,1.0,0.9999952475914852,True,stim,167,True
s3://braingeneers/braindance/busy_bee_10-10-2025/,25134hs,ventral2d/ventral2d_cont_136,s3://braingeneers/braindance/busy_bee_10-10-2025/25134hs/ventral2d/ventral2d_cont_136,0,0.0,,False,spontaneous,167,True
s3://braingeneers/braindance/busy_bee_10-10-2025/,25134hs,ventral2d/ventral2d_cont_48,s3://braingeneers/braindance/busy_bee_10-10-2025/25134hs/ventral2d/ventral2d_cont_48,0,0.0,,False,spontaneous,167,True
s3://braingeneers/braindance/busy_bee_10-10-2025/,25134hs,ventral2d/ventral2d_cont_32,s3://braingeneers/braindance/busy_bee_10-10-2025/25134hs/ventral2d/ventral2d_cont_32,0,0.0,,False,spontaneous,167,True
s3://braingeneers/braindance/busy_bee_10-10-2025/,25134hs,ventral2d/ventral2d_cont_115,s3://braingeneers/braindance/busy_bee_10-10-2025/25134hs/ventral2d/ventral2d_cont_115,4400,2.0,1.999991246198908,True,stim,167,True
s3://braingeneers/braindance/busy_bee_10-10-2025/,25134hs,ventral2d/ventral2d_cont,s3://braingeneers/braindance/busy_bee_10-10-2025/25134hs/ventral2d/ventral2d_cont,0,0.0,,False,spontaneous,167,True
s3://braingeneers/braindance/busy_bee_10-10-2025/,25134hs,ventral2d/ventral2d_cont_106,s3://braingeneers/braindance/busy_bee_10-10-2025/25134hs/ventral2d/ventral2d_cont_106,0,0.0,,False,spontaneous,167,True
s3://braingeneers/braindance/busy_bee_10-10-2025/,25134hs,ventral2d/ventral2d_cont_59,s3://braingeneers/braindance/busy_bee_10-10-2025/25134hs/ventral2d/ventral2d_cont_59,17600,8.0,7.999995246600987,True,stim,167,True
s3://braingeneers/braindance/busy_bee_10-10-2025/,25134hs,ventral2d/ventral2d_cont_41,s3://braingeneers/braindance/busy_bee_10-10-2025/25134hs/ventral2d/ventral2d_cont_41,1100,0.5,0.5000000537336744,True,stim,167,True
s3://braingeneers/braindance/busy_bee_10-10-2025/,25134hs,ventral2d/ventral2d_cont_65,s3://braingeneers/braindance/busy_bee_10-10-2025/25134hs/ventral2d/ventral2d_cont_65,4400,2.0,1.9999994393503189,True,stim,167,True
s3://braingeneers/braindance/busy_bee_10-10-2025/,25134hs,ventral2d/ventral2d_cont_51,s3://braingeneers/braindance/busy_bee_10-10-2025/25134hs/ventral2d/ventral2d_cont_51,1100,0.5,0.4999997001062602,True,stim,167,True
s3://braingeneers/braindance/busy_bee_10-10-2025/,25134hs,ventral2d/ventral2d_cont_39,s3://braingeneers/braindance/busy_bee_10-10-2025/25134hs/ventral2d/ventral2d_cont_39,17600,8.0,7.999984697330087,True,stim,167,True
s3://braingeneers/braindance/busy_bee_10-10-2025/,25134hs,ventral2d/ventral2d_cont_6,s3://braingeneers/braindance/busy_bee_10-10-2025/25134hs/ventral2d/ventral2d_cont_6,0,0.0,,False,spontaneous,167,True
s3://braingeneers/braindance/busy_bee_10-10-2025/,25134hs,ventral2d/ventral2d_cont_40,s3://braingeneers/braindance/busy_bee_10-10-2025/25134hs/ventral2d/ventral2d_cont_40,0,0.0,,False,spontaneous,167,True
s3://braingeneers/braindance/busy_bee_10-10-2025/,25134hs,ventral2d/ventral2d_cont_149,s3://braingeneers/braindance/busy_bee_10-10-2025/25134hs/ventral2d/ventral2d_cont_149,17600,8.0,8.000022163634863,True,stim,167,True
s3://braingeneers/braindance/busy_bee_10-10-2025/,25134hs,ventral2d/ventral2d_cont_63,s3://braingeneers/braindance/busy_bee_10-10-2025/25134hs/ventral2d/ventral2d_cont_63,2200,1.0,1.0000011095744572,True,stim,167,True
s3://braingeneers/braindance/busy_bee_10-10-2025/,25134hs,ventral2d/ventral2d_cont_129,s3://braingeneers/braindance/busy_bee_10-10-2025/25134hs/ventral2d/ventral2d_cont_129,17600,8.0,7.99998832450722,True,stim,167,True
s3://braingeneers/braindance/busy_bee_10-10-2025/,25134hs,ventral2d/ventral2d_cont_122,s3://braingeneers/braindance/busy_bee_10-10-2025/25134hs/ventral2d/ventral2d_cont_122,0,0.0,,False,spontaneous,167,True
s3://braingeneers/braindance/busy_bee_10-10-2025/,25134hs,ventral2d/ventral2d_cont_138,s3://braingeneers/braindance/busy_bee_10-10-2025/25134hs/ventral2d/ventral2d_cont_138,0,0.0,,False,spontaneous,167,True
s3://braingeneers/braindance/busy_bee_10-10-2025/,25134hs,ventral2d/ventral2d_cont_80,s3://braingeneers/braindance/busy_bee_10-10-2025/25134hs/ventral2d/ventral2d_cont_80,0,0.0,,False,spontaneous,167,True
s3://braingeneers/braindance/busy_bee_10-10-2025/,25134hs,ventral2d/ventral2d_cont_90,s3://braingeneers/braindance/busy_bee_10-10-2025/25134hs/ventral2d/ventral2d_cont_90,0,0.0,,False,spontaneous,167,True
s3://braingeneers/braindance/busy_bee_10-10-2025/,2522hs1,dorsal2d/dorsal2d_cont_38,s3://braingeneers/braindance/busy_bee_10-10-2025/2522hs1/dorsal2d/dorsal2d_cont_38,0,0.0,,False,spontaneous,117,True
s3://braingeneers/braindance/busy_bee_10-10-2025/,2522hs1,dorsal2d/dorsal2d_cont_62,s3://braingeneers/braindance/busy_bee_10-10-2025/2522hs1/dorsal2d/dorsal2d_cont_62,0,0.0,,False,spontaneous,117,True
s3://braingeneers/braindance/busy_bee_10-10-2025/,2522hs1,dorsal2d/dorsal2d_cont_52,s3://braingeneers/braindance/busy_bee_10-10-2025/2522hs1/dorsal2d/dorsal2d_cont_52,0,0.0,,False,spontaneous,117,True
s3://braingeneers/braindance/busy_bee_10-10-2025/,2522hs1,dorsal2d/dorsal2d_cont_16,s3://braingeneers/braindance/busy_bee_10-10-2025/2522hs1/dorsal2d/dorsal2d_cont_16,0,0.0,,False,spontaneous,117,True
s3://braingeneers/braindance/busy_bee_10-10-2025/,2522hs1,dorsal2d/dorsal2d_cont_2,s3://braingeneers/braindance/busy_bee_10-10-2025/2522hs1/dorsal2d/dorsal2d_cont_2,0,0.0,,False,spontaneous,117,True
s3://braingeneers/braindance/busy_bee_10-10-2025/,2522hs1,dorsal2d/dorsal2d_cont_75,s3://braingeneers/braindance/busy_bee_10-10-2025/2522hs1/dorsal2d/dorsal2d_cont_75,4000,2.0,1.9999983188081305,True,stim,117,True
s3://braingeneers/braindance/busy_bee_10-10-2025/,2522hs1,dorsal2d/dorsal2d_cont_22,s3://braingeneers/braindance/busy_bee_10-10-2025/2522hs1/dorsal2d/dorsal2d_cont_22,0,0.0,,False,spontaneous,117,True
s3://braingeneers/braindance/busy_bee_10-10-2025/,2522hs1,dorsal2d/dorsal2d_cont_55,s3://braingeneers/braindance/busy_bee_10-10-2025/2522hs1/dorsal2d/dorsal2d_cont_55,4000,2.0,2.0000005198370783,True,stim,117,True
s3://braingeneers/braindance/busy_bee_10-10-2025/,2522hs1,dorsal2d/dorsal2d_cont_102,s3://braingeneers/braindance/busy_bee_10-10-2025/2522hs1/dorsal2d/dorsal2d_cont_102,0,0.0,,False,spontaneous,117,True
s3://braingeneers/braindance/busy_bee_10-10-2025/,2522hs1,dorsal2d/dorsal2d_cont_74,s3://braingeneers/braindance/busy_bee_10-10-2025/2522hs1/dorsal2d/dorsal2d_cont_74,0,0.0,,False,spontaneous,117,True
s3://braingeneers/braindance/busy_bee_10-10-2025/,2522hs1,dorsal2d/dorsal2d_cont_24,s3://braingeneers/braindance/busy_bee_10-10-2025/2522hs1/dorsal2d/dorsal2d_cont_24,0,0.0,,False,spontaneous,117,True
s3://braingeneers/braindance/busy_bee_10-10-2025/,2522hs1,dorsal2d/dorsal2d_cont_64,s3://braingeneers/braindance/busy_bee_10-10-2025/2522hs1/dorsal2d/dorsal2d_cont_64,0,0.0,,False,spontaneous,117,True
s3://braingeneers/braindance/busy_bee_10-10-2025/,2522hs1,dorsal2d/dorsal2d_cont_61,s3://braingeneers/braindance/busy_bee_10-10-2025/2522hs1/dorsal2d/dorsal2d_cont_61,1000,0.5,0.5000009733992932,True,stim,117,True
s3://braingeneers/braindance/busy_bee_10-10-2025/,2522hs1,dorsal2d/dorsal2d_cont_18,s3://braingeneers/braindance/busy_bee_10-10-2025/2522hs1/dorsal2d/dorsal2d_cont_18,0,0.0,,False,spontaneous,117,True
s3://braingeneers/braindance/busy_bee_10-10-2025/,2522hs1,dorsal2d/dorsal2d_cont_110,s3://braingeneers/braindance/busy_bee_10-10-2025/2522hs1/dorsal2d/dorsal2d_cont_110,0,0.0,,False,spontaneous,117,True
s3://braingeneers/braindance/busy_bee_10-10-2025/,2522hs1,dorsal2d/dorsal2d_cont_82,s3://braingeneers/braindance/busy_bee_10-10-2025/2522hs1/dorsal2d/dorsal2d_cont_82,0,0.0,,False,spontaneous,117,True
s3://braingeneers/braindance/busy_bee_10-10-2025/,2522hs1,dorsal2d/dorsal2d_cont_100,s3://braingeneers/braindance/busy_bee_10-10-2025/2522hs1/dorsal2d/dorsal2d_cont_100,0,0.0,,False,spontaneous,117,True
s3://braingeneers/braindance/busy_bee_10-10-2025/,2522hs1,dorsal2d/dorsal2d,s3://braingeneers/braindance/busy_bee_10-10-2025/2522hs1/dorsal2d/dorsal2d,0,0.0,,False,spontaneous,117,True
s3://braingeneers/braindance/busy_bee_10-10-2025/,2522hs1,dorsal2d/dorsal2d_cont_50,s3://braingeneers/braindance/busy_bee_10-10-2025/2522hs1/dorsal2d/dorsal2d_cont_50,0,0.0,,False,spontaneous,117,True
s3://braingeneers/braindance/busy_bee_10-10-2025/,2522hs1,dorsal2d/dorsal2d_cont_88,s3://braingeneers/braindance/busy_bee_10-10-2025/2522hs1/dorsal2d/dorsal2d_cont_88,0,0.0,,False,spontaneous,117,True
s3://braingeneers/braindance/busy_bee_10-10-2025/,2522hs1,dorsal2d/dorsal2d_cont_80,s3://braingeneers/braindance/busy_bee_10-10-2025/2522hs1/dorsal2d/dorsal2d_cont_80,0,0.0,,False,spontaneous,117,True
s3://braingeneers/braindance/busy_bee_10-10-2025/,2522hs1,dorsal2d/dorsal2d_cont_6,s3://braingeneers/braindance/busy_bee_10-10-2025/2522hs1/dorsal2d/dorsal2d_cont_6,0,0.0,,False,spontaneous,117,True
s3://braingeneers/braindance/busy_bee_10-10-2025/,2522hs1,dorsal2d/dorsal2d_cont_23,s3://braingeneers/braindance/busy_bee_10-10-2025/2522hs1/dorsal2d/dorsal2d_cont_23,2000,1.0,1.0000026181464294,True,stim,117,True
s3://braingeneers/braindance/busy_bee_10-10-2025/,2522hs1,dorsal2d/dorsal2d_cont_86,s3://braingeneers/braindance/busy_bee_10-10-2025/2522hs1/dorsal2d/dorsal2d_cont_86,0,0.0,,False,spontaneous,117,True
s3://braingeneers/braindance/busy_bee_10-10-2025/,2522hs1,dorsal2d/dorsal2d_cont_53,s3://braingeneers/braindance/busy_bee_10-10-2025/2522hs1/dorsal2d/dorsal2d_cont_53,2000,1.0,1.0000004021687567,True,stim,117,True
s3://braingeneers/braindance/busy_bee_10-10-2025/,2522hs1,dorsal2d/dorsal2d_cont_98,s3://braingeneers/braindance/busy_bee_10-10-2025/2522hs1/dorsal2d/dorsal2d_cont_98,0,0.0,,False,spontaneous,117,True
s3://braingeneers/braindance/busy_bee_10-10-2025/,2522hs1,dorsal2d/dorsal2d_cont_41,s3://braingeneers/braindance/busy_bee_10-10-2025/2522hs1/dorsal2d/dorsal2d_cont_41,1000,0.5,0.4999992725280851,True,stim,117,True
s3://braingeneers/braindance/busy_bee_10-10-2025/,2522hs1,dorsal2d/dorsal2d_cont_59,s3://braingeneers/braindance/busy_bee_10-10-2025/2522hs1/dorsal2d/dorsal2d_cont_59,16000,8.0,8.00000179592865,True,stim,117,True
s3://braingeneers/braindance/busy_bee_10-10-2025/,2522hs1,dorsal2d/dorsal2d_cont_35,s3://braingeneers/braindance/busy_bee_10-10-2025/2522hs1/dorsal2d/dorsal2d_cont_35,4000,2.0,2.0000031351446963,True,stim,117,True
s3://braingeneers/braindance/busy_bee_10-10-2025/,2522hs1,dorsal2d/dorsal2d_cont_42,s3://braingeneers/braindance/busy_bee_10-10-2025/2522hs1/dorsal2d/dorsal2d_cont_42,0,0.0,,False,spontaneous,117,True
s3://braingeneers/braindance/busy_bee_10-10-2025/,2522hs1,dorsal2d/dorsal2d_cont_12,s3://braingeneers/braindance/busy_bee_10-10-2025/2522hs1/dorsal2d/dorsal2d_cont_12,0,0.0,,False,spontaneous,117,True
s3://braingeneers/braindance/busy_bee_10-10-2025/,2522hs1,dorsal2d/dorsal2d_cont_34,s3://braingeneers/braindance/busy_bee_10-10-2025/2522hs1/dorsal2d/dorsal2d_cont_34,0,0.0,,False,spontaneous,117,True
s3://braingeneers/braindance/busy_bee_10-10-2025/,2522hs1,dorsal2d/dorsal2d_cont_66,s3://braingeneers/braindance/busy_bee_10-10-2025/2522hs1/dorsal2d/dorsal2d_cont_66,0,0.0,,False,spontaneous,117,True
s3://braingeneers/braindance/busy_bee_10-10-2025/,2522hs1,dorsal2d/dorsal2d_cont_15,s3://braingeneers/braindance/busy_bee_10-10-2025/2522hs1/dorsal2d/dorsal2d_cont_15,4000,2.0,2.0000005216295373,True,stim,117,True
s3://braingeneers/braindance/busy_bee_10-10-2025/,2522hs1,dorsal2d/dorsal2d_cont_79,s3://braingeneers/braindance/busy_bee_10-10-2025/2522hs1/dorsal2d/dorsal2d_cont_79,16000,8.0,7.999986991632134,True,stim,117,True
s3://braingeneers/braindance/busy_bee_10-10-2025/,2522hs1,dorsal2d/dorsal2d_cont_51,s3://braingeneers/braindance/busy_bee_10-10-2025/2522hs1/dorsal2d/dorsal2d_cont_51,1000,0.5,0.5000000088556052,True,stim,117,True
s3://braingeneers/braindance/busy_bee_10-10-2025/,2522hs1,dorsal2d/dorsal2d_cont_92,s3://braingeneers/braindance/busy_bee_10-10-2025/2522hs1/dorsal2d/dorsal2d_cont_92,0,0.0,,False,spontaneous,117,True
s3://braingeneers/braindance/busy_bee_10-10-2025/,2522hs1,dorsal2d/dorsal2d_cont_7,s3://braingeneers/braindance/busy_bee_10-10-2025/2522hs1/dorsal2d/dorsal2d_cont_7,8000,4.0,3.999997263451804,True,stim,117,True
s3://braingeneers/braindance/busy_bee_10-10-2025/,2522hs1,dorsal2d/dorsal2d_cont_84,s3://braingeneers/braindance/busy_bee_10-10-2025/2522hs1/dorsal2d/dorsal2d_cont_84,0,0.0,,False,spontaneous,117,True
s3://braingeneers/braindance/busy_bee_10-10-2025/,2522hs1,dorsal2d/dorsal2d_cont_9,s3://braingeneers/braindance/busy_bee_10-10-2025/2522hs1/dorsal2d/dorsal2d_cont_9,16000,8.0,8.000003166975224,True,stim,117,True
s3://braingeneers/braindance/busy_bee_10-10-2025/,2522hs1,dorsal2d/dorsal2d_cont_13,s3://braingeneers/braindance/busy_bee_10-10-2025/2522hs1/dorsal2d/dorsal2d_cont_13,2000,1.0,0.9999992245208564,True,stim,117,True
s3://braingeneers/braindance/busy_bee_10-10-2025/,2522hs1,dorsal2d/dorsal2d_cont_31,s3://braingeneers/braindance/busy_bee_10-10-2025/2522hs1/dorsal2d/dorsal2d_cont_31,1000,0.5,0.5000006831643519,True,stim,117,True
s3://braingeneers/braindance/busy_bee_10-10-2025/,2522hs1,dorsal2d/dorsal2d_cont_40,s3://braingeneers/braindance/busy_bee_10-10-2025/2522hs1/dorsal2d/dorsal2d_cont_40,0,0.0,,False,spontaneous,117,True
s3://braingeneers/braindance/busy_bee_10-10-2025/,2522hs1,dorsal2d/dorsal2d_cont_27,s3://braingeneers/braindance/busy_bee_10-10-2025/2522hs1/dorsal2d/dorsal2d_cont_27,8000,4.0,3.9999916028659848,True,stim,117,True
s3://braingeneers/braindance/busy_bee_10-10-2025/,2522hs1,dorsal2d/dorsal2d_cont_14,s3://braingeneers/braindance/busy_bee_10-10-2025/2522hs1/dorsal2d/dorsal2d_cont_14,0,0.0,,False,spontaneous,117,True
s3://braingeneers/braindance/busy_bee_10-10-2025/,2522hs1,dorsal2d/dorsal2d_cont_71,s3://braingeneers/braindance/busy_bee_10-10-2025/2522hs1/dorsal2d/dorsal2d_cont_71,1000,0.5,0.4999998657407741,True,stim,117,True
s3://braingeneers/braindance/busy_bee_10-10-2025/,2522hs1,dorsal2d/dorsal2d_cont_48,s3://braingeneers/braindance/busy_bee_10-10-2025/2522hs1/dorsal2d/dorsal2d_cont_48,0,0.0,,False,spontaneous,117,True
s3://braingeneers/braindance/busy_bee_10-10-2025/,2522hs1,dorsal2d/dorsal2d_cont_107,s3://braingeneers/braindance/busy_bee_10-10-2025/2522hs1/dorsal2d/dorsal2d_cont_107,8000,4.0,3.999999544183027,True,stim,117,True
s3://braingeneers/braindance/busy_bee_10-10-2025/,2522hs1,dorsal2d/dorsal2d_cont_25,s3://braingeneers/braindance/busy_bee_10-10-2025/2522hs1/dorsal2d/dorsal2d_cont_25,4000,2.0,2.0000011188843536,True,stim,117,True
s3://braingeneers/braindance/busy_bee_10-10-2025/,2522hs1,dorsal2d/dorsal2d_cont_81,s3://braingeneers/braindance/busy_bee_10-10-2025/2522hs1/dorsal2d/dorsal2d_cont_81,1000,0.5,0.5000000464942475,True,stim,117,True
s3://braingeneers/braindance/busy_bee_10-10-2025/,2522hs1,dorsal2d/dorsal2d_cont_19,s3://braingeneers/braindance/busy_bee_10-10-2025/2522hs1/dorsal2d/dorsal2d_cont_19,16000,8.0,7.999993665057122,True,stim,117,True
s3://braingeneers/braindance/busy_bee_10-10-2025/,2522hs1,dorsal2d/dorsal2d_cont_113,s3://braingeneers/braindance/busy_bee_10-10-2025/2522hs1/dorsal2d/dorsal2d_cont_113,2000,1.0,0.9999976244128348,True,stim,117,True
s3://braingeneers/braindance/busy_bee_10-10-2025/,2522hs1,dorsal2d/dorsal2d_cont_26,s3://braingeneers/braindance/busy_bee_10-10-2025/2522hs1/dorsal2d/dorsal2d_cont_26,0,0.0,,False,spontaneous,117,True
s3://braingeneers/braindance/busy_bee_10-10-2025/,2522hs1,dorsal2d/dorsal2d_cont_39,s3://braingeneers/braindance/busy_bee_10-10-2025/2522hs1/dorsal2d/dorsal2d_cont_39,16000,8.0,7.999987480025005,True,stim,117,True
s3://braingeneers/braindance/busy_bee_10-10-2025/,2522hs1,dorsal2d/dorsal2d_cont_36,s3://braingeneers/braindance/busy_bee_10-10-2025/2522hs1/dorsal2d/dorsal2d_cont_36,0,0.0,,False,spontaneous,117,True
s3://braingeneers/braindance/busy_bee_10-10-2025/,2522hs1,dorsal2d/dorsal2d_cont_83,s3://braingeneers/braindance/busy_bee_10-10-2025/2522hs1/dorsal2d/dorsal2d_cont_83,2000,1.0,0.9999998054092504,True,stim,117,True
s3://braingeneers/braindance/busy_bee_10-10-2025/,2522hs1,dorsal2d/dorsal2d_cont_11,s3://braingeneers/braindance/busy_bee_10-10-2025/2522hs1/dorsal2d/dorsal2d_cont_11,1000,0.5,0.4999990237046093,True,stim,117,True
s3://braingeneers/braindance/busy_bee_10-10-2025/,2522hs1,dorsal2d/dorsal2d_cont_70,s3://braingeneers/braindance/busy_bee_10-10-2025/2522hs1/dorsal2d/dorsal2d_cont_70,0,0.0,,False,spontaneous,117,True
s3://braingeneers/braindance/busy_bee_10-10-2025/,2522hs1,dorsal2d/dorsal2d_cont_85,s3://braingeneers/braindance/busy_bee_10-10-2025/2522hs1/dorsal2d/dorsal2d_cont_85,4000,2.0,1.999996781195474,True,stim,117,True
s3://braingeneers/braindance/busy_bee_10-10-2025/,2522hs1,dorsal2d/dorsal2d_cont_56,s3://braingeneers/braindance/busy_bee_10-10-2025/2522hs1/dorsal2d/dorsal2d_cont_56,0,0.0,,False,spontaneous,117,True
s3://braingeneers/braindance/busy_bee_10-10-2025/,2522hs1,dorsal2d/dorsal2d_cont_29,s3://braingeneers/braindance/busy_bee_10-10-2025/2522hs1/dorsal2d/dorsal2d_cont_29,16000,8.0,7.999998060303238,True,stim,117,True
s3://braingeneers/braindance/busy_bee_10-10-2025/,2522hs1,dorsal2d/dorsal2d_cont_5,s3://braingeneers/braindance/busy_bee_10-10-2025/2522hs1/dorsal2d/dorsal2d_cont_5,4000,2.0,1.9999963850868103,True,stim,117,True
s3://braingeneers/braindance/busy_bee_10-10-2025/,2522hs1,dorsal2d/dorsal2d_cont_49,s3://braingeneers/braindance/busy_bee_10-10-2025/2522hs1/dorsal2d/dorsal2d_cont_49,16000,8.0,8.00000636364286,True,stim,117,True
s3://braingeneers/braindance/busy_bee_10-10-2025/,2522hs1,dorsal2d/dorsal2d_cont_17,s3://braingeneers/braindance/busy_bee_10-10-2025/2522hs1/dorsal2d/dorsal2d_cont_17,8000,4.0,4.0000026602943155,True,stim,117,True
s3://braingeneers/braindance/busy_bee_10-10-2025/,2522hs1,dorsal2d/dorsal2d_cont_20,s3://braingeneers/braindance/busy_bee_10-10-2025/2522hs1/dorsal2d/dorsal2d_cont_20,0,0.0,,False,spontaneous,117,True
s3://braingeneers/braindance/busy_bee_10-10-2025/,2522hs1,dorsal2d/dorsal2d_cont_32,s3://braingeneers/braindance/busy_bee_10-10-2025/2522hs1/dorsal2d/dorsal2d_cont_32,0,0.0,,False,spontaneous,117,True
s3://braingeneers/braindance/busy_bee_10-10-2025/,2522hs1,dorsal2d/dorsal2d_cont_54,s3://braingeneers/braindance/busy_bee_10-10-2025/2522hs1/dorsal2d/dorsal2d_cont_54,0,0.0,,False,spontaneous,117,True
s3://braingeneers/braindance/busy_bee_10-10-2025/,2522hs1,dorsal2d/dorsal2d_cont_28,s3://braingeneers/braindance/busy_bee_10-10-2025/2522hs1/dorsal2d/dorsal2d_cont_28,0,0.0,,False,spontaneous,117,True
s3://braingeneers/braindance/busy_bee_10-10-2025/,2522hs1,dorsal2d/dorsal2d_cont_91,s3://braingeneers/braindance/busy_bee_10-10-2025/2522hs1/dorsal2d/dorsal2d_cont_91,1000,0.5,0.4999998092708437,True,stim,117,True
s3://braingeneers/braindance/busy_bee_10-10-2025/,2522hs1,dorsal2d/dorsal2d_cont_46,s3://braingeneers/braindance/busy_bee_10-10-2025/2522hs1/dorsal2d/dorsal2d_cont_46,0,0.0,,False,spontaneous,117,True
s3://braingeneers/braindance/busy_bee_10-10-2025/,2522hs1,dorsal2d/dorsal2d_cont_78,s3://braingeneers/braindance/busy_bee_10-10-2025/2522hs1/dorsal2d/dorsal2d_cont_78,0,0.0,,False,spontaneous,117,True
s3://braingeneers/braindance/busy_bee_10-10-2025/,2522hs1,dorsal2d/dorsal2d_cont_72,s3://braingeneers/braindance/busy_bee_10-10-2025/2522hs1/dorsal2d/dorsal2d_cont_72,0,0.0,,False,spontaneous,117,True
s3://braingeneers/braindance/busy_bee_10-10-2025/,2522hs1,dorsal2d/dorsal2d_cont_105,s3://braingeneers/braindance/busy_bee_10-10-2025/2522hs1/dorsal2d/dorsal2d_cont_105,4000,2.0,1.999998702908574,True,stim,117,True
s3://braingeneers/braindance/busy_bee_10-10-2025/,2522hs1,dorsal2d/dorsal2d_cont_94,s3://braingeneers/braindance/busy_bee_10-10-2025/2522hs1/dorsal2d/dorsal2d_cont_94,0,0.0,,False,spontaneous,117,True
s3://braingeneers/braindance/busy_bee_10-10-2025/,2522hs1,dorsal2d/dorsal2d_cont_8,s3://braingeneers/braindance/busy_bee_10-10-2025/2522hs1/dorsal2d/dorsal2d_cont_8,0,0.0,,False,spontaneous,117,True
s3://braingeneers/braindance/busy_bee_10-10-2025/,2522hs1,dorsal2d/dorsal2d_cont_1,s3://braingeneers/braindance/busy_bee_10-10-2025/2522hs1/dorsal2d/dorsal2d_cont_1,1000,0.5,0.4999989498245292,True,stim,117,True
s3://braingeneers/braindance/busy_bee_10-10-2025/,2522hs1,dorsal2d/dorsal2d_cont_111,s3://braingeneers/braindance/busy_bee_10-10-2025/2522hs1/dorsal2d/dorsal2d_cont_111,1000,0.5,0.4999995170742931,True,stim,117,True
s3://braingeneers/braindance/busy_bee_10-10-2025/,2522hs1,dorsal2d/dorsal2d_cont_45,s3://braingeneers/braindance/busy_bee_10-10-2025/2522hs1/dorsal2d/dorsal2d_cont_45,4000,2.0,2.0000000488712057,True,stim,117,True
s3://braingeneers/braindance/busy_bee_10-10-2025/,2522hs1,dorsal2d/dorsal2d_cont_21,s3://braingeneers/braindance/busy_bee_10-10-2025/2522hs1/dorsal2d/dorsal2d_cont_21,1000,0.5,0.4999998529202089,True,stim,117,True
s3://braingeneers/braindance/busy_bee_10-10-2025/,2522hs1,dorsal2d/dorsal2d_cont_3,s3://braingeneers/braindance/busy_bee_10-10-2025/2522hs1/dorsal2d/dorsal2d_cont_3,2000,1.0,0.9999994464975512,True,stim,117,True
s3://braingeneers/braindance/busy_bee_10-10-2025/,2522hs1,dorsal2d/dorsal2d_cont_89,s3://braingeneers/braindance/busy_bee_10-10-2025/2522hs1/dorsal2d/dorsal2d_cont_89,16000,8.0,8.000005792062218,True,stim,117,True
s3://braingeneers/braindance/busy_bee_10-10-2025/,2522hs1,dorsal2d/dorsal2d_cont_44,s3://braingeneers/braindance/busy_bee_10-10-2025/2522hs1/dorsal2d/dorsal2d_cont_44,0,0.0,,False,spontaneous,117,True
s3://braingeneers/braindance/busy_bee_10-10-2025/,2522hs1,dorsal2d/dorsal2d_cont_93,s3://braingeneers/braindance/busy_bee_10-10-2025/2522hs1/dorsal2d/dorsal2d_cont_93,2000,1.0,1.0000009408273092,True,stim,117,True
s3://braingeneers/braindance/busy_bee_10-10-2025/,2522hs1,dorsal2d/dorsal2d_cont_4,s3://braingeneers/braindance/busy_bee_10-10-2025/2522hs1/dorsal2d/dorsal2d_cont_4,0,0.0,,False,spontaneous,117,True
s3://braingeneers/braindance/busy_bee_10-10-2025/,2522hs1,dorsal2d/dorsal2d_cont_87,s3://braingeneers/braindance/busy_bee_10-10-2025/2522hs1/dorsal2d/dorsal2d_cont_87,8000,4.0,3.999998195945333,True,stim,117,True
s3://braingeneers/braindance/busy_bee_10-10-2025/,2522hs1,dorsal2d/dorsal2d_cont_108,s3://braingeneers/braindance/busy_bee_10-10-2025/2522hs1/dorsal2d/dorsal2d_cont_108,0,0.0,,False,spontaneous,117,True
s3://braingeneers/braindance/busy_bee_10-10-2025/,2522hs1,dorsal2d/dorsal2d_cont_58,s3://braingeneers/braindance/busy_bee_10-10-2025/2522hs1/dorsal2d/dorsal2d_cont_58,0,0.0,,False,spontaneous,117,True
s3://braingeneers/braindance/busy_bee_10-10-2025/,2522hs1,dorsal2d/dorsal2d_cont_65,s3://braingeneers/braindance/busy_bee_10-10-2025/2522hs1/dorsal2d/dorsal2d_cont_65,4000,2.0,1.9999954681082777,True,stim,117,True
s3://braingeneers/braindance/busy_bee_10-10-2025/,2522hs1,dorsal2d/dorsal2d_cont_33,s3://braingeneers/braindance/busy_bee_10-10-2025/2522hs1/dorsal2d/dorsal2d_cont_33,2000,1.0,0.9999984784105124,True,stim,117,True
s3://braingeneers/braindance/busy_bee_10-10-2025/,2522hs1,dorsal2d/dorsal2d_cont_37,s3://braingeneers/braindance/busy_bee_10-10-2025/2522hs1/dorsal2d/dorsal2d_cont_37,8000,4.0,4.000000035908487,True,stim,117,True
s3://braingeneers/braindance/busy_bee_10-10-2025/,2522hs1,dorsal2d/dorsal2d_cont_73,s3://braingeneers/braindance/busy_bee_10-10-2025/2522hs1/dorsal2d/dorsal2d_cont_73,2000,1.0,0.999997852549392,True,stim,117,True
s3://braingeneers/braindance/busy_bee_10-10-2025/,2522hs1,dorsal2d/dorsal2d_cont_47,s3://braingeneers/braindance/busy_bee_10-10-2025/2522hs1/dorsal2d/dorsal2d_cont_47,8000,4.0,3.9999988286779553,True,stim,117,True
s3://braingeneers/braindance/busy_bee_10-10-2025/,2522hs1,dorsal2d/dorsal2d_cont_101,s3://braingeneers/braindance/busy_bee_10-10-2025/2522hs1/dorsal2d/dorsal2d_cont_101,1000,0.5,0.5000002133749625,True,stim,117,True
s3://braingeneers/braindance/busy_bee_10-10-2025/,2522hs1,dorsal2d/dorsal2d_cont_90,s3://braingeneers/braindance/busy_bee_10-10-2025/2522hs1/dorsal2d/dorsal2d_cont_90,0,0.0,,False,spontaneous,117,True
s3://braingeneers/braindance/busy_bee_10-10-2025/,2522hs1,dorsal2d/dorsal2d_cont_103,s3://braingeneers/braindance/busy_bee_10-10-2025/2522hs1/dorsal2d/dorsal2d_cont_103,2000,1.0,0.999999994188086,True,stim,117,True
s3://braingeneers/braindance/busy_bee_10-10-2025/,2522hs1,dorsal2d/dorsal2d_cont_43,s3://braingeneers/braindance/busy_bee_10-10-2025/2522hs1/dorsal2d/dorsal2d_cont_43,2000,1.0,1.0000001275477937,True,stim,117,True
s3://braingeneers/braindance/busy_bee_10-10-2025/,2522hs1,dorsal2d/dorsal2d_cont_10,s3://braingeneers/braindance/busy_bee_10-10-2025/2522hs1/dorsal2d/dorsal2d_cont_10,0,0.0,,False,spontaneous,117,True
s3://braingeneers/braindance/busy_bee_10-10-2025/,2522hs1,dorsal2d/dorsal2d_cont_69,s3://braingeneers/braindance/busy_bee_10-10-2025/2522hs1/dorsal2d/dorsal2d_cont_69,16000,8.0,7.999984241762137,True,stim,117,True
s3://braingeneers/braindance/busy_bee_10-10-2025/,2522hs1,dorsal2d/dorsal2d_cont_115,s3://braingeneers/braindance/busy_bee_10-10-2025/2522hs1/dorsal2d/dorsal2d_cont_115,427,2.0,2.0000047491191295,True,stim,117,True
s3://braingeneers/braindance/busy_bee_10-10-2025/,2522hs1,dorsal2d/dorsal2d_cont_97,s3://braingeneers/braindance/busy_bee_10-10-2025/2522hs1/dorsal2d/dorsal2d_cont_97,8000,4.0,3.9999956450523615,True,stim,117,True
s3://braingeneers/braindance/busy_bee_10-10-2025/,2522hs1,dorsal2d/dorsal2d_cont_77,s3://braingeneers/braindance/busy_bee_10-10-2025/2522hs1/dorsal2d/dorsal2d_cont_77,8000,4.0,4.000006193311755,True,stim,117,True
s3://braingeneers/braindance/busy_bee_10-10-2025/,2522hs1,dorsal2d/dorsal2d_cont,s3://braingeneers/braindance/busy_bee_10-10-2025/2522hs1/dorsal2d/dorsal2d_cont,0,0.0,,False,spontaneous,117,True
s3://braingeneers/braindance/busy_bee_10-10-2025/,2522hs1,dorsal2d/dorsal2d_cont_57,s3://braingeneers/braindance/busy_bee_10-10-2025/2522hs1/dorsal2d/dorsal2d_cont_57,8000,4.0,4.00000712909182,True,stim,117,True
s3://braingeneers/braindance/busy_bee_10-10-2025/,2522hs1,dorsal2d/dorsal2d_cont_109,s3://braingeneers/braindance/busy_bee_10-10-2025/2522hs1/dorsal2d/dorsal2d_cont_109,16000,8.0,7.999994881135292,True,stim,117,True
s3://braingeneers/braindance/busy_bee_10-10-2025/,2522hs1,dorsal2d/dorsal2d_cont_76,s3://braingeneers/braindance/busy_bee_10-10-2025/2522hs1/dorsal2d/dorsal2d_cont_76,0,0.0,,False,spontaneous,117,True
s3://braingeneers/braindance/busy_bee_10-10-2025/,2522hs1,dorsal2d/dorsal2d_cont_104,s3://braingeneers/braindance/busy_bee_10-10-2025/2522hs1/dorsal2d/dorsal2d_cont_104,0,0.0,,False,spontaneous,117,True
s3://braingeneers/braindance/busy_bee_10-10-2025/,2522hs1,dorsal2d/dorsal2d_cont_67,s3://braingeneers/braindance/busy_bee_10-10-2025/2522hs1/dorsal2d/dorsal2d_cont_67,8000,4.0,3.999998351662589,True,stim,117,True
s3://braingeneers/braindance/busy_bee_10-10-2025/,2522hs1,dorsal2d/dorsal2d_cont_114,s3://braingeneers/braindance/busy_bee_10-10-2025/2522hs1/dorsal2d/dorsal2d_cont_114,0,0.0,,False,spontaneous,117,True
s3://braingeneers/braindance/busy_bee_10-10-2025/,2522hs1,dorsal2d/dorsal2d_cont_95,s3://braingeneers/braindance/busy_bee_10-10-2025/2522hs1/dorsal2d/dorsal2d_cont_95,4000,2.0,1.999999405794628,True,stim,117,True
s3://braingeneers/braindance/busy_bee_10-10-2025/,2522hs1,dorsal2d/dorsal2d_cont_30,s3://braingeneers/braindance/busy_bee_10-10-2025/2522hs1/dorsal2d/dorsal2d_cont_30,0,0.0,,False,spontaneous,117,True
s3://braingeneers/braindance/busy_bee_10-10-2025/,2522hs1,dorsal2d/dorsal2d_cont_112,s3://braingeneers/braindance/busy_bee_10-10-2025/2522hs1/dorsal2d/dorsal2d_cont_112,0,0.0,,False,spontaneous,117,True
s3://braingeneers/braindance/busy_bee_10-10-2025/,2522hs1,dorsal2d/dorsal2d_cont_96,s3://braingeneers/braindance/busy_bee_10-10-2025/2522hs1/dorsal2d/dorsal2d_cont_96,0,0.0,,False,spontaneous,117,True
s3://braingeneers/braindance/busy_bee_10-10-2025/,2522hs1,dorsal2d/dorsal2d_cont_60,s3://braingeneers/braindance/busy_bee_10-10-2025/2522hs1/dorsal2d/dorsal2d_cont_60,0,0.0,,False,spontaneous,117,True
s3://braingeneers/braindance/busy_bee_10-10-2025/,2522hs1,dorsal2d/dorsal2d_cont_99,s3://braingeneers/braindance/busy_bee_10-10-2025/2522hs1/dorsal2d/dorsal2d_cont_99,16000,8.0,7.999966514667331,True,stim,117,True
s3://braingeneers/braindance/busy_bee_10-10-2025/,2522hs1,dorsal2d/dorsal2d_cont_63,s3://braingeneers/braindance/busy_bee_10-10-2025/2522hs1/dorsal2d/dorsal2d_cont_63,2000,1.0,0.9999991640542154,True,stim,117,True
s3://braingeneers/braindance/busy_bee_10-10-2025/,2522hs1,dorsal2d/dorsal2d_cont_68,s3://braingeneers/braindance/busy_bee_10-10-2025/2522hs1/dorsal2d/dorsal2d_cont_68,0,0.0,,False,spontaneous,117,True
s3://braingeneers/braindance/busy_bee_10-10-2025/,2522hs1,dorsal2d/dorsal2d_cont_106,s3://braingeneers/braindance/busy_bee_10-10-2025/2522hs1/dorsal2d/dorsal2d_cont_106,0,0.0,,False,spontaneous,117,True
s3://braingeneers/braindance/drug_causal_2025-09-01/,25222hs1,bl/bl,s3://braingeneers/braindance/drug_causal_2025-09-01/25222hs1/bl/bl,900,0.5,,False,stim,2,True
s3://braingeneers/braindance/drug_causal_2025-09-01/,25222hs1,bl/bl_causal,s3://braingeneers/braindance/drug_causal_2025-09-01/25222hs1/bl/bl_causal,900,2.0,2.000003422145994,True,stim,2,True
s3://braingeneers/braindance/drug_causal_2025-09-01/,25222hs1,noradrenaline/noradrenaline_causal,s3://braingeneers/braindance/drug_causal_2025-09-01/25222hs1/noradrenaline/noradrenaline_causal,900,2.0,1.9999873303990336,True,stim,2,True
s3://braingeneers/braindance/drug_causal_2025-09-01/,25222hs1,noradrenaline/noradrenaline,s3://braingeneers/braindance/drug_causal_2025-09-01/25222hs1/noradrenaline/noradrenaline,900,0.5,,False,stim,2,True
s3://braingeneersdev/asrobbin/braindance_data/2024-05-06_butterfly/,22097,apv/apv_cartpole_long,s3://braingeneersdev/asrobbin/braindance_data/2024-05-06_butterfly/22097/apv/apv_cartpole_long,11,4.0,3.557120843026509,True,stim,8,True
s3://braingeneersdev/asrobbin/braindance_data/2024-05-06_butterfly/,22097,apv/apv,s3://braingeneersdev/asrobbin/braindance_data/2024-05-06_butterfly/22097/apv/apv,1200,0.5,,False,stim,8,True
s3://braingeneersdev/asrobbin/braindance_data/2024-05-06_butterfly/,22097,apv/apv_cartpole_long_3,s3://braingeneersdev/asrobbin/braindance_data/2024-05-06_butterfly/22097/apv/apv_cartpole_long_3,1904,2.0,2.118109548440591,True,stim,8,True
s3://braingeneersdev/asrobbin/braindance_data/2024-05-06_butterfly/,22097,apv/apv_cartpole_long_4,s3://braingeneersdev/asrobbin/braindance_data/2024-05-06_butterfly/22097/apv/apv_cartpole_long_4,1903,2.0,2.120464839357914,True,stim,8,True
s3://braingeneersdev/asrobbin/braindance_data/2024-05-06_butterfly/,22097,apv/apv_cartpole_long_2,s3://braingeneersdev/asrobbin/braindance_data/2024-05-06_butterfly/22097/apv/apv_cartpole_long_2,1878,2.0,2.091531067941099,True,stim,8,True
s3://braingeneersdev/asrobbin/braindance_data/2024-05-06_butterfly/,22097,apv/apv_cartpole_long_5,s3://braingeneersdev/asrobbin/braindance_data/2024-05-06_butterfly/22097/apv/apv_cartpole_long_5,1889,2.0,2.1074485466283197,True,stim,8,True
s3://braingeneersdev/asrobbin/braindance_data/2024-05-06_butterfly/,22097,apv/apv_causal,s3://braingeneersdev/asrobbin/braindance_data/2024-05-06_butterfly/22097/apv/apv_causal,1200,2.0,1.9999938759220053,True,stim,8,True
s3://braingeneersdev/asrobbin/braindance_data/2024-05-06_butterfly/,22097,apv/apv_cartpole_long_1,s3://braingeneersdev/asrobbin/braindance_data/2024-05-06_butterfly/22097/apv/apv_cartpole_long_1,9,4.0,3.3373403095855134,True,stim,8,True
s3://braingeneersdev/asrobbin/braindance_data/2024-05-06_butterfly/,22097,dmso/dmso_cartpole_long_2,s3://braingeneersdev/asrobbin/braindance_data/2024-05-06_butterfly/22097/dmso/dmso_cartpole_long_2,2422,2.0,2.6947857101008617,True,stim,22,True
s3://braingeneersdev/asrobbin/braindance_data/2024-05-06_butterfly/,22097,dmso/dmso_cartpole_long_1,s3://braingeneersdev/asrobbin/braindance_data/2024-05-06_butterfly/22097/dmso/dmso_cartpole_long_1,2611,2.0,2.9048514064547253,True,stim,22,True
s3://braingeneersdev/asrobbin/braindance_data/2024-05-06_butterfly/,22097,dmso/dmso,s3://braingeneersdev/asrobbin/braindance_data/2024-05-06_butterfly/22097/dmso/dmso,1250,0.5,,False,stim,22,True
s3://braingeneersdev/asrobbin/braindance_data/2024-05-06_butterfly/,22097,dmso/dmso_cartpole_long_13,s3://braingeneersdev/asrobbin/braindance_data/2024-05-06_butterfly/22097/dmso/dmso_cartpole_long_13,2633,2.0,2.9333732861690356,True,stim,22,True
s3://braingeneersdev/asrobbin/braindance_data/2024-05-06_butterfly/,22097,dmso/dmso_cartpole_long_6,s3://braingeneersdev/asrobbin/braindance_data/2024-05-06_butterfly/22097/dmso/dmso_cartpole_long_6,2577,2.0,2.8671101607978513,True,stim,22,True
s3://braingeneersdev/asrobbin/braindance_data/2024-05-06_butterfly/,22097,dmso/dmso_cartpole_long_11,s3://braingeneersdev/asrobbin/braindance_data/2024-05-06_butterfly/22097/dmso/dmso_cartpole_long_11,2600,2.0,2.898777691661804,True,stim,22,True
s3://braingeneersdev/asrobbin/braindance_data/2024-05-06_butterfly/,22097,dmso/dmso_cartpole_long_18,s3://braingeneersdev/asrobbin/braindance_data/2024-05-06_butterfly/22097/dmso/dmso_cartpole_long_18,2744,4.0,3.053372471261209,True,stim,22,True
s3://braingeneersdev/asrobbin/braindance_data/2024-05-06_butterfly/,22097,dmso/dmso_cartpole_long_4,s3://braingeneersdev/asrobbin/braindance_data/2024-05-06_butterfly/22097/dmso/dmso_cartpole_long_4,2475,2.0,2.762180384719785,True,stim,22,True
s3://braingeneersdev/asrobbin/braindance_data/2024-05-06_butterfly/,22097,dmso/dmso_cartpole_long_9,s3://braingeneersdev/asrobbin/braindance_data/2024-05-06_butterfly/22097/dmso/dmso_cartpole_long_9,2716,4.0,3.0219942732177913,True,stim,22,True
s3://braingeneersdev/asrobbin/braindance_data/2024-05-06_butterfly/,22097,dmso/dmso_cartpole_long_17,s3://braingeneersdev/asrobbin/braindance_data/2024-05-06_butterfly/22097/dmso/dmso_cartpole_long_17,2544,2.0,2.8309515955139157,True,stim,22,True
s3://braingeneersdev/asrobbin/braindance_data/2024-05-06_butterfly/,22097,dmso/dmso_cartpole_long_12,s3://braingeneersdev/asrobbin/braindance_data/2024-05-06_butterfly/22097/dmso/dmso_cartpole_long_12,2598,2.0,2.891153771738441,True,stim,22,True
s3://braingeneersdev/asrobbin/braindance_data/2024-05-06_butterfly/,22097,dmso/dmso_cartpole_long_19,s3://braingeneersdev/asrobbin/braindance_data/2024-05-06_butterfly/22097/dmso/dmso_cartpole_long_19,2443,2.0,2.722205814142852,True,stim,22,True
s3://braingeneersdev/asrobbin/braindance_data/2024-05-06_butterfly/,22097,dmso/dmso_cartpole_long_14,s3://braingeneersdev/asrobbin/braindance_data/2024-05-06_butterfly/22097/dmso/dmso_cartpole_long_14,2634,2.0,2.9310929434868207,True,stim,22,True
s3://braingeneersdev/asrobbin/braindance_data/2024-05-06_butterfly/,22097,dmso/dmso_cartpole_long_15,s3://braingeneersdev/asrobbin/braindance_data/2024-05-06_butterfly/22097/dmso/dmso_cartpole_long_15,2590,2.0,2.881214118513641,True,stim,22,True
s3://braingeneersdev/asrobbin/braindance_data/2024-05-06_butterfly/,22097,dmso/dmso_cartpole_long_5,s3://braingeneersdev/asrobbin/braindance_data/2024-05-06_butterfly/22097/dmso/dmso_cartpole_long_5,2454,2.0,2.7301890427843025,True,stim,22,True
s3://braingeneersdev/asrobbin/braindance_data/2024-05-06_butterfly/,22097,dmso/dmso_cartpole_long_3,s3://braingeneersdev/asrobbin/braindance_data/2024-05-06_butterfly/22097/dmso/dmso_cartpole_long_3,2342,2.0,2.6062825651427395,True,stim,22,True
s3://braingeneersdev/asrobbin/braindance_data/2024-05-06_butterfly/,22097,dmso/dmso_causal,s3://braingeneersdev/asrobbin/braindance_data/2024-05-06_butterfly/22097/dmso/dmso_causal,1250,2.0,1.9999974338767912,True,stim,22,True
s3://braingeneersdev/asrobbin/braindance_data/2024-05-06_butterfly/,22097,dmso/dmso_cartpole_long_16,s3://braingeneersdev/asrobbin/braindance_data/2024-05-06_butterfly/22097/dmso/dmso_cartpole_long_16,2617,2.0,2.9114741724652418,True,stim,22,True
s3://braingeneersdev/asrobbin/braindance_data/2024-05-06_butterfly/,22097,dmso/dmso_cartpole_long_10,s3://braingeneersdev/asrobbin/braindance_data/2024-05-06_butterfly/22097/dmso/dmso_cartpole_long_10,2510,2.0,2.7922844867844274,True,stim,22,True
s3://braingeneersdev/asrobbin/braindance_data/2024-05-06_butterfly/,22097,dmso/dmso_cartpole_long_8,s3://braingeneersdev/asrobbin/braindance_data/2024-05-06_butterfly/22097/dmso/dmso_cartpole_long_8,2523,2.0,2.8066288959535517,True,stim,22,True
s3://braingeneersdev/asrobbin/braindance_data/2024-05-06_butterfly/,22097,dmso/dmso_cartpole_long_7,s3://braingeneersdev/asrobbin/braindance_data/2024-05-06_butterfly/22097/dmso/dmso_cartpole_long_7,2392,2.0,2.664882731840483,True,stim,22,True
s3://braingeneersdev/asrobbin/braindance_data/2024-05-06_butterfly/,22097,dmso/dmso_cartpole_long,s3://braingeneersdev/asrobbin/braindance_data/2024-05-06_butterfly/22097/dmso/dmso_cartpole_long,2550,2.0,2.8364021151178593,True,stim,22,True
s3://braingeneersdev/asrobbin/braindance_data/2024-05-06_butterfly/,22097,nbqx/nbqx_cartpole_long_2,s3://braingeneersdev/asrobbin/braindance_data/2024-05-06_butterfly/22097/nbqx/nbqx_cartpole_long_2,2375,2.0,2.6396000446239216,True,stim,8,True
s3://braingeneersdev/asrobbin/braindance_data/2024-05-06_butterfly/,22097,nbqx/nbqx_cartpole_long_3,s3://braingeneersdev/asrobbin/braindance_data/2024-05-06_butterfly/22097/nbqx/nbqx_cartpole_long_3,2226,2.0,2.476423240337697,True,stim,8,True
s3://braingeneersdev/asrobbin/braindance_data/2024-05-06_butterfly/,22097,nbqx/nbqx_cartpole_long_5,s3://braingeneersdev/asrobbin/braindance_data/2024-05-06_butterfly/22097/nbqx/nbqx_cartpole_long_5,2920,4.0,3.248062597393931,True,stim,8,True
s3://braingeneersdev/asrobbin/braindance_data/2024-05-06_butterfly/,22097,nbqx/nbqx_causal,s3://braingeneersdev/asrobbin/braindance_data/2024-05-06_butterfly/22097/nbqx/nbqx_causal,1150,2.0,1.9999985136305392,True,stim,8,True
s3://braingeneersdev/asrobbin/braindance_data/2024-05-06_butterfly/,22097,nbqx/nbqx,s3://braingeneersdev/asrobbin/braindance_data/2024-05-06_butterfly/22097/nbqx/nbqx,1150,0.5,,False,stim,8,True
s3://braingeneersdev/asrobbin/braindance_data/2024-05-06_butterfly/,22097,nbqx/nbqx_cartpole_long,s3://braingeneersdev/asrobbin/braindance_data/2024-05-06_butterfly/22097/nbqx/nbqx_cartpole_long,2942,4.0,3.2723364110973585,True,stim,8,True
s3://braingeneersdev/asrobbin/braindance_data/2024-05-06_butterfly/,22097,nbqx/nbqx_cartpole_long_4,s3://braingeneersdev/asrobbin/braindance_data/2024-05-06_butterfly/22097/nbqx/nbqx_cartpole_long_4,2430,2.0,2.7035009849160287,True,stim,8,True
s3://braingeneersdev/asrobbin/braindance_data/2024-05-06_butterfly/,22097,nbqx/nbqx_cartpole_long_1,s3://braingeneersdev/asrobbin/braindance_data/2024-05-06_butterfly/22097/nbqx/nbqx_cartpole_long_1,2653,2.0,2.951056529467432,True,stim,8,True
s3://braingeneersdev/asrobbin/braindance_data/2024-05-06_butterfly/,22097,rl_only/rl_only_causal_1,s3://braingeneersdev/asrobbin/braindance_data/2024-05-06_butterfly/22097/rl_only/rl_only_causal_1,1300,2.0,2.000003228827091,True,stim,11,True
s3://braingeneersdev/asrobbin/braindance_data/2024-05-06_butterfly/,22097,rl_only/rl_only_cartpole_long_1,s3://braingeneersdev/asrobbin/braindance_data/2024-05-06_butterfly/22097/rl_only/rl_only_cartpole_long_1,2954,4.0,3.286033148581712,True,stim,11,True
s3://braingeneersdev/asrobbin/braindance_data/2024-05-06_butterfly/,22097,rl_only/rl_only_cartpole_long_5,s3://braingeneersdev/asrobbin/braindance_data/2024-05-06_butterfly/22097/rl_only/rl_only_cartpole_long_5,2861,4.0,3.1834459007882394,True,stim,11,True
s3://braingeneersdev/asrobbin/braindance_data/2024-05-06_butterfly/,22097,rl_only/rl_only_cartpole_long_6,s3://braingeneersdev/asrobbin/braindance_data/2024-05-06_butterfly/22097/rl_only/rl_only_cartpole_long_6,2670,2.0,2.9738146910893217,True,stim,11,True
s3://braingeneersdev/asrobbin/braindance_data/2024-05-06_butterfly/,22097,rl_only/rl_only_1,s3://braingeneersdev/asrobbin/braindance_data/2024-05-06_butterfly/22097/rl_only/rl_only_1,0,0.0,,False,spontaneous,11,True
s3://braingeneersdev/asrobbin/braindance_data/2024-05-06_butterfly/,22097,rl_only/rl_only_causal,s3://braingeneersdev/asrobbin/braindance_data/2024-05-06_butterfly/22097/rl_only/rl_only_causal,1150,2.0,1.9999938106264288,True,stim,11,True
s3://braingeneersdev/asrobbin/braindance_data/2024-05-06_butterfly/,22097,rl_only/rl_only_cartpole_long_3,s3://braingeneersdev/asrobbin/braindance_data/2024-05-06_butterfly/22097/rl_only/rl_only_cartpole_long_3,2469,2.0,2.7470032062301963,True,stim,11,True
s3://braingeneersdev/asrobbin/braindance_data/2024-05-06_butterfly/,22097,rl_only/rl_only_cartpole_long_2,s3://braingeneersdev/asrobbin/braindance_data/2024-05-06_butterfly/22097/rl_only/rl_only_cartpole_long_2,3266,4.0,3.635323415740861,True,stim,11,True
s3://braingeneersdev/asrobbin/braindance_data/2024-05-06_butterfly/,22097,rl_only/rl_only,s3://braingeneersdev/asrobbin/braindance_data/2024-05-06_butterfly/22097/rl_only/rl_only,1150,0.5,,False,stim,11,True
s3://braingeneersdev/asrobbin/braindance_data/2024-05-06_butterfly/,22097,rl_only/rl_only_cartpole_long,s3://braingeneersdev/asrobbin/braindance_data/2024-05-06_butterfly/22097/rl_only/rl_only_cartpole_long,647,2.0,2.234738252395985,True,stim,11,True
s3://braingeneersdev/asrobbin/braindance_data/2024-05-06_butterfly/,22097,rl_only/rl_only_cartpole_long_4,s3://braingeneersdev/asrobbin/braindance_data/2024-05-06_butterfly/22097/rl_only/rl_only_cartpole_long_4,2900,4.0,3.226646258452136,True,stim,11,True
s3://braingeneersdev/asrobbin/braindance_data/2024-05-06_butterfly/,22194,nbqx_ventral/nbqx_ventral_cartpole_long_6,s3://braingeneersdev/asrobbin/braindance_data/2024-05-06_butterfly/22194/nbqx_ventral/nbqx_ventral_cartpole_long_6,2063,2.0,2.2954226609163757,True,stim,20,True
s3://braingeneersdev/asrobbin/braindance_data/2024-05-06_butterfly/,22194,nbqx_ventral/nbqx_ventral_cartpole_long_13,s3://braingeneersdev/asrobbin/braindance_data/2024-05-06_butterfly/22194/nbqx_ventral/nbqx_ventral_cartpole_long_13,2366,2.0,2.6335564358528183,True,stim,20,True
s3://braingeneersdev/asrobbin/braindance_data/2024-05-06_butterfly/,22194,nbqx_ventral/nbqx_ventral_cartpole_long_12,s3://braingeneersdev/asrobbin/braindance_data/2024-05-06_butterfly/22194/nbqx_ventral/nbqx_ventral_cartpole_long_12,2241,2.0,2.492896376473219,True,stim,20,True
s3://braingeneersdev/asrobbin/braindance_data/2024-05-06_butterfly/,22194,nbqx_ventral/nbqx_ventral_cartpole_long_17,s3://braingeneersdev/asrobbin/braindance_data/2024-05-06_butterfly/22194/nbqx_ventral/nbqx_ventral_cartpole_long_17,2164,2.0,2.4071849338892948,True,stim,20,True
s3://braingeneersdev/asrobbin/braindance_data/2024-05-06_butterfly/,22194,nbqx_ventral/nbqx_ventral_cartpole_long_5,s3://braingeneersdev/asrobbin/braindance_data/2024-05-06_butterfly/22194/nbqx_ventral/nbqx_ventral_cartpole_long_5,2120,2.0,2.35842743069424,True,stim,20,True
s3://braingeneersdev/asrobbin/braindance_data/2024-05-06_butterfly/,22194,nbqx_ventral/nbqx_ventral_cartpole_long_10,s3://braingeneersdev/asrobbin/braindance_data/2024-05-06_butterfly/22194/nbqx_ventral/nbqx_ventral_cartpole_long_10,2239,2.0,2.4930296364680298,True,stim,20,True
s3://braingeneersdev/asrobbin/braindance_data/2024-05-06_butterfly/,22194,nbqx_ventral/nbqx_ventral_cartpole_long_15,s3://braingeneersdev/asrobbin/braindance_data/2024-05-06_butterfly/22194/nbqx_ventral/nbqx_ventral_cartpole_long_15,2328,2.0,2.5913743170019856,True,stim,20,True
s3://braingeneersdev/asrobbin/braindance_data/2024-05-06_butterfly/,22194,nbqx_ventral/nbqx_ventral_cartpole_long_9,s3://braingeneersdev/asrobbin/braindance_data/2024-05-06_butterfly/22194/nbqx_ventral/nbqx_ventral_cartpole_long_9,2454,2.0,2.730332692544535,True,stim,20,True
s3://braingeneersdev/asrobbin/braindance_data/2024-05-06_butterfly/,22194,nbqx_ventral/nbqx_ventral,s3://braingeneersdev/asrobbin/braindance_data/2024-05-06_butterfly/22194/nbqx_ventral/nbqx_ventral,1200,0.5,,False,stim,20,True
s3://braingeneersdev/asrobbin/braindance_data/2024-05-06_butterfly/,22194,nbqx_ventral/nbqx_ventral_cartpole_long_1,s3://braingeneersdev/asrobbin/braindance_data/2024-05-06_butterfly/22194/nbqx_ventral/nbqx_ventral_cartpole_long_1,2724,4.0,3.030605308435927,True,stim,20,True
s3://braingeneersdev/asrobbin/braindance_data/2024-05-06_butterfly/,22194,nbqx_ventral/nbqx_ventral_cartpole_long,s3://braingeneersdev/asrobbin/braindance_data/2024-05-06_butterfly/22194/nbqx_ventral/nbqx_ventral_cartpole_long,2777,4.0,3.0884173567089133,True,stim,20,True
s3://braingeneersdev/asrobbin/braindance_data/2024-05-06_butterfly/,22194,nbqx_ventral/nbqx_ventral_causal,s3://braingeneersdev/asrobbin/braindance_data/2024-05-06_butterfly/22194/nbqx_ventral/nbqx_ventral_causal,1200,2.0,1.9999941864189004,True,stim,20,True
s3://braingeneersdev/asrobbin/braindance_data/2024-05-06_butterfly/,22194,nbqx_ventral/nbqx_ventral_cartpole_long_3,s3://braingeneersdev/asrobbin/braindance_data/2024-05-06_butterfly/22194/nbqx_ventral/nbqx_ventral_cartpole_long_3,2309,2.0,2.5700544884442404,True,stim,20,True
s3://braingeneersdev/asrobbin/braindance_data/2024-05-06_butterfly/,22194,nbqx_ventral/nbqx_ventral_cartpole_long_4,s3://braingeneersdev/asrobbin/braindance_data/2024-05-06_butterfly/22194/nbqx_ventral/nbqx_ventral_cartpole_long_4,2150,2.0,2.3920790975153423,True,stim,20,True
s3://braingeneersdev/asrobbin/braindance_data/2024-05-06_butterfly/,22194,nbqx_ventral/nbqx_ventral_cartpole_long_7,s3://braingeneersdev/asrobbin/braindance_data/2024-05-06_butterfly/22194/nbqx_ventral/nbqx_ventral_cartpole_long_7,2075,2.0,2.3119675114464497,True,stim,20,True
s3://braingeneersdev/asrobbin/braindance_data/2024-05-06_butterfly/,22194,nbqx_ventral/nbqx_ventral_cartpole_long_8,s3://braingeneersdev/asrobbin/braindance_data/2024-05-06_butterfly/22194/nbqx_ventral/nbqx_ventral_cartpole_long_8,2123,2.0,2.361804867723659,True,stim,20,True
s3://braingeneersdev/asrobbin/braindance_data/2024-05-06_butterfly/,22194,nbqx_ventral/nbqx_ventral_cartpole_long_16,s3://braingeneersdev/asrobbin/braindance_data/2024-05-06_butterfly/22194/nbqx_ventral/nbqx_ventral_cartpole_long_16,2309,2.0,2.568814401499096,True,stim,20,True
s3://braingeneersdev/asrobbin/braindance_data/2024-05-06_butterfly/,22194,nbqx_ventral/nbqx_ventral_cartpole_long_11,s3://braingeneersdev/asrobbin/braindance_data/2024-05-06_butterfly/22194/nbqx_ventral/nbqx_ventral_cartpole_long_11,2392,2.0,2.6685739548765355,True,stim,20,True
s3://braingeneersdev/asrobbin/braindance_data/2024-05-06_butterfly/,22194,nbqx_ventral/nbqx_ventral_cartpole_long_2,s3://braingeneersdev/asrobbin/braindance_data/2024-05-06_butterfly/22194/nbqx_ventral/nbqx_ventral_cartpole_long_2,2236,2.0,2.489511779674776,True,stim,20,True
s3://braingeneersdev/asrobbin/braindance_data/2024-05-06_butterfly/,22194,nbqx_ventral/nbqx_ventral_cartpole_long_14,s3://braingeneersdev/asrobbin/braindance_data/2024-05-06_butterfly/22194/nbqx_ventral/nbqx_ventral_cartpole_long_14,2306,2.0,2.5681948004250352,True,stim,20,True
s3://braingeneersdev/asrobbin/braindance_data/2024-05-06_butterfly/,23119,exp1/exp1,s3://braingeneersdev/asrobbin/braindance_data/2024-05-06_butterfly/23119/exp1/exp1,0,0.0,,False,spontaneous,1,True
s3://braingeneersdev/asrobbin/braindance_data/2024-05-06_butterfly/,23138,RL_only/RL_only_causal,s3://braingeneersdev/asrobbin/braindance_data/2024-05-06_butterfly/23138/RL_only/RL_only_causal,1250,2.0,2.000024113590955,True,stim,2,True
s3://braingeneersdev/asrobbin/braindance_data/2024-05-06_butterfly/,23138,RL_only/RL_only,s3://braingeneersdev/asrobbin/braindance_data/2024-05-06_butterfly/23138/RL_only/RL_only,1250,0.5,,False,stim,2,True
s3://braingeneersdev/asrobbin/braindance_data/24-04-18_butterfly/,23133,exp1/exp1_causal,s3://braingeneersdev/asrobbin/braindance_data/24-04-18_butterfly/23133/exp1/exp1_causal,1150,2.0,2.00000576164938,True,stim,22,True
s3://braingeneersdev/asrobbin/braindance_data/24-04-18_butterfly/,23133,exp1/exp1_cartpole_long_5,s3://braingeneersdev/asrobbin/braindance_data/24-04-18_butterfly/23133/exp1/exp1_cartpole_long_5,2213,2.0,2.459782166579477,True,stim,22,True
s3://braingeneersdev/asrobbin/braindance_data/24-04-18_butterfly/,23133,exp1/exp1_cartpole_long_19,s3://braingeneersdev/asrobbin/braindance_data/24-04-18_butterfly/23133/exp1/exp1_cartpole_long_19,2175,2.0,2.424933301737859,True,stim,22,True
s3://braingeneersdev/asrobbin/braindance_data/24-04-18_butterfly/,23133,exp1/exp1_cartpole_long_3,s3://braingeneersdev/asrobbin/braindance_data/24-04-18_butterfly/23133/exp1/exp1_cartpole_long_3,2367,2.0,2.640019956178207,True,stim,22,True
s3://braingeneersdev/asrobbin/braindance_data/24-04-18_butterfly/,23133,exp1/exp1,s3://braingeneersdev/asrobbin/braindance_data/24-04-18_butterfly/23133/exp1/exp1,1150,0.5,,False,stim,22,True
s3://braingeneersdev/asrobbin/braindance_data/24-04-18_butterfly/,23133,exp1/exp1_cartpole_long_9,s3://braingeneersdev/asrobbin/braindance_data/24-04-18_butterfly/23133/exp1/exp1_cartpole_long_9,2321,2.0,2.586460173430696,True,stim,22,True
s3://braingeneersdev/asrobbin/braindance_data/24-04-18_butterfly/,23133,exp1/exp1_cartpole_long_15,s3://braingeneersdev/asrobbin/braindance_data/24-04-18_butterfly/23133/exp1/exp1_cartpole_long_15,2263,2.0,2.5160332546300035,True,stim,22,True
s3://braingeneersdev/asrobbin/braindance_data/24-04-18_butterfly/,23133,exp1/exp1_cartpole_long,s3://braingeneersdev/asrobbin/braindance_data/24-04-18_butterfly/23133/exp1/exp1_cartpole_long,158,2.0,2.4862905906741593,True,stim,22,True
s3://braingeneersdev/asrobbin/braindance_data/24-04-18_butterfly/,23133,exp1/exp1_cartpole_long_7,s3://braingeneersdev/asrobbin/braindance_data/24-04-18_butterfly/23133/exp1/exp1_cartpole_long_7,2667,2.0,2.9649797962592954,True,stim,22,True
s3://braingeneersdev/asrobbin/braindance_data/24-04-18_butterfly/,23133,exp1/exp1_cartpole_long_8,s3://braingeneersdev/asrobbin/braindance_data/24-04-18_butterfly/23133/exp1/exp1_cartpole_long_8,2504,2.0,2.7837678170754603,True,stim,22,True
s3://braingeneersdev/asrobbin/braindance_data/24-04-18_butterfly/,23133,exp1/exp1_cartpole_long_18,s3://braingeneersdev/asrobbin/braindance_data/24-04-18_butterfly/23133/exp1/exp1_cartpole_long_18,1899,2.0,2.114911278274302,True,stim,22,True
s3://braingeneersdev/asrobbin/braindance_data/24-04-18_butterfly/,23133,exp1/exp1_cartpole_long_10,s3://braingeneersdev/asrobbin/braindance_data/24-04-18_butterfly/23133/exp1/exp1_cartpole_long_10,2295,2.0,2.551080299208192,True,stim,22,True
s3://braingeneersdev/asrobbin/braindance_data/24-04-18_butterfly/,23133,exp1/exp1_cartpole_long_14,s3://braingeneersdev/asrobbin/braindance_data/24-04-18_butterfly/23133/exp1/exp1_cartpole_long_14,2178,2.0,2.421302970118422,True,stim,22,True
s3://braingeneersdev/asrobbin/braindance_data/24-04-18_butterfly/,23133,exp1/exp1_cartpole_long_17,s3://braingeneersdev/asrobbin/braindance_data/24-04-18_butterfly/23133/exp1/exp1_cartpole_long_17,1985,2.0,2.211930791223844,True,stim,22,True
s3://braingeneersdev/asrobbin/braindance_data/24-04-18_butterfly/,23133,exp1/exp1_cartpole_long_13,s3://braingeneersdev/asrobbin/braindance_data/24-04-18_butterfly/23133/exp1/exp1_cartpole_long_13,2373,2.0,2.638117427663865,True,stim,22,True
s3://braingeneersdev/asrobbin/braindance_data/24-04-18_butterfly/,23133,exp1/exp1_cartpole_long_6,s3://braingeneersdev/asrobbin/braindance_data/24-04-18_butterfly/23133/exp1/exp1_cartpole_long_6,2266,2.0,2.518899908730176,True,stim,22,True
s3://braingeneersdev/asrobbin/braindance_data/24-04-18_butterfly/,23133,exp1/exp1_cartpole_long_1,s3://braingeneersdev/asrobbin/braindance_data/24-04-18_butterfly/23133/exp1/exp1_cartpole_long_1,288,2.0,2.4170971236031806,True,stim,22,True
s3://braingeneersdev/asrobbin/braindance_data/24-04-18_butterfly/,23133,exp1/exp1_cartpole_long_2,s3://braingeneersdev/asrobbin/braindance_data/24-04-18_butterfly/23133/exp1/exp1_cartpole_long_2,2162,2.0,2.4074349116456126,True,stim,22,True
s3://braingeneersdev/asrobbin/braindance_data/24-04-18_butterfly/,23133,exp1/exp1_cartpole_long_16,s3://braingeneersdev/asrobbin/braindance_data/24-04-18_butterfly/23133/exp1/exp1_cartpole_long_16,1958,2.0,2.181396372828781,True,stim,22,True
s3://braingeneersdev/asrobbin/braindance_data/24-04-18_butterfly/,23133,exp1/exp1_cartpole_long_12,s3://braingeneersdev/asrobbin/braindance_data/24-04-18_butterfly/23133/exp1/exp1_cartpole_long_12,2310,2.0,2.568473210781427,True,stim,22,True
s3://braingeneersdev/asrobbin/braindance_data/24-04-18_butterfly/,23133,exp1/exp1_cartpole_long_11,s3://braingeneersdev/asrobbin/braindance_data/24-04-18_butterfly/23133/exp1/exp1_cartpole_long_11,2127,2.0,2.364727980653844,True,stim,22,True
s3://braingeneersdev/asrobbin/braindance_data/24-04-18_butterfly/,23133,exp1/exp1_cartpole_long_4,s3://braingeneersdev/asrobbin/braindance_data/24-04-18_butterfly/23133/exp1/exp1_cartpole_long_4,2084,2.0,2.316352979280917,True,stim,22,True
s3://braingeneersdev/asrobbin/braindance_data/24-04-18_butterfly/,23138,RL2_k252a/RL2_k252a_1,s3://braingeneersdev/asrobbin/braindance_data/24-04-18_butterfly/23138/RL2_k252a/RL2_k252a_1,0,0.0,,False,spontaneous,19,True
s3://braingeneersdev/asrobbin/braindance_data/24-04-18_butterfly/,23138,RL2_k252a/RL2_k252a_cartpole_long_1,s3://braingeneersdev/asrobbin/braindance_data/24-04-18_butterfly/23138/RL2_k252a/RL2_k252a_cartpole_long_1,2026,2.0,2.2526383934574805,True,stim,19,True
s3://braingeneersdev/asrobbin/braindance_data/24-04-18_butterfly/,23138,RL2_k252a/RL2_k252a_causal,s3://braingeneersdev/asrobbin/braindance_data/24-04-18_butterfly/23138/RL2_k252a/RL2_k252a_causal,1000,2.0,2.0000084944624072,True,stim,19,True
s3://braingeneersdev/asrobbin/braindance_data/24-04-18_butterfly/,23138,RL2_k252a/RL2_k252a_cartpole_long_7,s3://braingeneersdev/asrobbin/braindance_data/24-04-18_butterfly/23138/RL2_k252a/RL2_k252a_cartpole_long_7,2089,2.0,2.327726482223826,True,stim,19,True
s3://braingeneersdev/asrobbin/braindance_data/24-04-18_butterfly/,23138,RL2_k252a/RL2_k252a,s3://braingeneersdev/asrobbin/braindance_data/24-04-18_butterfly/23138/RL2_k252a/RL2_k252a,1000,0.5,,False,stim,19,True
s3://braingeneersdev/asrobbin/braindance_data/24-04-18_butterfly/,23138,RL2_k252a/RL2_k252a_cartpole_long_10,s3://braingeneersdev/asrobbin/braindance_data/24-04-18_butterfly/23138/RL2_k252a/RL2_k252a_cartpole_long_10,2043,2.0,2.271755093496509,True,stim,19,True
s3://braingeneersdev/asrobbin/braindance_data/24-04-18_butterfly/,23138,RL2_k252a/RL2_k252a_cartpole_long_8,s3://braingeneersdev/asrobbin/braindance_data/24-04-18_butterfly/23138/RL2_k252a/RL2_k252a_cartpole_long_8,2028,2.0,2.257060306020558,True,stim,19,True
s3://braingeneersdev/asrobbin/braindance_data/24-04-18_butterfly/,23138,RL2_k252a/RL2_k252a_cartpole_long_14,s3://braingeneersdev/asrobbin/braindance_data/24-04-18_butterfly/23138/RL2_k252a/RL2_k252a_cartpole_long_14,2175,2.0,2.417734265148645,True,stim,19,True
s3://braingeneersdev/asrobbin/braindance_data/24-04-18_butterfly/,23138,RL2_k252a/RL2_k252a_cartpole_long_3,s3://braingeneersdev/asrobbin/braindance_data/24-04-18_butterfly/23138/RL2_k252a/RL2_k252a_cartpole_long_3,2098,2.0,2.338370535827681,True,stim,19,True
s3://braingeneersdev/asrobbin/braindance_data/24-04-18_butterfly/,23138,RL2_k252a/RL2_k252a_cartpole_long_11,s3://braingeneersdev/asrobbin/braindance_data/24-04-18_butterfly/23138/RL2_k252a/RL2_k252a_cartpole_long_11,2108,2.0,2.342898081775127,True,stim,19,True
s3://braingeneersdev/asrobbin/braindance_data/24-04-18_butterfly/,23138,RL2_k252a/RL2_k252a_cartpole_long_13,s3://braingeneersdev/asrobbin/braindance_data/24-04-18_butterfly/23138/RL2_k252a/RL2_k252a_cartpole_long_13,2136,2.0,2.3741312860990917,True,stim,19,True
s3://braingeneersdev/asrobbin/braindance_data/24-04-18_butterfly/,23138,RL2_k252a/RL2_k252a_cartpole_long_2,s3://braingeneersdev/asrobbin/braindance_data/24-04-18_butterfly/23138/RL2_k252a/RL2_k252a_cartpole_long_2,2150,2.0,2.389655406956493,True,stim,19,True
s3://braingeneersdev/asrobbin/braindance_data/24-04-18_butterfly/,23138,RL2_k252a/RL2_k252a_cartpole_long_15,s3://braingeneersdev/asrobbin/braindance_data/24-04-18_butterfly/23138/RL2_k252a/RL2_k252a_cartpole_long_15,2155,2.0,2.398322688377521,True,stim,19,True
s3://braingeneersdev/asrobbin/braindance_data/24-04-18_butterfly/,23138,RL2_k252a/RL2_k252a_cartpole_long,s3://braingeneersdev/asrobbin/braindance_data/24-04-18_butterfly/23138/RL2_k252a/RL2_k252a_cartpole_long,2192,2.0,2.4449470777647737,True,stim,19,True
s3://braingeneersdev/asrobbin/braindance_data/24-04-18_butterfly/,23138,RL2_k252a/RL2_k252a_cartpole_long_6,s3://braingeneersdev/asrobbin/braindance_data/24-04-18_butterfly/23138/RL2_k252a/RL2_k252a_cartpole_long_6,2104,2.0,2.3429574846145025,True,stim,19,True
s3://braingeneersdev/asrobbin/braindance_data/24-04-18_butterfly/,23138,RL2_k252a/RL2_k252a_cartpole_long_5,s3://braingeneersdev/asrobbin/braindance_data/24-04-18_butterfly/23138/RL2_k252a/RL2_k252a_cartpole_long_5,2028,2.0,2.2555124262511614,True,stim,19,True
s3://braingeneersdev/asrobbin/braindance_data/24-04-18_butterfly/,23138,RL2_k252a/RL2_k252a_cartpole_long_12,s3://braingeneersdev/asrobbin/braindance_data/24-04-18_butterfly/23138/RL2_k252a/RL2_k252a_cartpole_long_12,2140,2.0,2.386112573975819,True,stim,19,True
s3://braingeneersdev/asrobbin/braindance_data/24-04-18_butterfly/,23138,RL2_k252a/RL2_k252a_cartpole_long_4,s3://braingeneersdev/asrobbin/braindance_data/24-04-18_butterfly/23138/RL2_k252a/RL2_k252a_cartpole_long_4,2090,2.0,2.3268992911856925,True,stim,19,True
s3://braingeneersdev/asrobbin/braindance_data/24-04-18_butterfly/,23138,RL2_k252a/RL2_k252a_cartpole_long_9,s3://braingeneersdev/asrobbin/braindance_data/24-04-18_butterfly/23138/RL2_k252a/RL2_k252a_cartpole_long_9,2115,2.0,2.351043245212034,True,stim,19,True
s3://braingeneersdev/asrobbin/braindance_data/24-04-18_butterfly/,23138,RL_bdnf/RL_bdnf_cartpole_long_18,s3://braingeneersdev/asrobbin/braindance_data/24-04-18_butterfly/23138/RL_bdnf/RL_bdnf_cartpole_long_18,2616,2.0,2.9105083246901335,True,stim,27,True
s3://braingeneersdev/asrobbin/braindance_data/24-04-18_butterfly/,23138,RL_bdnf/RL_bdnf_cartpole_long_1,s3://braingeneersdev/asrobbin/braindance_data/24-04-18_butterfly/23138/RL_bdnf/RL_bdnf_cartpole_long_1,2377,2.0,2.646573452260365,True,stim,27,True
s3://braingeneersdev/asrobbin/braindance_data/24-04-18_butterfly/,23138,RL_bdnf/RL_bdnf_cartpole_long_6,s3://braingeneersdev/asrobbin/braindance_data/24-04-18_butterfly/23138/RL_bdnf/RL_bdnf_cartpole_long_6,493,2.0,2.6301238491010586,True,stim,27,True
s3://braingeneersdev/asrobbin/braindance_data/24-04-18_butterfly/,23138,RL_bdnf/RL_bdnf_cartpole_long_11,s3://braingeneersdev/asrobbin/braindance_data/24-04-18_butterfly/23138/RL_bdnf/RL_bdnf_cartpole_long_11,2703,4.0,3.006117050037711,True,stim,27,True
s3://braingeneersdev/asrobbin/braindance_data/24-04-18_butterfly/,23138,RL_bdnf/RL_bdnf_cartpole_long_2,s3://braingeneersdev/asrobbin/braindance_data/24-04-18_butterfly/23138/RL_bdnf/RL_bdnf_cartpole_long_2,2270,2.0,2.5237899914803625,True,stim,27,True
s3://braingeneersdev/asrobbin/braindance_data/24-04-18_butterfly/,23138,RL_bdnf/RL_bdnf_cartpole_long,s3://braingeneersdev/asrobbin/braindance_data/24-04-18_butterfly/23138/RL_bdnf/RL_bdnf_cartpole_long,2493,2.0,2.7768324830761717,True,stim,27,True
s3://braingeneersdev/asrobbin/braindance_data/24-04-18_butterfly/,23138,RL_bdnf/RL_bdnf_cartpole_long_10,s3://braingeneersdev/asrobbin/braindance_data/24-04-18_butterfly/23138/RL_bdnf/RL_bdnf_cartpole_long_10,2553,2.0,2.8443223117369043,True,stim,27,True
s3://braingeneersdev/asrobbin/braindance_data/24-04-18_butterfly/,23138,RL_bdnf/RL_bdnf_cartpole_long_16,s3://braingeneersdev/asrobbin/braindance_data/24-04-18_butterfly/23138/RL_bdnf/RL_bdnf_cartpole_long_16,2698,4.0,3.0012286001556214,True,stim,27,True
s3://braingeneersdev/asrobbin/braindance_data/24-04-18_butterfly/,23138,RL_bdnf/RL_bdnf_cartpole_long_9,s3://braingeneersdev/asrobbin/braindance_data/24-04-18_butterfly/23138/RL_bdnf/RL_bdnf_cartpole_long_9,2612,2.0,2.904494623973115,True,stim,27,True
s3://braingeneersdev/asrobbin/braindance_data/24-04-18_butterfly/,23138,RL_bdnf/RL_bdnf_cartpole_long_8,s3://braingeneersdev/asrobbin/braindance_data/24-04-18_butterfly/23138/RL_bdnf/RL_bdnf_cartpole_long_8,2469,2.0,2.7462465622524515,True,stim,27,True
s3://braingeneersdev/asrobbin/braindance_data/24-04-18_butterfly/,23138,RL_bdnf/RL_bdnf_cartpole_long_15,s3://braingeneersdev/asrobbin/braindance_data/24-04-18_butterfly/23138/RL_bdnf/RL_bdnf_cartpole_long_15,2523,2.0,2.806115935337607,True,stim,27,True
s3://braingeneersdev/asrobbin/braindance_data/24-04-18_butterfly/,23138,RL_bdnf/RL_bdnf_cartpole_long_22,s3://braingeneersdev/asrobbin/braindance_data/24-04-18_butterfly/23138/RL_bdnf/RL_bdnf_cartpole_long_22,2545,2.0,2.829580400303678,True,stim,27,True
s3://braingeneersdev/asrobbin/braindance_data/24-04-18_butterfly/,23138,RL_bdnf/RL_bdnf_cartpole_long_23,s3://braingeneersdev/asrobbin/braindance_data/24-04-18_butterfly/23138/RL_bdnf/RL_bdnf_cartpole_long_23,2592,2.0,2.892354976432225,True,stim,27,True
s3://braingeneersdev/asrobbin/braindance_data/24-04-18_butterfly/,23138,RL_bdnf/RL_bdnf_cartpole_long_4,s3://braingeneersdev/asrobbin/braindance_data/24-04-18_butterfly/23138/RL_bdnf/RL_bdnf_cartpole_long_4,2530,2.0,2.814271905023081,True,stim,27,True
s3://braingeneersdev/asrobbin/braindance_data/24-04-18_butterfly/,23138,RL_bdnf/RL_bdnf_cartpole_long_19,s3://braingeneersdev/asrobbin/braindance_data/24-04-18_butterfly/23138/RL_bdnf/RL_bdnf_cartpole_long_19,2542,2.0,2.826722836789902,True,stim,27,True
s3://braingeneersdev/asrobbin/braindance_data/24-04-18_butterfly/,23138,RL_bdnf/RL_bdnf,s3://braingeneersdev/asrobbin/braindance_data/24-04-18_butterfly/23138/RL_bdnf/RL_bdnf,1000,0.5,,False,stim,27,True
s3://braingeneersdev/asrobbin/braindance_data/24-04-18_butterfly/,23138,RL_bdnf/RL_bdnf_cartpole_long_17,s3://braingeneersdev/asrobbin/braindance_data/24-04-18_butterfly/23138/RL_bdnf/RL_bdnf_cartpole_long_17,2539,2.0,2.8236936228172733,True,stim,27,True
s3://braingeneersdev/asrobbin/braindance_data/24-04-18_butterfly/,23138,RL_bdnf/RL_bdnf_cartpole_long_5,s3://braingeneersdev/asrobbin/braindance_data/24-04-18_butterfly/23138/RL_bdnf/RL_bdnf_cartpole_long_5,2582,2.0,2.8722935507395575,True,stim,27,True
s3://braingeneersdev/asrobbin/braindance_data/24-04-18_butterfly/,23138,RL_bdnf/RL_bdnf_cartpole_long_21,s3://braingeneersdev/asrobbin/braindance_data/24-04-18_butterfly/23138/RL_bdnf/RL_bdnf_cartpole_long_21,2789,4.0,3.101176426107008,True,stim,27,True
s3://braingeneersdev/asrobbin/braindance_data/24-04-18_butterfly/,23138,RL_bdnf/RL_bdnf_cartpole_long_14,s3://braingeneersdev/asrobbin/braindance_data/24-04-18_butterfly/23138/RL_bdnf/RL_bdnf_cartpole_long_14,2446,2.0,2.7213894517144595,True,stim,27,True
s3://braingeneersdev/asrobbin/braindance_data/24-04-18_butterfly/,23138,RL_bdnf/RL_bdnf_causal,s3://braingeneersdev/asrobbin/braindance_data/24-04-18_butterfly/23138/RL_bdnf/RL_bdnf_causal,1000,2.0,2.000003341475381,True,stim,27,True
s3://braingeneersdev/asrobbin/braindance_data/24-04-18_butterfly/,23138,RL_bdnf/RL_bdnf_cartpole_long_7,s3://braingeneersdev/asrobbin/braindance_data/24-04-18_butterfly/23138/RL_bdnf/RL_bdnf_cartpole_long_7,2638,2.0,2.940303415043006,True,stim,27,True
s3://braingeneersdev/asrobbin/braindance_data/24-04-18_butterfly/,23138,RL_bdnf/RL_bdnf_cartpole_long_13,s3://braingeneersdev/asrobbin/braindance_data/24-04-18_butterfly/23138/RL_bdnf/RL_bdnf_cartpole_long_13,2479,2.0,2.7567934192502883,True,stim,27,True
s3://braingeneersdev/asrobbin/braindance_data/24-04-18_butterfly/,23138,RL_bdnf/RL_bdnf_cartpole_long_20,s3://braingeneersdev/asrobbin/braindance_data/24-04-18_butterfly/23138/RL_bdnf/RL_bdnf_cartpole_long_20,2480,2.0,2.7647641794960025,True,stim,27,True
s3://braingeneersdev/asrobbin/braindance_data/24-04-18_butterfly/,23138,RL_bdnf/RL_bdnf_cartpole_long_12,s3://braingeneersdev/asrobbin/braindance_data/24-04-18_butterfly/23138/RL_bdnf/RL_bdnf_cartpole_long_12,2613,2.0,2.9055185550664335,True,stim,27,True
s3://braingeneersdev/asrobbin/braindance_data/24-04-18_butterfly/,23138,RL_bdnf/RL_bdnf_cartpole_long_3,s3://braingeneersdev/asrobbin/braindance_data/24-04-18_butterfly/23138/RL_bdnf/RL_bdnf_cartpole_long_3,2311,2.0,2.57486625323856,True,stim,27,True
s3://braingeneersdev/asrobbin/braindance_data/24-04-18_butterfly/,23138,RL_bdnf/RL_bdnf_cartpole_long_24,s3://braingeneersdev/asrobbin/braindance_data/24-04-18_butterfly/23138/RL_bdnf/RL_bdnf_cartpole_long_24,2556,2.0,2.8441599715470134,True,stim,27,True
s3://braingeneersdev/asrobbin/braindance_data/24-04-18_butterfly/,23138,RL_bdnf2/RL_bdnf2,s3://braingeneersdev/asrobbin/braindance_data/24-04-18_butterfly/23138/RL_bdnf2/RL_bdnf2,950,0.5,,False,stim,5,True
s3://braingeneersdev/asrobbin/braindance_data/24-04-18_butterfly/,23138,RL_bdnf2/RL_bdnf2_causal,s3://braingeneersdev/asrobbin/braindance_data/24-04-18_butterfly/23138/RL_bdnf2/RL_bdnf2_causal,950,2.0,2.0000033139235422,True,stim,5,True
s3://braingeneersdev/asrobbin/braindance_data/24-04-18_butterfly/,23138,RL_bdnf2/RL_bdnf2_cartpole_long,s3://braingeneersdev/asrobbin/braindance_data/24-04-18_butterfly/23138/RL_bdnf2/RL_bdnf2_cartpole_long,2500,2.0,2.784789052458318,True,stim,5,True
s3://braingeneersdev/asrobbin/braindance_data/24-04-18_butterfly/,23138,RL_bdnf2/RL_bdnf2_cartpole_long_2,s3://braingeneersdev/asrobbin/braindance_data/24-04-18_butterfly/23138/RL_bdnf2/RL_bdnf2_cartpole_long_2,2458,2.0,2.7332582152558,True,stim,5,True
s3://braingeneersdev/asrobbin/braindance_data/24-04-18_butterfly/,23138,RL_bdnf2/RL_bdnf2_cartpole_long_1,s3://braingeneersdev/asrobbin/braindance_data/24-04-18_butterfly/23138/RL_bdnf2/RL_bdnf2_cartpole_long_1,2573,2.0,2.861840992727756,True,stim,5,True
s3://braingeneersdev/asrobbin/braindance_data/24-04-18_butterfly/,23138,RL_k252a/RL_k252a_cartpole_long_12,s3://braingeneersdev/asrobbin/braindance_data/24-04-18_butterfly/23138/RL_k252a/RL_k252a_cartpole_long_12,2485,2.0,2.7651286873148986,True,stim,22,True
s3://braingeneersdev/asrobbin/braindance_data/24-04-18_butterfly/,23138,RL_k252a/RL_k252a_cartpole_long_3,s3://braingeneersdev/asrobbin/braindance_data/24-04-18_butterfly/23138/RL_k252a/RL_k252a_cartpole_long_3,2842,4.0,3.1596643261276207,True,stim,22,True
s3://braingeneersdev/asrobbin/braindance_data/24-04-18_butterfly/,23138,RL_k252a/RL_k252a_cartpole_long_1,s3://braingeneersdev/asrobbin/braindance_data/24-04-18_butterfly/23138/RL_k252a/RL_k252a_cartpole_long_1,2844,4.0,3.1629407175101947,True,stim,22,True
s3://braingeneersdev/asrobbin/braindance_data/24-04-18_butterfly/,23138,RL_k252a/RL_k252a_causal_1,s3://braingeneersdev/asrobbin/braindance_data/24-04-18_butterfly/23138/RL_k252a/RL_k252a_causal_1,400,2.0,2.0000180682734174,True,stim,22,True
s3://braingeneersdev/asrobbin/braindance_data/24-04-18_butterfly/,23138,RL_k252a/RL_k252a_cartpole_long_10,s3://braingeneersdev/asrobbin/braindance_data/24-04-18_butterfly/23138/RL_k252a/RL_k252a_cartpole_long_10,2501,2.0,2.779883395822935,True,stim,22,True
s3://braingeneersdev/asrobbin/braindance_data/24-04-18_butterfly/,23138,RL_k252a/RL_k252a_cartpole_long_11,s3://braingeneersdev/asrobbin/braindance_data/24-04-18_butterfly/23138/RL_k252a/RL_k252a_cartpole_long_11,2512,2.0,2.792368296023497,True,stim,22,True
s3://braingeneersdev/asrobbin/braindance_data/24-04-18_butterfly/,23138,RL_k252a/RL_k252a_cartpole_long_4,s3://braingeneersdev/asrobbin/braindance_data/24-04-18_butterfly/23138/RL_k252a/RL_k252a_cartpole_long_4,2626,2.0,2.919393782745711,True,stim,22,True
s3://braingeneersdev/asrobbin/braindance_data/24-04-18_butterfly/,23138,RL_k252a/RL_k252a_cartpole_long_14,s3://braingeneersdev/asrobbin/braindance_data/24-04-18_butterfly/23138/RL_k252a/RL_k252a_cartpole_long_14,2184,2.0,2.429535999373706,True,stim,22,True
s3://braingeneersdev/asrobbin/braindance_data/24-04-18_butterfly/,23138,RL_k252a/RL_k252a_causal,s3://braingeneersdev/asrobbin/braindance_data/24-04-18_butterfly/23138/RL_k252a/RL_k252a_causal,1000,2.0,2.0000084662901263,True,stim,22,True
s3://braingeneersdev/asrobbin/braindance_data/24-04-18_butterfly/,23138,RL_k252a/RL_k252a_cartpole_long_8,s3://braingeneersdev/asrobbin/braindance_data/24-04-18_butterfly/23138/RL_k252a/RL_k252a_cartpole_long_8,2530,2.0,2.8120080576503548,True,stim,22,True
s3://braingeneersdev/asrobbin/braindance_data/24-04-18_butterfly/,23138,RL_k252a/RL_k252a_cartpole_long_5,s3://braingeneersdev/asrobbin/braindance_data/24-04-18_butterfly/23138/RL_k252a/RL_k252a_cartpole_long_5,2590,2.0,2.8794171530760906,True,stim,22,True
s3://braingeneersdev/asrobbin/braindance_data/24-04-18_butterfly/,23138,RL_k252a/RL_k252a_cartpole_long_18,s3://braingeneersdev/asrobbin/braindance_data/24-04-18_butterfly/23138/RL_k252a/RL_k252a_cartpole_long_18,2048,2.0,2.278217018168474,True,stim,22,True
s3://braingeneersdev/asrobbin/braindance_data/24-04-18_butterfly/,23138,RL_k252a/RL_k252a_cartpole_long_7,s3://braingeneersdev/asrobbin/braindance_data/24-04-18_butterfly/23138/RL_k252a/RL_k252a_cartpole_long_7,2687,2.0,2.9866893449655643,True,stim,22,True
s3://braingeneersdev/asrobbin/braindance_data/24-04-18_butterfly/,23138,RL_k252a/RL_k252a_cartpole_long,s3://braingeneersdev/asrobbin/braindance_data/24-04-18_butterfly/23138/RL_k252a/RL_k252a_cartpole_long,2996,4.0,3.3397377798066636,True,stim,22,True
s3://braingeneersdev/asrobbin/braindance_data/24-04-18_butterfly/,23138,RL_k252a/RL_k252a_cartpole_long_9,s3://braingeneersdev/asrobbin/braindance_data/24-04-18_butterfly/23138/RL_k252a/RL_k252a_cartpole_long_9,2547,2.0,2.8311768911587314,True,stim,22,True
s3://braingeneersdev/asrobbin/braindance_data/24-04-18_butterfly/,23138,RL_k252a/RL_k252a_cartpole_long_2,s3://braingeneersdev/asrobbin/braindance_data/24-04-18_butterfly/23138/RL_k252a/RL_k252a_cartpole_long_2,2696,2.0,2.997355238781427,True,stim,22,True
s3://braingeneersdev/asrobbin/braindance_data/24-04-18_butterfly/,23138,RL_k252a/RL_k252a_cartpole_long_15,s3://braingeneersdev/asrobbin/braindance_data/24-04-18_butterfly/23138/RL_k252a/RL_k252a_cartpole_long_15,2055,2.0,2.284420569345014,True,stim,22,True
s3://braingeneersdev/asrobbin/braindance_data/24-04-18_butterfly/,23138,RL_k252a/RL_k252a_cartpole_long_17,s3://braingeneersdev/asrobbin/braindance_data/24-04-18_butterfly/23138/RL_k252a/RL_k252a_cartpole_long_17,2152,2.0,2.391900444505535,True,stim,22,True
s3://braingeneersdev/asrobbin/braindance_data/24-04-18_butterfly/,23138,RL_k252a/RL_k252a_cartpole_long_6,s3://braingeneersdev/asrobbin/braindance_data/24-04-18_butterfly/23138/RL_k252a/RL_k252a_cartpole_long_6,2616,2.0,2.907924624118449,True,stim,22,True
s3://braingeneersdev/asrobbin/braindance_data/24-04-18_butterfly/,23138,RL_k252a/RL_k252a,s3://braingeneersdev/asrobbin/braindance_data/24-04-18_butterfly/23138/RL_k252a/RL_k252a,1000,0.5,,False,stim,22,True
s3://braingeneersdev/asrobbin/braindance_data/24-04-18_butterfly/,23138,RL_k252a/RL_k252a_cartpole_long_13,s3://braingeneersdev/asrobbin/braindance_data/24-04-18_butterfly/23138/RL_k252a/RL_k252a_cartpole_long_13,2245,2.0,2.495873518784543,True,stim,22,True
s3://braingeneersdev/asrobbin/braindance_data/24-04-18_butterfly/,23138,RL_k252a/RL_k252a_cartpole_long_16,s3://braingeneersdev/asrobbin/braindance_data/24-04-18_butterfly/23138/RL_k252a/RL_k252a_cartpole_long_16,2211,2.0,2.457825358281533,True,stim,22,True
s3://braingeneersdev/asrobbin/braindance_data/24-04-18_butterfly/,23138,RL_pharma/RL_pharma_cartpole_long,s3://braingeneersdev/asrobbin/braindance_data/24-04-18_butterfly/23138/RL_pharma/RL_pharma_cartpole_long,2289,2.0,2.5577902475916288,True,stim,22,True
s3://braingeneersdev/asrobbin/braindance_data/24-04-18_butterfly/,23138,RL_pharma/RL_pharma_cartpole_long_13,s3://braingeneersdev/asrobbin/braindance_data/24-04-18_butterfly/23138/RL_pharma/RL_pharma_cartpole_long_13,2615,2.0,2.913723533948906,True,stim,22,True
s3://braingeneersdev/asrobbin/braindance_data/24-04-18_butterfly/,23138,RL_pharma/RL_pharma_cartpole_long_1,s3://braingeneersdev/asrobbin/braindance_data/24-04-18_butterfly/23138/RL_pharma/RL_pharma_cartpole_long_1,2257,2.0,2.5103851085743436,True,stim,22,True
s3://braingeneersdev/asrobbin/braindance_data/24-04-18_butterfly/,23138,RL_pharma/RL_pharma_cartpole_long_16,s3://braingeneersdev/asrobbin/braindance_data/24-04-18_butterfly/23138/RL_pharma/RL_pharma_cartpole_long_16,2584,2.0,2.8810416332293975,True,stim,22,True
s3://braingeneersdev/asrobbin/braindance_data/24-04-18_butterfly/,23138,RL_pharma/RL_pharma_cartpole_long_14,s3://braingeneersdev/asrobbin/braindance_data/24-04-18_butterfly/23138/RL_pharma/RL_pharma_cartpole_long_14,2444,2.0,2.7208914337939785,True,stim,22,True
s3://braingeneersdev/asrobbin/braindance_data/24-04-18_butterfly/,23138,RL_pharma/RL_pharma_cartpole_long_9,s3://braingeneersdev/asrobbin/braindance_data/24-04-18_butterfly/23138/RL_pharma/RL_pharma_cartpole_long_9,2651,2.0,2.9475664371769668,True,stim,22,True
s3://braingeneersdev/asrobbin/braindance_data/24-04-18_butterfly/,23138,RL_pharma/RL_pharma_cartpole_long_3,s3://braingeneersdev/asrobbin/braindance_data/24-04-18_butterfly/23138/RL_pharma/RL_pharma_cartpole_long_3,2599,2.0,2.8963505241333003,True,stim,22,True
s3://braingeneersdev/asrobbin/braindance_data/24-04-18_butterfly/,23138,RL_pharma/RL_pharma_causal,s3://braingeneersdev/asrobbin/braindance_data/24-04-18_butterfly/23138/RL_pharma/RL_pharma_causal,1000,2.0,2.0000119299569876,True,stim,22,True
s3://braingeneersdev/asrobbin/braindance_data/24-04-18_butterfly/,23138,RL_pharma/RL_pharma_cartpole_long_10,s3://braingeneersdev/asrobbin/braindance_data/24-04-18_butterfly/23138/RL_pharma/RL_pharma_cartpole_long_10,2727,4.0,3.0369618721444427,True,stim,22,True
s3://braingeneersdev/asrobbin/braindance_data/24-04-18_butterfly/,23138,RL_pharma/RL_pharma_cartpole_long_6,s3://braingeneersdev/asrobbin/braindance_data/24-04-18_butterfly/23138/RL_pharma/RL_pharma_cartpole_long_6,2699,4.0,3.0009409591148173,True,stim,22,True
s3://braingeneersdev/asrobbin/braindance_data/24-04-18_butterfly/,23138,RL_pharma/RL_pharma_cartpole_long_17,s3://braingeneersdev/asrobbin/braindance_data/24-04-18_butterfly/23138/RL_pharma/RL_pharma_cartpole_long_17,2617,2.0,2.915301313305116,True,stim,22,True
s3://braingeneersdev/asrobbin/braindance_data/24-04-18_butterfly/,23138,RL_pharma/RL_pharma_cartpole_long_5,s3://braingeneersdev/asrobbin/braindance_data/24-04-18_butterfly/23138/RL_pharma/RL_pharma_cartpole_long_5,2585,2.0,2.874485265045336,True,stim,22,True
s3://braingeneersdev/asrobbin/braindance_data/24-04-18_butterfly/,23138,RL_pharma/RL_pharma,s3://braingeneersdev/asrobbin/braindance_data/24-04-18_butterfly/23138/RL_pharma/RL_pharma,1000,0.5,,False,stim,22,True
s3://braingeneersdev/asrobbin/braindance_data/24-04-18_butterfly/,23138,RL_pharma/RL_pharma_cartpole_long_19,s3://braingeneersdev/asrobbin/braindance_data/24-04-18_butterfly/23138/RL_pharma/RL_pharma_cartpole_long_19,2784,4.0,3.0960002852678588,True,stim,22,True
s3://braingeneersdev/asrobbin/braindance_data/24-04-18_butterfly/,23138,RL_pharma/RL_pharma_cartpole_long_7,s3://braingeneersdev/asrobbin/braindance_data/24-04-18_butterfly/23138/RL_pharma/RL_pharma_cartpole_long_7,2718,4.0,3.027025143548991,True,stim,22,True
s3://braingeneersdev/asrobbin/braindance_data/24-04-18_butterfly/,23138,RL_pharma/RL_pharma_cartpole_long_11,s3://braingeneersdev/asrobbin/braindance_data/24-04-18_butterfly/23138/RL_pharma/RL_pharma_cartpole_long_11,2883,4.0,3.21321512420871,True,stim,22,True
s3://braingeneersdev/asrobbin/braindance_data/24-04-18_butterfly/,23138,RL_pharma/RL_pharma_cartpole_long_15,s3://braingeneersdev/asrobbin/braindance_data/24-04-18_butterfly/23138/RL_pharma/RL_pharma_cartpole_long_15,2470,2.0,2.7468629241841516,True,stim,22,True
s3://braingeneersdev/asrobbin/braindance_data/24-04-18_butterfly/,23138,RL_pharma/RL_pharma_cartpole_long_2,s3://braingeneersdev/asrobbin/braindance_data/24-04-18_butterfly/23138/RL_pharma/RL_pharma_cartpole_long_2,2298,2.0,2.5581248666812715,True,stim,22,True
s3://braingeneersdev/asrobbin/braindance_data/24-04-18_butterfly/,23138,RL_pharma/RL_pharma_cartpole_long_8,s3://braingeneersdev/asrobbin/braindance_data/24-04-18_butterfly/23138/RL_pharma/RL_pharma_cartpole_long_8,2724,4.0,3.0282761328911865,True,stim,22,True
s3://braingeneersdev/asrobbin/braindance_data/24-04-18_butterfly/,23138,RL_pharma/RL_pharma_cartpole_long_12,s3://braingeneersdev/asrobbin/braindance_data/24-04-18_butterfly/23138/RL_pharma/RL_pharma_cartpole_long_12,2796,4.0,3.108702979752067,True,stim,22,True
s3://braingeneersdev/asrobbin/braindance_data/24-04-18_butterfly/,23138,RL_pharma/RL_pharma_cartpole_long_4,s3://braingeneersdev/asrobbin/braindance_data/24-04-18_butterfly/23138/RL_pharma/RL_pharma_cartpole_long_4,2441,2.0,2.7206674886362805,True,stim,22,True
s3://braingeneersdev/asrobbin/braindance_data/24-04-18_butterfly/,23138,RL_pharma/RL_pharma_cartpole_long_18,s3://braingeneersdev/asrobbin/braindance_data/24-04-18_butterfly/23138/RL_pharma/RL_pharma_cartpole_long_18,2699,4.0,3.000869713794481,True,stim,22,True
s3://braingeneersdev/asrobbin/braindance_data/24-04-18_butterfly/,23138,Rl_only2/Rl_only2_cartpole_long_11,s3://braingeneersdev/asrobbin/braindance_data/24-04-18_butterfly/23138/Rl_only2/Rl_only2_cartpole_long_11,2262,2.0,2.5150972117896315,True,stim,26,True
s3://braingeneersdev/asrobbin/braindance_data/24-04-18_butterfly/,23138,Rl_only2/Rl_only2_cartpole_long_12,s3://braingeneersdev/asrobbin/braindance_data/24-04-18_butterfly/23138/Rl_only2/Rl_only2_cartpole_long_12,2275,2.0,2.535912566267714,True,stim,26,True
s3://braingeneersdev/asrobbin/braindance_data/24-04-18_butterfly/,23138,Rl_only2/Rl_only2_cartpole_long_6,s3://braingeneersdev/asrobbin/braindance_data/24-04-18_butterfly/23138/Rl_only2/Rl_only2_cartpole_long_6,2217,2.0,2.471470656608852,True,stim,26,True
s3://braingeneersdev/asrobbin/braindance_data/24-04-18_butterfly/,23138,Rl_only2/Rl_only2_cartpole_long_17,s3://braingeneersdev/asrobbin/braindance_data/24-04-18_butterfly/23138/Rl_only2/Rl_only2_cartpole_long_17,2478,2.0,2.7548907074909352,True,stim,26,True
s3://braingeneersdev/asrobbin/braindance_data/24-04-18_butterfly/,23138,Rl_only2/Rl_only2_cartpole_long_10,s3://braingeneersdev/asrobbin/braindance_data/24-04-18_butterfly/23138/Rl_only2/Rl_only2_cartpole_long_10,2352,2.0,2.616719346404366,True,stim,26,True
s3://braingeneersdev/asrobbin/braindance_data/24-04-18_butterfly/,23138,Rl_only2/Rl_only2_cartpole_long_2,s3://braingeneersdev/asrobbin/braindance_data/24-04-18_butterfly/23138/Rl_only2/Rl_only2_cartpole_long_2,2287,2.0,2.542133268673932,True,stim,26,True
s3://braingeneersdev/asrobbin/braindance_data/24-04-18_butterfly/,23138,Rl_only2/Rl_only2_cartpole_long_20,s3://braingeneersdev/asrobbin/braindance_data/24-04-18_butterfly/23138/Rl_only2/Rl_only2_cartpole_long_20,2259,2.0,2.510971005026198,True,stim,26,True
s3://braingeneersdev/asrobbin/braindance_data/24-04-18_butterfly/,23138,Rl_only2/Rl_only2,s3://braingeneersdev/asrobbin/braindance_data/24-04-18_butterfly/23138/Rl_only2/Rl_only2,1000,0.5,,False,stim,26,True
s3://braingeneersdev/asrobbin/braindance_data/24-04-18_butterfly/,23138,Rl_only2/Rl_only2_cartpole_long_13,s3://braingeneersdev/asrobbin/braindance_data/24-04-18_butterfly/23138/Rl_only2/Rl_only2_cartpole_long_13,2400,2.0,2.667471386846598,True,stim,26,True
s3://braingeneersdev/asrobbin/braindance_data/24-04-18_butterfly/,23138,Rl_only2/Rl_only2_cartpole_long_3,s3://braingeneersdev/asrobbin/braindance_data/24-04-18_butterfly/23138/Rl_only2/Rl_only2_cartpole_long_3,2372,2.0,2.636740968961362,True,stim,26,True
s3://braingeneersdev/asrobbin/braindance_data/24-04-18_butterfly/,23138,Rl_only2/Rl_only2_cartpole_long_5,s3://braingeneersdev/asrobbin/braindance_data/24-04-18_butterfly/23138/Rl_only2/Rl_only2_cartpole_long_5,2291,2.0,2.5517852077759176,True,stim,26,True
s3://braingeneersdev/asrobbin/braindance_data/24-04-18_butterfly/,23138,Rl_only2/Rl_only2_cartpole_long_19,s3://braingeneersdev/asrobbin/braindance_data/24-04-18_butterfly/23138/Rl_only2/Rl_only2_cartpole_long_19,2321,2.0,2.5799935688619233,True,stim,26,True
s3://braingeneersdev/asrobbin/braindance_data/24-04-18_butterfly/,23138,Rl_only2/Rl_only2_cartpole_long_23,s3://braingeneersdev/asrobbin/braindance_data/24-04-18_butterfly/23138/Rl_only2/Rl_only2_cartpole_long_23,2198,2.0,2.443531812664124,True,stim,26,True
s3://braingeneersdev/asrobbin/braindance_data/24-04-18_butterfly/,23138,Rl_only2/Rl_only2_cartpole_long_7,s3://braingeneersdev/asrobbin/braindance_data/24-04-18_butterfly/23138/Rl_only2/Rl_only2_cartpole_long_7,2385,2.0,2.6508741662678954,True,stim,26,True
s3://braingeneersdev/asrobbin/braindance_data/24-04-18_butterfly/,23138,Rl_only2/Rl_only2_cartpole_long,s3://braingeneersdev/asrobbin/braindance_data/24-04-18_butterfly/23138/Rl_only2/Rl_only2_cartpole_long,2385,2.0,2.659947189941373,True,stim,26,True
s3://braingeneersdev/asrobbin/braindance_data/24-04-18_butterfly/,23138,Rl_only2/Rl_only2_cartpole_long_1,s3://braingeneersdev/asrobbin/braindance_data/24-04-18_butterfly/23138/Rl_only2/Rl_only2_cartpole_long_1,2239,2.0,2.489361982571518,True,stim,26,True
s3://braingeneersdev/asrobbin/braindance_data/24-04-18_butterfly/,23138,Rl_only2/Rl_only2_cartpole_long_22,s3://braingeneersdev/asrobbin/braindance_data/24-04-18_butterfly/23138/Rl_only2/Rl_only2_cartpole_long_22,2210,2.0,2.4627630827215015,True,stim,26,True
s3://braingeneersdev/asrobbin/braindance_data/24-04-18_butterfly/,23138,Rl_only2/Rl_only2_causal,s3://braingeneersdev/asrobbin/braindance_data/24-04-18_butterfly/23138/Rl_only2/Rl_only2_causal,1000,2.0,2.0000208551849745,True,stim,26,True
s3://braingeneersdev/asrobbin/braindance_data/24-04-18_butterfly/,23138,Rl_only2/Rl_only2_cartpole_long_4,s3://braingeneersdev/asrobbin/braindance_data/24-04-18_butterfly/23138/Rl_only2/Rl_only2_cartpole_long_4,2331,2.0,2.5989848187433173,True,stim,26,True
s3://braingeneersdev/asrobbin/braindance_data/24-04-18_butterfly/,23138,Rl_only2/Rl_only2_cartpole_long_15,s3://braingeneersdev/asrobbin/braindance_data/24-04-18_butterfly/23138/Rl_only2/Rl_only2_cartpole_long_15,2296,2.0,2.5524078820370697,True,stim,26,True
s3://braingeneersdev/asrobbin/braindance_data/24-04-18_butterfly/,23138,Rl_only2/Rl_only2_cartpole_long_9,s3://braingeneersdev/asrobbin/braindance_data/24-04-18_butterfly/23138/Rl_only2/Rl_only2_cartpole_long_9,2368,2.0,2.6329825362884747,True,stim,26,True
s3://braingeneersdev/asrobbin/braindance_data/24-04-18_butterfly/,23138,Rl_only2/Rl_only2_cartpole_long_8,s3://braingeneersdev/asrobbin/braindance_data/24-04-18_butterfly/23138/Rl_only2/Rl_only2_cartpole_long_8,2348,2.0,2.609768332815737,True,stim,26,True
s3://braingeneersdev/asrobbin/braindance_data/24-04-18_butterfly/,23138,Rl_only2/Rl_only2_cartpole_long_16,s3://braingeneersdev/asrobbin/braindance_data/24-04-18_butterfly/23138/Rl_only2/Rl_only2_cartpole_long_16,2248,2.0,2.498797078088956,True,stim,26,True
s3://braingeneersdev/asrobbin/braindance_data/24-04-18_butterfly/,23138,Rl_only2/Rl_only2_cartpole_long_14,s3://braingeneersdev/asrobbin/braindance_data/24-04-18_butterfly/23138/Rl_only2/Rl_only2_cartpole_long_14,2237,2.0,2.4897335745026608,True,stim,26,True
s3://braingeneersdev/asrobbin/braindance_data/24-04-18_butterfly/,23138,Rl_only2/Rl_only2_cartpole_long_18,s3://braingeneersdev/asrobbin/braindance_data/24-04-18_butterfly/23138/Rl_only2/Rl_only2_cartpole_long_18,2257,2.0,2.5106448118749864,True,stim,26,True
s3://braingeneersdev/asrobbin/braindance_data/24-04-18_butterfly/,23138,Rl_only2/Rl_only2_cartpole_long_21,s3://braingeneersdev/asrobbin/braindance_data/24-04-18_butterfly/23138/Rl_only2/Rl_only2_cartpole_long_21,2280,2.0,2.5345808849167426,True,stim,26,True
s3://braingeneersdev/asrobbin/braindance_data/24-04-18_butterfly/,23138,exp1/exp1_causal,s3://braingeneersdev/asrobbin/braindance_data/24-04-18_butterfly/23138/exp1/exp1_causal,1100,2.0,2.0000066896528974,True,stim,25,True
s3://braingeneersdev/asrobbin/braindance_data/24-04-18_butterfly/,23138,exp1/exp1_cartpole_long_5,s3://braingeneersdev/asrobbin/braindance_data/24-04-18_butterfly/23138/exp1/exp1_cartpole_long_5,2110,2.0,2.346762422143885,True,stim,25,True
s3://braingeneersdev/asrobbin/braindance_data/24-04-18_butterfly/,23138,exp1/exp1_cartpole_long_19,s3://braingeneersdev/asrobbin/braindance_data/24-04-18_butterfly/23138/exp1/exp1_cartpole_long_19,1905,2.0,2.120089662403294,True,stim,25,True
s3://braingeneersdev/asrobbin/braindance_data/24-04-18_butterfly/,23138,exp1/exp1_cartpole_long_3,s3://braingeneersdev/asrobbin/braindance_data/24-04-18_butterfly/23138/exp1/exp1_cartpole_long_3,2705,4.0,3.012670047497895,True,stim,25,True
s3://braingeneersdev/asrobbin/braindance_data/24-04-18_butterfly/,23138,exp1/exp1,s3://braingeneersdev/asrobbin/braindance_data/24-04-18_butterfly/23138/exp1/exp1,1100,0.5,,False,stim,25,True
s3://braingeneersdev/asrobbin/braindance_data/24-04-18_butterfly/,23138,exp1/exp1_cartpole_long_22,s3://braingeneersdev/asrobbin/braindance_data/24-04-18_butterfly/23138/exp1/exp1_cartpole_long_22,2289,2.0,2.545529628826532,True,stim,25,True
s3://braingeneersdev/asrobbin/braindance_data/24-04-18_butterfly/,23138,exp1/exp1_cartpole_long_9,s3://braingeneersdev/asrobbin/braindance_data/24-04-18_butterfly/23138/exp1/exp1_cartpole_long_9,2824,4.0,3.1400740055381826,True,stim,25,True
s3://braingeneersdev/asrobbin/braindance_data/24-04-18_butterfly/,23138,exp1/exp1_cartpole_long_21,s3://braingeneersdev/asrobbin/braindance_data/24-04-18_butterfly/23138/exp1/exp1_cartpole_long_21,2732,4.0,3.0456488456197883,True,stim,25,True
s3://braingeneersdev/asrobbin/braindance_data/24-04-18_butterfly/,23138,exp1/exp1_cartpole_long_15,s3://braingeneersdev/asrobbin/braindance_data/24-04-18_butterfly/23138/exp1/exp1_cartpole_long_15,2820,4.0,3.1356951923680416,True,stim,25,True
s3://braingeneersdev/asrobbin/braindance_data/24-04-18_butterfly/,23138,exp1/exp1_cartpole_long,s3://braingeneersdev/asrobbin/braindance_data/24-04-18_butterfly/23138/exp1/exp1_cartpole_long,2228,2.0,2.4820015529935424,True,stim,25,True
s3://braingeneersdev/asrobbin/braindance_data/24-04-18_butterfly/,23138,exp1/exp1_cartpole_long_7,s3://braingeneersdev/asrobbin/braindance_data/24-04-18_butterfly/23138/exp1/exp1_cartpole_long_7,1993,2.0,2.224488370718921,True,stim,25,True
s3://braingeneersdev/asrobbin/braindance_data/24-04-18_butterfly/,23138,exp1/exp1_cartpole_long_8,s3://braingeneersdev/asrobbin/braindance_data/24-04-18_butterfly/23138/exp1/exp1_cartpole_long_8,2847,4.0,3.166778247201884,True,stim,25,True
s3://braingeneersdev/asrobbin/braindance_data/24-04-18_butterfly/,23138,exp1/exp1_cartpole_long_18,s3://braingeneersdev/asrobbin/braindance_data/24-04-18_butterfly/23138/exp1/exp1_cartpole_long_18,2838,4.0,3.1558163499226466,True,stim,25,True
s3://braingeneersdev/asrobbin/braindance_data/24-04-18_butterfly/,23138,exp1/exp1_cartpole_long_20,s3://braingeneersdev/asrobbin/braindance_data/24-04-18_butterfly/23138/exp1/exp1_cartpole_long_20,2128,2.0,2.366675271616639,True,stim,25,True
s3://braingeneersdev/asrobbin/braindance_data/24-04-18_butterfly/,23138,exp1/exp1_cartpole_long_10,s3://braingeneersdev/asrobbin/braindance_data/24-04-18_butterfly/23138/exp1/exp1_cartpole_long_10,2080,2.0,2.31254608282217,True,stim,25,True
s3://braingeneersdev/asrobbin/braindance_data/24-04-18_butterfly/,23138,exp1/exp1_cartpole_long_14,s3://braingeneersdev/asrobbin/braindance_data/24-04-18_butterfly/23138/exp1/exp1_cartpole_long_14,2069,2.0,2.3015398628543258,True,stim,25,True
s3://braingeneersdev/asrobbin/braindance_data/24-04-18_butterfly/,23138,exp1/exp1_cartpole_long_17,s3://braingeneersdev/asrobbin/braindance_data/24-04-18_butterfly/23138/exp1/exp1_cartpole_long_17,2274,2.0,2.5336186774266354,True,stim,25,True
s3://braingeneersdev/asrobbin/braindance_data/24-04-18_butterfly/,23138,exp1/exp1_cartpole_long_13,s3://braingeneersdev/asrobbin/braindance_data/24-04-18_butterfly/23138/exp1/exp1_cartpole_long_13,1861,2.0,2.073099103522943,True,stim,25,True
s3://braingeneersdev/asrobbin/braindance_data/24-04-18_butterfly/,23138,exp1/exp1_cartpole_long_6,s3://braingeneersdev/asrobbin/braindance_data/24-04-18_butterfly/23138/exp1/exp1_cartpole_long_6,2890,4.0,3.213444246190954,True,stim,25,True
s3://braingeneersdev/asrobbin/braindance_data/24-04-18_butterfly/,23138,exp1/exp1_cartpole_long_1,s3://braingeneersdev/asrobbin/braindance_data/24-04-18_butterfly/23138/exp1/exp1_cartpole_long_1,197,2.0,2.2267404910259603,True,stim,25,True
s3://braingeneersdev/asrobbin/braindance_data/24-04-18_butterfly/,23138,exp1/exp1_cartpole_long_2,s3://braingeneersdev/asrobbin/braindance_data/24-04-18_butterfly/23138/exp1/exp1_cartpole_long_2,208,2.0,2.262909851458516,True,stim,25,True
s3://braingeneersdev/asrobbin/braindance_data/24-04-18_butterfly/,23138,exp1/exp1_cartpole_long_16,s3://braingeneersdev/asrobbin/braindance_data/24-04-18_butterfly/23138/exp1/exp1_cartpole_long_16,1845,2.0,2.056615400017969,True,stim,25,True
s3://braingeneersdev/asrobbin/braindance_data/24-04-18_butterfly/,23138,exp1/exp1_cartpole_long_12,s3://braingeneersdev/asrobbin/braindance_data/24-04-18_butterfly/23138/exp1/exp1_cartpole_long_12,2748,4.0,3.056632445768543,True,stim,25,True
s3://braingeneersdev/asrobbin/braindance_data/24-04-18_butterfly/,23138,exp1/exp1_cartpole_long_11,s3://braingeneersdev/asrobbin/braindance_data/24-04-18_butterfly/23138/exp1/exp1_cartpole_long_11,2545,2.0,2.830782875879374,True,stim,25,True
s3://braingeneersdev/asrobbin/braindance_data/24-04-18_butterfly/,23138,exp1/exp1_cartpole_long_4,s3://braingeneersdev/asrobbin/braindance_data/24-04-18_butterfly/23138/exp1/exp1_cartpole_long_4,2569,2.0,2.8571059389251032,True,stim,25,True
s3://braingeneersdev/asrobbin/braindance_data/24-04-18_butterfly/,23138b,Rl_only2,s3://braingeneersdev/asrobbin/braindance_data/24-04-18_butterfly/23138b/Rl_only2/,0,0.0,,False,spontaneous,0,False
s3://braingeneersdev/asrobbin/braindance_data/24-04-18_butterfly/,23186,RL2_k252a/RL2_k252a_cartpole_long_14,s3://braingeneersdev/asrobbin/braindance_data/24-04-18_butterfly/23186/RL2_k252a/RL2_k252a_cartpole_long_14,2110,2.0,2.346547472420398,True,stim,17,True
s3://braingeneersdev/asrobbin/braindance_data/24-04-18_butterfly/,23186,RL2_k252a/RL2_k252a_cartpole_long_3,s3://braingeneersdev/asrobbin/braindance_data/24-04-18_butterfly/23186/RL2_k252a/RL2_k252a_cartpole_long_3,2179,2.0,2.426451316778517,True,stim,17,True
s3://braingeneersdev/asrobbin/braindance_data/24-04-18_butterfly/,23186,RL2_k252a/RL2_k252a_cartpole_long_7,s3://braingeneersdev/asrobbin/braindance_data/24-04-18_butterfly/23186/RL2_k252a/RL2_k252a_cartpole_long_7,2023,2.0,2.253471195128177,True,stim,17,True
s3://braingeneersdev/asrobbin/braindance_data/24-04-18_butterfly/,23186,RL2_k252a/RL2_k252a_cartpole_long_11,s3://braingeneersdev/asrobbin/braindance_data/24-04-18_butterfly/23186/RL2_k252a/RL2_k252a_cartpole_long_11,2120,2.0,2.359237007282505,True,stim,17,True
s3://braingeneersdev/asrobbin/braindance_data/24-04-18_butterfly/,23186,RL2_k252a/RL2_k252a_cartpole_long_4,s3://braingeneersdev/asrobbin/braindance_data/24-04-18_butterfly/23186/RL2_k252a/RL2_k252a_cartpole_long_4,2135,2.0,2.3741528401519467,True,stim,17,True
s3://braingeneersdev/asrobbin/braindance_data/24-04-18_butterfly/,23186,RL2_k252a/RL2_k252a,s3://braingeneersdev/asrobbin/braindance_data/24-04-18_butterfly/23186/RL2_k252a/RL2_k252a,900,0.5,,False,stim,17,True
s3://braingeneersdev/asrobbin/braindance_data/24-04-18_butterfly/,23186,RL2_k252a/RL2_k252a_cartpole_long_8,s3://braingeneersdev/asrobbin/braindance_data/24-04-18_butterfly/23186/RL2_k252a/RL2_k252a_cartpole_long_8,2115,2.0,2.3536826723656117,True,stim,17,True
s3://braingeneersdev/asrobbin/braindance_data/24-04-18_butterfly/,23186,RL2_k252a/RL2_k252a_cartpole_long_1,s3://braingeneersdev/asrobbin/braindance_data/24-04-18_butterfly/23186/RL2_k252a/RL2_k252a_cartpole_long_1,2111,2.0,2.346712859443363,True,stim,17,True
s3://braingeneersdev/asrobbin/braindance_data/24-04-18_butterfly/,23186,RL2_k252a/RL2_k252a_cartpole_long_10,s3://braingeneersdev/asrobbin/braindance_data/24-04-18_butterfly/23186/RL2_k252a/RL2_k252a_cartpole_long_10,2086,2.0,2.3211918583867654,True,stim,17,True
s3://braingeneersdev/asrobbin/braindance_data/24-04-18_butterfly/,23186,RL2_k252a/RL2_k252a_cartpole_long_13,s3://braingeneersdev/asrobbin/braindance_data/24-04-18_butterfly/23186/RL2_k252a/RL2_k252a_cartpole_long_13,2011,2.0,2.2379584955565384,True,stim,17,True
s3://braingeneersdev/asrobbin/braindance_data/24-04-18_butterfly/,23186,RL2_k252a/RL2_k252a_cartpole_long_2,s3://braingeneersdev/asrobbin/braindance_data/24-04-18_butterfly/23186/RL2_k252a/RL2_k252a_cartpole_long_2,2098,2.0,2.3333048903894285,True,stim,17,True
s3://braingeneersdev/asrobbin/braindance_data/24-04-18_butterfly/,23186,RL2_k252a/RL2_k252a_causal,s3://braingeneersdev/asrobbin/braindance_data/24-04-18_butterfly/23186/RL2_k252a/RL2_k252a_causal,900,2.0,2.0000119207032054,True,stim,17,True
s3://braingeneersdev/asrobbin/braindance_data/24-04-18_butterfly/,23186,RL2_k252a/RL2_k252a_cartpole_long_6,s3://braingeneersdev/asrobbin/braindance_data/24-04-18_butterfly/23186/RL2_k252a/RL2_k252a_cartpole_long_6,1961,2.0,2.18452392153233,True,stim,17,True
s3://braingeneersdev/asrobbin/braindance_data/24-04-18_butterfly/,23186,RL2_k252a/RL2_k252a_cartpole_long,s3://braingeneersdev/asrobbin/braindance_data/24-04-18_butterfly/23186/RL2_k252a/RL2_k252a_cartpole_long,1942,2.0,2.163609193153989,True,stim,17,True
s3://braingeneersdev/asrobbin/braindance_data/24-04-18_butterfly/,23186,RL2_k252a/RL2_k252a_cartpole_long_5,s3://braingeneersdev/asrobbin/braindance_data/24-04-18_butterfly/23186/RL2_k252a/RL2_k252a_cartpole_long_5,2132,2.0,2.3707753264727667,True,stim,17,True
s3://braingeneersdev/asrobbin/braindance_data/24-04-18_butterfly/,23186,RL2_k252a/RL2_k252a_cartpole_long_9,s3://braingeneersdev/asrobbin/braindance_data/24-04-18_butterfly/23186/RL2_k252a/RL2_k252a_cartpole_long_9,2050,2.0,2.278922677678716,True,stim,17,True
s3://braingeneersdev/asrobbin/braindance_data/24-04-18_butterfly/,23186,RL2_k252a/RL2_k252a_cartpole_long_12,s3://braingeneersdev/asrobbin/braindance_data/24-04-18_butterfly/23186/RL2_k252a/RL2_k252a_cartpole_long_12,2216,2.0,2.4648494365940783,True,stim,17,True
s3://braingeneersdev/asrobbin/braindance_data/24-04-18_butterfly/,23186,RL_k252a/RL_k252a_cartpole_long_12,s3://braingeneersdev/asrobbin/braindance_data/24-04-18_butterfly/23186/RL_k252a/RL_k252a_cartpole_long_12,2572,2.0,2.859134490909497,True,stim,22,True
s3://braingeneersdev/asrobbin/braindance_data/24-04-18_butterfly/,23186,RL_k252a/RL_k252a_cartpole_long_3,s3://braingeneersdev/asrobbin/braindance_data/24-04-18_butterfly/23186/RL_k252a/RL_k252a_cartpole_long_3,2500,2.0,2.7793893106030345,True,stim,22,True
s3://braingeneersdev/asrobbin/braindance_data/24-04-18_butterfly/,23186,RL_k252a/RL_k252a_cartpole_long_1,s3://braingeneersdev/asrobbin/braindance_data/24-04-18_butterfly/23186/RL_k252a/RL_k252a_cartpole_long_1,2451,2.0,2.7264298672987817,True,stim,22,True
s3://braingeneersdev/asrobbin/braindance_data/24-04-18_butterfly/,23186,RL_k252a/RL_k252a_cartpole_long_19,s3://braingeneersdev/asrobbin/braindance_data/24-04-18_butterfly/23186/RL_k252a/RL_k252a_cartpole_long_19,2512,2.0,2.7922936986798184,True,stim,22,True
s3://braingeneersdev/asrobbin/braindance_data/24-04-18_butterfly/,23186,RL_k252a/RL_k252a_cartpole_long_10,s3://braingeneersdev/asrobbin/braindance_data/24-04-18_butterfly/23186/RL_k252a/RL_k252a_cartpole_long_10,2404,2.0,2.674732363007762,True,stim,22,True
s3://braingeneersdev/asrobbin/braindance_data/24-04-18_butterfly/,23186,RL_k252a/RL_k252a_cartpole_long_11,s3://braingeneersdev/asrobbin/braindance_data/24-04-18_butterfly/23186/RL_k252a/RL_k252a_cartpole_long_11,2539,2.0,2.823612644348502,True,stim,22,True
s3://braingeneersdev/asrobbin/braindance_data/24-04-18_butterfly/,23186,RL_k252a/RL_k252a_cartpole_long_4,s3://braingeneersdev/asrobbin/braindance_data/24-04-18_butterfly/23186/RL_k252a/RL_k252a_cartpole_long_4,2422,2.0,2.6920343885945908,True,stim,22,True
s3://braingeneersdev/asrobbin/braindance_data/24-04-18_butterfly/,23186,RL_k252a/RL_k252a_cartpole_long_14,s3://braingeneersdev/asrobbin/braindance_data/24-04-18_butterfly/23186/RL_k252a/RL_k252a_cartpole_long_14,2704,4.0,3.0063327617242517,True,stim,22,True
s3://braingeneersdev/asrobbin/braindance_data/24-04-18_butterfly/,23186,RL_k252a/RL_k252a_causal,s3://braingeneersdev/asrobbin/braindance_data/24-04-18_butterfly/23186/RL_k252a/RL_k252a_causal,850,2.0,2.0000099537783993,True,stim,22,True
s3://braingeneersdev/asrobbin/braindance_data/24-04-18_butterfly/,23186,RL_k252a/RL_k252a_cartpole_long_8,s3://braingeneersdev/asrobbin/braindance_data/24-04-18_butterfly/23186/RL_k252a/RL_k252a_cartpole_long_8,2539,2.0,2.82259728470479,True,stim,22,True
s3://braingeneersdev/asrobbin/braindance_data/24-04-18_butterfly/,23186,RL_k252a/RL_k252a_cartpole_long_5,s3://braingeneersdev/asrobbin/braindance_data/24-04-18_butterfly/23186/RL_k252a/RL_k252a_cartpole_long_5,2504,2.0,2.783219781551179,True,stim,22,True
s3://braingeneersdev/asrobbin/braindance_data/24-04-18_butterfly/,23186,RL_k252a/RL_k252a_cartpole_long_18,s3://braingeneersdev/asrobbin/braindance_data/24-04-18_butterfly/23186/RL_k252a/RL_k252a_cartpole_long_18,2143,2.0,2.383624038029424,True,stim,22,True
s3://braingeneersdev/asrobbin/braindance_data/24-04-18_butterfly/,23186,RL_k252a/RL_k252a_cartpole_long_7,s3://braingeneersdev/asrobbin/braindance_data/24-04-18_butterfly/23186/RL_k252a/RL_k252a_cartpole_long_7,2328,2.0,2.587460067216062,True,stim,22,True
s3://braingeneersdev/asrobbin/braindance_data/24-04-18_butterfly/,23186,RL_k252a/RL_k252a_cartpole_long,s3://braingeneersdev/asrobbin/braindance_data/24-04-18_butterfly/23186/RL_k252a/RL_k252a_cartpole_long,2254,2.0,2.510088911488874,True,stim,22,True
s3://braingeneersdev/asrobbin/braindance_data/24-04-18_butterfly/,23186,RL_k252a/RL_k252a_cartpole_long_9,s3://braingeneersdev/asrobbin/braindance_data/24-04-18_butterfly/23186/RL_k252a/RL_k252a_cartpole_long_9,2415,2.0,2.6847071763205173,True,stim,22,True
s3://braingeneersdev/asrobbin/braindance_data/24-04-18_butterfly/,23186,RL_k252a/RL_k252a_cartpole_long_2,s3://braingeneersdev/asrobbin/braindance_data/24-04-18_butterfly/23186/RL_k252a/RL_k252a_cartpole_long_2,2390,2.0,2.656318422651907,True,stim,22,True
s3://braingeneersdev/asrobbin/braindance_data/24-04-18_butterfly/,23186,RL_k252a/RL_k252a_cartpole_long_15,s3://braingeneersdev/asrobbin/braindance_data/24-04-18_butterfly/23186/RL_k252a/RL_k252a_cartpole_long_15,2729,4.0,3.034641042881299,True,stim,22,True
s3://braingeneersdev/asrobbin/braindance_data/24-04-18_butterfly/,23186,RL_k252a/RL_k252a_cartpole_long_17,s3://braingeneersdev/asrobbin/braindance_data/24-04-18_butterfly/23186/RL_k252a/RL_k252a_cartpole_long_17,2545,2.0,2.8288096994023264,True,stim,22,True
s3://braingeneersdev/asrobbin/braindance_data/24-04-18_butterfly/,23186,RL_k252a/RL_k252a_cartpole_long_6,s3://braingeneersdev/asrobbin/braindance_data/24-04-18_butterfly/23186/RL_k252a/RL_k252a_cartpole_long_6,2524,2.0,2.806038466169649,True,stim,22,True
s3://braingeneersdev/asrobbin/braindance_data/24-04-18_butterfly/,23186,RL_k252a/RL_k252a,s3://braingeneersdev/asrobbin/braindance_data/24-04-18_butterfly/23186/RL_k252a/RL_k252a,850,0.5,,False,stim,22,True
s3://braingeneersdev/asrobbin/braindance_data/24-04-18_butterfly/,23186,RL_k252a/RL_k252a_cartpole_long_13,s3://braingeneersdev/asrobbin/braindance_data/24-04-18_butterfly/23186/RL_k252a/RL_k252a_cartpole_long_13,2665,2.0,2.9632984775733973,True,stim,22,True
s3://braingeneersdev/asrobbin/braindance_data/24-04-18_butterfly/,23186,RL_k252a/RL_k252a_cartpole_long_16,s3://braingeneersdev/asrobbin/braindance_data/24-04-18_butterfly/23186/RL_k252a/RL_k252a_cartpole_long_16,2723,4.0,3.034358315069559,True,stim,22,True
s3://braingeneersdev/asrobbin/braindance_data/24-04-18_butterfly/,23186,RL_only/RL_only_cartpole_long,s3://braingeneersdev/asrobbin/braindance_data/24-04-18_butterfly/23186/RL_only/RL_only_cartpole_long,2425,2.0,2.700951870704826,True,stim,7,True
s3://braingeneersdev/asrobbin/braindance_data/24-04-18_butterfly/,23186,RL_only/RL_only_cartpole_long_4,s3://braingeneersdev/asrobbin/braindance_data/24-04-18_butterfly/23186/RL_only/RL_only_cartpole_long_4,2363,2.0,2.6270357562419617,True,stim,7,True
s3://braingeneersdev/asrobbin/braindance_data/24-04-18_butterfly/,23186,RL_only/RL_only_cartpole_long_1,s3://braingeneersdev/asrobbin/braindance_data/24-04-18_butterfly/23186/RL_only/RL_only_cartpole_long_1,2577,2.0,2.865215095151774,True,stim,7,True
s3://braingeneersdev/asrobbin/braindance_data/24-04-18_butterfly/,23186,RL_only/RL_only_causal,s3://braingeneersdev/asrobbin/braindance_data/24-04-18_butterfly/23186/RL_only/RL_only_causal,900,2.0,2.000012558014318,True,stim,7,True
s3://braingeneersdev/asrobbin/braindance_data/24-04-18_butterfly/,23186,RL_only/RL_only_cartpole_long_2,s3://braingeneersdev/asrobbin/braindance_data/24-04-18_butterfly/23186/RL_only/RL_only_cartpole_long_2,2618,2.0,2.910602276518756,True,stim,7,True
s3://braingeneersdev/asrobbin/braindance_data/24-04-18_butterfly/,23186,RL_only/RL_only_cartpole_long_3,s3://braingeneersdev/asrobbin/braindance_data/24-04-18_butterfly/23186/RL_only/RL_only_cartpole_long_3,2553,2.0,2.83774298656528,True,stim,7,True
s3://braingeneersdev/asrobbin/braindance_data/24-04-18_butterfly/,23186,RL_only/RL_only,s3://braingeneersdev/asrobbin/braindance_data/24-04-18_butterfly/23186/RL_only/RL_only,900,0.5,,False,stim,7,True
s3://braingeneersdev/asrobbin/braindance_data/24-04-18_butterfly/,23186,Rl_bdnf/Rl_bdnf_cartpole_long_4,s3://braingeneersdev/asrobbin/braindance_data/24-04-18_butterfly/23186/Rl_bdnf/Rl_bdnf_cartpole_long_4,2390,2.0,2.6578995432602133,True,stim,19,True
s3://braingeneersdev/asrobbin/braindance_data/24-04-18_butterfly/,23186,Rl_bdnf/Rl_bdnf_cartpole_long,s3://braingeneersdev/asrobbin/braindance_data/24-04-18_butterfly/23186/Rl_bdnf/Rl_bdnf_cartpole_long,2076,2.0,2.3116752152208337,True,stim,19,True
s3://braingeneersdev/asrobbin/braindance_data/24-04-18_butterfly/,23186,Rl_bdnf/Rl_bdnf_cartpole_long_14,s3://braingeneersdev/asrobbin/braindance_data/24-04-18_butterfly/23186/Rl_bdnf/Rl_bdnf_cartpole_long_14,2321,2.0,2.588129503380693,True,stim,19,True
s3://braingeneersdev/asrobbin/braindance_data/24-04-18_butterfly/,23186,Rl_bdnf/Rl_bdnf_cartpole_long_12,s3://braingeneersdev/asrobbin/braindance_data/24-04-18_butterfly/23186/Rl_bdnf/Rl_bdnf_cartpole_long_12,2290,2.0,2.548623987048264,True,stim,19,True
s3://braingeneersdev/asrobbin/braindance_data/24-04-18_butterfly/,23186,Rl_bdnf/Rl_bdnf_cartpole_long_16,s3://braingeneersdev/asrobbin/braindance_data/24-04-18_butterfly/23186/Rl_bdnf/Rl_bdnf_cartpole_long_16,2400,2.0,2.6683459707343253,True,stim,19,True
s3://braingeneersdev/asrobbin/braindance_data/24-04-18_butterfly/,23186,Rl_bdnf/Rl_bdnf_cartpole_long_3,s3://braingeneersdev/asrobbin/braindance_data/24-04-18_butterfly/23186/Rl_bdnf/Rl_bdnf_cartpole_long_3,2394,2.0,2.662006638123379,True,stim,19,True
s3://braingeneersdev/asrobbin/braindance_data/24-04-18_butterfly/,23186,Rl_bdnf/Rl_bdnf_causal,s3://braingeneersdev/asrobbin/braindance_data/24-04-18_butterfly/23186/Rl_bdnf/Rl_bdnf_causal,950,2.0,2.000004281716125,True,stim,19,True
s3://braingeneersdev/asrobbin/braindance_data/24-04-18_butterfly/,23186,Rl_bdnf/Rl_bdnf_cartpole_long_8,s3://braingeneersdev/asrobbin/braindance_data/24-04-18_butterfly/23186/Rl_bdnf/Rl_bdnf_cartpole_long_8,2400,2.0,2.672638219960101,True,stim,19,True
s3://braingeneersdev/asrobbin/braindance_data/24-04-18_butterfly/,23186,Rl_bdnf/Rl_bdnf,s3://braingeneersdev/asrobbin/braindance_data/24-04-18_butterfly/23186/Rl_bdnf/Rl_bdnf,950,0.5,,False,stim,19,True
s3://braingeneersdev/asrobbin/braindance_data/24-04-18_butterfly/,23186,Rl_bdnf/Rl_bdnf_cartpole_long_7,s3://braingeneersdev/asrobbin/braindance_data/24-04-18_butterfly/23186/Rl_bdnf/Rl_bdnf_cartpole_long_7,2639,2.0,2.9342025788725388,True,stim,19,True
s3://braingeneersdev/asrobbin/braindance_data/24-04-18_butterfly/,23186,Rl_bdnf/Rl_bdnf_cartpole_long_2,s3://braingeneersdev/asrobbin/braindance_data/24-04-18_butterfly/23186/Rl_bdnf/Rl_bdnf_cartpole_long_2,2212,2.0,2.4626453742853633,True,stim,19,True
s3://braingeneersdev/asrobbin/braindance_data/24-04-18_butterfly/,23186,Rl_bdnf/Rl_bdnf_cartpole_long_11,s3://braingeneersdev/asrobbin/braindance_data/24-04-18_butterfly/23186/Rl_bdnf/Rl_bdnf_cartpole_long_11,2392,2.0,2.661791407333879,True,stim,19,True
s3://braingeneersdev/asrobbin/braindance_data/24-04-18_butterfly/,23186,Rl_bdnf/Rl_bdnf_cartpole_long_10,s3://braingeneersdev/asrobbin/braindance_data/24-04-18_butterfly/23186/Rl_bdnf/Rl_bdnf_cartpole_long_10,2447,2.0,2.7210217432145276,True,stim,19,True
s3://braingeneersdev/asrobbin/braindance_data/24-04-18_butterfly/,23186,Rl_bdnf/Rl_bdnf_cartpole_long_13,s3://braingeneersdev/asrobbin/braindance_data/24-04-18_butterfly/23186/Rl_bdnf/Rl_bdnf_cartpole_long_13,2180,2.0,2.4237651934797677,True,stim,19,True
s3://braingeneersdev/asrobbin/braindance_data/24-04-18_butterfly/,23186,Rl_bdnf/Rl_bdnf_cartpole_long_6,s3://braingeneersdev/asrobbin/braindance_data/24-04-18_butterfly/23186/Rl_bdnf/Rl_bdnf_cartpole_long_6,2479,2.0,2.757562750594369,True,stim,19,True
s3://braingeneersdev/asrobbin/braindance_data/24-04-18_butterfly/,23186,Rl_bdnf/Rl_bdnf_cartpole_long_9,s3://braingeneersdev/asrobbin/braindance_data/24-04-18_butterfly/23186/Rl_bdnf/Rl_bdnf_cartpole_long_9,2521,2.0,2.804045756256781,True,stim,19,True
s3://braingeneersdev/asrobbin/braindance_data/24-04-18_butterfly/,23186,Rl_bdnf/Rl_bdnf_cartpole_long_15,s3://braingeneersdev/asrobbin/braindance_data/24-04-18_butterfly/23186/Rl_bdnf/Rl_bdnf_cartpole_long_15,2214,2.0,2.462587824586579,True,stim,19,True
s3://braingeneersdev/asrobbin/braindance_data/24-04-18_butterfly/,23186,Rl_bdnf/Rl_bdnf_cartpole_long_5,s3://braingeneersdev/asrobbin/braindance_data/24-04-18_butterfly/23186/Rl_bdnf/Rl_bdnf_cartpole_long_5,2394,2.0,2.6615822221928145,True,stim,19,True
s3://braingeneersdev/asrobbin/braindance_data/24-04-18_butterfly/,23186,Rl_bdnf/Rl_bdnf_cartpole_long_1,s3://braingeneersdev/asrobbin/braindance_data/24-04-18_butterfly/23186/Rl_bdnf/Rl_bdnf_cartpole_long_1,2141,2.0,2.381152438693611,True,stim,19,True
s3://braingeneersdev/asrobbin/braindance_data/24-04-18_butterfly/,p001237,exp1/exp1_causal,s3://braingeneersdev/asrobbin/braindance_data/24-04-18_butterfly/p001237/exp1/exp1_causal,1300,2.0,2.0000108644716086,True,stim,24,True
s3://braingeneersdev/asrobbin/braindance_data/24-04-18_butterfly/,p001237,exp1/exp1_cartpole_long_5,s3://braingeneersdev/asrobbin/braindance_data/24-04-18_butterfly/p001237/exp1/exp1_cartpole_long_5,1798,2.0,2.0000404874061366,True,stim,24,True
s3://braingeneersdev/asrobbin/braindance_data/24-04-18_butterfly/,p001237,exp1/exp1_cartpole_long_19,s3://braingeneersdev/asrobbin/braindance_data/24-04-18_butterfly/p001237/exp1/exp1_cartpole_long_19,1407,2.0,1.5721596603696617,True,stim,24,True
s3://braingeneersdev/asrobbin/braindance_data/24-04-18_butterfly/,p001237,exp1/exp1_cartpole_long_3,s3://braingeneersdev/asrobbin/braindance_data/24-04-18_butterfly/p001237/exp1/exp1_cartpole_long_3,1834,2.0,2.042964287850848,True,stim,24,True
s3://braingeneersdev/asrobbin/braindance_data/24-04-18_butterfly/,p001237,exp1/exp1,s3://braingeneersdev/asrobbin/braindance_data/24-04-18_butterfly/p001237/exp1/exp1,1300,0.5,,False,stim,24,True
s3://braingeneersdev/asrobbin/braindance_data/24-04-18_butterfly/,p001237,exp1/exp1_cartpole_long_9,s3://braingeneersdev/asrobbin/braindance_data/24-04-18_butterfly/p001237/exp1/exp1_cartpole_long_9,1794,2.0,1.996035227123118,True,stim,24,True
s3://braingeneersdev/asrobbin/braindance_data/24-04-18_butterfly/,p001237,exp1/exp1_cartpole_long_21,s3://braingeneersdev/asrobbin/braindance_data/24-04-18_butterfly/p001237/exp1/exp1_cartpole_long_21,414,2.0,2.111238133844499,True,stim,24,True
s3://braingeneersdev/asrobbin/braindance_data/24-04-18_butterfly/,p001237,exp1/exp1_cartpole_long_15,s3://braingeneersdev/asrobbin/braindance_data/24-04-18_butterfly/p001237/exp1/exp1_cartpole_long_15,1835,2.0,2.0442031231056035,True,stim,24,True
s3://braingeneersdev/asrobbin/braindance_data/24-04-18_butterfly/,p001237,exp1/exp1_cartpole_long,s3://braingeneersdev/asrobbin/braindance_data/24-04-18_butterfly/p001237/exp1/exp1_cartpole_long,2028,8.0,187.9995853576254,True,stim,24,True
s3://braingeneersdev/asrobbin/braindance_data/24-04-18_butterfly/,p001237,exp1/exp1_cartpole_long_7,s3://braingeneersdev/asrobbin/braindance_data/24-04-18_butterfly/p001237/exp1/exp1_cartpole_long_7,1436,2.0,1.597036506829626,True,stim,24,True
s3://braingeneersdev/asrobbin/braindance_data/24-04-18_butterfly/,p001237,exp1/exp1_cartpole_long_8,s3://braingeneersdev/asrobbin/braindance_data/24-04-18_butterfly/p001237/exp1/exp1_cartpole_long_8,1797,2.0,2.003733921383466,True,stim,24,True
s3://braingeneersdev/asrobbin/braindance_data/24-04-18_butterfly/,p001237,exp1/exp1_cartpole_long_18,s3://braingeneersdev/asrobbin/braindance_data/24-04-18_butterfly/p001237/exp1/exp1_cartpole_long_18,1842,2.0,2.0552185063902964,True,stim,24,True
s3://braingeneersdev/asrobbin/braindance_data/24-04-18_butterfly/,p001237,exp1/exp1_cartpole_long_20,s3://braingeneersdev/asrobbin/braindance_data/24-04-18_butterfly/p001237/exp1/exp1_cartpole_long_20,1828,2.0,2.036533249864041,True,stim,24,True
s3://braingeneersdev/asrobbin/braindance_data/24-04-18_butterfly/,p001237,exp1/exp1_cartpole_long_10,s3://braingeneersdev/asrobbin/braindance_data/24-04-18_butterfly/p001237/exp1/exp1_cartpole_long_10,1420,2.0,1.5793986758054217,True,stim,24,True
s3://braingeneersdev/asrobbin/braindance_data/24-04-18_butterfly/,p001237,exp1/exp1_cartpole_long_14,s3://braingeneersdev/asrobbin/braindance_data/24-04-18_butterfly/p001237/exp1/exp1_cartpole_long_14,1845,2.0,2.0579144332621593,True,stim,24,True
s3://braingeneersdev/asrobbin/braindance_data/24-04-18_butterfly/,p001237,exp1/exp1_cartpole_long_17,s3://braingeneersdev/asrobbin/braindance_data/24-04-18_butterfly/p001237/exp1/exp1_cartpole_long_17,1791,2.0,1.993564576891209,True,stim,24,True
s3://braingeneersdev/asrobbin/braindance_data/24-04-18_butterfly/,p001237,exp1/exp1_cartpole_long_13,s3://braingeneersdev/asrobbin/braindance_data/24-04-18_butterfly/p001237/exp1/exp1_cartpole_long_13,1432,2.0,1.593770702428933,True,stim,24,True
s3://braingeneersdev/asrobbin/braindance_data/24-04-18_butterfly/,p001237,exp1/exp1_cartpole_long_6,s3://braingeneersdev/asrobbin/braindance_data/24-04-18_butterfly/p001237/exp1/exp1_cartpole_long_6,1847,2.0,2.0541086927596774,True,stim,24,True
s3://braingeneersdev/asrobbin/braindance_data/24-04-18_butterfly/,p001237,exp1/exp1_cartpole_long_1,s3://braingeneersdev/asrobbin/braindance_data/24-04-18_butterfly/p001237/exp1/exp1_cartpole_long_1,3386,4.0,3.774926058853109,True,stim,24,True
s3://braingeneersdev/asrobbin/braindance_data/24-04-18_butterfly/,p001237,exp1/exp1_cartpole_long_2,s3://braingeneersdev/asrobbin/braindance_data/24-04-18_butterfly/p001237/exp1/exp1_cartpole_long_2,1986,2.0,2.2076997060196955,True,stim,24,True
s3://braingeneersdev/asrobbin/braindance_data/24-04-18_butterfly/,p001237,exp1/exp1_cartpole_long_16,s3://braingeneersdev/asrobbin/braindance_data/24-04-18_butterfly/p001237/exp1/exp1_cartpole_long_16,1434,2.0,1.5998331173879532,True,stim,24,True
s3://braingeneersdev/asrobbin/braindance_data/24-04-18_butterfly/,p001237,exp1/exp1_cartpole_long_12,s3://braingeneersdev/asrobbin/braindance_data/24-04-18_butterfly/p001237/exp1/exp1_cartpole_long_12,1864,2.0,2.0768223075922547,True,stim,24,True
s3://braingeneersdev/asrobbin/braindance_data/24-04-18_butterfly/,p001237,exp1/exp1_cartpole_long_11,s3://braingeneersdev/asrobbin/braindance_data/24-04-18_butterfly/p001237/exp1/exp1_cartpole_long_11,1803,2.0,2.0058428493897114,True,stim,24,True
s3://braingeneersdev/asrobbin/braindance_data/24-04-18_butterfly/,p001237,exp1/exp1_cartpole_long_4,s3://braingeneersdev/asrobbin/braindance_data/24-04-18_butterfly/p001237/exp1/exp1_cartpole_long_4,1456,2.0,1.6187893413975436,True,stim,24,True
s3://braingeneersdev/asrobbin/braindance_data/24-04-18_butterfly/,p001237,exp2/exp2_cartpole_long_6,s3://braingeneersdev/asrobbin/braindance_data/24-04-18_butterfly/p001237/exp2/exp2_cartpole_long_6,2512,2.0,2.8001323483240053,True,stim,17,True
s3://braingeneersdev/asrobbin/braindance_data/24-04-18_butterfly/,p001237,exp2/exp2_cartpole_long_10,s3://braingeneersdev/asrobbin/braindance_data/24-04-18_butterfly/p001237/exp2/exp2_cartpole_long_10,2499,2.0,2.793200168482171,True,stim,17,True
s3://braingeneersdev/asrobbin/braindance_data/24-04-18_butterfly/,p001237,exp2/exp2_cartpole_long_11,s3://braingeneersdev/asrobbin/braindance_data/24-04-18_butterfly/p001237/exp2/exp2_cartpole_long_11,2481,2.0,2.7779289570899155,True,stim,17,True
s3://braingeneersdev/asrobbin/braindance_data/24-04-18_butterfly/,p001237,exp2/exp2_cartpole_long_7,s3://braingeneersdev/asrobbin/braindance_data/24-04-18_butterfly/p001237/exp2/exp2_cartpole_long_7,2448,2.0,2.7334951595076857,True,stim,17,True
s3://braingeneersdev/asrobbin/braindance_data/24-04-18_butterfly/,p001237,exp2/exp2_cartpole_long_8,s3://braingeneersdev/asrobbin/braindance_data/24-04-18_butterfly/p001237/exp2/exp2_cartpole_long_8,2307,2.0,2.573406310505942,True,stim,17,True
s3://braingeneersdev/asrobbin/braindance_data/24-04-18_butterfly/,p001237,exp2/exp2_cartpole_long_13,s3://braingeneersdev/asrobbin/braindance_data/24-04-18_butterfly/p001237/exp2/exp2_cartpole_long_13,2534,2.0,2.8272178721171484,True,stim,17,True
s3://braingeneersdev/asrobbin/braindance_data/24-04-18_butterfly/,p001237,exp2/exp2,s3://braingeneersdev/asrobbin/braindance_data/24-04-18_butterfly/p001237/exp2/exp2,1150,0.5,,False,stim,17,True
s3://braingeneersdev/asrobbin/braindance_data/24-04-18_butterfly/,p001237,exp2/exp2_causal,s3://braingeneersdev/asrobbin/braindance_data/24-04-18_butterfly/p001237/exp2/exp2_causal,1150,2.0,2.0000183243698464,True,stim,17,True
s3://braingeneersdev/asrobbin/braindance_data/24-04-18_butterfly/,p001237,exp2/exp2_cartpole_long_12,s3://braingeneersdev/asrobbin/braindance_data/24-04-18_butterfly/p001237/exp2/exp2_cartpole_long_12,2317,2.0,2.588656693540092,True,stim,17,True
s3://braingeneersdev/asrobbin/braindance_data/24-04-18_butterfly/,p001237,exp2/exp2_cartpole_long_2,s3://braingeneersdev/asrobbin/braindance_data/24-04-18_butterfly/p001237/exp2/exp2_cartpole_long_2,2528,2.0,2.8187344910661727,True,stim,17,True
s3://braingeneersdev/asrobbin/braindance_data/24-04-18_butterfly/,p001237,exp2/exp2_cartpole_long_1,s3://braingeneersdev/asrobbin/braindance_data/24-04-18_butterfly/p001237/exp2/exp2_cartpole_long_1,2446,2.0,2.7246919748423224,True,stim,17,True
s3://braingeneersdev/asrobbin/braindance_data/24-04-18_butterfly/,p001237,exp2/exp2_cartpole_long_14,s3://braingeneersdev/asrobbin/braindance_data/24-04-18_butterfly/p001237/exp2/exp2_cartpole_long_14,2414,2.0,2.7017264838544506,True,stim,17,True
s3://braingeneersdev/asrobbin/braindance_data/24-04-18_butterfly/,p001237,exp2/exp2_cartpole_long_5,s3://braingeneersdev/asrobbin/braindance_data/24-04-18_butterfly/p001237/exp2/exp2_cartpole_long_5,2412,2.0,2.697773158915542,True,stim,17,True
s3://braingeneersdev/asrobbin/braindance_data/24-04-18_butterfly/,p001237,exp2/exp2_cartpole_long_4,s3://braingeneersdev/asrobbin/braindance_data/24-04-18_butterfly/p001237/exp2/exp2_cartpole_long_4,2411,2.0,2.686194777168518,True,stim,17,True
s3://braingeneersdev/asrobbin/braindance_data/24-04-18_butterfly/,p001237,exp2/exp2_cartpole_long_9,s3://braingeneersdev/asrobbin/braindance_data/24-04-18_butterfly/p001237/exp2/exp2_cartpole_long_9,2411,2.0,2.69312443319578,True,stim,17,True
s3://braingeneersdev/asrobbin/braindance_data/24-04-18_butterfly/,p001237,exp2/exp2_cartpole_long_3,s3://braingeneersdev/asrobbin/braindance_data/24-04-18_butterfly/p001237/exp2/exp2_cartpole_long_3,2450,2.0,2.7319197419317303,True,stim,17,True
s3://braingeneersdev/asrobbin/braindance_data/24-04-18_butterfly/,p001237,exp2/exp2_cartpole_long,s3://braingeneersdev/asrobbin/braindance_data/24-04-18_butterfly/p001237/exp2/exp2_cartpole_long,3358,4.0,3.747163825108341,True,stim,17,True
s3://braingeneersdev/asrobbin/braindance_data/24-04-18_butterfly/,p001237,exp3/exp3_cartpole_long,s3://braingeneersdev/asrobbin/braindance_data/24-04-18_butterfly/p001237/exp3/exp3_cartpole_long,518,2.0,2.304419071190486,True,stim,4,True
s3://braingeneersdev/asrobbin/braindance_data/24-04-18_butterfly/,p001237,exp3/exp3,s3://braingeneersdev/asrobbin/braindance_data/24-04-18_butterfly/p001237/exp3/exp3,1050,0.5,,False,stim,4,True
s3://braingeneersdev/asrobbin/braindance_data/24-04-18_butterfly/,p001237,exp3/exp3_cartpole_long_1,s3://braingeneersdev/asrobbin/braindance_data/24-04-18_butterfly/p001237/exp3/exp3_cartpole_long_1,234,2.0,2.377556736053511,True,stim,4,True
s3://braingeneersdev/asrobbin/braindance_data/24-04-18_butterfly/,p001237,exp3/exp3_causal,s3://braingeneersdev/asrobbin/braindance_data/24-04-18_butterfly/p001237/exp3/exp3_causal,1050,2.0,2.0000066998052284,True,stim,4,True
s3://braingeneersdev/asrobbin/braindance_data/24-04-18_butterfly/,p001237,exp4/exp4_cartpole_long,s3://braingeneersdev/asrobbin/braindance_data/24-04-18_butterfly/p001237/exp4/exp4_cartpole_long,2341,2.0,2.609423330212333,True,stim,18,True
s3://braingeneersdev/asrobbin/braindance_data/24-04-18_butterfly/,p001237,exp4/exp4_cartpole_long_5,s3://braingeneersdev/asrobbin/braindance_data/24-04-18_butterfly/p001237/exp4/exp4_cartpole_long_5,1844,2.0,2.0496584675025877,True,stim,18,True
s3://braingeneersdev/asrobbin/braindance_data/24-04-18_butterfly/,p001237,exp4/exp4_cartpole_long_8,s3://braingeneersdev/asrobbin/braindance_data/24-04-18_butterfly/p001237/exp4/exp4_cartpole_long_8,1893,2.0,2.105530008429024,True,stim,18,True
s3://braingeneersdev/asrobbin/braindance_data/24-04-18_butterfly/,p001237,exp4/exp4_causal,s3://braingeneersdev/asrobbin/braindance_data/24-04-18_butterfly/p001237/exp4/exp4_causal,1150,2.0,2.0000134795895432,True,stim,18,True
s3://braingeneersdev/asrobbin/braindance_data/24-04-18_butterfly/,p001237,exp4/exp4_cartpole_long_1,s3://braingeneersdev/asrobbin/braindance_data/24-04-18_butterfly/p001237/exp4/exp4_cartpole_long_1,1672,2.0,1.8589811393367863,True,stim,18,True
s3://braingeneersdev/asrobbin/braindance_data/24-04-18_butterfly/,p001237,exp4/exp4,s3://braingeneersdev/asrobbin/braindance_data/24-04-18_butterfly/p001237/exp4/exp4,1150,0.5,,False,stim,18,True
s3://braingeneersdev/asrobbin/braindance_data/24-04-18_butterfly/,p001237,exp4/exp4_cartpole_long_9,s3://braingeneersdev/asrobbin/braindance_data/24-04-18_butterfly/p001237/exp4/exp4_cartpole_long_9,1890,2.0,2.10533068697572,True,stim,18,True
s3://braingeneersdev/asrobbin/braindance_data/24-04-18_butterfly/,p001237,exp4/exp4_cartpole_long_12,s3://braingeneersdev/asrobbin/braindance_data/24-04-18_butterfly/p001237/exp4/exp4_cartpole_long_12,1792,2.0,1.99704912952458,True,stim,18,True
s3://braingeneersdev/asrobbin/braindance_data/24-04-18_butterfly/,p001237,exp4/exp4_cartpole_long_7,s3://braingeneersdev/asrobbin/braindance_data/24-04-18_butterfly/p001237/exp4/exp4_cartpole_long_7,1446,2.0,1.606932389081854,True,stim,18,True
s3://braingeneersdev/asrobbin/braindance_data/24-04-18_butterfly/,p001237,exp4/exp4_cartpole_long_13,s3://braingeneersdev/asrobbin/braindance_data/24-04-18_butterfly/p001237/exp4/exp4_cartpole_long_13,1435,2.0,1.5979813131569027,True,stim,18,True
s3://braingeneersdev/asrobbin/braindance_data/24-04-18_butterfly/,p001237,exp4/exp4_cartpole_long_4,s3://braingeneersdev/asrobbin/braindance_data/24-04-18_butterfly/p001237/exp4/exp4_cartpole_long_4,1485,2.0,1.650309438991172,True,stim,18,True
s3://braingeneersdev/asrobbin/braindance_data/24-04-18_butterfly/,p001237,exp4/exp4_cartpole_long_14,s3://braingeneersdev/asrobbin/braindance_data/24-04-18_butterfly/p001237/exp4/exp4_cartpole_long_14,1805,2.0,2.0084033783839303,True,stim,18,True
s3://braingeneersdev/asrobbin/braindance_data/24-04-18_butterfly/,p001237,exp4/exp4_cartpole_long_6,s3://braingeneersdev/asrobbin/braindance_data/24-04-18_butterfly/p001237/exp4/exp4_cartpole_long_6,1884,2.0,2.0939172107255057,True,stim,18,True
s3://braingeneersdev/asrobbin/braindance_data/24-04-18_butterfly/,p001237,exp4/exp4_cartpole_long_11,s3://braingeneersdev/asrobbin/braindance_data/24-04-18_butterfly/p001237/exp4/exp4_cartpole_long_11,1848,2.0,2.054051773339626,True,stim,18,True
s3://braingeneersdev/asrobbin/braindance_data/24-04-18_butterfly/,p001237,exp4/exp4_cartpole_long_3,s3://braingeneersdev/asrobbin/braindance_data/24-04-18_butterfly/p001237/exp4/exp4_cartpole_long_3,1951,2.0,2.1686505507663862,True,stim,18,True
s3://braingeneersdev/asrobbin/braindance_data/24-04-18_butterfly/,p001237,exp4/exp4_cartpole_long_2,s3://braingeneersdev/asrobbin/braindance_data/24-04-18_butterfly/p001237/exp4/exp4_cartpole_long_2,1960,2.0,2.1782233989443007,True,stim,18,True
s3://braingeneersdev/asrobbin/braindance_data/24-04-18_butterfly/,p001237,exp4/exp4_cartpole_long_15,s3://braingeneersdev/asrobbin/braindance_data/24-04-18_butterfly/p001237/exp4/exp4_cartpole_long_15,1780,2.0,1.9790450311561156,True,stim,18,True
s3://braingeneersdev/asrobbin/braindance_data/24-04-18_butterfly/,p001237,exp4/exp4_cartpole_long_10,s3://braingeneersdev/asrobbin/braindance_data/24-04-18_butterfly/p001237/exp4/exp4_cartpole_long_10,1422,2.0,1.5845573301642455,True,stim,18,True
s3://braingeneersdev/asrobbin/braindance_data/24-04-18_butterfly/,p001237,exp5/exp5_cartpole_long,s3://braingeneersdev/asrobbin/braindance_data/24-04-18_butterfly/p001237/exp5/exp5_cartpole_long,2154,2.0,2.405854340012034,True,stim,11,True
s3://braingeneersdev/asrobbin/braindance_data/24-04-18_butterfly/,p001237,exp5/exp5_cartpole_long_5,s3://braingeneersdev/asrobbin/braindance_data/24-04-18_butterfly/p001237/exp5/exp5_cartpole_long_5,713,2.0,2.2012564989680055,True,stim,11,True
s3://braingeneersdev/asrobbin/braindance_data/24-04-18_butterfly/,p001237,exp5/exp5_cartpole_long_2,s3://braingeneersdev/asrobbin/braindance_data/24-04-18_butterfly/p001237/exp5/exp5_cartpole_long_2,700,2.0,1.922366577475601,True,stim,11,True
s3://braingeneersdev/asrobbin/braindance_data/24-04-18_butterfly/,p001237,exp5/exp5_cartpole_long_4,s3://braingeneersdev/asrobbin/braindance_data/24-04-18_butterfly/p001237/exp5/exp5_cartpole_long_4,82,2.0,2.3167068046175054,True,stim,11,True
s3://braingeneersdev/asrobbin/braindance_data/24-04-18_butterfly/,p001237,exp5/exp5_cartpole_long_3,s3://braingeneersdev/asrobbin/braindance_data/24-04-18_butterfly/p001237/exp5/exp5_cartpole_long_3,218,2.0,2.012177256674839,True,stim,11,True
s3://braingeneersdev/asrobbin/braindance_data/24-04-18_butterfly/,p001237,exp5/exp5_cartpole_long_1,s3://braingeneersdev/asrobbin/braindance_data/24-04-18_butterfly/p001237/exp5/exp5_cartpole_long_1,1734,2.0,1.9285322749627756,True,stim,11,True
s3://braingeneersdev/asrobbin/braindance_data/24-04-18_butterfly/,p001237,exp5/exp5_causal,s3://braingeneersdev/asrobbin/braindance_data/24-04-18_butterfly/p001237/exp5/exp5_causal,950,2.0,2.0000167468968173,True,stim,11,True
s3://braingeneersdev/asrobbin/braindance_data/24-04-18_butterfly/,p001237,exp5/exp5_cartpole_long_6,s3://braingeneersdev/asrobbin/braindance_data/24-04-18_butterfly/p001237/exp5/exp5_cartpole_long_6,2074,2.0,2.315035798868393,True,stim,11,True
s3://braingeneersdev/asrobbin/braindance_data/24-04-18_butterfly/,p001237,exp5/exp5_cartpole_long_8,s3://braingeneersdev/asrobbin/braindance_data/24-04-18_butterfly/p001237/exp5/exp5_cartpole_long_8,2018,2.0,2.2444797813807535,True,stim,11,True
s3://braingeneersdev/asrobbin/braindance_data/24-04-18_butterfly/,p001237,exp5/exp5_cartpole_long_7,s3://braingeneersdev/asrobbin/braindance_data/24-04-18_butterfly/p001237/exp5/exp5_cartpole_long_7,1481,2.0,1.650293512235547,True,stim,11,True
s3://braingeneersdev/asrobbin/braindance_data/24-04-18_butterfly/,p001237,exp5/exp5,s3://braingeneersdev/asrobbin/braindance_data/24-04-18_butterfly/p001237/exp5/exp5,950,0.5,,False,stim,11,True
s3://braingeneersdev/asrobbin/braindance_data/24-04-18_butterfly/,p001237,exp6/exp6_1,s3://braingeneersdev/asrobbin/braindance_data/24-04-18_butterfly/p001237/exp6/exp6_1,0,0.0,,False,spontaneous,7,True
s3://braingeneersdev/asrobbin/braindance_data/24-04-18_butterfly/,p001237,exp6/exp6_cartpole_long_3,s3://braingeneersdev/asrobbin/braindance_data/24-04-18_butterfly/p001237/exp6/exp6_cartpole_long_3,686,2.0,2.538355588489164,True,stim,7,True
s3://braingeneersdev/asrobbin/braindance_data/24-04-18_butterfly/,p001237,exp6/exp6_cartpole_long,s3://braingeneersdev/asrobbin/braindance_data/24-04-18_butterfly/p001237/exp6/exp6_cartpole_long,318,2.0,2.1859339419802915,True,stim,7,True
s3://braingeneersdev/asrobbin/braindance_data/24-04-18_butterfly/,p001237,exp6/exp6_cartpole_long_2,s3://braingeneersdev/asrobbin/braindance_data/24-04-18_butterfly/p001237/exp6/exp6_cartpole_long_2,1027,2.0,2.400970743535367,True,stim,7,True
s3://braingeneersdev/asrobbin/braindance_data/24-04-18_butterfly/,p001237,exp6/exp6_causal,s3://braingeneersdev/asrobbin/braindance_data/24-04-18_butterfly/p001237/exp6/exp6_causal,950,2.0,2.0000213918030862,True,stim,7,True
s3://braingeneersdev/asrobbin/braindance_data/24-04-18_butterfly/,p001237,exp6/exp6,s3://braingeneersdev/asrobbin/braindance_data/24-04-18_butterfly/p001237/exp6/exp6,950,0.5,,False,stim,7,True
s3://braingeneersdev/asrobbin/braindance_data/24-04-18_butterfly/,p001237,exp6/exp6_cartpole_long_1,s3://braingeneersdev/asrobbin/braindance_data/24-04-18_butterfly/p001237/exp6/exp6_cartpole_long_1,616,2.0,2.442831187865574,True,stim,7,True
s3://braingeneersdev/asrobbin/braindance_data/24-04-18_butterfly/,p001237,exp7/exp7,s3://braingeneersdev/asrobbin/braindance_data/24-04-18_butterfly/p001237/exp7/exp7,0,0.0,,False,spontaneous,1,True
s3://braingeneersdev/asrobbin/braindance_data/24-04-18_butterfly/,p001237b,exp2,s3://braingeneersdev/asrobbin/braindance_data/24-04-18_butterfly/p001237b/exp2/,0,0.0,,False,spontaneous,0,False
s3://braingeneersdev/asrobbin/braindance_data/23-11-30_cartpole/,22064,data/test,s3://braingeneersdev/asrobbin/braindance_data/23-11-30_cartpole/22064/data/test,106,2.0,1.9761147727851691,True,stim,1,True
s3://braingeneersdev/asrobbin/braindance_data/23-11-30_cartpole/,22064,exp1/rec_cartpole_6,s3://braingeneersdev/asrobbin/braindance_data/23-11-30_cartpole/22064/exp1/rec_cartpole_6,0,0.0,,False,spontaneous,9,True
s3://braingeneersdev/asrobbin/braindance_data/23-11-30_cartpole/,22064,exp1/rec_cartpole_2,s3://braingeneersdev/asrobbin/braindance_data/23-11-30_cartpole/22064/exp1/rec_cartpole_2,0,0.0,,False,spontaneous,9,True
s3://braingeneersdev/asrobbin/braindance_data/23-11-30_cartpole/,22064,exp1/rec_cartpole_4,s3://braingeneersdev/asrobbin/braindance_data/23-11-30_cartpole/22064/exp1/rec_cartpole_4,0,0.0,,False,spontaneous,9,True
s3://braingeneersdev/asrobbin/braindance_data/23-11-30_cartpole/,22064,exp1/rec_cartpole_7,s3://braingeneersdev/asrobbin/braindance_data/23-11-30_cartpole/22064/exp1/rec_cartpole_7,450,2.0,1.9999964811915592,True,stim,9,True
s3://braingeneersdev/asrobbin/braindance_data/23-11-30_cartpole/,22064,exp1/rec_cartpole_3,s3://braingeneersdev/asrobbin/braindance_data/23-11-30_cartpole/22064/exp1/rec_cartpole_3,450,2.0,2.0000078256334533,True,stim,9,True
s3://braingeneersdev/asrobbin/braindance_data/23-11-30_cartpole/,22064,exp1/rec_cartpole_0,s3://braingeneersdev/asrobbin/braindance_data/23-11-30_cartpole/22064/exp1/rec_cartpole_0,897,4.0,3.256312512802088,True,stim,9,True
s3://braingeneersdev/asrobbin/braindance_data/23-11-30_cartpole/,22064,exp1/rec_cartpole,s3://braingeneersdev/asrobbin/braindance_data/23-11-30_cartpole/22064/exp1/rec_cartpole,865,4.0,3.1154762823095954,True,stim,9,True
s3://braingeneersdev/asrobbin/braindance_data/23-11-30_cartpole/,22064,exp1/rec_cartpole_5,s3://braingeneersdev/asrobbin/braindance_data/23-11-30_cartpole/22064/exp1/rec_cartpole_5,0,0.0,,False,spontaneous,9,True
s3://braingeneersdev/asrobbin/braindance_data/23-11-30_cartpole/,22064,exp1/rec_cartpole_1,s3://braingeneersdev/asrobbin/braindance_data/23-11-30_cartpole/22064/exp1/rec_cartpole_1,921,4.0,3.2336044255017966,True,stim,9,True
s3://braingeneersdev/asrobbin/braindance_data/23-11-30_cartpole/,22064,exp2/rec_causal,s3://braingeneersdev/asrobbin/braindance_data/23-11-30_cartpole/22064/exp2/rec_causal,500,2.0,1.9999949413114324,True,stim,12,True
s3://braingeneersdev/asrobbin/braindance_data/23-11-30_cartpole/,22064,exp2/rec_cartpole_6,s3://braingeneersdev/asrobbin/braindance_data/23-11-30_cartpole/22064/exp2/rec_cartpole_6,980,4.0,3.25987386605079,True,stim,12,True
s3://braingeneersdev/asrobbin/braindance_data/23-11-30_cartpole/,22064,exp2/rec_cartpole_2,s3://braingeneersdev/asrobbin/braindance_data/23-11-30_cartpole/22064/exp2/rec_cartpole_2,979,4.0,3.154068153418921,True,stim,12,True
s3://braingeneersdev/asrobbin/braindance_data/23-11-30_cartpole/,22064,exp2/rec_cartpole_4,s3://braingeneersdev/asrobbin/braindance_data/23-11-30_cartpole/22064/exp2/rec_cartpole_4,350,2.0,2.0000262756459253,True,stim,12,True
s3://braingeneersdev/asrobbin/braindance_data/23-11-30_cartpole/,22064,exp2/rec_cartpole_7,s3://braingeneersdev/asrobbin/braindance_data/23-11-30_cartpole/22064/exp2/rec_cartpole_7,1028,4.0,3.150939101513294,True,stim,12,True
s3://braingeneersdev/asrobbin/braindance_data/23-11-30_cartpole/,22064,exp2/rec_cartpole_8,s3://braingeneersdev/asrobbin/braindance_data/23-11-30_cartpole/22064/exp2/rec_cartpole_8,0,0.0,,False,spontaneous,12,True
s3://braingeneersdev/asrobbin/braindance_data/23-11-30_cartpole/,22064,exp2/rec_cartpole_9,s3://braingeneersdev/asrobbin/braindance_data/23-11-30_cartpole/22064/exp2/rec_cartpole_9,350,2.0,2.0000207182318186,True,stim,12,True
s3://braingeneersdev/asrobbin/braindance_data/23-11-30_cartpole/,22064,exp2/rec,s3://braingeneersdev/asrobbin/braindance_data/23-11-30_cartpole/22064/exp2/rec,500,0.5,,False,stim,12,True
s3://braingeneersdev/asrobbin/braindance_data/23-11-30_cartpole/,22064,exp2/rec_cartpole_3,s3://braingeneersdev/asrobbin/braindance_data/23-11-30_cartpole/22064/exp2/rec_cartpole_3,0,0.0,,False,spontaneous,12,True
s3://braingeneersdev/asrobbin/braindance_data/23-11-30_cartpole/,22064,exp2/rec_cartpole,s3://braingeneersdev/asrobbin/braindance_data/23-11-30_cartpole/22064/exp2/rec_cartpole,981,4.0,3.155602049645911,True,stim,12,True
s3://braingeneersdev/asrobbin/braindance_data/23-11-30_cartpole/,22064,exp2/rec_cartpole_5,s3://braingeneersdev/asrobbin/braindance_data/23-11-30_cartpole/22064/exp2/rec_cartpole_5,981,4.0,3.064964889225207,True,stim,12,True
s3://braingeneersdev/asrobbin/braindance_data/23-11-30_cartpole/,22064,exp2/rec_cartpole_1,s3://braingeneersdev/asrobbin/braindance_data/23-11-30_cartpole/22064/exp2/rec_cartpole_1,982,4.0,3.1968899628307983,True,stim,12,True
s3://braingeneersdev/asrobbin/braindance_data/23-11-30_cartpole/,22064,exp3/exp3_cartpole,s3://braingeneersdev/asrobbin/braindance_data/23-11-30_cartpole/22064/exp3/exp3_cartpole,1328,4.0,3.1815493643983213,True,stim,12,True
s3://braingeneersdev/asrobbin/braindance_data/23-11-30_cartpole/,22064,exp3/exp3_cartpole_8,s3://braingeneersdev/asrobbin/braindance_data/23-11-30_cartpole/22064/exp3/exp3_cartpole_8,0,0.0,,False,spontaneous,12,True
s3://braingeneersdev/asrobbin/braindance_data/23-11-30_cartpole/,22064,exp3/exp3_causal,s3://braingeneersdev/asrobbin/braindance_data/23-11-30_cartpole/22064/exp3/exp3_causal,500,2.0,1.999995043170596,True,stim,12,True
s3://braingeneersdev/asrobbin/braindance_data/23-11-30_cartpole/,22064,exp3/exp3_cartpole_9,s3://braingeneersdev/asrobbin/braindance_data/23-11-30_cartpole/22064/exp3/exp3_cartpole_9,350,2.0,2.0000340622075536,True,stim,12,True
s3://braingeneersdev/asrobbin/braindance_data/23-11-30_cartpole/,22064,exp3/exp3_cartpole_4,s3://braingeneersdev/asrobbin/braindance_data/23-11-30_cartpole/22064/exp3/exp3_cartpole_4,350,2.0,2.0000362115440784,True,stim,12,True
s3://braingeneersdev/asrobbin/braindance_data/23-11-30_cartpole/,22064,exp3/exp3_cartpole_2,s3://braingeneersdev/asrobbin/braindance_data/23-11-30_cartpole/22064/exp3/exp3_cartpole_2,2851,4.0,3.645457745669874,True,stim,12,True
s3://braingeneersdev/asrobbin/braindance_data/23-11-30_cartpole/,22064,exp3/exp3_cartpole_7,s3://braingeneersdev/asrobbin/braindance_data/23-11-30_cartpole/22064/exp3/exp3_cartpole_7,1282,4.0,3.266478486522538,True,stim,12,True
s3://braingeneersdev/asrobbin/braindance_data/23-11-30_cartpole/,22064,exp3/exp3_cartpole_5,s3://braingeneersdev/asrobbin/braindance_data/23-11-30_cartpole/22064/exp3/exp3_cartpole_5,1239,4.0,3.32220225072742,True,stim,12,True
s3://braingeneersdev/asrobbin/braindance_data/23-11-30_cartpole/,22064,exp3/exp3_cartpole_1,s3://braingeneersdev/asrobbin/braindance_data/23-11-30_cartpole/22064/exp3/exp3_cartpole_1,2798,4.0,3.73416983436958,True,stim,12,True
s3://braingeneersdev/asrobbin/braindance_data/23-11-30_cartpole/,22064,exp3/exp3_cartpole_6,s3://braingeneersdev/asrobbin/braindance_data/23-11-30_cartpole/22064/exp3/exp3_cartpole_6,1282,4.0,3.195567177606834,True,stim,12,True
s3://braingeneersdev/asrobbin/braindance_data/23-11-30_cartpole/,22064,exp3/exp3,s3://braingeneersdev/asrobbin/braindance_data/23-11-30_cartpole/22064/exp3/exp3,500,0.5,,False,stim,12,True
s3://braingeneersdev/asrobbin/braindance_data/23-11-30_cartpole/,22064,exp3/exp3_cartpole_3,s3://braingeneersdev/asrobbin/braindance_data/23-11-30_cartpole/22064/exp3/exp3_cartpole_3,0,0.0,,False,spontaneous,12,True
s3://braingeneersdev/asrobbin/braindance_data/23-11-30_cartpole/,22064,exp4/exp4_cartpole_7,s3://braingeneersdev/asrobbin/braindance_data/23-11-30_cartpole/22064/exp4/exp4_cartpole_7,1330,4.0,3.1902371058112395,True,stim,10,True
s3://braingeneersdev/asrobbin/braindance_data/23-11-30_cartpole/,22064,exp4/exp4_cartpole_8,s3://braingeneersdev/asrobbin/braindance_data/23-11-30_cartpole/22064/exp4/exp4_cartpole_8,0,0.0,,False,spontaneous,10,True
s3://braingeneersdev/asrobbin/braindance_data/23-11-30_cartpole/,22064,exp4/exp4_cartpole_9,s3://braingeneersdev/asrobbin/braindance_data/23-11-30_cartpole/22064/exp4/exp4_cartpole_9,350,2.0,2.0000207138646524,True,stim,10,True
s3://braingeneersdev/asrobbin/braindance_data/23-11-30_cartpole/,22064,exp4/exp4_cartpole_3,s3://braingeneersdev/asrobbin/braindance_data/23-11-30_cartpole/22064/exp4/exp4_cartpole_3,0,0.0,,False,spontaneous,10,True
s3://braingeneersdev/asrobbin/braindance_data/23-11-30_cartpole/,22064,exp4/exp4_cartpole_1,s3://braingeneersdev/asrobbin/braindance_data/23-11-30_cartpole/22064/exp4/exp4_cartpole_1,2519,4.0,3.575621299025843,True,stim,10,True
s3://braingeneersdev/asrobbin/braindance_data/23-11-30_cartpole/,22064,exp4/exp4_cartpole_5,s3://braingeneersdev/asrobbin/braindance_data/23-11-30_cartpole/22064/exp4/exp4_cartpole_5,1172,4.0,3.0599712833563752,True,stim,10,True
s3://braingeneersdev/asrobbin/braindance_data/23-11-30_cartpole/,22064,exp4/exp4_cartpole_4,s3://braingeneersdev/asrobbin/braindance_data/23-11-30_cartpole/22064/exp4/exp4_cartpole_4,350,2.0,2.000045914280277,True,stim,10,True
s3://braingeneersdev/asrobbin/braindance_data/23-11-30_cartpole/,22064,exp4/exp4_cartpole_2,s3://braingeneersdev/asrobbin/braindance_data/23-11-30_cartpole/22064/exp4/exp4_cartpole_2,2352,4.0,3.6156571895612872,True,stim,10,True
s3://braingeneersdev/asrobbin/braindance_data/23-11-30_cartpole/,22064,exp4/exp4_cartpole,s3://braingeneersdev/asrobbin/braindance_data/23-11-30_cartpole/22064/exp4/exp4_cartpole,1262,4.0,3.240911438897289,True,stim,10,True
s3://braingeneersdev/asrobbin/braindance_data/23-11-30_cartpole/,22064,exp4/exp4_cartpole_6,s3://braingeneersdev/asrobbin/braindance_data/23-11-30_cartpole/22064/exp4/exp4_cartpole_6,1241,4.0,3.2900282425419163,True,stim,10,True
s3://braingeneersdev/asrobbin/braindance_data/23-11-30_cartpole/,22064,exp5/exp5_cartpole,s3://braingeneersdev/asrobbin/braindance_data/23-11-30_cartpole/22064/exp5/exp5_cartpole,1856,4.0,3.250629041973908,True,stim,10,True
s3://braingeneersdev/asrobbin/braindance_data/23-11-30_cartpole/,22064,exp5/exp5_cartpole_4,s3://braingeneersdev/asrobbin/braindance_data/23-11-30_cartpole/22064/exp5/exp5_cartpole_4,350,2.0,1.999999234866094,True,stim,10,True
s3://braingeneersdev/asrobbin/braindance_data/23-11-30_cartpole/,22064,exp5/exp5_cartpole_3,s3://braingeneersdev/asrobbin/braindance_data/23-11-30_cartpole/22064/exp5/exp5_cartpole_3,0,0.0,,False,spontaneous,10,True
s3://braingeneersdev/asrobbin/braindance_data/23-11-30_cartpole/,22064,exp5/exp5_cartpole_1,s3://braingeneersdev/asrobbin/braindance_data/23-11-30_cartpole/22064/exp5/exp5_cartpole_1,2111,4.0,3.243552934260466,True,stim,10,True
s3://braingeneersdev/asrobbin/braindance_data/23-11-30_cartpole/,22064,exp5/exp5_cartpole_6,s3://braingeneersdev/asrobbin/braindance_data/23-11-30_cartpole/22064/exp5/exp5_cartpole_6,2081,4.0,3.402333771049249,True,stim,10,True
s3://braingeneersdev/asrobbin/braindance_data/23-11-30_cartpole/,22064,exp5/exp5_cartpole_7,s3://braingeneersdev/asrobbin/braindance_data/23-11-30_cartpole/22064/exp5/exp5_cartpole_7,1847,4.0,3.38256519481476,True,stim,10,True
s3://braingeneersdev/asrobbin/braindance_data/23-11-30_cartpole/,22064,exp5/exp5_cartpole_5,s3://braingeneersdev/asrobbin/braindance_data/23-11-30_cartpole/22064/exp5/exp5_cartpole_5,2138,4.0,3.245247903854565,True,stim,10,True
s3://braingeneersdev/asrobbin/braindance_data/23-11-30_cartpole/,22064,exp5/exp5_cartpole_9,s3://braingeneersdev/asrobbin/braindance_data/23-11-30_cartpole/22064/exp5/exp5_cartpole_9,350,2.0,2.000011477006125,True,stim,10,True
s3://braingeneersdev/asrobbin/braindance_data/23-11-30_cartpole/,22064,exp5/exp5_cartpole_8,s3://braingeneersdev/asrobbin/braindance_data/23-11-30_cartpole/22064/exp5/exp5_cartpole_8,0,0.0,,False,spontaneous,10,True
s3://braingeneersdev/asrobbin/braindance_data/23-11-30_cartpole/,22064,exp5/exp5_cartpole_2,s3://braingeneersdev/asrobbin/braindance_data/23-11-30_cartpole/22064/exp5/exp5_cartpole_2,2750,4.0,3.2991711488376323,True,stim,10,True
s3://braingeneersdev/asrobbin/braindance_data/23-11-30_cartpole/,22064,exp6/exp6_cartpole_5,s3://braingeneersdev/asrobbin/braindance_data/23-11-30_cartpole/22064/exp6/exp6_cartpole_5,2541,4.0,3.052803156083905,True,stim,10,True
s3://braingeneersdev/asrobbin/braindance_data/23-11-30_cartpole/,22064,exp6/exp6_cartpole_9,s3://braingeneersdev/asrobbin/braindance_data/23-11-30_cartpole/22064/exp6/exp6_cartpole_9,350,2.0,1.9999799643152605,True,stim,10,True
s3://braingeneersdev/asrobbin/braindance_data/23-11-30_cartpole/,22064,exp6/exp6_cartpole_7,s3://braingeneersdev/asrobbin/braindance_data/23-11-30_cartpole/22064/exp6/exp6_cartpole_7,2686,4.0,3.235735829107192,True,stim,10,True
s3://braingeneersdev/asrobbin/braindance_data/23-11-30_cartpole/,22064,exp6/exp6_cartpole_6,s3://braingeneersdev/asrobbin/braindance_data/23-11-30_cartpole/22064/exp6/exp6_cartpole_6,2650,4.0,3.2654927673155756,True,stim,10,True
s3://braingeneersdev/asrobbin/braindance_data/23-11-30_cartpole/,22064,exp6/exp6_cartpole_1,s3://braingeneersdev/asrobbin/braindance_data/23-11-30_cartpole/22064/exp6/exp6_cartpole_1,2809,4.0,3.2021465957759028,True,stim,10,True
s3://braingeneersdev/asrobbin/braindance_data/23-11-30_cartpole/,22064,exp6/exp6_cartpole_2,s3://braingeneersdev/asrobbin/braindance_data/23-11-30_cartpole/22064/exp6/exp6_cartpole_2,2678,4.0,3.258540058985611,True,stim,10,True
s3://braingeneersdev/asrobbin/braindance_data/23-11-30_cartpole/,22064,exp6/exp6_cartpole_4,s3://braingeneersdev/asrobbin/braindance_data/23-11-30_cartpole/22064/exp6/exp6_cartpole_4,350,2.0,2.0000397779605583,True,stim,10,True
s3://braingeneersdev/asrobbin/braindance_data/23-11-30_cartpole/,22064,exp6/exp6_cartpole_8,s3://braingeneersdev/asrobbin/braindance_data/23-11-30_cartpole/22064/exp6/exp6_cartpole_8,0,0.0,,False,spontaneous,10,True
s3://braingeneersdev/asrobbin/braindance_data/23-11-30_cartpole/,22064,exp6/exp6_cartpole_3,s3://braingeneersdev/asrobbin/braindance_data/23-11-30_cartpole/22064/exp6/exp6_cartpole_3,0,0.0,,False,spontaneous,10,True
s3://braingeneersdev/asrobbin/braindance_data/23-11-30_cartpole/,22064,exp6/exp6_cartpole,s3://braingeneersdev/asrobbin/braindance_data/23-11-30_cartpole/22064/exp6/exp6_cartpole,3455,4.0,3.139851028708875,True,stim,10,True
s3://braingeneersdev/asrobbin/braindance_data/23-11-30_cartpole/,22064,exp7/exp7_cartpole_7,s3://braingeneersdev/asrobbin/braindance_data/23-11-30_cartpole/22064/exp7/exp7_cartpole_7,4921,4.0,3.3850673731187184,True,stim,12,True
s3://braingeneersdev/asrobbin/braindance_data/23-11-30_cartpole/,22064,exp7/exp7_cartpole_5,s3://braingeneersdev/asrobbin/braindance_data/23-11-30_cartpole/22064/exp7/exp7_cartpole_5,4470,4.0,3.275269409539882,True,stim,12,True
s3://braingeneersdev/asrobbin/braindance_data/23-11-30_cartpole/,22064,exp7/exp7_causal,s3://braingeneersdev/asrobbin/braindance_data/23-11-30_cartpole/22064/exp7/exp7_causal,500,2.0,2.0000258305218175,True,stim,12,True
s3://braingeneersdev/asrobbin/braindance_data/23-11-30_cartpole/,22064,exp7/exp7_cartpole_8,s3://braingeneersdev/asrobbin/braindance_data/23-11-30_cartpole/22064/exp7/exp7_cartpole_8,0,0.0,,False,spontaneous,12,True
s3://braingeneersdev/asrobbin/braindance_data/23-11-30_cartpole/,22064,exp7/exp7_cartpole_6,s3://braingeneersdev/asrobbin/braindance_data/23-11-30_cartpole/22064/exp7/exp7_cartpole_6,4647,4.0,3.33005832854785,True,stim,12,True
s3://braingeneersdev/asrobbin/braindance_data/23-11-30_cartpole/,22064,exp7/exp7_cartpole_2,s3://braingeneersdev/asrobbin/braindance_data/23-11-30_cartpole/22064/exp7/exp7_cartpole_2,3711,4.0,3.1753651173679724,True,stim,12,True
s3://braingeneersdev/asrobbin/braindance_data/23-11-30_cartpole/,22064,exp7/exp7_cartpole_4,s3://braingeneersdev/asrobbin/braindance_data/23-11-30_cartpole/22064/exp7/exp7_cartpole_4,400,2.0,2.0000360136506767,True,stim,12,True
s3://braingeneersdev/asrobbin/braindance_data/23-11-30_cartpole/,22064,exp7/exp7_cartpole,s3://braingeneersdev/asrobbin/braindance_data/23-11-30_cartpole/22064/exp7/exp7_cartpole,3639,4.0,3.080514254417895,True,stim,12,True
s3://braingeneersdev/asrobbin/braindance_data/23-11-30_cartpole/,22064,exp7/exp7_cartpole_9,s3://braingeneersdev/asrobbin/braindance_data/23-11-30_cartpole/22064/exp7/exp7_cartpole_9,400,2.0,2.0000318550235527,True,stim,12,True
s3://braingeneersdev/asrobbin/braindance_data/23-11-30_cartpole/,22064,exp7/exp7_cartpole_1,s3://braingeneersdev/asrobbin/braindance_data/23-11-30_cartpole/22064/exp7/exp7_cartpole_1,3382,4.0,3.2111473410854763,True,stim,12,True
s3://braingeneersdev/asrobbin/braindance_data/23-11-30_cartpole/,22064,exp7/exp7,s3://braingeneersdev/asrobbin/braindance_data/23-11-30_cartpole/22064/exp7/exp7,500,0.5,,False,stim,12,True
s3://braingeneersdev/asrobbin/braindance_data/23-11-30_cartpole/,22064,exp7/exp7_cartpole_3,s3://braingeneersdev/asrobbin/braindance_data/23-11-30_cartpole/22064/exp7/exp7_cartpole_3,0,0.0,,False,spontaneous,12,True
s3://braingeneersdev/asrobbin/braindance_data/23-11-30_cartpole/,22064,exp_long_1/exp_long_1,s3://braingeneersdev/asrobbin/braindance_data/23-11-30_cartpole/22064/exp_long_1/exp_long_1,1200,0.5,,False,stim,16,True
s3://braingeneersdev/asrobbin/braindance_data/23-11-30_cartpole/,22064,exp_long_1/exp_long_1_cartpole_long_4,s3://braingeneersdev/asrobbin/braindance_data/23-11-30_cartpole/22064/exp_long_1/exp_long_1_cartpole_long_4,1978,4.0,3.16330114023284,True,stim,16,True
s3://braingeneersdev/asrobbin/braindance_data/23-11-30_cartpole/,22064,exp_long_1/exp_long_1_cartpole_long_13,s3://braingeneersdev/asrobbin/braindance_data/23-11-30_cartpole/22064/exp_long_1/exp_long_1_cartpole_long_13,2131,4.0,3.170288851602729,True,stim,16,True
s3://braingeneersdev/asrobbin/braindance_data/23-11-30_cartpole/,22064,exp_long_1/exp_long_1_cartpole_long_1,s3://braingeneersdev/asrobbin/braindance_data/23-11-30_cartpole/22064/exp_long_1/exp_long_1_cartpole_long_1,2047,4.0,3.1820206817018617,True,stim,16,True
s3://braingeneersdev/asrobbin/braindance_data/23-11-30_cartpole/,22064,exp_long_1/exp_long_1_cartpole_long_3,s3://braingeneersdev/asrobbin/braindance_data/23-11-30_cartpole/22064/exp_long_1/exp_long_1_cartpole_long_3,1909,2.0,2.985050558619458,True,stim,16,True
s3://braingeneersdev/asrobbin/braindance_data/23-11-30_cartpole/,22064,exp_long_1/exp_long_1_causal,s3://braingeneersdev/asrobbin/braindance_data/23-11-30_cartpole/22064/exp_long_1/exp_long_1_causal,1200,2.0,1.9999980560252488,True,stim,16,True
s3://braingeneersdev/asrobbin/braindance_data/23-11-30_cartpole/,22064,exp_long_1/exp_long_1_cartpole_long_2,s3://braingeneersdev/asrobbin/braindance_data/23-11-30_cartpole/22064/exp_long_1/exp_long_1_cartpole_long_2,1988,4.0,3.002336704922686,True,stim,16,True
s3://braingeneersdev/asrobbin/braindance_data/23-11-30_cartpole/,22064,exp_long_1/exp_long_1_cartpole_long_8,s3://braingeneersdev/asrobbin/braindance_data/23-11-30_cartpole/22064/exp_long_1/exp_long_1_cartpole_long_8,1861,2.0,2.9447907253898244,True,stim,16,True
s3://braingeneersdev/asrobbin/braindance_data/23-11-30_cartpole/,22064,exp_long_1/exp_long_1_causal_1,s3://braingeneersdev/asrobbin/braindance_data/23-11-30_cartpole/22064/exp_long_1/exp_long_1_causal_1,400,2.0,2.0000270565367484,True,stim,16,True
s3://braingeneersdev/asrobbin/braindance_data/23-11-30_cartpole/,22064,exp_long_1/exp_long_1_cartpole_long_5,s3://braingeneersdev/asrobbin/braindance_data/23-11-30_cartpole/22064/exp_long_1/exp_long_1_cartpole_long_5,1917,2.0,2.9861854507877017,True,stim,16,True
s3://braingeneersdev/asrobbin/braindance_data/23-11-30_cartpole/,22064,exp_long_1/exp_long_1_cartpole_long_14,s3://braingeneersdev/asrobbin/braindance_data/23-11-30_cartpole/22064/exp_long_1/exp_long_1_cartpole_long_14,314,4.0,3.1546058161520403,True,stim,16,True
s3://braingeneersdev/asrobbin/braindance_data/23-11-30_cartpole/,22064,exp_long_1/exp_long_1_cartpole_long_6,s3://braingeneersdev/asrobbin/braindance_data/23-11-30_cartpole/22064/exp_long_1/exp_long_1_cartpole_long_6,2380,4.0,3.1231917195060346,True,stim,16,True
s3://braingeneersdev/asrobbin/braindance_data/23-11-30_cartpole/,22064,exp_long_1/exp_long_1_cartpole_long_7,s3://braingeneersdev/asrobbin/braindance_data/23-11-30_cartpole/22064/exp_long_1/exp_long_1_cartpole_long_7,2288,4.0,3.2437177613403496,True,stim,16,True
s3://braingeneersdev/asrobbin/braindance_data/23-11-30_cartpole/,22064,exp_long_1/exp_long_1_cartpole_long_10,s3://braingeneersdev/asrobbin/braindance_data/23-11-30_cartpole/22064/exp_long_1/exp_long_1_cartpole_long_10,2043,4.0,3.1343131828610757,True,stim,16,True
s3://braingeneersdev/asrobbin/braindance_data/23-11-30_cartpole/,22064,exp_long_1/exp_long_1_cartpole_long_11,s3://braingeneersdev/asrobbin/braindance_data/23-11-30_cartpole/22064/exp_long_1/exp_long_1_cartpole_long_11,2191,4.0,3.078916564817631,True,stim,16,True
s3://braingeneersdev/asrobbin/braindance_data/23-11-30_cartpole/,22064,exp_long_1/exp_long_1_cartpole_long_9,s3://braingeneersdev/asrobbin/braindance_data/23-11-30_cartpole/22064/exp_long_1/exp_long_1_cartpole_long_9,2039,4.0,3.1150032828835323,True,stim,16,True
s3://braingeneersdev/asrobbin/braindance_data/23-11-30_cartpole/,22064,long_exp_2/long_exp_2,s3://braingeneersdev/asrobbin/braindance_data/23-11-30_cartpole/22064/long_exp_2/long_exp_2,600,0.5,,False,stim,15,True
s3://braingeneersdev/asrobbin/braindance_data/23-11-30_cartpole/,22064,long_exp_2/long_exp_2_cartpole_long_11,s3://braingeneersdev/asrobbin/braindance_data/23-11-30_cartpole/22064/long_exp_2/long_exp_2_cartpole_long_11,2761,4.0,3.2449922980040093,True,stim,15,True
s3://braingeneersdev/asrobbin/braindance_data/23-11-30_cartpole/,22064,long_exp_2/long_exp_2_cartpole_long_7,s3://braingeneersdev/asrobbin/braindance_data/23-11-30_cartpole/22064/long_exp_2/long_exp_2_cartpole_long_7,2944,4.0,3.273089533435691,True,stim,15,True
s3://braingeneersdev/asrobbin/braindance_data/23-11-30_cartpole/,22064,long_exp_2/long_exp_2_cartpole_long_6,s3://braingeneersdev/asrobbin/braindance_data/23-11-30_cartpole/22064/long_exp_2/long_exp_2_cartpole_long_6,2824,4.0,3.16689860154537,True,stim,15,True
s3://braingeneersdev/asrobbin/braindance_data/23-11-30_cartpole/,22064,long_exp_2/long_exp_2_cartpole_long_1,s3://braingeneersdev/asrobbin/braindance_data/23-11-30_cartpole/22064/long_exp_2/long_exp_2_cartpole_long_1,2673,4.0,3.2939868014203166,True,stim,15,True
s3://braingeneersdev/asrobbin/braindance_data/23-11-30_cartpole/,22064,long_exp_2/long_exp_2_cartpole_long_3,s3://braingeneersdev/asrobbin/braindance_data/23-11-30_cartpole/22064/long_exp_2/long_exp_2_cartpole_long_3,2418,4.0,3.1715557955510723,True,stim,15,True
s3://braingeneersdev/asrobbin/braindance_data/23-11-30_cartpole/,22064,long_exp_2/long_exp_2_cartpole_long_10,s3://braingeneersdev/asrobbin/braindance_data/23-11-30_cartpole/22064/long_exp_2/long_exp_2_cartpole_long_10,2888,4.0,3.210664774715924,True,stim,15,True
s3://braingeneersdev/asrobbin/braindance_data/23-11-30_cartpole/,22064,long_exp_2/long_exp_2_cartpole_long_5,s3://braingeneersdev/asrobbin/braindance_data/23-11-30_cartpole/22064/long_exp_2/long_exp_2_cartpole_long_5,2476,4.0,3.205042916549818,True,stim,15,True
s3://braingeneersdev/asrobbin/braindance_data/23-11-30_cartpole/,22064,long_exp_2/long_exp_2_cartpole_long_2,s3://braingeneersdev/asrobbin/braindance_data/23-11-30_cartpole/22064/long_exp_2/long_exp_2_cartpole_long_2,992,4.0,3.1452821005936205,True,stim,15,True
s3://braingeneersdev/asrobbin/braindance_data/23-11-30_cartpole/,22064,long_exp_2/long_exp_2_cartpole_long_8,s3://braingeneersdev/asrobbin/braindance_data/23-11-30_cartpole/22064/long_exp_2/long_exp_2_cartpole_long_8,2523,4.0,3.2250886575087594,True,stim,15,True
s3://braingeneersdev/asrobbin/braindance_data/23-11-30_cartpole/,22064,long_exp_2/long_exp_2_cartpole_long_4,s3://braingeneersdev/asrobbin/braindance_data/23-11-30_cartpole/22064/long_exp_2/long_exp_2_cartpole_long_4,2957,4.0,3.289453451774847,True,stim,15,True
s3://braingeneersdev/asrobbin/braindance_data/23-11-30_cartpole/,22064,long_exp_2/long_exp_2_causal,s3://braingeneersdev/asrobbin/braindance_data/23-11-30_cartpole/22064/long_exp_2/long_exp_2_causal,600,2.0,1.9999961075005632,True,stim,15,True
s3://braingeneersdev/asrobbin/braindance_data/23-11-30_cartpole/,22064,long_exp_2/long_exp_2_cartpole_long_9,s3://braingeneersdev/asrobbin/braindance_data/23-11-30_cartpole/22064/long_exp_2/long_exp_2_cartpole_long_9,2909,4.0,3.237506588928267,True,stim,15,True
s3://braingeneersdev/asrobbin/braindance_data/23-11-30_cartpole/,22064,long_exp_2/long_exp_2_cartpole_long_14,s3://braingeneersdev/asrobbin/braindance_data/23-11-30_cartpole/22064/long_exp_2/long_exp_2_cartpole_long_14,2823,4.0,3.238425372556701,True,stim,15,True
s3://braingeneersdev/asrobbin/braindance_data/23-11-30_cartpole/,22064,long_exp_2/long_exp_2_cartpole_long,s3://braingeneersdev/asrobbin/braindance_data/23-11-30_cartpole/22064/long_exp_2/long_exp_2_cartpole_long,1989,4.0,3.0418159198509205,True,stim,15,True
s3://braingeneersdev/asrobbin/braindance_data/23-11-30_cartpole/,22064,long_exp_3/long_exp_3,s3://braingeneersdev/asrobbin/braindance_data/23-11-30_cartpole/22064/long_exp_3/long_exp_3,550,0.5,,False,stim,21,True
s3://braingeneersdev/asrobbin/braindance_data/23-11-30_cartpole/,22064,long_exp_3/long_exp_3_cartpole_long_1,s3://braingeneersdev/asrobbin/braindance_data/23-11-30_cartpole/22064/long_exp_3/long_exp_3_cartpole_long_1,2975,4.0,3.30868825580275,True,stim,21,True
s3://braingeneersdev/asrobbin/braindance_data/23-11-30_cartpole/,22064,long_exp_3/long_exp_3_causal,s3://braingeneersdev/asrobbin/braindance_data/23-11-30_cartpole/22064/long_exp_3/long_exp_3_causal,550,2.0,2.000008398607248,True,stim,21,True
s3://braingeneersdev/asrobbin/braindance_data/23-11-30_cartpole/,22064,long_exp_3/long_exp_3_cartpole_long_3,s3://braingeneersdev/asrobbin/braindance_data/23-11-30_cartpole/22064/long_exp_3/long_exp_3_cartpole_long_3,2146,2.0,2.3856813417767104,True,stim,21,True
s3://braingeneersdev/asrobbin/braindance_data/23-11-30_cartpole/,22064,long_exp_3/long_exp_3_cartpole_long_17,s3://braingeneersdev/asrobbin/braindance_data/23-11-30_cartpole/22064/long_exp_3/long_exp_3_cartpole_long_17,2395,2.0,2.6671108414595306,True,stim,21,True
s3://braingeneersdev/asrobbin/braindance_data/23-11-30_cartpole/,22064,long_exp_3/long_exp_3_cartpole_long_10,s3://braingeneersdev/asrobbin/braindance_data/23-11-30_cartpole/22064/long_exp_3/long_exp_3_cartpole_long_10,2725,4.0,3.0295759087969207,True,stim,21,True
s3://braingeneersdev/asrobbin/braindance_data/23-11-30_cartpole/,22064,long_exp_3/long_exp_3_cartpole_long_11,s3://braingeneersdev/asrobbin/braindance_data/23-11-30_cartpole/22064/long_exp_3/long_exp_3_cartpole_long_11,2444,2.0,2.7236948386835143,True,stim,21,True
s3://braingeneersdev/asrobbin/braindance_data/23-11-30_cartpole/,22064,long_exp_3/long_exp_3_cartpole_long_13,s3://braingeneersdev/asrobbin/braindance_data/23-11-30_cartpole/22064/long_exp_3/long_exp_3_cartpole_long_13,2513,2.0,2.7957531955503585,True,stim,21,True
s3://braingeneersdev/asrobbin/braindance_data/23-11-30_cartpole/,22064,long_exp_3/long_exp_3_cartpole_long_14,s3://braingeneersdev/asrobbin/braindance_data/23-11-30_cartpole/22064/long_exp_3/long_exp_3_cartpole_long_14,2376,2.0,2.642110229398983,True,stim,21,True
s3://braingeneersdev/asrobbin/braindance_data/23-11-30_cartpole/,22064,long_exp_3/long_exp_3_cartpole_long_9,s3://braingeneersdev/asrobbin/braindance_data/23-11-30_cartpole/22064/long_exp_3/long_exp_3_cartpole_long_9,2415,2.0,2.6862950937388597,True,stim,21,True
s3://braingeneersdev/asrobbin/braindance_data/23-11-30_cartpole/,22064,long_exp_3/long_exp_3_cartpole_long_21,s3://braingeneersdev/asrobbin/braindance_data/23-11-30_cartpole/22064/long_exp_3/long_exp_3_cartpole_long_21,2129,2.0,2.373334190533011,True,stim,21,True
s3://braingeneersdev/asrobbin/braindance_data/23-11-30_cartpole/,22064,long_exp_3/long_exp_3_cartpole_long_16,s3://braingeneersdev/asrobbin/braindance_data/23-11-30_cartpole/22064/long_exp_3/long_exp_3_cartpole_long_16,2469,2.0,2.7508558117871367,True,stim,21,True
s3://braingeneersdev/asrobbin/braindance_data/23-11-30_cartpole/,22064,long_exp_3/long_exp_3_cartpole_long_12,s3://braingeneersdev/asrobbin/braindance_data/23-11-30_cartpole/22064/long_exp_3/long_exp_3_cartpole_long_12,2392,2.0,2.6592134410880623,True,stim,21,True
s3://braingeneersdev/asrobbin/braindance_data/23-11-30_cartpole/,22064,long_exp_3/long_exp_3_cartpole_long_5,s3://braingeneersdev/asrobbin/braindance_data/23-11-30_cartpole/22064/long_exp_3/long_exp_3_cartpole_long_5,2470,2.0,2.7467180011460797,True,stim,21,True
s3://braingeneersdev/asrobbin/braindance_data/23-11-30_cartpole/,22064,long_exp_3/long_exp_3_cartpole_long_20,s3://braingeneersdev/asrobbin/braindance_data/23-11-30_cartpole/22064/long_exp_3/long_exp_3_cartpole_long_20,2545,2.0,2.840193996213745,True,stim,21,True
s3://braingeneersdev/asrobbin/braindance_data/23-11-30_cartpole/,22064,long_exp_3/long_exp_3_cartpole_long_7,s3://braingeneersdev/asrobbin/braindance_data/23-11-30_cartpole/22064/long_exp_3/long_exp_3_cartpole_long_7,2821,4.0,3.136270861068865,True,stim,21,True
s3://braingeneersdev/asrobbin/braindance_data/23-11-30_cartpole/,22064,long_exp_3/long_exp_3_cartpole_long,s3://braingeneersdev/asrobbin/braindance_data/23-11-30_cartpole/22064/long_exp_3/long_exp_3_cartpole_long,2392,2.0,2.667378112214064,True,stim,21,True
s3://braingeneersdev/asrobbin/braindance_data/23-11-30_cartpole/,22064,long_exp_3/long_exp_3_cartpole_long_4,s3://braingeneersdev/asrobbin/braindance_data/23-11-30_cartpole/22064/long_exp_3/long_exp_3_cartpole_long_4,2598,2.0,2.890259910078833,True,stim,21,True
s3://braingeneersdev/asrobbin/braindance_data/23-11-30_cartpole/,22064,long_exp_3/long_exp_3_cartpole_long_2,s3://braingeneersdev/asrobbin/braindance_data/23-11-30_cartpole/22064/long_exp_3/long_exp_3_cartpole_long_2,2426,2.0,2.697687153606574,True,stim,21,True
s3://braingeneersdev/asrobbin/braindance_data/23-11-30_cartpole/,22064,long_exp_3/long_exp_3_cartpole_long_8,s3://braingeneersdev/asrobbin/braindance_data/23-11-30_cartpole/22064/long_exp_3/long_exp_3_cartpole_long_8,2495,2.0,2.774098911073655,True,stim,21,True
s3://braingeneersdev/asrobbin/braindance_data/23-11-30_cartpole/,22064,long_exp_3/long_exp_3_cartpole_long_18,s3://braingeneersdev/asrobbin/braindance_data/23-11-30_cartpole/22064/long_exp_3/long_exp_3_cartpole_long_18,2412,2.0,2.682468797959334,True,stim,21,True
s3://braingeneersdev/asrobbin/braindance_data/23-11-30_cartpole/,22064,test/test_causal_3,s3://braingeneersdev/asrobbin/braindance_data/23-11-30_cartpole/22064/test/test_causal_3,10,2.0,1.9982502455105555,True,stim,10,True
s3://braingeneersdev/asrobbin/braindance_data/23-11-30_cartpole/,22064,test/test_causal_7,s3://braingeneersdev/asrobbin/braindance_data/23-11-30_cartpole/22064/test/test_causal_7,10,2.0,1.9985361153582648,True,stim,10,True
s3://braingeneersdev/asrobbin/braindance_data/23-11-30_cartpole/,22064,test/test_causal_9,s3://braingeneersdev/asrobbin/braindance_data/23-11-30_cartpole/22064/test/test_causal_9,10,2.0,1.999545280697928,True,stim,10,True
s3://braingeneersdev/asrobbin/braindance_data/23-11-30_cartpole/,22064,test/test_causal_2,s3://braingeneersdev/asrobbin/braindance_data/23-11-30_cartpole/22064/test/test_causal_2,10,2.0,1.999435252406635,True,stim,10,True
s3://braingeneersdev/asrobbin/braindance_data/23-11-30_cartpole/,22064,test/test_causal_8,s3://braingeneersdev/asrobbin/braindance_data/23-11-30_cartpole/22064/test/test_causal_8,10,2.0,2.0000176726228944,True,stim,10,True
s3://braingeneersdev/asrobbin/braindance_data/23-11-30_cartpole/,22064,test/test_causal,s3://braingeneersdev/asrobbin/braindance_data/23-11-30_cartpole/22064/test/test_causal,10,2.0,2.00035659200995,True,stim,10,True
s3://braingeneersdev/asrobbin/braindance_data/23-11-30_cartpole/,22064,test/test_causal_4,s3://braingeneersdev/asrobbin/braindance_data/23-11-30_cartpole/22064/test/test_causal_4,10,2.0,1.9986562940467876,True,stim,10,True
s3://braingeneersdev/asrobbin/braindance_data/23-11-30_cartpole/,22064,test/test_causal_1,s3://braingeneersdev/asrobbin/braindance_data/23-11-30_cartpole/22064/test/test_causal_1,10,2.0,1.9998318492569576,True,stim,10,True
s3://braingeneersdev/asrobbin/braindance_data/23-11-30_cartpole/,22064,test/test_causal_6,s3://braingeneersdev/asrobbin/braindance_data/23-11-30_cartpole/22064/test/test_causal_6,10,2.0,1.999423854504205,True,stim,10,True
s3://braingeneersdev/asrobbin/braindance_data/23-11-30_cartpole/,22064,test/test_causal_5,s3://braingeneersdev/asrobbin/braindance_data/23-11-30_cartpole/22064/test/test_causal_5,10,2.0,1.9998929830516587,True,stim,10,True
s3://braingeneersdev/asrobbin/braindance_data/23-11-30_cartpole/,P001515,exp1/exp1,s3://braingeneersdev/asrobbin/braindance_data/23-11-30_cartpole/P001515/exp1/exp1,450,0.5,,False,stim,15,True
s3://braingeneersdev/asrobbin/braindance_data/23-11-30_cartpole/,P001515,exp1/exp1_cartpole_long_9,s3://braingeneersdev/asrobbin/braindance_data/23-11-30_cartpole/P001515/exp1/exp1_cartpole_long_9,2098,2.0,2.334168914337474,True,stim,15,True
s3://braingeneersdev/asrobbin/braindance_data/23-11-30_cartpole/,P001515,exp1/exp1_cartpole_long_5,s3://braingeneersdev/asrobbin/braindance_data/23-11-30_cartpole/P001515/exp1/exp1_cartpole_long_5,1903,2.0,2.117095995591614,True,stim,15,True
s3://braingeneersdev/asrobbin/braindance_data/23-11-30_cartpole/,P001515,exp1/exp1_cartpole_long_14,s3://braingeneersdev/asrobbin/braindance_data/23-11-30_cartpole/P001515/exp1/exp1_cartpole_long_14,2069,2.0,2.3019117157175604,True,stim,15,True
s3://braingeneersdev/asrobbin/braindance_data/23-11-30_cartpole/,P001515,exp1/exp1_causal,s3://braingeneersdev/asrobbin/braindance_data/23-11-30_cartpole/P001515/exp1/exp1_causal,450,2.0,2.000000407162282,True,stim,15,True
s3://braingeneersdev/asrobbin/braindance_data/23-11-30_cartpole/,P001515,exp1/exp1_cartpole_long,s3://braingeneersdev/asrobbin/braindance_data/23-11-30_cartpole/P001515/exp1/exp1_cartpole_long,2247,2.0,2.5052368435984236,True,stim,15,True
s3://braingeneersdev/asrobbin/braindance_data/23-11-30_cartpole/,P001515,exp1/exp1_cartpole_long_12,s3://braingeneersdev/asrobbin/braindance_data/23-11-30_cartpole/P001515/exp1/exp1_cartpole_long_12,1947,2.0,2.1656627336535217,True,stim,15,True
s3://braingeneersdev/asrobbin/braindance_data/23-11-30_cartpole/,P001515,exp1/exp1_cartpole_long_11,s3://braingeneersdev/asrobbin/braindance_data/23-11-30_cartpole/P001515/exp1/exp1_cartpole_long_11,2021,2.0,2.34990820321592,True,stim,15,True
s3://braingeneersdev/asrobbin/braindance_data/23-11-30_cartpole/,P001515,exp1/exp1_cartpole_long_15,s3://braingeneersdev/asrobbin/braindance_data/23-11-30_cartpole/P001515/exp1/exp1_cartpole_long_15,547,2.0,2.4024818595306514,True,stim,15,True
s3://braingeneersdev/asrobbin/braindance_data/23-11-30_cartpole/,P001515,exp1/exp1_cartpole_long_13,s3://braingeneersdev/asrobbin/braindance_data/23-11-30_cartpole/P001515/exp1/exp1_cartpole_long_13,2440,2.0,2.7133998603942135,True,stim,15,True
s3://braingeneersdev/asrobbin/braindance_data/23-11-30_cartpole/,P001515,exp1/exp1_cartpole_long_6,s3://braingeneersdev/asrobbin/braindance_data/23-11-30_cartpole/P001515/exp1/exp1_cartpole_long_6,2037,2.0,2.2695160996981545,True,stim,15,True
s3://braingeneersdev/asrobbin/braindance_data/23-11-30_cartpole/,P001515,exp1/exp1_cartpole_long_2,s3://braingeneersdev/asrobbin/braindance_data/23-11-30_cartpole/P001515/exp1/exp1_cartpole_long_2,2375,2.0,2.640955087988181,True,stim,15,True
s3://braingeneersdev/asrobbin/braindance_data/23-11-30_cartpole/,P001515,exp1/exp1_cartpole_long_4,s3://braingeneersdev/asrobbin/braindance_data/23-11-30_cartpole/P001515/exp1/exp1_cartpole_long_4,2353,2.0,2.6294253682082593,True,stim,15,True
s3://braingeneersdev/asrobbin/braindance_data/23-11-30_cartpole/,P001515,exp1/exp1_cartpole_long_7,s3://braingeneersdev/asrobbin/braindance_data/23-11-30_cartpole/P001515/exp1/exp1_cartpole_long_7,2897,4.0,3.2218075318416024,True,stim,15,True
s3://braingeneersdev/asrobbin/braindance_data/23-11-30_cartpole/,P001515,exp1/exp1_cartpole_long_3,s3://braingeneersdev/asrobbin/braindance_data/23-11-30_cartpole/P001515/exp1/exp1_cartpole_long_3,2265,2.0,2.519320809048382,True,stim,15,True
s3://braingeneersdev/asrobbin/braindance_data/23-11-30_cartpole/,P01354,exp1/rec_causal,s3://braingeneersdev/asrobbin/braindance_data/23-11-30_cartpole/P01354/exp1/rec_causal,450,2.0,2.0000003938263378,True,stim,2,True
s3://braingeneersdev/asrobbin/braindance_data/23-11-30_cartpole/,P01354,exp1/rec,s3://braingeneersdev/asrobbin/braindance_data/23-11-30_cartpole/P01354/exp1/rec,450,0.5,,False,stim,2,True
s3://braingeneersdev/asrobbin/braindance_data/23-11-30_cartpole/,P01354,exp2/rec,s3://braingeneersdev/asrobbin/braindance_data/23-11-30_cartpole/P01354/exp2/rec,0,0.0,,False,spontaneous,1,True
s3://braingeneersdev/asrobbin/braindance_data/23-11-22_cartpole/,c22064,r1-e1/e1,s3://braingeneersdev/asrobbin/braindance_data/23-11-22_cartpole/c22064/r1-e1/e1,0,0.0,,False,spontaneous,2,True
s3://braingeneersdev/asrobbin/braindance_data/23-11-22_cartpole/,c22064,r1-e1/e1_0,s3://braingeneersdev/asrobbin/braindance_data/23-11-22_cartpole/c22064/r1-e1/e1_0,0,0.0,,False,spontaneous,2,True
s3://braingeneersdev/asrobbin/braindance_data/24-03-25_plasticity/,20247,Bl1/Bl1,s3://braingeneersdev/asrobbin/braindance_data/24-03-25_plasticity/20247/Bl1/Bl1,0,0.0,,False,spontaneous,1,True
s3://braingeneersdev/asrobbin/braindance_data/24-03-25_plasticity/,p001237,RL2/RL2,s3://braingeneersdev/asrobbin/braindance_data/24-03-25_plasticity/p001237/RL2/RL2,1200,0.5,,False,stim,3,True
s3://braingeneersdev/asrobbin/braindance_data/24-03-25_plasticity/,p001237,RL2/RL2_causal,s3://braingeneersdev/asrobbin/braindance_data/24-03-25_plasticity/p001237/RL2/RL2_causal,1200,2.0,2.0000187615971705,True,stim,3,True
s3://braingeneersdev/asrobbin/braindance_data/24-03-25_plasticity/,p001237,RL2/RL2_cartpole_long,s3://braingeneersdev/asrobbin/braindance_data/24-03-25_plasticity/p001237/RL2/RL2_cartpole_long,2389,2.0,2.666510417493721,True,stim,3,True
s3://braingeneersdev/asrobbin/braindance_data/24-03-25_plasticity/,p001237,RL_k252a/RL_k252a_cartpole_long_17,s3://braingeneersdev/asrobbin/braindance_data/24-03-25_plasticity/p001237/RL_k252a/RL_k252a_cartpole_long_17,2205,2.0,2.4611890761064377,True,stim,16,True
s3://braingeneersdev/asrobbin/braindance_data/24-03-25_plasticity/,p001237,RL_k252a/RL_k252a_cartpole_long_5,s3://braingeneersdev/asrobbin/braindance_data/24-03-25_plasticity/p001237/RL_k252a/RL_k252a_cartpole_long_5,2312,2.0,2.573108644895486,True,stim,16,True
s3://braingeneersdev/asrobbin/braindance_data/24-03-25_plasticity/,p001237,RL_k252a/RL_k252a_cartpole_long_7,s3://braingeneersdev/asrobbin/braindance_data/24-03-25_plasticity/p001237/RL_k252a/RL_k252a_cartpole_long_7,2172,2.0,2.416275177351711,True,stim,16,True
s3://braingeneersdev/asrobbin/braindance_data/24-03-25_plasticity/,p001237,RL_k252a/RL_k252a_cartpole_long_9,s3://braingeneersdev/asrobbin/braindance_data/24-03-25_plasticity/p001237/RL_k252a/RL_k252a_cartpole_long_9,2267,2.0,2.5308362937625617,True,stim,16,True
s3://braingeneersdev/asrobbin/braindance_data/24-03-25_plasticity/,p001237,RL_k252a/RL_k252a_cartpole_long_16,s3://braingeneersdev/asrobbin/braindance_data/24-03-25_plasticity/p001237/RL_k252a/RL_k252a_cartpole_long_16,2231,2.0,2.4839615716875025,True,stim,16,True
s3://braingeneersdev/asrobbin/braindance_data/24-03-25_plasticity/,p001237,RL_k252a/RL_k252a_cartpole_long_2,s3://braingeneersdev/asrobbin/braindance_data/24-03-25_plasticity/p001237/RL_k252a/RL_k252a_cartpole_long_2,2615,2.0,2.908629133881858,True,stim,16,True
s3://braingeneersdev/asrobbin/braindance_data/24-03-25_plasticity/,p001237,RL_k252a/RL_k252a_cartpole_long_8,s3://braingeneersdev/asrobbin/braindance_data/24-03-25_plasticity/p001237/RL_k252a/RL_k252a_cartpole_long_8,2386,2.0,2.6543025647390355,True,stim,16,True
s3://braingeneersdev/asrobbin/braindance_data/24-03-25_plasticity/,p001237,RL_k252a/RL_k252a_cartpole_long,s3://braingeneersdev/asrobbin/braindance_data/24-03-25_plasticity/p001237/RL_k252a/RL_k252a_cartpole_long,245,2.0,2.380860096457657,True,stim,16,True
s3://braingeneersdev/asrobbin/braindance_data/24-03-25_plasticity/,p001237,RL_k252a/RL_k252a_causal,s3://braingeneersdev/asrobbin/braindance_data/24-03-25_plasticity/p001237/RL_k252a/RL_k252a_causal,600,2.0,2.0000198811390733,True,stim,16,True
s3://braingeneersdev/asrobbin/braindance_data/24-03-25_plasticity/,p001237,RL_k252a/RL_k252a_cartpole_long_13,s3://braingeneersdev/asrobbin/braindance_data/24-03-25_plasticity/p001237/RL_k252a/RL_k252a_cartpole_long_13,2273,2.0,2.531060861594,True,stim,16,True
s3://braingeneersdev/asrobbin/braindance_data/24-03-25_plasticity/,p001237,RL_k252a/RL_k252a_cartpole_long_15,s3://braingeneersdev/asrobbin/braindance_data/24-03-25_plasticity/p001237/RL_k252a/RL_k252a_cartpole_long_15,2341,2.0,2.615033110002524,True,stim,16,True
s3://braingeneersdev/asrobbin/braindance_data/24-03-25_plasticity/,p001237,RL_k252a/RL_k252a_cartpole_long_18,s3://braingeneersdev/asrobbin/braindance_data/24-03-25_plasticity/p001237/RL_k252a/RL_k252a_cartpole_long_18,2234,2.0,2.4880036750787964,True,stim,16,True
s3://braingeneersdev/asrobbin/braindance_data/24-03-25_plasticity/,p001237,RL_k252a/RL_k252a_1,s3://braingeneersdev/asrobbin/braindance_data/24-03-25_plasticity/p001237/RL_k252a/RL_k252a_1,0,0.0,,False,spontaneous,16,True
s3://braingeneersdev/asrobbin/braindance_data/24-03-25_plasticity/,p001237,RL_k252a/RL_k252a_cartpole_long_4,s3://braingeneersdev/asrobbin/braindance_data/24-03-25_plasticity/p001237/RL_k252a/RL_k252a_cartpole_long_4,2284,2.0,2.541759846063478,True,stim,16,True
s3://braingeneersdev/asrobbin/braindance_data/24-03-25_plasticity/,p001237,RL_k252a/RL_k252a,s3://braingeneersdev/asrobbin/braindance_data/24-03-25_plasticity/p001237/RL_k252a/RL_k252a,600,0.5,,False,stim,16,True
s3://braingeneersdev/asrobbin/braindance_data/24-03-25_plasticity/,p001237,RL_k252a/RL_k252a_cartpole_long_1,s3://braingeneersdev/asrobbin/braindance_data/24-03-25_plasticity/p001237/RL_k252a/RL_k252a_cartpole_long_1,5051,4.0,5.6270573125795815,True,stim,16,True
s3://braingeneersdev/asrobbin/braindance_data/24-03-25_plasticity/,p001237,RL_pharma/RL_pharma_cartpole_long_11,s3://braingeneersdev/asrobbin/braindance_data/24-03-25_plasticity/p001237/RL_pharma/RL_pharma_cartpole_long_11,2873,4.0,3.1963644394930837,True,stim,22,True
s3://braingeneersdev/asrobbin/braindance_data/24-03-25_plasticity/,p001237,RL_pharma/RL_pharma_cartpole_long_4,s3://braingeneersdev/asrobbin/braindance_data/24-03-25_plasticity/p001237/RL_pharma/RL_pharma_cartpole_long_4,2594,2.0,2.8905792253847413,True,stim,22,True
s3://braingeneersdev/asrobbin/braindance_data/24-03-25_plasticity/,p001237,RL_pharma/RL_pharma_causal,s3://braingeneersdev/asrobbin/braindance_data/24-03-25_plasticity/p001237/RL_pharma/RL_pharma_causal,1150,2.0,2.000025449030099,True,stim,22,True
s3://braingeneersdev/asrobbin/braindance_data/24-03-25_plasticity/,p001237,RL_pharma/RL_pharma_cartpole_long_7,s3://braingeneersdev/asrobbin/braindance_data/24-03-25_plasticity/p001237/RL_pharma/RL_pharma_cartpole_long_7,2586,2.0,2.876727836749717,True,stim,22,True
s3://braingeneersdev/asrobbin/braindance_data/24-03-25_plasticity/,p001237,RL_pharma/RL_pharma_cartpole_long_2,s3://braingeneersdev/asrobbin/braindance_data/24-03-25_plasticity/p001237/RL_pharma/RL_pharma_cartpole_long_2,2537,2.0,2.8244767115666303,True,stim,22,True
s3://braingeneersdev/asrobbin/braindance_data/24-03-25_plasticity/,p001237,RL_pharma/RL_pharma_cartpole_long_16,s3://braingeneersdev/asrobbin/braindance_data/24-03-25_plasticity/p001237/RL_pharma/RL_pharma_cartpole_long_16,2589,2.0,2.880116660776691,True,stim,22,True
s3://braingeneersdev/asrobbin/braindance_data/24-03-25_plasticity/,p001237,RL_pharma/RL_pharma_cartpole_long_18,s3://braingeneersdev/asrobbin/braindance_data/24-03-25_plasticity/p001237/RL_pharma/RL_pharma_cartpole_long_18,2501,2.0,2.7844450629139423,True,stim,22,True
s3://braingeneersdev/asrobbin/braindance_data/24-03-25_plasticity/,p001237,RL_pharma/RL_pharma_cartpole_long,s3://braingeneersdev/asrobbin/braindance_data/24-03-25_plasticity/p001237/RL_pharma/RL_pharma_cartpole_long,1816,2.0,2.025282705330296,True,stim,22,True
s3://braingeneersdev/asrobbin/braindance_data/24-03-25_plasticity/,p001237,RL_pharma/RL_pharma_cartpole_long_1,s3://braingeneersdev/asrobbin/braindance_data/24-03-25_plasticity/p001237/RL_pharma/RL_pharma_cartpole_long_1,2056,2.0,2.2863384256249932,True,stim,22,True
s3://braingeneersdev/asrobbin/braindance_data/24-03-25_plasticity/,p001237,RL_pharma/RL_pharma_cartpole_long_12,s3://braingeneersdev/asrobbin/braindance_data/24-03-25_plasticity/p001237/RL_pharma/RL_pharma_cartpole_long_12,2683,2.0,2.9828554993782066,True,stim,22,True
s3://braingeneersdev/asrobbin/braindance_data/24-03-25_plasticity/,p001237,RL_pharma/RL_pharma_cartpole_long_14,s3://braingeneersdev/asrobbin/braindance_data/24-03-25_plasticity/p001237/RL_pharma/RL_pharma_cartpole_long_14,2783,4.0,3.1022053314739844,True,stim,22,True
s3://braingeneersdev/asrobbin/braindance_data/24-03-25_plasticity/,p001237,RL_pharma/RL_pharma_cartpole_long_3,s3://braingeneersdev/asrobbin/braindance_data/24-03-25_plasticity/p001237/RL_pharma/RL_pharma_cartpole_long_3,406,2.0,2.3973894363396635,True,stim,22,True
s3://braingeneersdev/asrobbin/braindance_data/24-03-25_plasticity/,p001237,RL_pharma/RL_pharma_cartpole_long_19,s3://braingeneersdev/asrobbin/braindance_data/24-03-25_plasticity/p001237/RL_pharma/RL_pharma_cartpole_long_19,379,2.0,2.255937554348352,True,stim,22,True
s3://braingeneersdev/asrobbin/braindance_data/24-03-25_plasticity/,p001237,RL_pharma/RL_pharma,s3://braingeneersdev/asrobbin/braindance_data/24-03-25_plasticity/p001237/RL_pharma/RL_pharma,1150,0.5,,False,stim,22,True
s3://braingeneersdev/asrobbin/braindance_data/24-03-25_plasticity/,p001237,RL_pharma/RL_pharma_cartpole_long_15,s3://braingeneersdev/asrobbin/braindance_data/24-03-25_plasticity/p001237/RL_pharma/RL_pharma_cartpole_long_15,2773,4.0,3.084021718537925,True,stim,22,True
s3://braingeneersdev/asrobbin/braindance_data/24-03-25_plasticity/,p001237,RL_pharma/RL_pharma_cartpole_long_5,s3://braingeneersdev/asrobbin/braindance_data/24-03-25_plasticity/p001237/RL_pharma/RL_pharma_cartpole_long_5,2528,2.0,2.8115694658452397,True,stim,22,True
s3://braingeneersdev/asrobbin/braindance_data/24-03-25_plasticity/,p001237,RL_pharma/RL_pharma_cartpole_long_6,s3://braingeneersdev/asrobbin/braindance_data/24-03-25_plasticity/p001237/RL_pharma/RL_pharma_cartpole_long_6,2779,4.0,3.0905887079373247,True,stim,22,True
s3://braingeneersdev/asrobbin/braindance_data/24-03-25_plasticity/,p001237,RL_pharma/RL_pharma_cartpole_long_8,s3://braingeneersdev/asrobbin/braindance_data/24-03-25_plasticity/p001237/RL_pharma/RL_pharma_cartpole_long_8,57,2.0,2.6172505102073935,True,stim,22,True
s3://braingeneersdev/asrobbin/braindance_data/24-03-25_plasticity/,p001237,RL_pharma/RL_pharma_cartpole_long_9,s3://braingeneersdev/asrobbin/braindance_data/24-03-25_plasticity/p001237/RL_pharma/RL_pharma_cartpole_long_9,2784,4.0,3.101181762780789,True,stim,22,True
s3://braingeneersdev/asrobbin/braindance_data/24-03-25_plasticity/,p001237,RL_pharma/RL_pharma_cartpole_long_17,s3://braingeneersdev/asrobbin/braindance_data/24-03-25_plasticity/p001237/RL_pharma/RL_pharma_cartpole_long_17,2688,2.0,2.993026956963762,True,stim,22,True
s3://braingeneersdev/asrobbin/braindance_data/24-03-25_plasticity/,p001237,RL_pharma/RL_pharma_cartpole_long_10,s3://braingeneersdev/asrobbin/braindance_data/24-03-25_plasticity/p001237/RL_pharma/RL_pharma_cartpole_long_10,2850,4.0,3.1682968496308668,True,stim,22,True
s3://braingeneersdev/asrobbin/braindance_data/24-03-25_plasticity/,p001237,RL_pharma/RL_pharma_cartpole_long_13,s3://braingeneersdev/asrobbin/braindance_data/24-03-25_plasticity/p001237/RL_pharma/RL_pharma_cartpole_long_13,2905,4.0,3.2390649188399108,True,stim,22,True
s3://braingeneersdev/asrobbin/braindance_data/24-03-25_plasticity/,p001237,exp1/exp1,s3://braingeneersdev/asrobbin/braindance_data/24-03-25_plasticity/p001237/exp1/exp1,0,0.0,,False,spontaneous,1,True
s3://braingeneersdev/asrobbin/braindance_data/24-03-25_plasticity/,p001237,exp10/exp10_cartpole_long,s3://braingeneersdev/asrobbin/braindance_data/24-03-25_plasticity/p001237/exp10/exp10_cartpole_long,1390,2.0,2.0140393920035633,True,stim,3,True
s3://braingeneersdev/asrobbin/braindance_data/24-03-25_plasticity/,p001237,exp10/exp10,s3://braingeneersdev/asrobbin/braindance_data/24-03-25_plasticity/p001237/exp10/exp10,750,0.5,,False,stim,3,True
s3://braingeneersdev/asrobbin/braindance_data/24-03-25_plasticity/,p001237,exp10/exp10_causal,s3://braingeneersdev/asrobbin/braindance_data/24-03-25_plasticity/p001237/exp10/exp10_causal,750,2.0,1.9999981378496012,True,stim,3,True
s3://braingeneersdev/asrobbin/braindance_data/24-03-25_plasticity/,p001237,exp3/exp3_cartpole_long_12,s3://braingeneersdev/asrobbin/braindance_data/24-03-25_plasticity/p001237/exp3/exp3_cartpole_long_12,1868,2.0,2.0783323380431784,True,stim,24,True
s3://braingeneersdev/asrobbin/braindance_data/24-03-25_plasticity/,p001237,exp3/exp3_cartpole_long_2,s3://braingeneersdev/asrobbin/braindance_data/24-03-25_plasticity/p001237/exp3/exp3_cartpole_long_2,2041,2.0,2.26995918515447,True,stim,24,True
s3://braingeneersdev/asrobbin/braindance_data/24-03-25_plasticity/,p001237,exp3/exp3_cartpole_long_21,s3://braingeneersdev/asrobbin/braindance_data/24-03-25_plasticity/p001237/exp3/exp3_cartpole_long_21,2316,2.0,2.5810205434013045,True,stim,24,True
s3://braingeneersdev/asrobbin/braindance_data/24-03-25_plasticity/,p001237,exp3/exp3_causal,s3://braingeneersdev/asrobbin/braindance_data/24-03-25_plasticity/p001237/exp3/exp3_causal,1350,2.0,2.000014724637267,True,stim,24,True
s3://braingeneersdev/asrobbin/braindance_data/24-03-25_plasticity/,p001237,exp3/exp3_cartpole_long_4,s3://braingeneersdev/asrobbin/braindance_data/24-03-25_plasticity/p001237/exp3/exp3_cartpole_long_4,1983,2.0,2.209437126282288,True,stim,24,True
s3://braingeneersdev/asrobbin/braindance_data/24-03-25_plasticity/,p001237,exp3/exp3_cartpole_long_7,s3://braingeneersdev/asrobbin/braindance_data/24-03-25_plasticity/p001237/exp3/exp3_cartpole_long_7,2223,2.0,2.4747748784791344,True,stim,24,True
s3://braingeneersdev/asrobbin/braindance_data/24-03-25_plasticity/,p001237,exp3/exp3_cartpole_long_9,s3://braingeneersdev/asrobbin/braindance_data/24-03-25_plasticity/p001237/exp3/exp3_cartpole_long_9,2208,2.0,2.4625321241088973,True,stim,24,True
s3://braingeneersdev/asrobbin/braindance_data/24-03-25_plasticity/,p001237,exp3/exp3_cartpole_long_17,s3://braingeneersdev/asrobbin/braindance_data/24-03-25_plasticity/p001237/exp3/exp3_cartpole_long_17,2138,2.0,2.378294051243776,True,stim,24,True
s3://braingeneersdev/asrobbin/braindance_data/24-03-25_plasticity/,p001237,exp3/exp3_cartpole_long_13,s3://braingeneersdev/asrobbin/braindance_data/24-03-25_plasticity/p001237/exp3/exp3_cartpole_long_13,2208,2.0,2.461342643655649,True,stim,24,True
s3://braingeneersdev/asrobbin/braindance_data/24-03-25_plasticity/,p001237,exp3/exp3_cartpole_long_19,s3://braingeneersdev/asrobbin/braindance_data/24-03-25_plasticity/p001237/exp3/exp3_cartpole_long_19,2221,2.0,2.471339457711746,True,stim,24,True
s3://braingeneersdev/asrobbin/braindance_data/24-03-25_plasticity/,p001237,exp3/exp3_cartpole_long_16,s3://braingeneersdev/asrobbin/braindance_data/24-03-25_plasticity/p001237/exp3/exp3_cartpole_long_16,1746,2.0,1.944812160542784,True,stim,24,True
s3://braingeneersdev/asrobbin/braindance_data/24-03-25_plasticity/,p001237,exp3/exp3_cartpole_long_14,s3://braingeneersdev/asrobbin/braindance_data/24-03-25_plasticity/p001237/exp3/exp3_cartpole_long_14,1891,2.0,2.1029225461858108,True,stim,24,True
s3://braingeneersdev/asrobbin/braindance_data/24-03-25_plasticity/,p001237,exp3/exp3_cartpole_long_5,s3://braingeneersdev/asrobbin/braindance_data/24-03-25_plasticity/p001237/exp3/exp3_cartpole_long_5,2338,2.0,2.601047080857853,True,stim,24,True
s3://braingeneersdev/asrobbin/braindance_data/24-03-25_plasticity/,p001237,exp3/exp3_cartpole_long_10,s3://braingeneersdev/asrobbin/braindance_data/24-03-25_plasticity/p001237/exp3/exp3_cartpole_long_10,1977,2.0,2.199092009334392,True,stim,24,True
s3://braingeneersdev/asrobbin/braindance_data/24-03-25_plasticity/,p001237,exp3/exp3_cartpole_long_18,s3://braingeneersdev/asrobbin/braindance_data/24-03-25_plasticity/p001237/exp3/exp3_cartpole_long_18,1661,2.0,1.854214513010148,True,stim,24,True
s3://braingeneersdev/asrobbin/braindance_data/24-03-25_plasticity/,p001237,exp3/exp3_cartpole_long,s3://braingeneersdev/asrobbin/braindance_data/24-03-25_plasticity/p001237/exp3/exp3_cartpole_long,4518,4.0,5.035501800581928,True,stim,24,True
s3://braingeneersdev/asrobbin/braindance_data/24-03-25_plasticity/,p001237,exp3/exp3_cartpole_long_11,s3://braingeneersdev/asrobbin/braindance_data/24-03-25_plasticity/p001237/exp3/exp3_cartpole_long_11,2247,2.0,2.4995482551142754,True,stim,24,True
s3://braingeneersdev/asrobbin/braindance_data/24-03-25_plasticity/,p001237,exp3/exp3_cartpole_long_1,s3://braingeneersdev/asrobbin/braindance_data/24-03-25_plasticity/p001237/exp3/exp3_cartpole_long_1,2179,2.0,2.426936388378146,True,stim,24,True
s3://braingeneersdev/asrobbin/braindance_data/24-03-25_plasticity/,p001237,exp3/exp3_cartpole_long_20,s3://braingeneersdev/asrobbin/braindance_data/24-03-25_plasticity/p001237/exp3/exp3_cartpole_long_20,1832,2.0,2.037705125099773,True,stim,24,True
s3://braingeneersdev/asrobbin/braindance_data/24-03-25_plasticity/,p001237,exp3/exp3,s3://braingeneersdev/asrobbin/braindance_data/24-03-25_plasticity/p001237/exp3/exp3,1350,0.5,,False,stim,24,True
s3://braingeneersdev/asrobbin/braindance_data/24-03-25_plasticity/,p001237,exp3/exp3_cartpole_long_8,s3://braingeneersdev/asrobbin/braindance_data/24-03-25_plasticity/p001237/exp3/exp3_cartpole_long_8,1907,2.0,2.1271003604404295,True,stim,24,True
s3://braingeneersdev/asrobbin/braindance_data/24-03-25_plasticity/,p001237,exp3/exp3_cartpole_long_6,s3://braingeneersdev/asrobbin/braindance_data/24-03-25_plasticity/p001237/exp3/exp3_cartpole_long_6,1773,2.0,1.9727134425919208,True,stim,24,True
s3://braingeneersdev/asrobbin/braindance_data/24-03-25_plasticity/,p001237,exp3/exp3_cartpole_long_3,s3://braingeneersdev/asrobbin/braindance_data/24-03-25_plasticity/p001237/exp3/exp3_cartpole_long_3,2456,2.0,2.731995089944448,True,stim,24,True
s3://braingeneersdev/asrobbin/braindance_data/24-03-25_plasticity/,p001237,exp3/exp3_cartpole_long_15,s3://braingeneersdev/asrobbin/braindance_data/24-03-25_plasticity/p001237/exp3/exp3_cartpole_long_15,2150,2.0,2.3954934681247724,True,stim,24,True
s3://braingeneersdev/asrobbin/braindance_data/24-03-25_plasticity/,p001237,exp4/exp4_cartpole_long_1,s3://braingeneersdev/asrobbin/braindance_data/24-03-25_plasticity/p001237/exp4/exp4_cartpole_long_1,1441,2.0,1.6024002636568977,True,stim,19,True
s3://braingeneersdev/asrobbin/braindance_data/24-03-25_plasticity/,p001237,exp4/exp4_cartpole_long_4,s3://braingeneersdev/asrobbin/braindance_data/24-03-25_plasticity/p001237/exp4/exp4_cartpole_long_4,1416,2.0,1.575393131955812,True,stim,19,True
s3://braingeneersdev/asrobbin/braindance_data/24-03-25_plasticity/,p001237,exp4/exp4_cartpole_long_13,s3://braingeneersdev/asrobbin/braindance_data/24-03-25_plasticity/p001237/exp4/exp4_cartpole_long_13,1468,2.0,1.6371794415352017,True,stim,19,True
s3://braingeneersdev/asrobbin/braindance_data/24-03-25_plasticity/,p001237,exp4/exp4_cartpole_long_6,s3://braingeneersdev/asrobbin/braindance_data/24-03-25_plasticity/p001237/exp4/exp4_cartpole_long_6,1795,2.0,1.9968825966318484,True,stim,19,True
s3://braingeneersdev/asrobbin/braindance_data/24-03-25_plasticity/,p001237,exp4/exp4_cartpole_long_11,s3://braingeneersdev/asrobbin/braindance_data/24-03-25_plasticity/p001237/exp4/exp4_cartpole_long_11,1433,2.0,1.5955314376114746,True,stim,19,True
s3://braingeneersdev/asrobbin/braindance_data/24-03-25_plasticity/,p001237,exp4/exp4_cartpole_long,s3://braingeneersdev/asrobbin/braindance_data/24-03-25_plasticity/p001237/exp4/exp4_cartpole_long,1986,2.0,2.2109299618999723,True,stim,19,True
s3://braingeneersdev/asrobbin/braindance_data/24-03-25_plasticity/,p001237,exp4/exp4_cartpole_long_2,s3://braingeneersdev/asrobbin/braindance_data/24-03-25_plasticity/p001237/exp4/exp4_cartpole_long_2,1433,2.0,1.5967905354306615,True,stim,19,True
s3://braingeneersdev/asrobbin/braindance_data/24-03-25_plasticity/,p001237,exp4/exp4_causal,s3://braingeneersdev/asrobbin/braindance_data/24-03-25_plasticity/p001237/exp4/exp4_causal,1150,2.0,2.0000198576696575,True,stim,19,True
s3://braingeneersdev/asrobbin/braindance_data/24-03-25_plasticity/,p001237,exp4/exp4,s3://braingeneersdev/asrobbin/braindance_data/24-03-25_plasticity/p001237/exp4/exp4,1150,0.5,,False,stim,19,True
s3://braingeneersdev/asrobbin/braindance_data/24-03-25_plasticity/,p001237,exp4/exp4_cartpole_long_3,s3://braingeneersdev/asrobbin/braindance_data/24-03-25_plasticity/p001237/exp4/exp4_cartpole_long_3,1822,2.0,2.0262780080315896,True,stim,19,True
s3://braingeneersdev/asrobbin/braindance_data/24-03-25_plasticity/,p001237,exp4/exp4_cartpole_long_5,s3://braingeneersdev/asrobbin/braindance_data/24-03-25_plasticity/p001237/exp4/exp4_cartpole_long_5,1421,2.0,1.581628113524946,True,stim,19,True
s3://braingeneersdev/asrobbin/braindance_data/24-03-25_plasticity/,p001237,exp4/exp4_cartpole_long_7,s3://braingeneersdev/asrobbin/braindance_data/24-03-25_plasticity/p001237/exp4/exp4_cartpole_long_7,1410,2.0,1.5702357681101395,True,stim,19,True
s3://braingeneersdev/asrobbin/braindance_data/24-03-25_plasticity/,p001237,exp4/exp4_cartpole_long_14,s3://braingeneersdev/asrobbin/braindance_data/24-03-25_plasticity/p001237/exp4/exp4_cartpole_long_14,1497,2.0,1.667134294998387,True,stim,19,True
s3://braingeneersdev/asrobbin/braindance_data/24-03-25_plasticity/,p001237,exp4/exp4_cartpole_long_9,s3://braingeneersdev/asrobbin/braindance_data/24-03-25_plasticity/p001237/exp4/exp4_cartpole_long_9,1809,2.0,2.020349849965494,True,stim,19,True
s3://braingeneersdev/asrobbin/braindance_data/24-03-25_plasticity/,p001237,exp4/exp4_cartpole_long_12,s3://braingeneersdev/asrobbin/braindance_data/24-03-25_plasticity/p001237/exp4/exp4_cartpole_long_12,1848,2.0,2.0604169512888246,True,stim,19,True
s3://braingeneersdev/asrobbin/braindance_data/24-03-25_plasticity/,p001237,exp4/exp4_cartpole_long_8,s3://braingeneersdev/asrobbin/braindance_data/24-03-25_plasticity/p001237/exp4/exp4_cartpole_long_8,1453,2.0,1.6192932070631465,True,stim,19,True
s3://braingeneersdev/asrobbin/braindance_data/24-03-25_plasticity/,p001237,exp4/exp4_cartpole_long_15,s3://braingeneersdev/asrobbin/braindance_data/24-03-25_plasticity/p001237/exp4/exp4_cartpole_long_15,1806,2.0,2.0132941676087808,True,stim,19,True
s3://braingeneersdev/asrobbin/braindance_data/24-03-25_plasticity/,p001237,exp4/exp4_cartpole_long_16,s3://braingeneersdev/asrobbin/braindance_data/24-03-25_plasticity/p001237/exp4/exp4_cartpole_long_16,1413,2.0,1.5776422945872004,True,stim,19,True
s3://braingeneersdev/asrobbin/braindance_data/24-03-25_plasticity/,p001237,exp4/exp4_cartpole_long_10,s3://braingeneersdev/asrobbin/braindance_data/24-03-25_plasticity/p001237/exp4/exp4_cartpole_long_10,1443,2.0,1.6060910950731386,True,stim,19,True
s3://braingeneersdev/asrobbin/braindance_data/24-03-25_plasticity/,p001237,exp5/exp5_cartpole_F_6,s3://braingeneersdev/asrobbin/braindance_data/24-03-25_plasticity/p001237/exp5/exp5_cartpole_F_6,4358,4.0,4.066076769871547,True,stim,9,True
s3://braingeneersdev/asrobbin/braindance_data/24-03-25_plasticity/,p001237,exp5/exp5_cartpole_F_2,s3://braingeneersdev/asrobbin/braindance_data/24-03-25_plasticity/p001237/exp5/exp5_cartpole_F_2,2790,4.0,4.611598107458128,True,stim,9,True
s3://braingeneersdev/asrobbin/braindance_data/24-03-25_plasticity/,p001237,exp5/exp5_cartpole_F_4,s3://braingeneersdev/asrobbin/braindance_data/24-03-25_plasticity/p001237/exp5/exp5_cartpole_F_4,3737,4.0,4.262084524911836,True,stim,9,True
s3://braingeneersdev/asrobbin/braindance_data/24-03-25_plasticity/,p001237,exp5/exp5_causal,s3://braingeneersdev/asrobbin/braindance_data/24-03-25_plasticity/p001237/exp5/exp5_causal,1350,2.0,2.0000230727466985,True,stim,9,True
s3://braingeneersdev/asrobbin/braindance_data/24-03-25_plasticity/,p001237,exp5/exp5_cartpole_F_3,s3://braingeneersdev/asrobbin/braindance_data/24-03-25_plasticity/p001237/exp5/exp5_cartpole_F_3,3072,4.0,4.41954682420618,True,stim,9,True
s3://braingeneersdev/asrobbin/braindance_data/24-03-25_plasticity/,p001237,exp5/exp5_cartpole_F,s3://braingeneersdev/asrobbin/braindance_data/24-03-25_plasticity/p001237/exp5/exp5_cartpole_F,5956,4.0,3.9799185337107423,True,stim,9,True
s3://braingeneersdev/asrobbin/braindance_data/24-03-25_plasticity/,p001237,exp5/exp5,s3://braingeneersdev/asrobbin/braindance_data/24-03-25_plasticity/p001237/exp5/exp5,1350,0.5,,False,stim,9,True
s3://braingeneersdev/asrobbin/braindance_data/24-03-25_plasticity/,p001237,exp5/exp5_cartpole_F_1,s3://braingeneersdev/asrobbin/braindance_data/24-03-25_plasticity/p001237/exp5/exp5_cartpole_F_1,2698,4.0,4.597947120892086,True,stim,9,True
s3://braingeneersdev/asrobbin/braindance_data/24-03-25_plasticity/,p001237,exp5/exp5_cartpole_F_5,s3://braingeneersdev/asrobbin/braindance_data/24-03-25_plasticity/p001237/exp5/exp5_cartpole_F_5,3354,4.0,4.384496063050931,True,stim,9,True
s3://braingeneersdev/asrobbin/braindance_data/24-03-25_plasticity/,p001237,exp6/exp6_cartpole_long,s3://braingeneersdev/asrobbin/braindance_data/24-03-25_plasticity/p001237/exp6/exp6_cartpole_long,1333,2.0,2.189695441304576,True,stim,15,True
s3://braingeneersdev/asrobbin/braindance_data/24-03-25_plasticity/,p001237,exp6/exp6_causal_1,s3://braingeneersdev/asrobbin/braindance_data/24-03-25_plasticity/p001237/exp6/exp6_causal_1,850,2.0,2.0000029239241837,True,stim,15,True
s3://braingeneersdev/asrobbin/braindance_data/24-03-25_plasticity/,p001237,exp6/exp6_cartpole_long_1,s3://braingeneersdev/asrobbin/braindance_data/24-03-25_plasticity/p001237/exp6/exp6_cartpole_long_1,2017,2.0,2.246188520406316,True,stim,15,True
s3://braingeneersdev/asrobbin/braindance_data/24-03-25_plasticity/,p001237,exp6/exp6_cartpole_long_3,s3://braingeneersdev/asrobbin/braindance_data/24-03-25_plasticity/p001237/exp6/exp6_cartpole_long_3,5023,4.0,5.597396841075947,True,stim,15,True
s3://braingeneersdev/asrobbin/braindance_data/24-03-25_plasticity/,p001237,exp6/exp6_cartpole_long_5,s3://braingeneersdev/asrobbin/braindance_data/24-03-25_plasticity/p001237/exp6/exp6_cartpole_long_5,2597,2.0,2.8865647984051064,True,stim,15,True
s3://braingeneersdev/asrobbin/braindance_data/24-03-25_plasticity/,p001237,exp6/exp6_cartpole_long_6,s3://braingeneersdev/asrobbin/braindance_data/24-03-25_plasticity/p001237/exp6/exp6_cartpole_long_6,2812,4.0,3.1266796252448863,True,stim,15,True
s3://braingeneersdev/asrobbin/braindance_data/24-03-25_plasticity/,p001237,exp6/exp6_cartpole_long_7,s3://braingeneersdev/asrobbin/braindance_data/24-03-25_plasticity/p001237/exp6/exp6_cartpole_long_7,2715,4.0,3.018427534798508,True,stim,15,True
s3://braingeneersdev/asrobbin/braindance_data/24-03-25_plasticity/,p001237,exp6/exp6_cartpole_long_8,s3://braingeneersdev/asrobbin/braindance_data/24-03-25_plasticity/p001237/exp6/exp6_cartpole_long_8,2566,2.0,2.852446676968146,True,stim,15,True
s3://braingeneersdev/asrobbin/braindance_data/24-03-25_plasticity/,p001237,exp6/exp6_cartpole_long_9,s3://braingeneersdev/asrobbin/braindance_data/24-03-25_plasticity/p001237/exp6/exp6_cartpole_long_9,2759,4.0,3.0698264758155456,True,stim,15,True
s3://braingeneersdev/asrobbin/braindance_data/24-03-25_plasticity/,p001237,exp6/exp6_cartpole_long_10,s3://braingeneersdev/asrobbin/braindance_data/24-03-25_plasticity/p001237/exp6/exp6_cartpole_long_10,2666,2.0,2.9645468484146194,True,stim,15,True
s3://braingeneersdev/asrobbin/braindance_data/24-03-25_plasticity/,p001237,exp6/exp6,s3://braingeneersdev/asrobbin/braindance_data/24-03-25_plasticity/p001237/exp6/exp6,1400,0.5,,False,stim,15,True
s3://braingeneersdev/asrobbin/braindance_data/24-03-25_plasticity/,p001237,exp6/exp6_cartpole_long_4,s3://braingeneersdev/asrobbin/braindance_data/24-03-25_plasticity/p001237/exp6/exp6_cartpole_long_4,2622,2.0,2.9149242619573803,True,stim,15,True
s3://braingeneersdev/asrobbin/braindance_data/24-03-25_plasticity/,p001237,exp6/exp6_causal,s3://braingeneersdev/asrobbin/braindance_data/24-03-25_plasticity/p001237/exp6/exp6_causal,1400,2.0,2.000014048358863,True,stim,15,True
s3://braingeneersdev/asrobbin/braindance_data/24-03-25_plasticity/,p001237,exp6/exp6_1,s3://braingeneersdev/asrobbin/braindance_data/24-03-25_plasticity/p001237/exp6/exp6_1,0,0.0,,False,spontaneous,15,True
s3://braingeneersdev/asrobbin/braindance_data/24-03-25_plasticity/,p001237,exp6/exp6_cartpole_long_2,s3://braingeneersdev/asrobbin/braindance_data/24-03-25_plasticity/p001237/exp6/exp6_cartpole_long_2,119,2.0,1.7470773333396217,True,stim,15,True
s3://braingeneersdev/asrobbin/braindance_data/24-03-25_plasticity/,p001237,exp7/exp7_cartpole_long_1,s3://braingeneersdev/asrobbin/braindance_data/24-03-25_plasticity/p001237/exp7/exp7_cartpole_long_1,2006,2.0,2.231703765051836,True,stim,6,True
s3://braingeneersdev/asrobbin/braindance_data/24-03-25_plasticity/,p001237,exp7/exp7_causal,s3://braingeneersdev/asrobbin/braindance_data/24-03-25_plasticity/p001237/exp7/exp7_causal,1350,2.0,2.0000014304621,True,stim,6,True
s3://braingeneersdev/asrobbin/braindance_data/24-03-25_plasticity/,p001237,exp7/exp7_cartpole_long_3,s3://braingeneersdev/asrobbin/braindance_data/24-03-25_plasticity/p001237/exp7/exp7_cartpole_long_3,2367,2.0,2.980962103302124,True,stim,6,True
s3://braingeneersdev/asrobbin/braindance_data/24-03-25_plasticity/,p001237,exp7/exp7_cartpole_long,s3://braingeneersdev/asrobbin/braindance_data/24-03-25_plasticity/p001237/exp7/exp7_cartpole_long,2143,2.0,2.386681169658358,True,stim,6,True
s3://braingeneersdev/asrobbin/braindance_data/24-03-25_plasticity/,p001237,exp7/exp7_cartpole_long_2,s3://braingeneersdev/asrobbin/braindance_data/24-03-25_plasticity/p001237/exp7/exp7_cartpole_long_2,163,2.0,2.1931939786432753,True,stim,6,True
s3://braingeneersdev/asrobbin/braindance_data/24-03-25_plasticity/,p001237,exp7/exp7,s3://braingeneersdev/asrobbin/braindance_data/24-03-25_plasticity/p001237/exp7/exp7,1350,0.5,,False,stim,6,True
s3://braingeneersdev/asrobbin/braindance_data/24-03-25_plasticity/,p001237,exp8/exp8_causal,s3://braingeneersdev/asrobbin/braindance_data/24-03-25_plasticity/p001237/exp8/exp8_causal,1300,2.0,2.000015270475313,True,stim,17,True
s3://braingeneersdev/asrobbin/braindance_data/24-03-25_plasticity/,p001237,exp8/exp8_cartpole_long_10,s3://braingeneersdev/asrobbin/braindance_data/24-03-25_plasticity/p001237/exp8/exp8_cartpole_long_10,2125,2.0,2.3704540948631623,True,stim,17,True
s3://braingeneersdev/asrobbin/braindance_data/24-03-25_plasticity/,p001237,exp8/exp8_cartpole_long,s3://braingeneersdev/asrobbin/braindance_data/24-03-25_plasticity/p001237/exp8/exp8_cartpole_long,1987,2.0,2.2197596186906834,True,stim,17,True
s3://braingeneersdev/asrobbin/braindance_data/24-03-25_plasticity/,p001237,exp8/exp8_cartpole_long_4,s3://braingeneersdev/asrobbin/braindance_data/24-03-25_plasticity/p001237/exp8/exp8_cartpole_long_4,2311,2.0,2.576384360111881,True,stim,17,True
s3://braingeneersdev/asrobbin/braindance_data/24-03-25_plasticity/,p001237,exp8/exp8_cartpole_long_6,s3://braingeneersdev/asrobbin/braindance_data/24-03-25_plasticity/p001237/exp8/exp8_cartpole_long_6,1831,2.0,2.036654401511358,True,stim,17,True
s3://braingeneersdev/asrobbin/braindance_data/24-03-25_plasticity/,p001237,exp8/exp8_cartpole_long_7,s3://braingeneersdev/asrobbin/braindance_data/24-03-25_plasticity/p001237/exp8/exp8_cartpole_long_7,2465,2.0,2.7423439436102997,True,stim,17,True
s3://braingeneersdev/asrobbin/braindance_data/24-03-25_plasticity/,p001237,exp8/exp8_cartpole_long_5,s3://braingeneersdev/asrobbin/braindance_data/24-03-25_plasticity/p001237/exp8/exp8_cartpole_long_5,2043,2.0,2.272380550506272,True,stim,17,True
s3://braingeneersdev/asrobbin/braindance_data/24-03-25_plasticity/,p001237,exp8/exp8_cartpole_long_1,s3://braingeneersdev/asrobbin/braindance_data/24-03-25_plasticity/p001237/exp8/exp8_cartpole_long_1,2247,2.0,2.504883786444751,True,stim,17,True
s3://braingeneersdev/asrobbin/braindance_data/24-03-25_plasticity/,p001237,exp8/exp8_cartpole_long_11,s3://braingeneersdev/asrobbin/braindance_data/24-03-25_plasticity/p001237/exp8/exp8_cartpole_long_11,2130,2.0,2.3686308698983094,True,stim,17,True
s3://braingeneersdev/asrobbin/braindance_data/24-03-25_plasticity/,p001237,exp8/exp8_cartpole_long_13,s3://braingeneersdev/asrobbin/braindance_data/24-03-25_plasticity/p001237/exp8/exp8_cartpole_long_13,2339,2.0,2.6008910619407173,True,stim,17,True
s3://braingeneersdev/asrobbin/braindance_data/24-03-25_plasticity/,p001237,exp8/exp8_cartpole_long_8,s3://braingeneersdev/asrobbin/braindance_data/24-03-25_plasticity/p001237/exp8/exp8_cartpole_long_8,2145,2.0,2.387355931486686,True,stim,17,True
s3://braingeneersdev/asrobbin/braindance_data/24-03-25_plasticity/,p001237,exp8/exp8,s3://braingeneersdev/asrobbin/braindance_data/24-03-25_plasticity/p001237/exp8/exp8,1300,0.5,,False,stim,17,True
s3://braingeneersdev/asrobbin/braindance_data/24-03-25_plasticity/,p001237,exp8/exp8_cartpole_long_2,s3://braingeneersdev/asrobbin/braindance_data/24-03-25_plasticity/p001237/exp8/exp8_cartpole_long_2,2073,2.0,2.3052242431369314,True,stim,17,True
s3://braingeneersdev/asrobbin/braindance_data/24-03-25_plasticity/,p001237,exp8/exp8_cartpole_long_9,s3://braingeneersdev/asrobbin/braindance_data/24-03-25_plasticity/p001237/exp8/exp8_cartpole_long_9,1640,2.0,1.8252829486850897,True,stim,17,True
s3://braingeneersdev/asrobbin/braindance_data/24-03-25_plasticity/,p001237,exp8/exp8_cartpole_long_14,s3://braingeneersdev/asrobbin/braindance_data/24-03-25_plasticity/p001237/exp8/exp8_cartpole_long_14,2183,2.0,2.428570436926141,True,stim,17,True
s3://braingeneersdev/asrobbin/braindance_data/24-03-25_plasticity/,p001237,exp8/exp8_cartpole_long_12,s3://braingeneersdev/asrobbin/braindance_data/24-03-25_plasticity/p001237/exp8/exp8_cartpole_long_12,1737,2.0,1.9365627723769712,True,stim,17,True
s3://braingeneersdev/asrobbin/braindance_data/24-03-25_plasticity/,p001237,exp8/exp8_cartpole_long_3,s3://braingeneersdev/asrobbin/braindance_data/24-03-25_plasticity/p001237/exp8/exp8_cartpole_long_3,1772,2.0,1.9704239112704944,True,stim,17,True
s3://braingeneersdev/asrobbin/braindance_data/24-03-25_plasticity/,p001237b,RL_pharma,s3://braingeneersdev/asrobbin/braindance_data/24-03-25_plasticity/p001237b/RL_pharma/,0,0.0,,False,spontaneous,0,False
s3://braingeneersdev/asrobbin/braindance_data/24-03-25_plasticity/,p001237b,exp5,s3://braingeneersdev/asrobbin/braindance_data/24-03-25_plasticity/p001237b/exp5/,0,0.0,,False,spontaneous,0,False
s3://braingeneersdev/asrobbin/braindance_data/24-03-25_plasticity/,p001280,RL_pharma/RL_pharma_cartpole_long_5,s3://braingeneersdev/asrobbin/braindance_data/24-03-25_plasticity/p001280/RL_pharma/RL_pharma_cartpole_long_5,2297,2.0,2.5604962472406863,True,stim,9,True
s3://braingeneersdev/asrobbin/braindance_data/24-03-25_plasticity/,p001280,RL_pharma/RL_pharma_cartpole_long,s3://braingeneersdev/asrobbin/braindance_data/24-03-25_plasticity/p001280/RL_pharma/RL_pharma_cartpole_long,2206,2.0,2.4611758855406975,True,stim,9,True
s3://braingeneersdev/asrobbin/braindance_data/24-03-25_plasticity/,p001280,RL_pharma/RL_pharma_cartpole_long_4,s3://braingeneersdev/asrobbin/braindance_data/24-03-25_plasticity/p001280/RL_pharma/RL_pharma_cartpole_long_4,2414,2.0,2.6994021529930636,True,stim,9,True
s3://braingeneersdev/asrobbin/braindance_data/24-03-25_plasticity/,p001280,RL_pharma/RL_pharma_cartpole_long_1,s3://braingeneersdev/asrobbin/braindance_data/24-03-25_plasticity/p001280/RL_pharma/RL_pharma_cartpole_long_1,2162,2.0,2.418792938935862,True,stim,9,True
s3://braingeneersdev/asrobbin/braindance_data/24-03-25_plasticity/,p001280,RL_pharma/RL_pharma,s3://braingeneersdev/asrobbin/braindance_data/24-03-25_plasticity/p001280/RL_pharma/RL_pharma,1100,0.5,,False,stim,9,True
s3://braingeneersdev/asrobbin/braindance_data/24-03-25_plasticity/,p001280,RL_pharma/RL_pharma_causal,s3://braingeneersdev/asrobbin/braindance_data/24-03-25_plasticity/p001280/RL_pharma/RL_pharma_causal,1100,2.0,2.0000105398102397,True,stim,9,True
s3://braingeneersdev/asrobbin/braindance_data/24-03-25_plasticity/,p001280,RL_pharma/RL_pharma_cartpole_long_2,s3://braingeneersdev/asrobbin/braindance_data/24-03-25_plasticity/p001280/RL_pharma/RL_pharma_cartpole_long_2,2409,2.0,2.68218318066732,True,stim,9,True
s3://braingeneersdev/asrobbin/braindance_data/24-03-25_plasticity/,p001280,RL_pharma/RL_pharma_cartpole_long_3,s3://braingeneersdev/asrobbin/braindance_data/24-03-25_plasticity/p001280/RL_pharma/RL_pharma_cartpole_long_3,2370,2.0,2.641513340946566,True,stim,9,True
s3://braingeneersdev/asrobbin/braindance_data/24-03-25_plasticity/,p001280,RL_pharma/RL_pharma_1,s3://braingeneersdev/asrobbin/braindance_data/24-03-25_plasticity/p001280/RL_pharma/RL_pharma_1,0,0.0,,False,spontaneous,9,True
s3://braingeneersdev/asrobbin/braindance_data/24-03-25_plasticity/,p001346,exp1/exp1_cartpole_long_8,s3://braingeneersdev/asrobbin/braindance_data/24-03-25_plasticity/p001346/exp1/exp1_cartpole_long_8,2152,2.0,2.8161529651823174,True,stim,22,True
s3://braingeneersdev/asrobbin/braindance_data/24-03-25_plasticity/,p001346,exp1/exp1_cartpole_long,s3://braingeneersdev/asrobbin/braindance_data/24-03-25_plasticity/p001346/exp1/exp1_cartpole_long,1945,2.0,2.168725111991397,True,stim,22,True
s3://braingeneersdev/asrobbin/braindance_data/24-03-25_plasticity/,p001346,exp1/exp1_cartpole_F_2,s3://braingeneersdev/asrobbin/braindance_data/24-03-25_plasticity/p001346/exp1/exp1_cartpole_F_2,1419,2.0,2.3621834511019117,True,stim,22,True
s3://braingeneersdev/asrobbin/braindance_data/24-03-25_plasticity/,p001346,exp1/exp1_cartpole_long_6,s3://braingeneersdev/asrobbin/braindance_data/24-03-25_plasticity/p001346/exp1/exp1_cartpole_long_6,2093,2.0,2.327125943132125,True,stim,22,True
s3://braingeneersdev/asrobbin/braindance_data/24-03-25_plasticity/,p001346,exp1/exp1,s3://braingeneersdev/asrobbin/braindance_data/24-03-25_plasticity/p001346/exp1/exp1,1000,0.5,,False,stim,22,True
s3://braingeneersdev/asrobbin/braindance_data/24-03-25_plasticity/,p001346,exp1/exp1_cartpole_long_1,s3://braingeneersdev/asrobbin/braindance_data/24-03-25_plasticity/p001346/exp1/exp1_cartpole_long_1,2554,2.0,2.840790090764829,True,stim,22,True
s3://braingeneersdev/asrobbin/braindance_data/24-03-25_plasticity/,p001346,exp1/exp1_cartpole_long_11,s3://braingeneersdev/asrobbin/braindance_data/24-03-25_plasticity/p001346/exp1/exp1_cartpole_long_11,2601,2.0,2.8932983049686567,True,stim,22,True
s3://braingeneersdev/asrobbin/braindance_data/24-03-25_plasticity/,p001346,exp1/exp1_cartpole_long_2,s3://braingeneersdev/asrobbin/braindance_data/24-03-25_plasticity/p001346/exp1/exp1_cartpole_long_2,2609,2.0,2.9003866618862255,True,stim,22,True
s3://braingeneersdev/asrobbin/braindance_data/24-03-25_plasticity/,p001346,exp1/exp1_cartpole_long_3,s3://braingeneersdev/asrobbin/braindance_data/24-03-25_plasticity/p001346/exp1/exp1_cartpole_long_3,1829,2.0,2.409931075957307,True,stim,22,True
s3://braingeneersdev/asrobbin/braindance_data/24-03-25_plasticity/,p001346,exp1/exp1_cartpole_long_9,s3://braingeneersdev/asrobbin/braindance_data/24-03-25_plasticity/p001346/exp1/exp1_cartpole_long_9,1808,2.0,2.163610074455642,True,stim,22,True
s3://braingeneersdev/asrobbin/braindance_data/24-03-25_plasticity/,p001346,exp1/exp1_cartpole_long_14,s3://braingeneersdev/asrobbin/braindance_data/24-03-25_plasticity/p001346/exp1/exp1_cartpole_long_14,2265,2.0,2.6180683361843617,True,stim,22,True
s3://braingeneersdev/asrobbin/braindance_data/24-03-25_plasticity/,p001346,exp1/exp1_causal,s3://braingeneersdev/asrobbin/braindance_data/24-03-25_plasticity/p001346/exp1/exp1_causal,1000,2.0,2.000017900071948,True,stim,22,True
s3://braingeneersdev/asrobbin/braindance_data/24-03-25_plasticity/,p001346,exp1/exp1_cartpole_long_12,s3://braingeneersdev/asrobbin/braindance_data/24-03-25_plasticity/p001346/exp1/exp1_cartpole_long_12,2079,2.0,2.318340986886439,True,stim,22,True
s3://braingeneersdev/asrobbin/braindance_data/24-03-25_plasticity/,p001346,exp1/exp1_cartpole_F_1,s3://braingeneersdev/asrobbin/braindance_data/24-03-25_plasticity/p001346/exp1/exp1_cartpole_F_1,1502,2.0,2.8492623541053503,True,stim,22,True
s3://braingeneersdev/asrobbin/braindance_data/24-03-25_plasticity/,p001346,exp1/exp1_cartpole_long_15,s3://braingeneersdev/asrobbin/braindance_data/24-03-25_plasticity/p001346/exp1/exp1_cartpole_long_15,2328,2.0,2.587486456956513,True,stim,22,True
s3://braingeneersdev/asrobbin/braindance_data/24-03-25_plasticity/,p001346,exp1/exp1_cartpole_F,s3://braingeneersdev/asrobbin/braindance_data/24-03-25_plasticity/p001346/exp1/exp1_cartpole_F,2025,2.0,2.8652227694988546,True,stim,22,True
s3://braingeneersdev/asrobbin/braindance_data/24-03-25_plasticity/,p001346,exp1/exp1_cartpole_long_4,s3://braingeneersdev/asrobbin/braindance_data/24-03-25_plasticity/p001346/exp1/exp1_cartpole_long_4,2223,2.0,2.8107281771538375,True,stim,22,True
s3://braingeneersdev/asrobbin/braindance_data/24-03-25_plasticity/,p001346,exp1/exp1_cartpole_long_5,s3://braingeneersdev/asrobbin/braindance_data/24-03-25_plasticity/p001346/exp1/exp1_cartpole_long_5,2516,2.0,2.797212435000751,True,stim,22,True
s3://braingeneersdev/asrobbin/braindance_data/24-03-25_plasticity/,p001346,exp1/exp1_cartpole_long_10,s3://braingeneersdev/asrobbin/braindance_data/24-03-25_plasticity/p001346/exp1/exp1_cartpole_long_10,2696,4.0,3.004154023607015,True,stim,22,True
s3://braingeneersdev/asrobbin/braindance_data/24-03-25_plasticity/,p001346,exp1/exp1_cartpole_long_16,s3://braingeneersdev/asrobbin/braindance_data/24-03-25_plasticity/p001346/exp1/exp1_cartpole_long_16,628,2.0,2.496829265898647,True,stim,22,True
s3://braingeneersdev/asrobbin/braindance_data/24-03-25_plasticity/,p001346,exp1/exp1_cartpole_long_13,s3://braingeneersdev/asrobbin/braindance_data/24-03-25_plasticity/p001346/exp1/exp1_cartpole_long_13,2555,2.0,2.841534090185436,True,stim,22,True
s3://braingeneersdev/asrobbin/braindance_data/24-03-25_plasticity/,p001346,exp1/exp1_cartpole_long_7,s3://braingeneersdev/asrobbin/braindance_data/24-03-25_plasticity/p001346/exp1/exp1_cartpole_long_7,2431,2.0,2.801635097847205,True,stim,22,True
s3://braingeneersdev/asrobbin/braindance_data/24-03-25_plasticity/,p001346,exp2/exp2_causal,s3://braingeneersdev/asrobbin/braindance_data/24-03-25_plasticity/p001346/exp2/exp2_causal,550,2.0,2.000020821244231,True,stim,3,True
s3://braingeneersdev/asrobbin/braindance_data/24-03-25_plasticity/,p001346,exp2/exp2_causal_1,s3://braingeneersdev/asrobbin/braindance_data/24-03-25_plasticity/p001346/exp2/exp2_causal_1,550,2.0,2.0000223299413182,True,stim,3,True
s3://braingeneersdev/asrobbin/braindance_data/24-03-25_plasticity/,p001346,exp2/exp2,s3://braingeneersdev/asrobbin/braindance_data/24-03-25_plasticity/p001346/exp2/exp2,550,0.5,,False,stim,3,True
s3://braingeneersdev/asrobbin/braindance_data/24-03-25_plasticity/,p001384,exp1/exp1,s3://braingeneersdev/asrobbin/braindance_data/24-03-25_plasticity/p001384/exp1/exp1,0,0.0,,False,spontaneous,3,True
s3://braingeneersdev/asrobbin/braindance_data/24-03-25_plasticity/,p001384,exp1/exp1_1,s3://braingeneersdev/asrobbin/braindance_data/24-03-25_plasticity/p001384/exp1/exp1_1,0,0.0,,False,spontaneous,3,True
s3://braingeneersdev/asrobbin/braindance_data/24-03-25_plasticity/,p001384,exp1/exp1_2,s3://braingeneersdev/asrobbin/braindance_data/24-03-25_plasticity/p001384/exp1/exp1_2,0,0.0,,False,spontaneous,3,True
s3://braingeneersdev/asrobbin/braindance_data/24-03-25_plasticity/,p001384,exp2/exp2,s3://braingeneersdev/asrobbin/braindance_data/24-03-25_plasticity/p001384/exp2/exp2,650,0.5,,False,stim,5,True
s3://braingeneersdev/asrobbin/braindance_data/24-03-25_plasticity/,p001384,exp2/exp2_cartpole_F_2,s3://braingeneersdev/asrobbin/braindance_data/24-03-25_plasticity/p001384/exp2/exp2_cartpole_F_2,143,4.0,4.121962399175173,True,stim,5,True
s3://braingeneersdev/asrobbin/braindance_data/24-03-25_plasticity/,p001384,exp2/exp2_cartpole_F_1,s3://braingeneersdev/asrobbin/braindance_data/24-03-25_plasticity/p001384/exp2/exp2_cartpole_F_1,9337,8.0,10.117262492899645,True,stim,5,True
s3://braingeneersdev/asrobbin/braindance_data/24-03-25_plasticity/,p001384,exp2/exp2_cartpole_F,s3://braingeneersdev/asrobbin/braindance_data/24-03-25_plasticity/p001384/exp2/exp2_cartpole_F,574,4.0,4.086858207191665,True,stim,5,True
s3://braingeneersdev/asrobbin/braindance_data/24-03-25_plasticity/,p001384,exp2/exp2_causal,s3://braingeneersdev/asrobbin/braindance_data/24-03-25_plasticity/p001384/exp2/exp2_causal,650,2.0,2.0000214608154736,True,stim,5,True
s3://braingeneersdev/asrobbin/braindance_data/25-02-2025_cp_drugs_gpu/,25123ic,full1/full1_cartpole_F_15,s3://braingeneersdev/asrobbin/braindance_data/25-02-2025_cp_drugs_gpu/25123ic/full1/full1_cartpole_F_15,2306,2.0,2.5624137125644606,True,stim,19,True
s3://braingeneersdev/asrobbin/braindance_data/25-02-2025_cp_drugs_gpu/,25123ic,full1/full1_cartpole_F_8,s3://braingeneersdev/asrobbin/braindance_data/25-02-2025_cp_drugs_gpu/25123ic/full1/full1_cartpole_F_8,2079,2.0,2.310253622444493,True,stim,19,True
s3://braingeneersdev/asrobbin/braindance_data/25-02-2025_cp_drugs_gpu/,25123ic,full1/full1_cartpole_F_4,s3://braingeneersdev/asrobbin/braindance_data/25-02-2025_cp_drugs_gpu/25123ic/full1/full1_cartpole_F_4,2396,2.0,2.663922563393562,True,stim,19,True
s3://braingeneersdev/asrobbin/braindance_data/25-02-2025_cp_drugs_gpu/,25123ic,full1/full1_cartpole_F_11,s3://braingeneersdev/asrobbin/braindance_data/25-02-2025_cp_drugs_gpu/25123ic/full1/full1_cartpole_F_11,2204,2.0,2.448873874576036,True,stim,19,True
s3://braingeneersdev/asrobbin/braindance_data/25-02-2025_cp_drugs_gpu/,25123ic,full1/full1_cartpole_F_1,s3://braingeneersdev/asrobbin/braindance_data/25-02-2025_cp_drugs_gpu/25123ic/full1/full1_cartpole_F_1,2222,2.0,2.471775317110762,True,stim,19,True
s3://braingeneersdev/asrobbin/braindance_data/25-02-2025_cp_drugs_gpu/,25123ic,full1/full1_cartpole_F_14,s3://braingeneersdev/asrobbin/braindance_data/25-02-2025_cp_drugs_gpu/25123ic/full1/full1_cartpole_F_14,2366,2.0,2.629387156854726,True,stim,19,True
s3://braingeneersdev/asrobbin/braindance_data/25-02-2025_cp_drugs_gpu/,25123ic,full1/full1_cartpole_F_13,s3://braingeneersdev/asrobbin/braindance_data/25-02-2025_cp_drugs_gpu/25123ic/full1/full1_cartpole_F_13,2336,2.0,2.6031673505184947,True,stim,19,True
s3://braingeneersdev/asrobbin/braindance_data/25-02-2025_cp_drugs_gpu/,25123ic,full1/full1_cartpole_F_12,s3://braingeneersdev/asrobbin/braindance_data/25-02-2025_cp_drugs_gpu/25123ic/full1/full1_cartpole_F_12,2255,2.0,2.506104646394425,True,stim,19,True
s3://braingeneersdev/asrobbin/braindance_data/25-02-2025_cp_drugs_gpu/,25123ic,full1/full1_cartpole_F,s3://braingeneersdev/asrobbin/braindance_data/25-02-2025_cp_drugs_gpu/25123ic/full1/full1_cartpole_F,2150,2.0,2.3924860558059486,True,stim,19,True
s3://braingeneersdev/asrobbin/braindance_data/25-02-2025_cp_drugs_gpu/,25123ic,full1/full1_cartpole_F_10,s3://braingeneersdev/asrobbin/braindance_data/25-02-2025_cp_drugs_gpu/25123ic/full1/full1_cartpole_F_10,2138,2.0,2.382575766749615,True,stim,19,True
s3://braingeneersdev/asrobbin/braindance_data/25-02-2025_cp_drugs_gpu/,25123ic,full1/full1_cartpole_F_3,s3://braingeneersdev/asrobbin/braindance_data/25-02-2025_cp_drugs_gpu/25123ic/full1/full1_cartpole_F_3,1243,2.0,2.2749322175798414,True,stim,19,True
s3://braingeneersdev/asrobbin/braindance_data/25-02-2025_cp_drugs_gpu/,25123ic,full1/full1_cartpole_F_7,s3://braingeneersdev/asrobbin/braindance_data/25-02-2025_cp_drugs_gpu/25123ic/full1/full1_cartpole_F_7,2116,2.0,2.3523662342045712,True,stim,19,True
s3://braingeneersdev/asrobbin/braindance_data/25-02-2025_cp_drugs_gpu/,25123ic,full1/full1_cartpole_F_5,s3://braingeneersdev/asrobbin/braindance_data/25-02-2025_cp_drugs_gpu/25123ic/full1/full1_cartpole_F_5,1823,2.0,2.026320460842556,True,stim,19,True
s3://braingeneersdev/asrobbin/braindance_data/25-02-2025_cp_drugs_gpu/,25123ic,full1/full1_1,s3://braingeneersdev/asrobbin/braindance_data/25-02-2025_cp_drugs_gpu/25123ic/full1/full1_1,1150,2.0,1.999998575812644,True,stim,19,True
s3://braingeneersdev/asrobbin/braindance_data/25-02-2025_cp_drugs_gpu/,25123ic,full1/full1,s3://braingeneersdev/asrobbin/braindance_data/25-02-2025_cp_drugs_gpu/25123ic/full1/full1,0,0.0,,False,spontaneous,19,True
s3://braingeneersdev/asrobbin/braindance_data/25-02-2025_cp_drugs_gpu/,25123ic,full1/full1_cartpole_F_9,s3://braingeneersdev/asrobbin/braindance_data/25-02-2025_cp_drugs_gpu/25123ic/full1/full1_cartpole_F_9,2415,2.0,2.683753894429771,True,stim,19,True
s3://braingeneersdev/asrobbin/braindance_data/25-02-2025_cp_drugs_gpu/,25123ic,full1/full1_cartpole_F_2,s3://braingeneersdev/asrobbin/braindance_data/25-02-2025_cp_drugs_gpu/25123ic/full1/full1_cartpole_F_2,2064,2.0,2.293382733880275,True,stim,19,True
s3://braingeneersdev/asrobbin/braindance_data/25-02-2025_cp_drugs_gpu/,25123ic,full1/full1_cartpole_F_16,s3://braingeneersdev/asrobbin/braindance_data/25-02-2025_cp_drugs_gpu/25123ic/full1/full1_cartpole_F_16,2180,2.0,2.425744314475362,True,stim,19,True
s3://braingeneersdev/asrobbin/braindance_data/25-02-2025_cp_drugs_gpu/,25123ic,full1/full1_cartpole_F_6,s3://braingeneersdev/asrobbin/braindance_data/25-02-2025_cp_drugs_gpu/25123ic/full1/full1_cartpole_F_6,1837,2.0,2.0408776319029203,True,stim,19,True
s3://braingeneersdev/asrobbin/braindance_data/25-02-2025_cp_drugs_gpu/,25178ic,drug1/drug1_cartpole_F,s3://braingeneersdev/asrobbin/braindance_data/25-02-2025_cp_drugs_gpu/25178ic/drug1/drug1_cartpole_F,181,2.0,2.35491696695073,True,stim,12,True
s3://braingeneersdev/asrobbin/braindance_data/25-02-2025_cp_drugs_gpu/,25178ic,drug1/drug1_cartpole_F_5,s3://braingeneersdev/asrobbin/braindance_data/25-02-2025_cp_drugs_gpu/25178ic/drug1/drug1_cartpole_F_5,214,2.0,2.797530497495333,True,stim,12,True
s3://braingeneersdev/asrobbin/braindance_data/25-02-2025_cp_drugs_gpu/,25178ic,drug1/drug1_cartpole_F_7,s3://braingeneersdev/asrobbin/braindance_data/25-02-2025_cp_drugs_gpu/25178ic/drug1/drug1_cartpole_F_7,7167,2.0,2.8910610648454105,True,stim,12,True
s3://braingeneersdev/asrobbin/braindance_data/25-02-2025_cp_drugs_gpu/,25178ic,drug1/drug1_cartpole_F_6,s3://braingeneersdev/asrobbin/braindance_data/25-02-2025_cp_drugs_gpu/25178ic/drug1/drug1_cartpole_F_6,2460,2.0,2.6068130780397314,True,stim,12,True
s3://braingeneersdev/asrobbin/braindance_data/25-02-2025_cp_drugs_gpu/,25178ic,drug1/drug1_cartpole_F_2,s3://braingeneersdev/asrobbin/braindance_data/25-02-2025_cp_drugs_gpu/25178ic/drug1/drug1_cartpole_F_2,402,2.0,2.2643464198062575,True,stim,12,True
s3://braingeneersdev/asrobbin/braindance_data/25-02-2025_cp_drugs_gpu/,25178ic,drug1/drug1_cartpole_F_4,s3://braingeneersdev/asrobbin/braindance_data/25-02-2025_cp_drugs_gpu/25178ic/drug1/drug1_cartpole_F_4,154,2.0,2.63897334368756,True,stim,12,True
s3://braingeneersdev/asrobbin/braindance_data/25-02-2025_cp_drugs_gpu/,25178ic,drug1/drug1_cartpole_F_9,s3://braingeneersdev/asrobbin/braindance_data/25-02-2025_cp_drugs_gpu/25178ic/drug1/drug1_cartpole_F_9,2246,2.0,2.643897938679011,True,stim,12,True
s3://braingeneersdev/asrobbin/braindance_data/25-02-2025_cp_drugs_gpu/,25178ic,drug1/drug1_cartpole_F_8,s3://braingeneersdev/asrobbin/braindance_data/25-02-2025_cp_drugs_gpu/25178ic/drug1/drug1_cartpole_F_8,3550,2.0,2.465630296736867,True,stim,12,True
s3://braingeneersdev/asrobbin/braindance_data/25-02-2025_cp_drugs_gpu/,25178ic,drug1/drug1,s3://braingeneersdev/asrobbin/braindance_data/25-02-2025_cp_drugs_gpu/25178ic/drug1/drug1,1250,0.5,,False,stim,12,True
s3://braingeneersdev/asrobbin/braindance_data/25-02-2025_cp_drugs_gpu/,25178ic,drug1/drug1_cartpole_F_1,s3://braingeneersdev/asrobbin/braindance_data/25-02-2025_cp_drugs_gpu/25178ic/drug1/drug1_cartpole_F_1,197,2.0,2.221152821629219,True,stim,12,True
s3://braingeneersdev/asrobbin/braindance_data/25-02-2025_cp_drugs_gpu/,25178ic,drug1/drug1_cartpole_F_3,s3://braingeneersdev/asrobbin/braindance_data/25-02-2025_cp_drugs_gpu/25178ic/drug1/drug1_cartpole_F_3,871,2.0,2.603993052312518,True,stim,12,True
s3://braingeneersdev/asrobbin/braindance_data/25-02-2025_cp_drugs_gpu/,25178ic,drug1/drug1_causal,s3://braingeneersdev/asrobbin/braindance_data/25-02-2025_cp_drugs_gpu/25178ic/drug1/drug1_causal,1250,2.0,1.9999931340059685,True,stim,12,True
s3://braingeneersdev/asrobbin/braindance_data/25-02-2025_cp_drugs_gpu/,25178ic,drug3/drug3_1,s3://braingeneersdev/asrobbin/braindance_data/25-02-2025_cp_drugs_gpu/25178ic/drug3/drug3_1,1100,2.0,2.000021437234838,True,stim,2,True
s3://braingeneersdev/asrobbin/braindance_data/25-02-2025_cp_drugs_gpu/,25178ic,drug3/drug3,s3://braingeneersdev/asrobbin/braindance_data/25-02-2025_cp_drugs_gpu/25178ic/drug3/drug3,0,0.0,,False,spontaneous,2,True
s3://braingeneersdev/asrobbin/braindance_data/25-02-2025_cp_drugs_gpu/,25178ic,drug4/drug4_cartpole_F_2,s3://braingeneersdev/asrobbin/braindance_data/25-02-2025_cp_drugs_gpu/25178ic/drug4/drug4_cartpole_F_2,2297,2.0,2.5520876893683218,True,stim,5,True
s3://braingeneersdev/asrobbin/braindance_data/25-02-2025_cp_drugs_gpu/,25178ic,drug4/drug4_1,s3://braingeneersdev/asrobbin/braindance_data/25-02-2025_cp_drugs_gpu/25178ic/drug4/drug4_1,1100,2.0,2.00000055179649,True,stim,5,True
s3://braingeneersdev/asrobbin/braindance_data/25-02-2025_cp_drugs_gpu/,25178ic,drug4/drug4_cartpole_F_1,s3://braingeneersdev/asrobbin/braindance_data/25-02-2025_cp_drugs_gpu/25178ic/drug4/drug4_cartpole_F_1,2316,2.0,2.5736035285007546,True,stim,5,True
s3://braingeneersdev/asrobbin/braindance_data/25-02-2025_cp_drugs_gpu/,25178ic,drug4/drug4_cartpole_F,s3://braingeneersdev/asrobbin/braindance_data/25-02-2025_cp_drugs_gpu/25178ic/drug4/drug4_cartpole_F,2579,2.0,2.8669347374718193,True,stim,5,True
s3://braingeneersdev/asrobbin/braindance_data/25-02-2025_cp_drugs_gpu/,25178ic,drug4/drug4,s3://braingeneersdev/asrobbin/braindance_data/25-02-2025_cp_drugs_gpu/25178ic/drug4/drug4,0,0.0,,False,spontaneous,5,True
s3://braingeneersdev/asrobbin/braindance_data/25-02-2025_cp_drugs_gpu/,25178ic,exp1/exp1_cartpole_F_4,s3://braingeneersdev/asrobbin/braindance_data/25-02-2025_cp_drugs_gpu/25178ic/exp1/exp1_cartpole_F_4,1954,2.0,2.003263581091654,True,stim,19,True
s3://braingeneersdev/asrobbin/braindance_data/25-02-2025_cp_drugs_gpu/,25178ic,exp1/exp1_cartpole_long_8,s3://braingeneersdev/asrobbin/braindance_data/25-02-2025_cp_drugs_gpu/25178ic/exp1/exp1_cartpole_long_8,1257,2.0,2.4294285556015196,True,stim,19,True
s3://braingeneersdev/asrobbin/braindance_data/25-02-2025_cp_drugs_gpu/,25178ic,exp1/exp1_cartpole_long,s3://braingeneersdev/asrobbin/braindance_data/25-02-2025_cp_drugs_gpu/25178ic/exp1/exp1_cartpole_long,49,2.0,2.4201214475521504,True,stim,19,True
s3://braingeneersdev/asrobbin/braindance_data/25-02-2025_cp_drugs_gpu/,25178ic,exp1/exp1_cartpole_F_2,s3://braingeneersdev/asrobbin/braindance_data/25-02-2025_cp_drugs_gpu/25178ic/exp1/exp1_cartpole_F_2,2232,2.0,2.12731341061352,True,stim,19,True
s3://braingeneersdev/asrobbin/braindance_data/25-02-2025_cp_drugs_gpu/,25178ic,exp1/exp1_cartpole_long_6,s3://braingeneersdev/asrobbin/braindance_data/25-02-2025_cp_drugs_gpu/25178ic/exp1/exp1_cartpole_long_6,2017,2.0,2.243179304422073,True,stim,19,True
s3://braingeneersdev/asrobbin/braindance_data/25-02-2025_cp_drugs_gpu/,25178ic,exp1/exp1,s3://braingeneersdev/asrobbin/braindance_data/25-02-2025_cp_drugs_gpu/25178ic/exp1/exp1,1250,0.5,,False,stim,19,True
s3://braingeneersdev/asrobbin/braindance_data/25-02-2025_cp_drugs_gpu/,25178ic,exp1/exp1_cartpole_long_1,s3://braingeneersdev/asrobbin/braindance_data/25-02-2025_cp_drugs_gpu/25178ic/exp1/exp1_cartpole_long_1,16,2.0,2.2270840923040063,True,stim,19,True
s3://braingeneersdev/asrobbin/braindance_data/25-02-2025_cp_drugs_gpu/,25178ic,exp1/exp1_cartpole_long_11,s3://braingeneersdev/asrobbin/braindance_data/25-02-2025_cp_drugs_gpu/25178ic/exp1/exp1_cartpole_long_11,768,2.0,2.3446954373531756,True,stim,19,True
s3://braingeneersdev/asrobbin/braindance_data/25-02-2025_cp_drugs_gpu/,25178ic,exp1/exp1_cartpole_long_2,s3://braingeneersdev/asrobbin/braindance_data/25-02-2025_cp_drugs_gpu/25178ic/exp1/exp1_cartpole_long_2,137,2.0,2.553618626233255,True,stim,19,True
s3://braingeneersdev/asrobbin/braindance_data/25-02-2025_cp_drugs_gpu/,25178ic,exp1/exp1_cartpole_long_3,s3://braingeneersdev/asrobbin/braindance_data/25-02-2025_cp_drugs_gpu/25178ic/exp1/exp1_cartpole_long_3,908,2.0,2.1353143806423818,True,stim,19,True
s3://braingeneersdev/asrobbin/braindance_data/25-02-2025_cp_drugs_gpu/,25178ic,exp1/exp1_cartpole_long_9,s3://braingeneersdev/asrobbin/braindance_data/25-02-2025_cp_drugs_gpu/25178ic/exp1/exp1_cartpole_long_9,1396,2.0,2.167982011822013,True,stim,19,True
s3://braingeneersdev/asrobbin/braindance_data/25-02-2025_cp_drugs_gpu/,25178ic,exp1/exp1_causal,s3://braingeneersdev/asrobbin/braindance_data/25-02-2025_cp_drugs_gpu/25178ic/exp1/exp1_causal,1250,2.0,2.0000150729781625,True,stim,19,True
s3://braingeneersdev/asrobbin/braindance_data/25-02-2025_cp_drugs_gpu/,25178ic,exp1/exp1_cartpole_F_1,s3://braingeneersdev/asrobbin/braindance_data/25-02-2025_cp_drugs_gpu/25178ic/exp1/exp1_cartpole_F_1,1927,2.0,2.0141056130553765,True,stim,19,True
s3://braingeneersdev/asrobbin/braindance_data/25-02-2025_cp_drugs_gpu/,25178ic,exp1/exp1_cartpole_F,s3://braingeneersdev/asrobbin/braindance_data/25-02-2025_cp_drugs_gpu/25178ic/exp1/exp1_cartpole_F,2336,2.0,2.1831521459656895,True,stim,19,True
s3://braingeneersdev/asrobbin/braindance_data/25-02-2025_cp_drugs_gpu/,25178ic,exp1/exp1_cartpole_long_4,s3://braingeneersdev/asrobbin/braindance_data/25-02-2025_cp_drugs_gpu/25178ic/exp1/exp1_cartpole_long_4,0,0.0,,False,spontaneous,19,True
s3://braingeneersdev/asrobbin/braindance_data/25-02-2025_cp_drugs_gpu/,25178ic,exp1/exp1_cartpole_F_3,s3://braingeneersdev/asrobbin/braindance_data/25-02-2025_cp_drugs_gpu/25178ic/exp1/exp1_cartpole_F_3,1918,2.0,1.978039634297791,True,stim,19,True
s3://braingeneersdev/asrobbin/braindance_data/25-02-2025_cp_drugs_gpu/,25178ic,exp1/exp1_cartpole_long_5,s3://braingeneersdev/asrobbin/braindance_data/25-02-2025_cp_drugs_gpu/25178ic/exp1/exp1_cartpole_long_5,0,0.0,,False,spontaneous,19,True
s3://braingeneersdev/asrobbin/braindance_data/25-02-2025_cp_drugs_gpu/,25178ic,exp1/exp1_cartpole_long_10,s3://braingeneersdev/asrobbin/braindance_data/25-02-2025_cp_drugs_gpu/25178ic/exp1/exp1_cartpole_long_10,2482,2.0,2.758933980207915,True,stim,19,True
s3://braingeneersdev/asrobbin/braindance_data/25-02-2025_cp_drugs_gpu/,25178ic,exp1/exp1_cartpole_long_7,s3://braingeneersdev/asrobbin/braindance_data/25-02-2025_cp_drugs_gpu/25178ic/exp1/exp1_cartpole_long_7,1560,2.0,2.3779441240610497,True,stim,19,True
s3://braingeneersdev/asrobbin/braindance_data/25-02-2025_cp_drugs_gpu/,25178ic,full3/full3_cartpole_F_16,s3://braingeneersdev/asrobbin/braindance_data/25-02-2025_cp_drugs_gpu/25178ic/full3/full3_cartpole_F_16,2466,2.0,2.7409576465724834,True,stim,28,True
s3://braingeneersdev/asrobbin/braindance_data/25-02-2025_cp_drugs_gpu/,25178ic,full3/full3_cartpole_F_11,s3://braingeneersdev/asrobbin/braindance_data/25-02-2025_cp_drugs_gpu/25178ic/full3/full3_cartpole_F_11,2532,2.0,2.8142123900477194,True,stim,28,True
s3://braingeneersdev/asrobbin/braindance_data/25-02-2025_cp_drugs_gpu/,25178ic,full3/full3_cartpole_F_25,s3://braingeneersdev/asrobbin/braindance_data/25-02-2025_cp_drugs_gpu/25178ic/full3/full3_cartpole_F_25,2463,2.0,2.737351183904849,True,stim,28,True
s3://braingeneersdev/asrobbin/braindance_data/25-02-2025_cp_drugs_gpu/,25178ic,full3/full3_cartpole_F_9,s3://braingeneersdev/asrobbin/braindance_data/25-02-2025_cp_drugs_gpu/25178ic/full3/full3_cartpole_F_9,2549,2.0,2.841107753237603,True,stim,28,True
s3://braingeneersdev/asrobbin/braindance_data/25-02-2025_cp_drugs_gpu/,25178ic,full3/full3_cartpole_F_2,s3://braingeneersdev/asrobbin/braindance_data/25-02-2025_cp_drugs_gpu/25178ic/full3/full3_cartpole_F_2,2332,2.0,2.591399016024067,True,stim,28,True
s3://braingeneersdev/asrobbin/braindance_data/25-02-2025_cp_drugs_gpu/,25178ic,full3/full3_cartpole_F_14,s3://braingeneersdev/asrobbin/braindance_data/25-02-2025_cp_drugs_gpu/25178ic/full3/full3_cartpole_F_14,2524,2.0,2.804749041047951,True,stim,28,True
s3://braingeneersdev/asrobbin/braindance_data/25-02-2025_cp_drugs_gpu/,25178ic,full3/full3_cartpole_F_23,s3://braingeneersdev/asrobbin/braindance_data/25-02-2025_cp_drugs_gpu/25178ic/full3/full3_cartpole_F_23,2619,2.0,2.910596526547467,True,stim,28,True
s3://braingeneersdev/asrobbin/braindance_data/25-02-2025_cp_drugs_gpu/,25178ic,full3/full3_cartpole_F,s3://braingeneersdev/asrobbin/braindance_data/25-02-2025_cp_drugs_gpu/25178ic/full3/full3_cartpole_F,2205,2.0,2.450792610818865,True,stim,28,True
s3://braingeneersdev/asrobbin/braindance_data/25-02-2025_cp_drugs_gpu/,25178ic,full3/full3_cartpole_F_6,s3://braingeneersdev/asrobbin/braindance_data/25-02-2025_cp_drugs_gpu/25178ic/full3/full3_cartpole_F_6,2180,2.0,2.955543829765952,True,stim,28,True
s3://braingeneersdev/asrobbin/braindance_data/25-02-2025_cp_drugs_gpu/,25178ic,full3/full3_cartpole_F_22,s3://braingeneersdev/asrobbin/braindance_data/25-02-2025_cp_drugs_gpu/25178ic/full3/full3_cartpole_F_22,2632,2.0,2.9247185011448473,True,stim,28,True
s3://braingeneersdev/asrobbin/braindance_data/25-02-2025_cp_drugs_gpu/,25178ic,full3/full3_cartpole_F_8,s3://braingeneersdev/asrobbin/braindance_data/25-02-2025_cp_drugs_gpu/25178ic/full3/full3_cartpole_F_8,2545,2.0,2.830360870663747,True,stim,28,True
s3://braingeneersdev/asrobbin/braindance_data/25-02-2025_cp_drugs_gpu/,25178ic,full3/full3_cartpole_F_1,s3://braingeneersdev/asrobbin/braindance_data/25-02-2025_cp_drugs_gpu/25178ic/full3/full3_cartpole_F_1,2509,2.0,2.7919053600006474,True,stim,28,True
s3://braingeneersdev/asrobbin/braindance_data/25-02-2025_cp_drugs_gpu/,25178ic,full3/full3_cartpole_F_17,s3://braingeneersdev/asrobbin/braindance_data/25-02-2025_cp_drugs_gpu/25178ic/full3/full3_cartpole_F_17,2492,2.0,2.7692078728178235,True,stim,28,True
s3://braingeneersdev/asrobbin/braindance_data/25-02-2025_cp_drugs_gpu/,25178ic,full3/full3_cartpole_F_5,s3://braingeneersdev/asrobbin/braindance_data/25-02-2025_cp_drugs_gpu/25178ic/full3/full3_cartpole_F_5,2529,2.0,2.811418052689419,True,stim,28,True
s3://braingeneersdev/asrobbin/braindance_data/25-02-2025_cp_drugs_gpu/,25178ic,full3/full3_cartpole_F_7,s3://braingeneersdev/asrobbin/braindance_data/25-02-2025_cp_drugs_gpu/25178ic/full3/full3_cartpole_F_7,2388,2.0,2.654711664638226,True,stim,28,True
s3://braingeneersdev/asrobbin/braindance_data/25-02-2025_cp_drugs_gpu/,25178ic,full3/full3_cartpole_F_24,s3://braingeneersdev/asrobbin/braindance_data/25-02-2025_cp_drugs_gpu/25178ic/full3/full3_cartpole_F_24,2499,2.0,2.7777899788453313,True,stim,28,True
s3://braingeneersdev/asrobbin/braindance_data/25-02-2025_cp_drugs_gpu/,25178ic,full3/full3_cartpole_F_4,s3://braingeneersdev/asrobbin/braindance_data/25-02-2025_cp_drugs_gpu/25178ic/full3/full3_cartpole_F_4,2114,2.0,2.355262545865006,True,stim,28,True
s3://braingeneersdev/asrobbin/braindance_data/25-02-2025_cp_drugs_gpu/,25178ic,full3/full3_cartpole_F_18,s3://braingeneersdev/asrobbin/braindance_data/25-02-2025_cp_drugs_gpu/25178ic/full3/full3_cartpole_F_18,2526,2.0,2.807057026988418,True,stim,28,True
s3://braingeneersdev/asrobbin/braindance_data/25-02-2025_cp_drugs_gpu/,25178ic,full3/full3_1,s3://braingeneersdev/asrobbin/braindance_data/25-02-2025_cp_drugs_gpu/25178ic/full3/full3_1,1200,2.0,2.000004751817914,True,stim,28,True
s3://braingeneersdev/asrobbin/braindance_data/25-02-2025_cp_drugs_gpu/,25178ic,full3/full3_cartpole_F_15,s3://braingeneersdev/asrobbin/braindance_data/25-02-2025_cp_drugs_gpu/25178ic/full3/full3_cartpole_F_15,2569,2.0,2.8562681395762928,True,stim,28,True
s3://braingeneersdev/asrobbin/braindance_data/25-02-2025_cp_drugs_gpu/,25178ic,full3/full3_cartpole_F_10,s3://braingeneersdev/asrobbin/braindance_data/25-02-2025_cp_drugs_gpu/25178ic/full3/full3_cartpole_F_10,2625,2.0,2.9174776122059436,True,stim,28,True
s3://braingeneersdev/asrobbin/braindance_data/25-02-2025_cp_drugs_gpu/,25178ic,full3/full3_cartpole_F_20,s3://braingeneersdev/asrobbin/braindance_data/25-02-2025_cp_drugs_gpu/25178ic/full3/full3_cartpole_F_20,2504,2.0,2.7829113168874633,True,stim,28,True
s3://braingeneersdev/asrobbin/braindance_data/25-02-2025_cp_drugs_gpu/,25178ic,full3/full3_cartpole_F_12,s3://braingeneersdev/asrobbin/braindance_data/25-02-2025_cp_drugs_gpu/25178ic/full3/full3_cartpole_F_12,2489,2.0,2.765761507431301,True,stim,28,True
s3://braingeneersdev/asrobbin/braindance_data/25-02-2025_cp_drugs_gpu/,25178ic,full3/full3,s3://braingeneersdev/asrobbin/braindance_data/25-02-2025_cp_drugs_gpu/25178ic/full3/full3,0,0.0,,False,spontaneous,28,True
s3://braingeneersdev/asrobbin/braindance_data/25-02-2025_cp_drugs_gpu/,25178ic,full3/full3_cartpole_F_21,s3://braingeneersdev/asrobbin/braindance_data/25-02-2025_cp_drugs_gpu/25178ic/full3/full3_cartpole_F_21,2460,2.0,2.7334218329117146,True,stim,28,True
s3://braingeneersdev/asrobbin/braindance_data/25-02-2025_cp_drugs_gpu/,25178ic,full3/full3_cartpole_F_19,s3://braingeneersdev/asrobbin/braindance_data/25-02-2025_cp_drugs_gpu/25178ic/full3/full3_cartpole_F_19,2567,2.0,2.852908771325261,True,stim,28,True
s3://braingeneersdev/asrobbin/braindance_data/25-02-2025_cp_drugs_gpu/,25178ic,full3/full3_cartpole_F_3,s3://braingeneersdev/asrobbin/braindance_data/25-02-2025_cp_drugs_gpu/25178ic/full3/full3_cartpole_F_3,2232,2.0,2.4812144038606023,True,stim,28,True
s3://braingeneersdev/asrobbin/braindance_data/25-02-2025_cp_drugs_gpu/,25178ic,full3/full3_cartpole_F_13,s3://braingeneersdev/asrobbin/braindance_data/25-02-2025_cp_drugs_gpu/25178ic/full3/full3_cartpole_F_13,2490,2.0,2.7668471220823734,True,stim,28,True
s3://braingeneersdev/asrobbin/braindance_data/25-02-2025_cp_drugs_gpu/,25178ic,test/test_recording,s3://braingeneersdev/asrobbin/braindance_data/25-02-2025_cp_drugs_gpu/25178ic/test/test_recording,0,0.0,,False,spontaneous,1,True
s3://braingeneersdev/asrobbin/braindance_data/25-02-2025_cp_drugs_gpu/,25178ic,test2/test2_recording,s3://braingeneersdev/asrobbin/braindance_data/25-02-2025_cp_drugs_gpu/25178ic/test2/test2_recording,0,0.0,,False,spontaneous,1,True
s3://braingeneersdev/asrobbin/braindance_data/25-02-2025_cp_drugs_gpu/,25178ic,test4/test4_recording,s3://braingeneersdev/asrobbin/braindance_data/25-02-2025_cp_drugs_gpu/25178ic/test4/test4_recording,0,0.0,,False,spontaneous,1,True
s3://braingeneersdev/asrobbin/braindance_data/25-02-2025_cp_drugs_gpu/,25178ic,test_full,s3://braingeneersdev/asrobbin/braindance_data/25-02-2025_cp_drugs_gpu/25178ic/test_full/,0,0.0,,False,spontaneous,0,False
s3://braingeneersdev/asrobbin/braindance_data/2024-05-30_drugs_cartpole/,20264,baseline/baseline_cartpole_long_2,s3://braingeneersdev/asrobbin/braindance_data/2024-05-30_drugs_cartpole/20264/baseline/baseline_cartpole_long_2,561,2.0,2.318167227693875,True,stim,12,True
s3://braingeneersdev/asrobbin/braindance_data/2024-05-30_drugs_cartpole/,20264,baseline/baseline_cartpole_long_3,s3://braingeneersdev/asrobbin/braindance_data/2024-05-30_drugs_cartpole/20264/baseline/baseline_cartpole_long_3,1781,2.0,2.160655335078331,True,stim,12,True
s3://braingeneersdev/asrobbin/braindance_data/2024-05-30_drugs_cartpole/,20264,baseline/baseline,s3://braingeneersdev/asrobbin/braindance_data/2024-05-30_drugs_cartpole/20264/baseline/baseline,1300,0.5,,False,stim,12,True
s3://braingeneersdev/asrobbin/braindance_data/2024-05-30_drugs_cartpole/,20264,baseline/baseline_cartpole_long_8,s3://braingeneersdev/asrobbin/braindance_data/2024-05-30_drugs_cartpole/20264/baseline/baseline_cartpole_long_8,1993,2.0,2.2170786628162675,True,stim,12,True
s3://braingeneersdev/asrobbin/braindance_data/2024-05-30_drugs_cartpole/,20264,baseline/baseline_cartpole_long_5,s3://braingeneersdev/asrobbin/braindance_data/2024-05-30_drugs_cartpole/20264/baseline/baseline_cartpole_long_5,1929,2.0,2.145712950591063,True,stim,12,True
s3://braingeneersdev/asrobbin/braindance_data/2024-05-30_drugs_cartpole/,20264,baseline/baseline_cartpole_long_6,s3://braingeneersdev/asrobbin/braindance_data/2024-05-30_drugs_cartpole/20264/baseline/baseline_cartpole_long_6,1934,2.0,2.151343843156978,True,stim,12,True
s3://braingeneersdev/asrobbin/braindance_data/2024-05-30_drugs_cartpole/,20264,baseline/baseline_causal,s3://braingeneersdev/asrobbin/braindance_data/2024-05-30_drugs_cartpole/20264/baseline/baseline_causal,1300,2.0,1.9999892845470073,True,stim,12,True
s3://braingeneersdev/asrobbin/braindance_data/2024-05-30_drugs_cartpole/,20264,baseline/baseline_cartpole_long_1,s3://braingeneersdev/asrobbin/braindance_data/2024-05-30_drugs_cartpole/20264/baseline/baseline_cartpole_long_1,519,2.0,2.2019434589079565,True,stim,12,True
s3://braingeneersdev/asrobbin/braindance_data/2024-05-30_drugs_cartpole/,20264,baseline/baseline_cartpole_long_7,s3://braingeneersdev/asrobbin/braindance_data/2024-05-30_drugs_cartpole/20264/baseline/baseline_cartpole_long_7,2133,2.0,2.374851488480831,True,stim,12,True
s3://braingeneersdev/asrobbin/braindance_data/2024-05-30_drugs_cartpole/,20264,baseline/baseline_cartpole_long_9,s3://braingeneersdev/asrobbin/braindance_data/2024-05-30_drugs_cartpole/20264/baseline/baseline_cartpole_long_9,412,2.0,2.53150765750578,True,stim,12,True
s3://braingeneersdev/asrobbin/braindance_data/2024-05-30_drugs_cartpole/,20264,baseline/baseline_cartpole_long,s3://braingeneersdev/asrobbin/braindance_data/2024-05-30_drugs_cartpole/20264/baseline/baseline_cartpole_long,294,2.0,2.1341123066113163,True,stim,12,True
s3://braingeneersdev/asrobbin/braindance_data/2024-05-30_drugs_cartpole/,20264,baseline/baseline_cartpole_long_4,s3://braingeneersdev/asrobbin/braindance_data/2024-05-30_drugs_cartpole/20264/baseline/baseline_cartpole_long_4,2108,2.0,2.344223146666871,True,stim,12,True
s3://braingeneersdev/asrobbin/braindance_data/2025-03-24_cp_full_drugs/,25245ic,full5/full5_cartpole_F_3,s3://braingeneersdev/asrobbin/braindance_data/2025-03-24_cp_full_drugs/25245ic/full5/full5_cartpole_F_3,2006,2.0,2.230723877279141,True,stim,14,True
s3://braingeneersdev/asrobbin/braindance_data/2025-03-24_cp_full_drugs/,25245ic,full5/full5_cartpole_F_4,s3://braingeneersdev/asrobbin/braindance_data/2025-03-24_cp_full_drugs/25245ic/full5/full5_cartpole_F_4,1778,2.0,2.3264013143613305,True,stim,14,True
s3://braingeneersdev/asrobbin/braindance_data/2025-03-24_cp_full_drugs/,25245ic,full5/full5_cartpole_F_8,s3://braingeneersdev/asrobbin/braindance_data/2025-03-24_cp_full_drugs/25245ic/full5/full5_cartpole_F_8,1958,2.0,2.183860731880489,True,stim,14,True
s3://braingeneersdev/asrobbin/braindance_data/2025-03-24_cp_full_drugs/,25245ic,full5/full5_cartpole_F_9,s3://braingeneersdev/asrobbin/braindance_data/2025-03-24_cp_full_drugs/25245ic/full5/full5_cartpole_F_9,2121,2.0,2.3607324137234555,True,stim,14,True
s3://braingeneersdev/asrobbin/braindance_data/2025-03-24_cp_full_drugs/,25245ic,full5/full5_cartpole_F_10,s3://braingeneersdev/asrobbin/braindance_data/2025-03-24_cp_full_drugs/25245ic/full5/full5_cartpole_F_10,2387,2.0,2.654063184666138,True,stim,14,True
s3://braingeneersdev/asrobbin/braindance_data/2025-03-24_cp_full_drugs/,25245ic,full5/full5_cartpole_F_6,s3://braingeneersdev/asrobbin/braindance_data/2025-03-24_cp_full_drugs/25245ic/full5/full5_cartpole_F_6,1784,2.0,1.986683768659909,True,stim,14,True
s3://braingeneersdev/asrobbin/braindance_data/2025-03-24_cp_full_drugs/,25245ic,full5/full5_cartpole_F_7,s3://braingeneersdev/asrobbin/braindance_data/2025-03-24_cp_full_drugs/25245ic/full5/full5_cartpole_F_7,1790,2.0,1.9990282703126512,True,stim,14,True
s3://braingeneersdev/asrobbin/braindance_data/2025-03-24_cp_full_drugs/,25245ic,full5/full5_cartpole_F_5,s3://braingeneersdev/asrobbin/braindance_data/2025-03-24_cp_full_drugs/25245ic/full5/full5_cartpole_F_5,2359,2.0,2.6269525405241687,True,stim,14,True
s3://braingeneersdev/asrobbin/braindance_data/2025-03-24_cp_full_drugs/,25245ic,full5/full5_cartpole_F_2,s3://braingeneersdev/asrobbin/braindance_data/2025-03-24_cp_full_drugs/25245ic/full5/full5_cartpole_F_2,2355,2.0,2.619477650568133,True,stim,14,True
s3://braingeneersdev/asrobbin/braindance_data/2025-03-24_cp_full_drugs/,25245ic,full5/full5_cartpole_F_1,s3://braingeneersdev/asrobbin/braindance_data/2025-03-24_cp_full_drugs/25245ic/full5/full5_cartpole_F_1,2395,2.0,2.6672203901319755,True,stim,14,True
s3://braingeneersdev/asrobbin/braindance_data/2025-03-24_cp_full_drugs/,25245ic,full5/full5,s3://braingeneersdev/asrobbin/braindance_data/2025-03-24_cp_full_drugs/25245ic/full5/full5,0,0.0,,False,spontaneous,14,True
s3://braingeneersdev/asrobbin/braindance_data/2025-03-24_cp_full_drugs/,25245ic,full5/full5_1,s3://braingeneersdev/asrobbin/braindance_data/2025-03-24_cp_full_drugs/25245ic/full5/full5_1,500,2.0,2.0000241033834425,True,stim,14,True
s3://braingeneersdev/asrobbin/braindance_data/2025-03-24_cp_full_drugs/,25245ic,full5/full5_cartpole_F,s3://braingeneersdev/asrobbin/braindance_data/2025-03-24_cp_full_drugs/25245ic/full5/full5_cartpole_F,139,2.0,2.263087801036934,True,stim,14,True
s3://braingeneersdev/asrobbin/braindance_data/2025-03-24_cp_full_drugs/,25245ic,full5/full5_cartpole_F_11,s3://braingeneersdev/asrobbin/braindance_data/2025-03-24_cp_full_drugs/25245ic/full5/full5_cartpole_F_11,2070,2.0,2.307226455452064,True,stim,14,True
s3://braingeneers/braindance/bee_25-11-26/,25126hs3,exp1/exp1_cont_184,s3://braingeneers/braindance/bee_25-11-26/25126hs3/exp1/exp1_cont_184,0,0.0,,False,spontaneous,263,True
s3://braingeneers/braindance/bee_25-11-26/,25126hs3,exp1/exp1_cont_158,s3://braingeneers/braindance/bee_25-11-26/25126hs3/exp1/exp1_cont_158,0,0.0,,False,spontaneous,263,True
s3://braingeneers/braindance/bee_25-11-26/,25126hs3,exp1/exp1_cont_50,s3://braingeneers/braindance/bee_25-11-26/25126hs3/exp1/exp1_cont_50,0,0.0,,False,spontaneous,263,True
s3://braingeneers/braindance/bee_25-11-26/,25126hs3,exp1/exp1_cont_54,s3://braingeneers/braindance/bee_25-11-26/25126hs3/exp1/exp1_cont_54,0,0.0,,False,spontaneous,263,True
s3://braingeneers/braindance/bee_25-11-26/,25126hs3,exp1/exp1_cont_153,s3://braingeneers/braindance/bee_25-11-26/25126hs3/exp1/exp1_cont_153,1500,1.0,0.9999995395405694,True,stim,263,True
s3://braingeneers/braindance/bee_25-11-26/,25126hs3,exp1/exp1_cont_213,s3://braingeneers/braindance/bee_25-11-26/25126hs3/exp1/exp1_cont_213,1500,1.0,0.9999998482129272,True,stim,263,True
s3://braingeneers/braindance/bee_25-11-26/,25126hs3,exp1/exp1_cont_191,s3://braingeneers/braindance/bee_25-11-26/25126hs3/exp1/exp1_cont_191,750,0.5,0.4999997932394019,True,stim,263,True
s3://braingeneers/braindance/bee_25-11-26/,25126hs3,exp1/exp1_cont_45,s3://braingeneers/braindance/bee_25-11-26/25126hs3/exp1/exp1_cont_45,3000,2.0,2.0000009329580255,True,stim,263,True
s3://braingeneers/braindance/bee_25-11-26/,25126hs3,exp1/exp1_cont_236,s3://braingeneers/braindance/bee_25-11-26/25126hs3/exp1/exp1_cont_236,0,0.0,,False,spontaneous,263,True
s3://braingeneers/braindance/bee_25-11-26/,25126hs3,exp1/exp1_cont_250,s3://braingeneers/braindance/bee_25-11-26/25126hs3/exp1/exp1_cont_250,0,0.0,,False,spontaneous,263,True
s3://braingeneers/braindance/bee_25-11-26/,25126hs3,exp1/exp1_cont_25,s3://braingeneers/braindance/bee_25-11-26/25126hs3/exp1/exp1_cont_25,3000,2.0,2.0000017530645824,True,stim,263,True
s3://braingeneers/braindance/bee_25-11-26/,25126hs3,exp1/exp1_cont_146,s3://braingeneers/braindance/bee_25-11-26/25126hs3/exp1/exp1_cont_146,0,0.0,,False,spontaneous,263,True
s3://braingeneers/braindance/bee_25-11-26/,25126hs3,exp1/exp1_cont_80,s3://braingeneers/braindance/bee_25-11-26/25126hs3/exp1/exp1_cont_80,0,0.0,,False,spontaneous,263,True
s3://braingeneers/braindance/bee_25-11-26/,25126hs3,exp1/exp1_cont_197,s3://braingeneers/braindance/bee_25-11-26/25126hs3/exp1/exp1_cont_197,6000,4.0,3.999997004460235,True,stim,263,True
s3://braingeneers/braindance/bee_25-11-26/,25126hs3,exp1/exp1_cont_166,s3://braingeneers/braindance/bee_25-11-26/25126hs3/exp1/exp1_cont_166,0,0.0,,False,spontaneous,263,True
s3://braingeneers/braindance/bee_25-11-26/,25126hs3,exp1/exp1_cont_39,s3://braingeneers/braindance/bee_25-11-26/25126hs3/exp1/exp1_cont_39,12000,8.0,8.000008313624654,True,stim,263,True
s3://braingeneers/braindance/bee_25-11-26/,25126hs3,exp1/exp1_cont_131,s3://braingeneers/braindance/bee_25-11-26/25126hs3/exp1/exp1_cont_131,750,0.5,0.499999845268387,True,stim,263,True
s3://braingeneers/braindance/bee_25-11-26/,25126hs3,exp1/exp1_cont_121,s3://braingeneers/braindance/bee_25-11-26/25126hs3/exp1/exp1_cont_121,750,0.5,0.499999490112368,True,stim,263,True
s3://braingeneers/braindance/bee_25-11-26/,25126hs3,exp1/exp1_cont_144,s3://braingeneers/braindance/bee_25-11-26/25126hs3/exp1/exp1_cont_144,0,0.0,,False,spontaneous,263,True
s3://braingeneers/braindance/bee_25-11-26/,25126hs3,exp1/exp1_cont_204,s3://braingeneers/braindance/bee_25-11-26/25126hs3/exp1/exp1_cont_204,0,0.0,,False,spontaneous,263,True
s3://braingeneers/braindance/bee_25-11-26/,25126hs3,exp1/exp1_cont_46,s3://braingeneers/braindance/bee_25-11-26/25126hs3/exp1/exp1_cont_46,0,0.0,,False,spontaneous,263,True
s3://braingeneers/braindance/bee_25-11-26/,25126hs3,exp1/exp1_cont_238,s3://braingeneers/braindance/bee_25-11-26/25126hs3/exp1/exp1_cont_238,0,0.0,,False,spontaneous,263,True
s3://braingeneers/braindance/bee_25-11-26/,25126hs3,exp1/exp1_cont_125,s3://braingeneers/braindance/bee_25-11-26/25126hs3/exp1/exp1_cont_125,3000,2.0,1.9999958854343365,True,stim,263,True
s3://braingeneers/braindance/bee_25-11-26/,25126hs3,exp1/exp1_cont_133,s3://braingeneers/braindance/bee_25-11-26/25126hs3/exp1/exp1_cont_133,1500,1.0,1.0000005903046243,True,stim,263,True
s3://braingeneers/braindance/bee_25-11-26/,25126hs3,exp1/exp1_cont_24,s3://braingeneers/braindance/bee_25-11-26/25126hs3/exp1/exp1_cont_24,0,0.0,,False,spontaneous,263,True
s3://braingeneers/braindance/bee_25-11-26/,25126hs3,exp1/exp1_cont_136,s3://braingeneers/braindance/bee_25-11-26/25126hs3/exp1/exp1_cont_136,0,0.0,,False,spontaneous,263,True
s3://braingeneers/braindance/bee_25-11-26/,25126hs3,exp1/exp1_cont_180,s3://braingeneers/braindance/bee_25-11-26/25126hs3/exp1/exp1_cont_180,0,0.0,,False,spontaneous,263,True
s3://braingeneers/braindance/bee_25-11-26/,25126hs3,exp1/exp1_cont_244,s3://braingeneers/braindance/bee_25-11-26/25126hs3/exp1/exp1_cont_244,0,0.0,,False,spontaneous,263,True
s3://braingeneers/braindance/bee_25-11-26/,25126hs3,exp1/exp1_cont_152,s3://braingeneers/braindance/bee_25-11-26/25126hs3/exp1/exp1_cont_152,0,0.0,,False,spontaneous,263,True
s3://braingeneers/braindance/bee_25-11-26/,25126hs3,exp1/exp1_cont_223,s3://braingeneers/braindance/bee_25-11-26/25126hs3/exp1/exp1_cont_223,1500,1.0,1.0000007176715402,True,stim,263,True
s3://braingeneers/braindance/bee_25-11-26/,25126hs3,exp1/exp1_cont_90,s3://braingeneers/braindance/bee_25-11-26/25126hs3/exp1/exp1_cont_90,0,0.0,,False,spontaneous,263,True
s3://braingeneers/braindance/bee_25-11-26/,25126hs3,exp1/exp1_cont_243,s3://braingeneers/braindance/bee_25-11-26/25126hs3/exp1/exp1_cont_243,1500,1.0,0.9999990059383992,True,stim,263,True
s3://braingeneers/braindance/bee_25-11-26/,25126hs3,exp1/exp1_cont_135,s3://braingeneers/braindance/bee_25-11-26/25126hs3/exp1/exp1_cont_135,3000,2.0,2.0000022892938145,True,stim,263,True
s3://braingeneers/braindance/bee_25-11-26/,25126hs3,exp1/exp1_cont_145,s3://braingeneers/braindance/bee_25-11-26/25126hs3/exp1/exp1_cont_145,3000,2.0,1.999995992935045,True,stim,263,True
s3://braingeneers/braindance/bee_25-11-26/,25126hs3,exp1/exp1_cont_32,s3://braingeneers/braindance/bee_25-11-26/25126hs3/exp1/exp1_cont_32,0,0.0,,False,spontaneous,263,True
s3://braingeneers/braindance/bee_25-11-26/,25126hs3,exp1/exp1_cont_65,s3://braingeneers/braindance/bee_25-11-26/25126hs3/exp1/exp1_cont_65,3000,2.0,2.000001011105351,True,stim,263,True
s3://braingeneers/braindance/bee_25-11-26/,25126hs3,exp1/exp1_cont_210,s3://braingeneers/braindance/bee_25-11-26/25126hs3/exp1/exp1_cont_210,0,0.0,,False,spontaneous,263,True
s3://braingeneers/braindance/bee_25-11-26/,25126hs3,exp1/exp1_cont_124,s3://braingeneers/braindance/bee_25-11-26/25126hs3/exp1/exp1_cont_124,0,0.0,,False,spontaneous,263,True
s3://braingeneers/braindance/bee_25-11-26/,25126hs3,exp1/exp1_cont_12,s3://braingeneers/braindance/bee_25-11-26/25126hs3/exp1/exp1_cont_12,0,0.0,,False,spontaneous,263,True
s3://braingeneers/braindance/bee_25-11-26/,25126hs3,exp1/exp1_cont_18,s3://braingeneers/braindance/bee_25-11-26/25126hs3/exp1/exp1_cont_18,0,0.0,,False,spontaneous,263,True
s3://braingeneers/braindance/bee_25-11-26/,25126hs3,exp1/exp1_cont_75,s3://braingeneers/braindance/bee_25-11-26/25126hs3/exp1/exp1_cont_75,3000,2.0,2.0000004109984197,True,stim,263,True
s3://braingeneers/braindance/bee_25-11-26/,25126hs3,exp1/exp1_cont_77,s3://braingeneers/braindance/bee_25-11-26/25126hs3/exp1/exp1_cont_77,6000,4.0,3.999992584988278,True,stim,263,True
s3://braingeneers/braindance/bee_25-11-26/,25126hs3,exp1/exp1_cont_249,s3://braingeneers/braindance/bee_25-11-26/25126hs3/exp1/exp1_cont_249,12000,8.0,8.000006122994773,True,stim,263,True
s3://braingeneers/braindance/bee_25-11-26/,25126hs3,exp1/exp1_cont_175,s3://braingeneers/braindance/bee_25-11-26/25126hs3/exp1/exp1_cont_175,3000,2.0,2.0000006685525715,True,stim,263,True
s3://braingeneers/braindance/bee_25-11-26/,25126hs3,exp1/exp1_cont_94,s3://braingeneers/braindance/bee_25-11-26/25126hs3/exp1/exp1_cont_94,0,0.0,,False,spontaneous,263,True
s3://braingeneers/braindance/bee_25-11-26/,25126hs3,exp1/exp1_cont_169,s3://braingeneers/braindance/bee_25-11-26/25126hs3/exp1/exp1_cont_169,12000,8.0,7.999995237968499,True,stim,263,True
s3://braingeneers/braindance/bee_25-11-26/,25126hs3,exp1/exp1_cont_114,s3://braingeneers/braindance/bee_25-11-26/25126hs3/exp1/exp1_cont_114,0,0.0,,False,spontaneous,263,True
s3://braingeneers/braindance/bee_25-11-26/,25126hs3,exp1/exp1_cont_108,s3://braingeneers/braindance/bee_25-11-26/25126hs3/exp1/exp1_cont_108,0,0.0,,False,spontaneous,263,True
s3://braingeneers/braindance/bee_25-11-26/,25126hs3,exp1/exp1_cont_48,s3://braingeneers/braindance/bee_25-11-26/25126hs3/exp1/exp1_cont_48,0,0.0,,False,spontaneous,263,True
s3://braingeneers/braindance/bee_25-11-26/,25126hs3,exp1/exp1_cont_182,s3://braingeneers/braindance/bee_25-11-26/25126hs3/exp1/exp1_cont_182,0,0.0,,False,spontaneous,263,True
s3://braingeneers/braindance/bee_25-11-26/,25126hs3,exp1/exp1_cont_62,s3://braingeneers/braindance/bee_25-11-26/25126hs3/exp1/exp1_cont_62,0,0.0,,False,spontaneous,263,True
s3://braingeneers/braindance/bee_25-11-26/,25126hs3,exp1/exp1_cont_53,s3://braingeneers/braindance/bee_25-11-26/25126hs3/exp1/exp1_cont_53,1500,1.0,0.9999970748664708,True,stim,263,True
s3://braingeneers/braindance/bee_25-11-26/,25126hs3,exp1/exp1_cont_205,s3://braingeneers/braindance/bee_25-11-26/25126hs3/exp1/exp1_cont_205,3000,2.0,2.000001691287884,True,stim,263,True
s3://braingeneers/braindance/bee_25-11-26/,25126hs3,exp1/exp1_cont_119,s3://braingeneers/braindance/bee_25-11-26/25126hs3/exp1/exp1_cont_119,12000,8.0,8.000001726725671,True,stim,263,True
s3://braingeneers/braindance/bee_25-11-26/,25126hs3,exp1/exp1_cont_130,s3://braingeneers/braindance/bee_25-11-26/25126hs3/exp1/exp1_cont_130,0,0.0,,False,spontaneous,263,True
s3://braingeneers/braindance/bee_25-11-26/,25126hs3,exp1/exp1_cont_55,s3://braingeneers/braindance/bee_25-11-26/25126hs3/exp1/exp1_cont_55,3000,2.0,2.0000006324974144,True,stim,263,True
s3://braingeneers/braindance/bee_25-11-26/,25126hs3,exp1/exp1_cont_189,s3://braingeneers/braindance/bee_25-11-26/25126hs3/exp1/exp1_cont_189,12000,8.0,7.99999150572248,True,stim,263,True
s3://braingeneers/braindance/bee_25-11-26/,25126hs3,exp1/exp1_cont_122,s3://braingeneers/braindance/bee_25-11-26/25126hs3/exp1/exp1_cont_122,0,0.0,,False,spontaneous,263,True
s3://braingeneers/braindance/bee_25-11-26/,25126hs3,exp1/exp1_cont_60,s3://braingeneers/braindance/bee_25-11-26/25126hs3/exp1/exp1_cont_60,0,0.0,,False,spontaneous,263,True
s3://braingeneers/braindance/bee_25-11-26/,25126hs3,exp1/exp1_cont_101,s3://braingeneers/braindance/bee_25-11-26/25126hs3/exp1/exp1_cont_101,750,0.5,0.5000010887050158,True,stim,263,True
s3://braingeneers/braindance/bee_25-11-26/,25126hs3,exp1/exp1_cont_217,s3://braingeneers/braindance/bee_25-11-26/25126hs3/exp1/exp1_cont_217,6000,4.0,3.9999970460562464,True,stim,263,True
s3://braingeneers/braindance/bee_25-11-26/,25126hs3,exp1/exp1_cont_247,s3://braingeneers/braindance/bee_25-11-26/25126hs3/exp1/exp1_cont_247,6000,4.0,4.000002725614013,True,stim,263,True
s3://braingeneers/braindance/bee_25-11-26/,25126hs3,exp1/exp1_cont_168,s3://braingeneers/braindance/bee_25-11-26/25126hs3/exp1/exp1_cont_168,0,0.0,,False,spontaneous,263,True
s3://braingeneers/braindance/bee_25-11-26/,25126hs3,exp1/exp1_cont_129,s3://braingeneers/braindance/bee_25-11-26/25126hs3/exp1/exp1_cont_129,12000,8.0,8.000013982575428,True,stim,263,True
s3://braingeneers/braindance/bee_25-11-26/,25126hs3,exp1/exp1_cont_202,s3://braingeneers/braindance/bee_25-11-26/25126hs3/exp1/exp1_cont_202,0,0.0,,False,spontaneous,263,True
s3://braingeneers/braindance/bee_25-11-26/,25126hs3,exp1/exp1_cont_156,s3://braingeneers/braindance/bee_25-11-26/25126hs3/exp1/exp1_cont_156,0,0.0,,False,spontaneous,263,True
s3://braingeneers/braindance/bee_25-11-26/,25126hs3,exp1/exp1_cont_127,s3://braingeneers/braindance/bee_25-11-26/25126hs3/exp1/exp1_cont_127,6000,4.0,4.00000292900745,True,stim,263,True
s3://braingeneers/braindance/bee_25-11-26/,25126hs3,exp1/exp1_cont_40,s3://braingeneers/braindance/bee_25-11-26/25126hs3/exp1/exp1_cont_40,0,0.0,,False,spontaneous,263,True
s3://braingeneers/braindance/bee_25-11-26/,25126hs3,exp1/exp1_cont_134,s3://braingeneers/braindance/bee_25-11-26/25126hs3/exp1/exp1_cont_134,0,0.0,,False,spontaneous,263,True
s3://braingeneers/braindance/bee_25-11-26/,25126hs3,exp1/exp1_cont_87,s3://braingeneers/braindance/bee_25-11-26/25126hs3/exp1/exp1_cont_87,6000,4.0,3.9999965055962994,True,stim,263,True
s3://braingeneers/braindance/bee_25-11-26/,25126hs3,exp1/exp1,s3://braingeneers/braindance/bee_25-11-26/25126hs3/exp1/exp1,0,0.0,,False,spontaneous,263,True
s3://braingeneers/braindance/bee_25-11-26/,25126hs3,exp1/exp1_cont_115,s3://braingeneers/braindance/bee_25-11-26/25126hs3/exp1/exp1_cont_115,3000,2.0,1.999995397219097,True,stim,263,True
s3://braingeneers/braindance/bee_25-11-26/,25126hs3,exp1/exp1_cont_200,s3://braingeneers/braindance/bee_25-11-26/25126hs3/exp1/exp1_cont_200,0,0.0,,False,spontaneous,263,True
s3://braingeneers/braindance/bee_25-11-26/,25126hs3,exp1/exp1_cont_82,s3://braingeneers/braindance/bee_25-11-26/25126hs3/exp1/exp1_cont_82,0,0.0,,False,spontaneous,263,True
s3://braingeneers/braindance/bee_25-11-26/,25126hs3,exp1/exp1_cont_239,s3://braingeneers/braindance/bee_25-11-26/25126hs3/exp1/exp1_cont_239,12000,8.0,8.000001896626804,True,stim,263,True
s3://braingeneers/braindance/bee_25-11-26/,25126hs3,exp1/exp1_cont_85,s3://braingeneers/braindance/bee_25-11-26/25126hs3/exp1/exp1_cont_85,3000,2.0,1.9999996201521324,True,stim,263,True
s3://braingeneers/braindance/bee_25-11-26/,25126hs3,exp1/exp1_cont_9,s3://braingeneers/braindance/bee_25-11-26/25126hs3/exp1/exp1_cont_9,12000,8.0,7.99998571461174,True,stim,263,True
s3://braingeneers/braindance/bee_25-11-26/,25126hs3,exp1/exp1_cont_226,s3://braingeneers/braindance/bee_25-11-26/25126hs3/exp1/exp1_cont_226,0,0.0,,False,spontaneous,263,True
s3://braingeneers/braindance/bee_25-11-26/,25126hs3,exp1/exp1_cont_28,s3://braingeneers/braindance/bee_25-11-26/25126hs3/exp1/exp1_cont_28,0,0.0,,False,spontaneous,263,True
s3://braingeneers/braindance/bee_25-11-26/,25126hs3,exp1/exp1_cont_102,s3://braingeneers/braindance/bee_25-11-26/25126hs3/exp1/exp1_cont_102,0,0.0,,False,spontaneous,263,True
s3://braingeneers/braindance/bee_25-11-26/,25126hs3,exp1/exp1_cont_78,s3://braingeneers/braindance/bee_25-11-26/25126hs3/exp1/exp1_cont_78,0,0.0,,False,spontaneous,263,True
s3://braingeneers/braindance/bee_25-11-26/,25126hs3,exp1/exp1_cont_252,s3://braingeneers/braindance/bee_25-11-26/25126hs3/exp1/exp1_cont_252,0,0.0,,False,spontaneous,263,True
s3://braingeneers/braindance/bee_25-11-26/,25126hs3,exp1/exp1_cont_58,s3://braingeneers/braindance/bee_25-11-26/25126hs3/exp1/exp1_cont_58,0,0.0,,False,spontaneous,263,True
s3://braingeneers/braindance/bee_25-11-26/,25126hs3,exp1/exp1_cont_113,s3://braingeneers/braindance/bee_25-11-26/25126hs3/exp1/exp1_cont_113,1500,1.0,0.99999834134567,True,stim,263,True
s3://braingeneers/braindance/bee_25-11-26/,25126hs3,exp1/exp1_cont_255,s3://braingeneers/braindance/bee_25-11-26/25126hs3/exp1/exp1_cont_255,3000,2.0,1.9999956467183344,True,stim,263,True
s3://braingeneers/braindance/bee_25-11-26/,25126hs3,exp1/exp1_cont_37,s3://braingeneers/braindance/bee_25-11-26/25126hs3/exp1/exp1_cont_37,6000,4.0,3.999996855774248,True,stim,263,True
s3://braingeneers/braindance/bee_25-11-26/,25126hs3,exp1/exp1_cont_139,s3://braingeneers/braindance/bee_25-11-26/25126hs3/exp1/exp1_cont_139,12000,8.0,7.999978983012381,True,stim,263,True
s3://braingeneers/braindance/bee_25-11-26/,25126hs3,exp1/exp1_cont_47,s3://braingeneers/braindance/bee_25-11-26/25126hs3/exp1/exp1_cont_47,6000,4.0,4.000000969260659,True,stim,263,True
s3://braingeneers/braindance/bee_25-11-26/,25126hs3,exp1/exp1_cont_116,s3://braingeneers/braindance/bee_25-11-26/25126hs3/exp1/exp1_cont_116,0,0.0,,False,spontaneous,263,True
s3://braingeneers/braindance/bee_25-11-26/,25126hs3,exp1/exp1_cont_123,s3://braingeneers/braindance/bee_25-11-26/25126hs3/exp1/exp1_cont_123,1500,1.0,0.9999992617983304,True,stim,263,True
s3://braingeneers/braindance/bee_25-11-26/,25126hs3,exp1/exp1_cont_151,s3://braingeneers/braindance/bee_25-11-26/25126hs3/exp1/exp1_cont_151,750,0.5,0.4999985060976187,True,stim,263,True
s3://braingeneers/braindance/bee_25-11-26/,25126hs3,exp1/exp1_cont_212,s3://braingeneers/braindance/bee_25-11-26/25126hs3/exp1/exp1_cont_212,0,0.0,,False,spontaneous,263,True
s3://braingeneers/braindance/bee_25-11-26/,25126hs3,exp1/exp1_cont_95,s3://braingeneers/braindance/bee_25-11-26/25126hs3/exp1/exp1_cont_95,3000,2.0,1.9999987514257629,True,stim,263,True
s3://braingeneers/braindance/bee_25-11-26/,25126hs3,exp1/exp1_cont_117,s3://braingeneers/braindance/bee_25-11-26/25126hs3/exp1/exp1_cont_117,6000,4.0,3.999995373367434,True,stim,263,True
s3://braingeneers/braindance/bee_25-11-26/,25126hs3,exp1/exp1_cont_17,s3://braingeneers/braindance/bee_25-11-26/25126hs3/exp1/exp1_cont_17,6000,4.0,3.999991596491778,True,stim,263,True
s3://braingeneers/braindance/bee_25-11-26/,25126hs3,exp1/exp1_cont_230,s3://braingeneers/braindance/bee_25-11-26/25126hs3/exp1/exp1_cont_230,0,0.0,,False,spontaneous,263,True
s3://braingeneers/braindance/bee_25-11-26/,25126hs3,exp1/exp1_cont_33,s3://braingeneers/braindance/bee_25-11-26/25126hs3/exp1/exp1_cont_33,1500,1.0,1.0000013298583348,True,stim,263,True
s3://braingeneers/braindance/bee_25-11-26/,25126hs3,exp1/exp1_cont_128,s3://braingeneers/braindance/bee_25-11-26/25126hs3/exp1/exp1_cont_128,0,0.0,,False,spontaneous,263,True
s3://braingeneers/braindance/bee_25-11-26/,25126hs3,exp1/exp1_cont_218,s3://braingeneers/braindance/bee_25-11-26/25126hs3/exp1/exp1_cont_218,0,0.0,,False,spontaneous,263,True
s3://braingeneers/braindance/bee_25-11-26/,25126hs3,exp1/exp1_cont_221,s3://braingeneers/braindance/bee_25-11-26/25126hs3/exp1/exp1_cont_221,750,0.5,0.5000003924976743,True,stim,263,True
s3://braingeneers/braindance/bee_25-11-26/,25126hs3,exp1/exp1_cont_240,s3://braingeneers/braindance/bee_25-11-26/25126hs3/exp1/exp1_cont_240,0,0.0,,False,spontaneous,263,True
s3://braingeneers/braindance/bee_25-11-26/,25126hs3,exp1/exp1_cont_16,s3://braingeneers/braindance/bee_25-11-26/25126hs3/exp1/exp1_cont_16,0,0.0,,False,spontaneous,263,True
s3://braingeneers/braindance/bee_25-11-26/,25126hs3,exp1/exp1_cont_190,s3://braingeneers/braindance/bee_25-11-26/25126hs3/exp1/exp1_cont_190,0,0.0,,False,spontaneous,263,True
s3://braingeneers/braindance/bee_25-11-26/,25126hs3,exp1/exp1_cont_34,s3://braingeneers/braindance/bee_25-11-26/25126hs3/exp1/exp1_cont_34,0,0.0,,False,spontaneous,263,True
s3://braingeneers/braindance/bee_25-11-26/,25126hs3,exp1/exp1_cont_186,s3://braingeneers/braindance/bee_25-11-26/25126hs3/exp1/exp1_cont_186,0,0.0,,False,spontaneous,263,True
s3://braingeneers/braindance/bee_25-11-26/,25126hs3,exp1/exp1_cont_251,s3://braingeneers/braindance/bee_25-11-26/25126hs3/exp1/exp1_cont_251,750,0.5,0.5000002416076054,True,stim,263,True
s3://braingeneers/braindance/bee_25-11-26/,25126hs3,exp1/exp1_cont_64,s3://braingeneers/braindance/bee_25-11-26/25126hs3/exp1/exp1_cont_64,0,0.0,,False,spontaneous,263,True
s3://braingeneers/braindance/bee_25-11-26/,25126hs3,exp1/exp1_cont_206,s3://braingeneers/braindance/bee_25-11-26/25126hs3/exp1/exp1_cont_206,0,0.0,,False,spontaneous,263,True
s3://braingeneers/braindance/bee_25-11-26/,25126hs3,exp1/exp1_cont_234,s3://braingeneers/braindance/bee_25-11-26/25126hs3/exp1/exp1_cont_234,0,0.0,,False,spontaneous,263,True
s3://braingeneers/braindance/bee_25-11-26/,25126hs3,exp1/exp1_cont_49,s3://braingeneers/braindance/bee_25-11-26/25126hs3/exp1/exp1_cont_49,12000,8.0,8.00000223730709,True,stim,263,True
s3://braingeneers/braindance/bee_25-11-26/,25126hs3,exp1/exp1_cont_219,s3://braingeneers/braindance/bee_25-11-26/25126hs3/exp1/exp1_cont_219,12000,8.0,7.99998679588665,True,stim,263,True
s3://braingeneers/braindance/bee_25-11-26/,25126hs3,exp1/exp1_cont_1,s3://braingeneers/braindance/bee_25-11-26/25126hs3/exp1/exp1_cont_1,750,0.5,0.4999985669477378,True,stim,263,True
s3://braingeneers/braindance/bee_25-11-26/,25126hs3,exp1/exp1_cont_52,s3://braingeneers/braindance/bee_25-11-26/25126hs3/exp1/exp1_cont_52,0,0.0,,False,spontaneous,263,True
s3://braingeneers/braindance/bee_25-11-26/,25126hs3,exp1/exp1_cont_79,s3://braingeneers/braindance/bee_25-11-26/25126hs3/exp1/exp1_cont_79,12000,8.0,8.00000828708342,True,stim,263,True
s3://braingeneers/braindance/bee_25-11-26/,25126hs3,exp1/exp1_cont_208,s3://braingeneers/braindance/bee_25-11-26/25126hs3/exp1/exp1_cont_208,0,0.0,,False,spontaneous,263,True
s3://braingeneers/braindance/bee_25-11-26/,25126hs3,exp1/exp1_cont_71,s3://braingeneers/braindance/bee_25-11-26/25126hs3/exp1/exp1_cont_71,750,0.5,0.5000000333481737,True,stim,263,True
s3://braingeneers/braindance/bee_25-11-26/,25126hs3,exp1/exp1_cont_91,s3://braingeneers/braindance/bee_25-11-26/25126hs3/exp1/exp1_cont_91,750,0.5,0.5000009451345756,True,stim,263,True
s3://braingeneers/braindance/bee_25-11-26/,25126hs3,exp1/exp1_cont_15,s3://braingeneers/braindance/bee_25-11-26/25126hs3/exp1/exp1_cont_15,3000,2.0,1.999996184188639,True,stim,263,True
s3://braingeneers/braindance/bee_25-11-26/,25126hs3,exp1/exp1_cont_22,s3://braingeneers/braindance/bee_25-11-26/25126hs3/exp1/exp1_cont_22,0,0.0,,False,spontaneous,263,True
s3://braingeneers/braindance/bee_25-11-26/,25126hs3,exp1/exp1_cont_69,s3://braingeneers/braindance/bee_25-11-26/25126hs3/exp1/exp1_cont_69,12000,8.0,8.000007409830632,True,stim,263,True
s3://braingeneers/braindance/bee_25-11-26/,25126hs3,exp1/exp1_cont_159,s3://braingeneers/braindance/bee_25-11-26/25126hs3/exp1/exp1_cont_159,12000,8.0,7.99999045593003,True,stim,263,True
s3://braingeneers/braindance/bee_25-11-26/,25126hs3,exp1/exp1_cont_61,s3://braingeneers/braindance/bee_25-11-26/25126hs3/exp1/exp1_cont_61,750,0.5,0.4999995977452863,True,stim,263,True
s3://braingeneers/braindance/bee_25-11-26/,25126hs3,exp1/exp1_cont_209,s3://braingeneers/braindance/bee_25-11-26/25126hs3/exp1/exp1_cont_209,12000,8.0,8.000001594501562,True,stim,263,True
s3://braingeneers/braindance/bee_25-11-26/,25126hs3,exp1/exp1_cont_173,s3://braingeneers/braindance/bee_25-11-26/25126hs3/exp1/exp1_cont_173,1500,1.0,1.0000025997752422,True,stim,263,True
s3://braingeneers/braindance/bee_25-11-26/,25126hs3,exp1/exp1_cont_160,s3://braingeneers/braindance/bee_25-11-26/25126hs3/exp1/exp1_cont_160,0,0.0,,False,spontaneous,263,True
s3://braingeneers/braindance/bee_25-11-26/,25126hs3,exp1/exp1_cont_81,s3://braingeneers/braindance/bee_25-11-26/25126hs3/exp1/exp1_cont_81,750,0.5,0.5000006111602816,True,stim,263,True
s3://braingeneers/braindance/bee_25-11-26/,25126hs3,exp1/exp1_cont_232,s3://braingeneers/braindance/bee_25-11-26/25126hs3/exp1/exp1_cont_232,0,0.0,,False,spontaneous,263,True
s3://braingeneers/braindance/bee_25-11-26/,25126hs3,exp1/exp1_cont_89,s3://braingeneers/braindance/bee_25-11-26/25126hs3/exp1/exp1_cont_89,12000,8.0,7.999982144221428,True,stim,263,True
s3://braingeneers/braindance/bee_25-11-26/,25126hs3,exp1/exp1_cont_176,s3://braingeneers/braindance/bee_25-11-26/25126hs3/exp1/exp1_cont_176,0,0.0,,False,spontaneous,263,True
s3://braingeneers/braindance/bee_25-11-26/,25126hs3,exp1/exp1_cont_224,s3://braingeneers/braindance/bee_25-11-26/25126hs3/exp1/exp1_cont_224,0,0.0,,False,spontaneous,263,True
s3://braingeneers/braindance/bee_25-11-26/,25126hs3,exp1/exp1_cont,s3://braingeneers/braindance/bee_25-11-26/25126hs3/exp1/exp1_cont,0,0.0,,False,spontaneous,263,True
s3://braingeneers/braindance/bee_25-11-26/,25126hs3,exp1/exp1_cont_72,s3://braingeneers/braindance/bee_25-11-26/25126hs3/exp1/exp1_cont_72,0,0.0,,False,spontaneous,263,True
s3://braingeneers/braindance/bee_25-11-26/,25126hs3,exp1/exp1_cont_237,s3://braingeneers/braindance/bee_25-11-26/25126hs3/exp1/exp1_cont_237,6000,4.0,3.9999927835351543,True,stim,263,True
s3://braingeneers/braindance/bee_25-11-26/,25126hs3,exp1/exp1_cont_261,s3://braingeneers/braindance/bee_25-11-26/25126hs3/exp1/exp1_cont_261,275,0.5,0.4999987738214535,True,stim,263,True
s3://braingeneers/braindance/bee_25-11-26/,25126hs3,exp1/exp1_cont_143,s3://braingeneers/braindance/bee_25-11-26/25126hs3/exp1/exp1_cont_143,1500,1.0,0.999996692915539,True,stim,263,True
s3://braingeneers/braindance/bee_25-11-26/,25126hs3,exp1/exp1_cont_199,s3://braingeneers/braindance/bee_25-11-26/25126hs3/exp1/exp1_cont_199,12000,8.0,8.00000632923069,True,stim,263,True
s3://braingeneers/braindance/bee_25-11-26/,25126hs3,exp1/exp1_cont_13,s3://braingeneers/braindance/bee_25-11-26/25126hs3/exp1/exp1_cont_13,1500,1.0,0.999997352191074,True,stim,263,True
s3://braingeneers/braindance/bee_25-11-26/,25126hs3,exp1/exp1_cont_260,s3://braingeneers/braindance/bee_25-11-26/25126hs3/exp1/exp1_cont_260,0,0.0,,False,spontaneous,263,True
s3://braingeneers/braindance/bee_25-11-26/,25126hs3,exp1/exp1_cont_170,s3://braingeneers/braindance/bee_25-11-26/25126hs3/exp1/exp1_cont_170,0,0.0,,False,spontaneous,263,True
s3://braingeneers/braindance/bee_25-11-26/,25126hs3,exp1/exp1_cont_4,s3://braingeneers/braindance/bee_25-11-26/25126hs3/exp1/exp1_cont_4,0,0.0,,False,spontaneous,263,True
s3://braingeneers/braindance/bee_25-11-26/,25126hs3,exp1/exp1_cont_59,s3://braingeneers/braindance/bee_25-11-26/25126hs3/exp1/exp1_cont_59,12000,8.0,7.999995903943735,True,stim,263,True
s3://braingeneers/braindance/bee_25-11-26/,25126hs3,exp1/exp1_cont_227,s3://braingeneers/braindance/bee_25-11-26/25126hs3/exp1/exp1_cont_227,6000,4.0,3.9999942241068784,True,stim,263,True
s3://braingeneers/braindance/bee_25-11-26/,25126hs3,exp1/exp1_cont_137,s3://braingeneers/braindance/bee_25-11-26/25126hs3/exp1/exp1_cont_137,6000,4.0,4.000001198917882,True,stim,263,True
s3://braingeneers/braindance/bee_25-11-26/,25126hs3,exp1/exp1_cont_229,s3://braingeneers/braindance/bee_25-11-26/25126hs3/exp1/exp1_cont_229,12000,8.0,7.999988811120054,True,stim,263,True
s3://braingeneers/braindance/bee_25-11-26/,25126hs3,exp1/exp1_cont_96,s3://braingeneers/braindance/bee_25-11-26/25126hs3/exp1/exp1_cont_96,0,0.0,,False,spontaneous,263,True
s3://braingeneers/braindance/bee_25-11-26/,25126hs3,exp1/exp1_cont_183,s3://braingeneers/braindance/bee_25-11-26/25126hs3/exp1/exp1_cont_183,1500,1.0,0.999998885285472,True,stim,263,True
s3://braingeneers/braindance/bee_25-11-26/,25126hs3,exp1/exp1_cont_88,s3://braingeneers/braindance/bee_25-11-26/25126hs3/exp1/exp1_cont_88,0,0.0,,False,spontaneous,263,True
s3://braingeneers/braindance/bee_25-11-26/,25126hs3,exp1/exp1_cont_3,s3://braingeneers/braindance/bee_25-11-26/25126hs3/exp1/exp1_cont_3,1500,1.0,1.000001727094411,True,stim,263,True
s3://braingeneers/braindance/bee_25-11-26/,25126hs3,exp1/exp1_cont_111,s3://braingeneers/braindance/bee_25-11-26/25126hs3/exp1/exp1_cont_111,750,0.5,0.5000001256188472,True,stim,263,True
s3://braingeneers/braindance/bee_25-11-26/,25126hs3,exp1/exp1_cont_138,s3://braingeneers/braindance/bee_25-11-26/25126hs3/exp1/exp1_cont_138,0,0.0,,False,spontaneous,263,True
s3://braingeneers/braindance/bee_25-11-26/,25126hs3,exp1/exp1_cont_36,s3://braingeneers/braindance/bee_25-11-26/25126hs3/exp1/exp1_cont_36,0,0.0,,False,spontaneous,263,True
s3://braingeneers/braindance/bee_25-11-26/,25126hs3,exp1/exp1_cont_67,s3://braingeneers/braindance/bee_25-11-26/25126hs3/exp1/exp1_cont_67,6000,4.0,3.9999585473875374,True,stim,263,True
s3://braingeneers/braindance/bee_25-11-26/,25126hs3,exp1/exp1_cont_179,s3://braingeneers/braindance/bee_25-11-26/25126hs3/exp1/exp1_cont_179,12000,8.0,7.999994803393856,True,stim,263,True
s3://braingeneers/braindance/bee_25-11-26/,25126hs3,exp1/exp1_cont_42,s3://braingeneers/braindance/bee_25-11-26/25126hs3/exp1/exp1_cont_42,0,0.0,,False,spontaneous,263,True
s3://braingeneers/braindance/bee_25-11-26/,25126hs3,exp1/exp1_cont_31,s3://braingeneers/braindance/bee_25-11-26/25126hs3/exp1/exp1_cont_31,750,0.5,0.4999988423404323,True,stim,263,True
s3://braingeneers/braindance/bee_25-11-26/,25126hs3,exp1/exp1_cont_84,s3://braingeneers/braindance/bee_25-11-26/25126hs3/exp1/exp1_cont_84,0,0.0,,False,spontaneous,263,True
s3://braingeneers/braindance/bee_25-11-26/,25126hs3,exp1/exp1_cont_38,s3://braingeneers/braindance/bee_25-11-26/25126hs3/exp1/exp1_cont_38,0,0.0,,False,spontaneous,263,True
s3://braingeneers/braindance/bee_25-11-26/,25126hs3,exp1/exp1_cont_188,s3://braingeneers/braindance/bee_25-11-26/25126hs3/exp1/exp1_cont_188,0,0.0,,False,spontaneous,263,True
s3://braingeneers/braindance/bee_25-11-26/,25126hs3,exp1/exp1_cont_106,s3://braingeneers/braindance/bee_25-11-26/25126hs3/exp1/exp1_cont_106,0,0.0,,False,spontaneous,263,True
s3://braingeneers/braindance/bee_25-11-26/,25126hs3,exp1/exp1_cont_215,s3://braingeneers/braindance/bee_25-11-26/25126hs3/exp1/exp1_cont_215,3000,2.0,1.9999957719087924,True,stim,263,True
s3://braingeneers/braindance/bee_25-11-26/,25126hs3,exp1/exp1_cont_174,s3://braingeneers/braindance/bee_25-11-26/25126hs3/exp1/exp1_cont_174,0,0.0,,False,spontaneous,263,True
s3://braingeneers/braindance/bee_25-11-26/,25126hs3,exp1/exp1_cont_76,s3://braingeneers/braindance/bee_25-11-26/25126hs3/exp1/exp1_cont_76,0,0.0,,False,spontaneous,263,True
s3://braingeneers/braindance/bee_25-11-26/,25126hs3,exp1/exp1_cont_148,s3://braingeneers/braindance/bee_25-11-26/25126hs3/exp1/exp1_cont_148,0,0.0,,False,spontaneous,263,True
s3://braingeneers/braindance/bee_25-11-26/,25126hs3,exp1/exp1_cont_110,s3://braingeneers/braindance/bee_25-11-26/25126hs3/exp1/exp1_cont_110,0,0.0,,False,spontaneous,263,True
s3://braingeneers/braindance/bee_25-11-26/,25126hs3,exp1/exp1_cont_161,s3://braingeneers/braindance/bee_25-11-26/25126hs3/exp1/exp1_cont_161,750,0.5,0.5000000425930904,True,stim,263,True
s3://braingeneers/braindance/bee_25-11-26/,25126hs3,exp1/exp1_cont_241,s3://braingeneers/braindance/bee_25-11-26/25126hs3/exp1/exp1_cont_241,750,0.5,0.4999988669785575,True,stim,263,True
s3://braingeneers/braindance/bee_25-11-26/,25126hs3,exp1/exp1_cont_178,s3://braingeneers/braindance/bee_25-11-26/25126hs3/exp1/exp1_cont_178,0,0.0,,False,spontaneous,263,True
s3://braingeneers/braindance/bee_25-11-26/,25126hs3,exp1/exp1_cont_83,s3://braingeneers/braindance/bee_25-11-26/25126hs3/exp1/exp1_cont_83,1500,1.0,1.000001566313993,True,stim,263,True
s3://braingeneers/braindance/bee_25-11-26/,25126hs3,exp1/exp1_cont_235,s3://braingeneers/braindance/bee_25-11-26/25126hs3/exp1/exp1_cont_235,3000,2.0,1.9999973123196997,True,stim,263,True
s3://braingeneers/braindance/bee_25-11-26/,25126hs3,exp1/exp1_cont_107,s3://braingeneers/braindance/bee_25-11-26/25126hs3/exp1/exp1_cont_107,6000,4.0,4.000001325194685,True,stim,263,True
s3://braingeneers/braindance/bee_25-11-26/,25126hs3,exp1/exp1_cont_97,s3://braingeneers/braindance/bee_25-11-26/25126hs3/exp1/exp1_cont_97,6000,4.0,3.999997816309171,True,stim,263,True
s3://braingeneers/braindance/bee_25-11-26/,25126hs3,exp1/exp1_cont_140,s3://braingeneers/braindance/bee_25-11-26/25126hs3/exp1/exp1_cont_140,0,0.0,,False,spontaneous,263,True
s3://braingeneers/braindance/bee_25-11-26/,25126hs3,exp1/exp1_cont_164,s3://braingeneers/braindance/bee_25-11-26/25126hs3/exp1/exp1_cont_164,0,0.0,,False,spontaneous,263,True
s3://braingeneers/braindance/bee_25-11-26/,25126hs3,exp1/exp1_cont_220,s3://braingeneers/braindance/bee_25-11-26/25126hs3/exp1/exp1_cont_220,0,0.0,,False,spontaneous,263,True
s3://braingeneers/braindance/bee_25-11-26/,25126hs3,exp1/exp1_cont_109,s3://braingeneers/braindance/bee_25-11-26/25126hs3/exp1/exp1_cont_109,12000,8.0,7.999983033592973,True,stim,263,True
s3://braingeneers/braindance/bee_25-11-26/,25126hs3,exp1/exp1_cont_181,s3://braingeneers/braindance/bee_25-11-26/25126hs3/exp1/exp1_cont_181,750,0.5,0.4999999021615673,True,stim,263,True
s3://braingeneers/braindance/bee_25-11-26/,25126hs3,exp1/exp1_cont_192,s3://braingeneers/braindance/bee_25-11-26/25126hs3/exp1/exp1_cont_192,0,0.0,,False,spontaneous,263,True
s3://braingeneers/braindance/bee_25-11-26/,25126hs3,exp1/exp1_cont_195,s3://braingeneers/braindance/bee_25-11-26/25126hs3/exp1/exp1_cont_195,3000,2.0,1.999992963072187,True,stim,263,True
s3://braingeneers/braindance/bee_25-11-26/,25126hs3,exp1/exp1_cont_92,s3://braingeneers/braindance/bee_25-11-26/25126hs3/exp1/exp1_cont_92,0,0.0,,False,spontaneous,263,True
s3://braingeneers/braindance/bee_25-11-26/,25126hs3,exp1/exp1_cont_73,s3://braingeneers/braindance/bee_25-11-26/25126hs3/exp1/exp1_cont_73,1500,1.0,1.0000021996772372,True,stim,263,True
s3://braingeneers/braindance/bee_25-11-26/,25126hs3,exp1/exp1_cont_193,s3://braingeneers/braindance/bee_25-11-26/25126hs3/exp1/exp1_cont_193,1500,1.0,0.9999996932715826,True,stim,263,True
s3://braingeneers/braindance/bee_25-11-26/,25126hs3,exp1/exp1_cont_225,s3://braingeneers/braindance/bee_25-11-26/25126hs3/exp1/exp1_cont_225,3000,2.0,1.9999965938917663,True,stim,263,True
s3://braingeneers/braindance/bee_25-11-26/,25126hs3,exp1/exp1_cont_157,s3://braingeneers/braindance/bee_25-11-26/25126hs3/exp1/exp1_cont_157,6000,4.0,3.999992178586673,True,stim,263,True
s3://braingeneers/braindance/bee_25-11-26/,25126hs3,exp1/exp1_cont_105,s3://braingeneers/braindance/bee_25-11-26/25126hs3/exp1/exp1_cont_105,3000,2.0,2.0000005961149454,True,stim,263,True
s3://braingeneers/braindance/bee_25-11-26/,25126hs3,exp1/exp1_cont_198,s3://braingeneers/braindance/bee_25-11-26/25126hs3/exp1/exp1_cont_198,0,0.0,,False,spontaneous,263,True
s3://braingeneers/braindance/bee_25-11-26/,25126hs3,exp1/exp1_cont_246,s3://braingeneers/braindance/bee_25-11-26/25126hs3/exp1/exp1_cont_246,0,0.0,,False,spontaneous,263,True
s3://braingeneers/braindance/bee_25-11-26/,25126hs3,exp1/exp1_cont_74,s3://braingeneers/braindance/bee_25-11-26/25126hs3/exp1/exp1_cont_74,0,0.0,,False,spontaneous,263,True
s3://braingeneers/braindance/bee_25-11-26/,25126hs3,exp1/exp1_cont_228,s3://braingeneers/braindance/bee_25-11-26/25126hs3/exp1/exp1_cont_228,0,0.0,,False,spontaneous,263,True
s3://braingeneers/braindance/bee_25-11-26/,25126hs3,exp1/exp1_cont_10,s3://braingeneers/braindance/bee_25-11-26/25126hs3/exp1/exp1_cont_10,0,0.0,,False,spontaneous,263,True
s3://braingeneers/braindance/bee_25-11-26/,25126hs3,exp1/exp1_cont_216,s3://braingeneers/braindance/bee_25-11-26/25126hs3/exp1/exp1_cont_216,0,0.0,,False,spontaneous,263,True
s3://braingeneers/braindance/bee_25-11-26/,25126hs3,exp1/exp1_cont_150,s3://braingeneers/braindance/bee_25-11-26/25126hs3/exp1/exp1_cont_150,0,0.0,,False,spontaneous,263,True
s3://braingeneers/braindance/bee_25-11-26/,25126hs3,exp1/exp1_cont_70,s3://braingeneers/braindance/bee_25-11-26/25126hs3/exp1/exp1_cont_70,0,0.0,,False,spontaneous,263,True
s3://braingeneers/braindance/bee_25-11-26/,25126hs3,exp1/exp1_cont_163,s3://braingeneers/braindance/bee_25-11-26/25126hs3/exp1/exp1_cont_163,1500,1.0,1.000001012057741,True,stim,263,True
s3://braingeneers/braindance/bee_25-11-26/,25126hs3,exp1/exp1_cont_149,s3://braingeneers/braindance/bee_25-11-26/25126hs3/exp1/exp1_cont_149,12000,8.0,7.99999733342077,True,stim,263,True
s3://braingeneers/braindance/bee_25-11-26/,25126hs3,exp1/exp1_cont_211,s3://braingeneers/braindance/bee_25-11-26/25126hs3/exp1/exp1_cont_211,750,0.5,0.5000001984289845,True,stim,263,True
s3://braingeneers/braindance/bee_25-11-26/,25126hs3,exp1/exp1_cont_57,s3://braingeneers/braindance/bee_25-11-26/25126hs3/exp1/exp1_cont_57,6000,4.0,4.00000077870319,True,stim,263,True
s3://braingeneers/braindance/bee_25-11-26/,25126hs3,exp1/exp1_cont_214,s3://braingeneers/braindance/bee_25-11-26/25126hs3/exp1/exp1_cont_214,0,0.0,,False,spontaneous,263,True
s3://braingeneers/braindance/bee_25-11-26/,25126hs3,exp1/exp1_cont_120,s3://braingeneers/braindance/bee_25-11-26/25126hs3/exp1/exp1_cont_120,0,0.0,,False,spontaneous,263,True
s3://braingeneers/braindance/bee_25-11-26/,25126hs3,exp1/exp1_cont_142,s3://braingeneers/braindance/bee_25-11-26/25126hs3/exp1/exp1_cont_142,0,0.0,,False,spontaneous,263,True
s3://braingeneers/braindance/bee_25-11-26/,25126hs3,exp1/exp1_cont_86,s3://braingeneers/braindance/bee_25-11-26/25126hs3/exp1/exp1_cont_86,0,0.0,,False,spontaneous,263,True
s3://braingeneers/braindance/bee_25-11-26/,25126hs3,exp1/exp1_cont_196,s3://braingeneers/braindance/bee_25-11-26/25126hs3/exp1/exp1_cont_196,0,0.0,,False,spontaneous,263,True
s3://braingeneers/braindance/bee_25-11-26/,25126hs3,exp1/exp1_cont_154,s3://braingeneers/braindance/bee_25-11-26/25126hs3/exp1/exp1_cont_154,0,0.0,,False,spontaneous,263,True
s3://braingeneers/braindance/bee_25-11-26/,25126hs3,exp1/exp1_cont_245,s3://braingeneers/braindance/bee_25-11-26/25126hs3/exp1/exp1_cont_245,3000,2.0,2.0000037078945767,True,stim,263,True
s3://braingeneers/braindance/bee_25-11-26/,25126hs3,exp1/exp1_cont_112,s3://braingeneers/braindance/bee_25-11-26/25126hs3/exp1/exp1_cont_112,0,0.0,,False,spontaneous,263,True
s3://braingeneers/braindance/bee_25-11-26/,25126hs3,exp1/exp1_cont_56,s3://braingeneers/braindance/bee_25-11-26/25126hs3/exp1/exp1_cont_56,0,0.0,,False,spontaneous,263,True
s3://braingeneers/braindance/bee_25-11-26/,25126hs3,exp1/exp1_cont_103,s3://braingeneers/braindance/bee_25-11-26/25126hs3/exp1/exp1_cont_103,1500,1.0,0.99999864499459,True,stim,263,True
s3://braingeneers/braindance/bee_25-11-26/,25126hs3,exp1/exp1_cont_201,s3://braingeneers/braindance/bee_25-11-26/25126hs3/exp1/exp1_cont_201,750,0.5,0.5000003179017697,True,stim,263,True
s3://braingeneers/braindance/bee_25-11-26/,25126hs3,exp1/exp1_cont_21,s3://braingeneers/braindance/bee_25-11-26/25126hs3/exp1/exp1_cont_21,750,0.5,0.499996580268056,True,stim,263,True
s3://braingeneers/braindance/bee_25-11-26/,25126hs3,exp1/exp1_cont_187,s3://braingeneers/braindance/bee_25-11-26/25126hs3/exp1/exp1_cont_187,6000,4.0,4.00000434964474,True,stim,263,True
s3://braingeneers/braindance/bee_25-11-26/,25126hs3,exp1/exp1_cont_172,s3://braingeneers/braindance/bee_25-11-26/25126hs3/exp1/exp1_cont_172,0,0.0,,False,spontaneous,263,True
s3://braingeneers/braindance/bee_25-11-26/,25126hs3,exp1/exp1_cont_147,s3://braingeneers/braindance/bee_25-11-26/25126hs3/exp1/exp1_cont_147,6000,4.0,3.999989965515165,True,stim,263,True
s3://braingeneers/braindance/bee_25-11-26/,25126hs3,exp1/exp1_cont_30,s3://braingeneers/braindance/bee_25-11-26/25126hs3/exp1/exp1_cont_30,0,0.0,,False,spontaneous,263,True
s3://braingeneers/braindance/bee_25-11-26/,25126hs3,exp1/exp1_cont_104,s3://braingeneers/braindance/bee_25-11-26/25126hs3/exp1/exp1_cont_104,0,0.0,,False,spontaneous,263,True
s3://braingeneers/braindance/bee_25-11-26/,25126hs3,exp1/exp1_cont_20,s3://braingeneers/braindance/bee_25-11-26/25126hs3/exp1/exp1_cont_20,0,0.0,,False,spontaneous,263,True
s3://braingeneers/braindance/bee_25-11-26/,25126hs3,exp1/exp1_cont_14,s3://braingeneers/braindance/bee_25-11-26/25126hs3/exp1/exp1_cont_14,0,0.0,,False,spontaneous,263,True
s3://braingeneers/braindance/bee_25-11-26/,25126hs3,exp1/exp1_cont_257,s3://braingeneers/braindance/bee_25-11-26/25126hs3/exp1/exp1_cont_257,6000,4.0,3.9999978943489207,True,stim,263,True
s3://braingeneers/braindance/bee_25-11-26/,25126hs3,exp1/exp1_cont_63,s3://braingeneers/braindance/bee_25-11-26/25126hs3/exp1/exp1_cont_63,1500,1.0,0.9999992269798724,True,stim,263,True
s3://braingeneers/braindance/bee_25-11-26/,25126hs3,exp1/exp1_cont_44,s3://braingeneers/braindance/bee_25-11-26/25126hs3/exp1/exp1_cont_44,0,0.0,,False,spontaneous,263,True
s3://braingeneers/braindance/bee_25-11-26/,25126hs3,exp1/exp1_cont_51,s3://braingeneers/braindance/bee_25-11-26/25126hs3/exp1/exp1_cont_51,750,0.5,0.5000005206180212,True,stim,263,True
s3://braingeneers/braindance/bee_25-11-26/,25126hs3,exp1/exp1_cont_8,s3://braingeneers/braindance/bee_25-11-26/25126hs3/exp1/exp1_cont_8,0,0.0,,False,spontaneous,263,True
s3://braingeneers/braindance/bee_25-11-26/,25126hs3,exp1/exp1_cont_43,s3://braingeneers/braindance/bee_25-11-26/25126hs3/exp1/exp1_cont_43,1500,1.0,0.9999985731746908,True,stim,263,True
s3://braingeneers/braindance/bee_25-11-26/,25126hs3,exp1/exp1_cont_126,s3://braingeneers/braindance/bee_25-11-26/25126hs3/exp1/exp1_cont_126,0,0.0,,False,spontaneous,263,True
s3://braingeneers/braindance/bee_25-11-26/,25126hs3,exp1/exp1_cont_141,s3://braingeneers/braindance/bee_25-11-26/25126hs3/exp1/exp1_cont_141,750,0.5,0.4999994426889238,True,stim,263,True
s3://braingeneers/braindance/bee_25-11-26/,25126hs3,exp1/exp1_cont_68,s3://braingeneers/braindance/bee_25-11-26/25126hs3/exp1/exp1_cont_68,0,0.0,,False,spontaneous,263,True
s3://braingeneers/braindance/bee_25-11-26/,25126hs3,exp1/exp1_cont_248,s3://braingeneers/braindance/bee_25-11-26/25126hs3/exp1/exp1_cont_248,0,0.0,,False,spontaneous,263,True
s3://braingeneers/braindance/bee_25-11-26/,25126hs3,exp1/exp1_cont_19,s3://braingeneers/braindance/bee_25-11-26/25126hs3/exp1/exp1_cont_19,12000,8.0,8.000010279168013,True,stim,263,True
s3://braingeneers/braindance/bee_25-11-26/,25126hs3,exp1/exp1_cont_41,s3://braingeneers/braindance/bee_25-11-26/25126hs3/exp1/exp1_cont_41,750,0.5,0.5000006814642046,True,stim,263,True
s3://braingeneers/braindance/bee_25-11-26/,25126hs3,exp1/exp1_cont_254,s3://braingeneers/braindance/bee_25-11-26/25126hs3/exp1/exp1_cont_254,0,0.0,,False,spontaneous,263,True
s3://braingeneers/braindance/bee_25-11-26/,25126hs3,exp1/exp1_cont_162,s3://braingeneers/braindance/bee_25-11-26/25126hs3/exp1/exp1_cont_162,0,0.0,,False,spontaneous,263,True
s3://braingeneers/braindance/bee_25-11-26/,25126hs3,exp1/exp1_cont_203,s3://braingeneers/braindance/bee_25-11-26/25126hs3/exp1/exp1_cont_203,1500,1.0,0.9999984892425192,True,stim,263,True
s3://braingeneers/braindance/bee_25-11-26/,25126hs3,exp1/exp1_cont_177,s3://braingeneers/braindance/bee_25-11-26/25126hs3/exp1/exp1_cont_177,6000,4.0,4.000002023150979,True,stim,263,True
s3://braingeneers/braindance/bee_25-11-26/,25126hs3,exp1/exp1_cont_231,s3://braingeneers/braindance/bee_25-11-26/25126hs3/exp1/exp1_cont_231,750,0.5,0.4999988905138531,True,stim,263,True
s3://braingeneers/braindance/bee_25-11-26/,25126hs3,exp1/exp1_cont_99,s3://braingeneers/braindance/bee_25-11-26/25126hs3/exp1/exp1_cont_99,12000,8.0,8.000006905642934,True,stim,263,True
s3://braingeneers/braindance/bee_25-11-26/,25126hs3,exp1/exp1_cont_259,s3://braingeneers/braindance/bee_25-11-26/25126hs3/exp1/exp1_cont_259,12000,8.0,7.999974290793406,True,stim,263,True
s3://braingeneers/braindance/bee_25-11-26/,25126hs3,exp1/exp1_cont_242,s3://braingeneers/braindance/bee_25-11-26/25126hs3/exp1/exp1_cont_242,0,0.0,,False,spontaneous,263,True
s3://braingeneers/braindance/bee_25-11-26/,25126hs3,exp1/exp1_cont_207,s3://braingeneers/braindance/bee_25-11-26/25126hs3/exp1/exp1_cont_207,6000,4.0,4.000001981875292,True,stim,263,True
s3://braingeneers/braindance/bee_25-11-26/,25126hs3,exp1/exp1_cont_66,s3://braingeneers/braindance/bee_25-11-26/25126hs3/exp1/exp1_cont_66,0,0.0,,False,spontaneous,263,True
s3://braingeneers/braindance/bee_25-11-26/,25126hs3,exp1/exp1_cont_194,s3://braingeneers/braindance/bee_25-11-26/25126hs3/exp1/exp1_cont_194,0,0.0,,False,spontaneous,263,True
s3://braingeneers/braindance/bee_25-11-26/,25126hs3,exp1/exp1_cont_11,s3://braingeneers/braindance/bee_25-11-26/25126hs3/exp1/exp1_cont_11,750,0.5,0.5000005306630992,True,stim,263,True
s3://braingeneers/braindance/bee_25-11-26/,25126hs3,exp1/exp1_cont_26,s3://braingeneers/braindance/bee_25-11-26/25126hs3/exp1/exp1_cont_26,0,0.0,,False,spontaneous,263,True
s3://braingeneers/braindance/bee_25-11-26/,25126hs3,exp1/exp1_cont_256,s3://braingeneers/braindance/bee_25-11-26/25126hs3/exp1/exp1_cont_256,0,0.0,,False,spontaneous,263,True
s3://braingeneers/braindance/bee_25-11-26/,25126hs3,exp1/exp1_cont_233,s3://braingeneers/braindance/bee_25-11-26/25126hs3/exp1/exp1_cont_233,1500,1.0,0.9999991713495916,True,stim,263,True
s3://braingeneers/braindance/bee_25-11-26/,25126hs3,exp1/exp1_cont_23,s3://braingeneers/braindance/bee_25-11-26/25126hs3/exp1/exp1_cont_23,1500,1.0,0.999998654407353,True,stim,263,True
s3://braingeneers/braindance/bee_25-11-26/,25126hs3,exp1/exp1_cont_7,s3://braingeneers/braindance/bee_25-11-26/25126hs3/exp1/exp1_cont_7,6000,4.0,3.999996378783892,True,stim,263,True
s3://braingeneers/braindance/bee_25-11-26/,25126hs3,exp1/exp1_cont_118,s3://braingeneers/braindance/bee_25-11-26/25126hs3/exp1/exp1_cont_118,0,0.0,,False,spontaneous,263,True
s3://braingeneers/braindance/bee_25-11-26/,25126hs3,exp1/exp1_cont_155,s3://braingeneers/braindance/bee_25-11-26/25126hs3/exp1/exp1_cont_155,3000,2.0,1.9999994952440985,True,stim,263,True
s3://braingeneers/braindance/bee_25-11-26/,25126hs3,exp1/exp1_cont_222,s3://braingeneers/braindance/bee_25-11-26/25126hs3/exp1/exp1_cont_222,0,0.0,,False,spontaneous,263,True
s3://braingeneers/braindance/bee_25-11-26/,25126hs3,exp1/exp1_cont_93,s3://braingeneers/braindance/bee_25-11-26/25126hs3/exp1/exp1_cont_93,1500,1.0,1.0000000080740512,True,stim,263,True
s3://braingeneers/braindance/bee_25-11-26/,25126hs3,exp1/exp1_cont_100,s3://braingeneers/braindance/bee_25-11-26/25126hs3/exp1/exp1_cont_100,0,0.0,,False,spontaneous,263,True
s3://braingeneers/braindance/bee_25-11-26/,25126hs3,exp1/exp1_cont_35,s3://braingeneers/braindance/bee_25-11-26/25126hs3/exp1/exp1_cont_35,3000,2.0,2.0000001997359496,True,stim,263,True
s3://braingeneers/braindance/bee_25-11-26/,25126hs3,exp1/exp1_cont_98,s3://braingeneers/braindance/bee_25-11-26/25126hs3/exp1/exp1_cont_98,0,0.0,,False,spontaneous,263,True
s3://braingeneers/braindance/bee_25-11-26/,25126hs3,exp1/exp1_cont_5,s3://braingeneers/braindance/bee_25-11-26/25126hs3/exp1/exp1_cont_5,3000,2.0,2.0000025547083484,True,stim,263,True
s3://braingeneers/braindance/bee_25-11-26/,25126hs3,exp1/exp1_cont_167,s3://braingeneers/braindance/bee_25-11-26/25126hs3/exp1/exp1_cont_167,6000,4.0,3.999997150697692,True,stim,263,True
s3://braingeneers/braindance/bee_25-11-26/,25126hs3,exp1/exp1_cont_171,s3://braingeneers/braindance/bee_25-11-26/25126hs3/exp1/exp1_cont_171,750,0.5,0.4999998102848297,True,stim,263,True
s3://braingeneers/braindance/bee_25-11-26/,25126hs3,exp1/exp1_cont_165,s3://braingeneers/braindance/bee_25-11-26/25126hs3/exp1/exp1_cont_165,3000,2.0,2.000000007213014,True,stim,263,True
s3://braingeneers/braindance/bee_25-11-26/,25126hs3,exp1/exp1_cont_27,s3://braingeneers/braindance/bee_25-11-26/25126hs3/exp1/exp1_cont_27,6000,4.0,3.999999432500324,True,stim,263,True
s3://braingeneers/braindance/bee_25-11-26/,25126hs3,exp1/exp1_cont_29,s3://braingeneers/braindance/bee_25-11-26/25126hs3/exp1/exp1_cont_29,12000,8.0,7.9999811832766605,True,stim,263,True
s3://braingeneers/braindance/bee_25-11-26/,25126hs3,exp1/exp1_cont_132,s3://braingeneers/braindance/bee_25-11-26/25126hs3/exp1/exp1_cont_132,0,0.0,,False,spontaneous,263,True
s3://braingeneers/braindance/bee_25-11-26/,25126hs3,exp1/exp1_cont_6,s3://braingeneers/braindance/bee_25-11-26/25126hs3/exp1/exp1_cont_6,0,0.0,,False,spontaneous,263,True
s3://braingeneers/braindance/bee_ctrl_25-11-26/,25165hs3,bee_ctrl/bee_ctrl_recordphase_recording_13,s3://braingeneers/braindance/bee_ctrl_25-11-26/25165hs3/bee_ctrl/bee_ctrl_recordphase_recording_13,0,0.0,,False,spontaneous,49,True
s3://braingeneers/braindance/bee_ctrl_25-11-26/,25165hs3,bee_ctrl/bee_ctrl_recordphase_recording_14,s3://braingeneers/braindance/bee_ctrl_25-11-26/25165hs3/bee_ctrl/bee_ctrl_recordphase_recording_14,0,0.0,,False,spontaneous,49,True
s3://braingeneers/braindance/bee_ctrl_25-11-26/,25165hs3,bee_ctrl/bee_ctrl_recordphase_recording_27,s3://braingeneers/braindance/bee_ctrl_25-11-26/25165hs3/bee_ctrl/bee_ctrl_recordphase_recording_27,0,0.0,,False,spontaneous,49,True
s3://braingeneers/braindance/bee_ctrl_25-11-26/,25165hs3,bee_ctrl/bee_ctrl_recordphase_recording_10,s3://braingeneers/braindance/bee_ctrl_25-11-26/25165hs3/bee_ctrl/bee_ctrl_recordphase_recording_10,0,0.0,,False,spontaneous,49,True
s3://braingeneers/braindance/bee_25-11-26/,25126hs3,exp1/exp1_cont_185,s3://braingeneers/braindance/bee_25-11-26/25126hs3/exp1/exp1_cont_185,3000,2.0,1.99999766968333,True,stim,263,True
s3://braingeneers/braindance/bee_25-11-26/,25126hs3,exp1/exp1_cont_258,s3://braingeneers/braindance/bee_25-11-26/25126hs3/exp1/exp1_cont_258,0,0.0,,False,spontaneous,263,True
s3://braingeneers/braindance/bee_25-11-26/,25126hs3,exp1/exp1_cont_2,s3://braingeneers/braindance/bee_25-11-26/25126hs3/exp1/exp1_cont_2,0,0.0,,False,spontaneous,263,True
s3://braingeneers/braindance/bee_25-11-26/,25126hs3,exp1/exp1_cont_253,s3://braingeneers/braindance/bee_25-11-26/25126hs3/exp1/exp1_cont_253,1500,1.0,1.00000017912011,True,stim,263,True
s3://braingeneers/braindance/bee_ctrl_25-11-26/,25165hs3,bee_ctrl/bee_ctrl_recordphase_recording_2,s3://braingeneers/braindance/bee_ctrl_25-11-26/25165hs3/bee_ctrl/bee_ctrl_recordphase_recording_2,0,0.0,,False,spontaneous,49,True
s3://braingeneers/braindance/bee_ctrl_25-11-26/,25165hs3,bee_ctrl/bee_ctrl_recordphase_recording_9,s3://braingeneers/braindance/bee_ctrl_25-11-26/25165hs3/bee_ctrl/bee_ctrl_recordphase_recording_9,0,0.0,,False,spontaneous,49,True
s3://braingeneers/braindance/bee_ctrl_25-11-26/,25165hs3,bee_ctrl/bee_ctrl_recordphase_recording_46,s3://braingeneers/braindance/bee_ctrl_25-11-26/25165hs3/bee_ctrl/bee_ctrl_recordphase_recording_46,0,0.0,,False,spontaneous,49,True
s3://braingeneers/braindance/bee_ctrl_25-11-26/,25165hs3,bee_ctrl/bee_ctrl_recordphase_recording_45,s3://braingeneers/braindance/bee_ctrl_25-11-26/25165hs3/bee_ctrl/bee_ctrl_recordphase_recording_45,0,0.0,,False,spontaneous,49,True
s3://braingeneers/braindance/bee_ctrl_25-11-26/,25165hs3,bee_ctrl/bee_ctrl_recordphase_recording_42,s3://braingeneers/braindance/bee_ctrl_25-11-26/25165hs3/bee_ctrl/bee_ctrl_recordphase_recording_42,0,0.0,,False,spontaneous,49,True
s3://braingeneers/braindance/bee_ctrl_25-11-26/,25165hs3,bee_ctrl/bee_ctrl_recordphase_recording_43,s3://braingeneers/braindance/bee_ctrl_25-11-26/25165hs3/bee_ctrl/bee_ctrl_recordphase_recording_43,0,0.0,,False,spontaneous,49,True
s3://braingeneers/braindance/bee_ctrl_25-11-26/,25165hs3,bee_ctrl/bee_ctrl_recordphase_recording_17,s3://braingeneers/braindance/bee_ctrl_25-11-26/25165hs3/bee_ctrl/bee_ctrl_recordphase_recording_17,0,0.0,,False,spontaneous,49,True
s3://braingeneers/braindance/bee_ctrl_25-11-26/,25165hs3,bee_ctrl/bee_ctrl_recordphase_recording_31,s3://braingeneers/braindance/bee_ctrl_25-11-26/25165hs3/bee_ctrl/bee_ctrl_recordphase_recording_31,0,0.0,,False,spontaneous,49,True
s3://braingeneers/braindance/bee_ctrl_25-11-26/,25165hs3,bee_ctrl/bee_ctrl_recordphase_recording_1,s3://braingeneers/braindance/bee_ctrl_25-11-26/25165hs3/bee_ctrl/bee_ctrl_recordphase_recording_1,0,0.0,,False,spontaneous,49,True
s3://braingeneers/braindance/bee_ctrl_25-11-26/,25165hs3,bee_ctrl/bee_ctrl_recordphase_recording_8,s3://braingeneers/braindance/bee_ctrl_25-11-26/25165hs3/bee_ctrl/bee_ctrl_recordphase_recording_8,0,0.0,,False,spontaneous,49,True
s3://braingeneers/braindance/bee_ctrl_25-11-26/,25165hs3,bee_ctrl/bee_ctrl_recordphase_recording_22,s3://braingeneers/braindance/bee_ctrl_25-11-26/25165hs3/bee_ctrl/bee_ctrl_recordphase_recording_22,0,0.0,,False,spontaneous,49,True
s3://braingeneers/braindance/bee_ctrl_25-11-26/,25165hs3,bee_ctrl/bee_ctrl_recordphase_recording_16,s3://braingeneers/braindance/bee_ctrl_25-11-26/25165hs3/bee_ctrl/bee_ctrl_recordphase_recording_16,0,0.0,,False,spontaneous,49,True
s3://braingeneers/braindance/bee_ctrl_25-11-26/,25165hs3,bee_ctrl/bee_ctrl_recordphase_recording_24,s3://braingeneers/braindance/bee_ctrl_25-11-26/25165hs3/bee_ctrl/bee_ctrl_recordphase_recording_24,0,0.0,,False,spontaneous,49,True
s3://braingeneers/braindance/bee_ctrl_25-11-26/,25165hs3,bee_ctrl/bee_ctrl_recordphase_recording_3,s3://braingeneers/braindance/bee_ctrl_25-11-26/25165hs3/bee_ctrl/bee_ctrl_recordphase_recording_3,0,0.0,,False,spontaneous,49,True
s3://braingeneers/braindance/bee_ctrl_25-11-26/,25165hs3,bee_ctrl/bee_ctrl_recordphase_recording_34,s3://braingeneers/braindance/bee_ctrl_25-11-26/25165hs3/bee_ctrl/bee_ctrl_recordphase_recording_34,0,0.0,,False,spontaneous,49,True
s3://braingeneers/braindance/bee_ctrl_25-11-26/,25165hs3,bee_ctrl/bee_ctrl_recordphase_recording_5,s3://braingeneers/braindance/bee_ctrl_25-11-26/25165hs3/bee_ctrl/bee_ctrl_recordphase_recording_5,0,0.0,,False,spontaneous,49,True
s3://braingeneers/braindance/bee_ctrl_25-11-26/,25165hs3,bee_ctrl/bee_ctrl_recordphase_recording_44,s3://braingeneers/braindance/bee_ctrl_25-11-26/25165hs3/bee_ctrl/bee_ctrl_recordphase_recording_44,0,0.0,,False,spontaneous,49,True
s3://braingeneers/braindance/bee_ctrl_25-11-26/,25165hs3,bee_ctrl/bee_ctrl_recordphase_recording_32,s3://braingeneers/braindance/bee_ctrl_25-11-26/25165hs3/bee_ctrl/bee_ctrl_recordphase_recording_32,0,0.0,,False,spontaneous,49,True
s3://braingeneers/braindance/bee_ctrl_25-11-26/,25165hs3,bee_ctrl/bee_ctrl_recordphase_recording_11,s3://braingeneers/braindance/bee_ctrl_25-11-26/25165hs3/bee_ctrl/bee_ctrl_recordphase_recording_11,0,0.0,,False,spontaneous,49,True
s3://braingeneers/braindance/bee_ctrl_25-11-26/,25165hs3,bee_ctrl/bee_ctrl_recordphase_recording,s3://braingeneers/braindance/bee_ctrl_25-11-26/25165hs3/bee_ctrl/bee_ctrl_recordphase_recording,0,0.0,,False,spontaneous,49,True
s3://braingeneers/braindance/bee_ctrl_25-11-26/,25165hs3,bee_ctrl/bee_ctrl_recordphase_recording_25,s3://braingeneers/braindance/bee_ctrl_25-11-26/25165hs3/bee_ctrl/bee_ctrl_recordphase_recording_25,0,0.0,,False,spontaneous,49,True
s3://braingeneers/braindance/bee_ctrl_25-11-26/,25165hs3,bee_ctrl/bee_ctrl_recordphase_recording_7,s3://braingeneers/braindance/bee_ctrl_25-11-26/25165hs3/bee_ctrl/bee_ctrl_recordphase_recording_7,0,0.0,,False,spontaneous,49,True
s3://braingeneers/braindance/bee_ctrl_25-11-26/,25165hs3,bee_ctrl/bee_ctrl_recordphase_recording_20,s3://braingeneers/braindance/bee_ctrl_25-11-26/25165hs3/bee_ctrl/bee_ctrl_recordphase_recording_20,0,0.0,,False,spontaneous,49,True
s3://braingeneers/braindance/bee_ctrl_25-11-26/,25165hs3,bee_ctrl/bee_ctrl_recordphase_recording_47,s3://braingeneers/braindance/bee_ctrl_25-11-26/25165hs3/bee_ctrl/bee_ctrl_recordphase_recording_47,0,0.0,,False,spontaneous,49,True
s3://braingeneers/braindance/bee_ctrl_25-11-26/,25165hs3,bee_ctrl/bee_ctrl_recordphase_recording_18,s3://braingeneers/braindance/bee_ctrl_25-11-26/25165hs3/bee_ctrl/bee_ctrl_recordphase_recording_18,0,0.0,,False,spontaneous,49,True
s3://braingeneers/braindance/bee_ctrl_25-11-26/,25165hs3,bee_ctrl/bee_ctrl_recordphase_recording_48,s3://braingeneers/braindance/bee_ctrl_25-11-26/25165hs3/bee_ctrl/bee_ctrl_recordphase_recording_48,0,0.0,,False,spontaneous,49,True
s3://braingeneers/braindance/bee_ctrl_25-11-26/,25165hs3,bee_ctrl/bee_ctrl_recordphase_recording_33,s3://braingeneers/braindance/bee_ctrl_25-11-26/25165hs3/bee_ctrl/bee_ctrl_recordphase_recording_33,0,0.0,,False,spontaneous,49,True
s3://braingeneers/braindance/bee_ctrl_25-11-26/,25165hs3,bee_ctrl/bee_ctrl_recordphase_recording_26,s3://braingeneers/braindance/bee_ctrl_25-11-26/25165hs3/bee_ctrl/bee_ctrl_recordphase_recording_26,0,0.0,,False,spontaneous,49,True
s3://braingeneers/braindance/bee_ctrl_25-11-26/,25165hs3,bee_ctrl/bee_ctrl_recordphase_recording_28,s3://braingeneers/braindance/bee_ctrl_25-11-26/25165hs3/bee_ctrl/bee_ctrl_recordphase_recording_28,0,0.0,,False,spontaneous,49,True
s3://braingeneers/braindance/bee_ctrl_25-11-26/,25165hs3,bee_ctrl/bee_ctrl_recordphase_recording_39,s3://braingeneers/braindance/bee_ctrl_25-11-26/25165hs3/bee_ctrl/bee_ctrl_recordphase_recording_39,0,0.0,,False,spontaneous,49,True
s3://braingeneers/braindance/bee_ctrl_25-11-26/,25165hs3,bee_ctrl/bee_ctrl_recordphase_recording_35,s3://braingeneers/braindance/bee_ctrl_25-11-26/25165hs3/bee_ctrl/bee_ctrl_recordphase_recording_35,0,0.0,,False,spontaneous,49,True
s3://braingeneers/braindance/bee_ctrl_25-11-26/,25165hs3,bee_ctrl/bee_ctrl_recordphase_recording_23,s3://braingeneers/braindance/bee_ctrl_25-11-26/25165hs3/bee_ctrl/bee_ctrl_recordphase_recording_23,0,0.0,,False,spontaneous,49,True
s3://braingeneers/braindance/bee_ctrl_25-11-26/,25165hs3,bee_ctrl/bee_ctrl_recordphase_recording_15,s3://braingeneers/braindance/bee_ctrl_25-11-26/25165hs3/bee_ctrl/bee_ctrl_recordphase_recording_15,0,0.0,,False,spontaneous,49,True
s3://braingeneers/braindance/bee_ctrl_25-11-26/,25165hs3,bee_ctrl/bee_ctrl_recordphase_recording_29,s3://braingeneers/braindance/bee_ctrl_25-11-26/25165hs3/bee_ctrl/bee_ctrl_recordphase_recording_29,0,0.0,,False,spontaneous,49,True
s3://braingeneers/braindance/bee_ctrl_25-11-26/,25165hs3,bee_ctrl/bee_ctrl_recordphase_recording_4,s3://braingeneers/braindance/bee_ctrl_25-11-26/25165hs3/bee_ctrl/bee_ctrl_recordphase_recording_4,0,0.0,,False,spontaneous,49,True
s3://braingeneers/braindance/bee_ctrl_25-11-26/,25165hs3,bee_ctrl/bee_ctrl_recordphase_recording_40,s3://braingeneers/braindance/bee_ctrl_25-11-26/25165hs3/bee_ctrl/bee_ctrl_recordphase_recording_40,0,0.0,,False,spontaneous,49,True
s3://braingeneers/braindance/bee_ctrl_25-11-26/,25165hs3,bee_ctrl/bee_ctrl_recordphase_recording_36,s3://braingeneers/braindance/bee_ctrl_25-11-26/25165hs3/bee_ctrl/bee_ctrl_recordphase_recording_36,0,0.0,,False,spontaneous,49,True
s3://braingeneers/braindance/bee_ctrl_25-11-26/,25165hs3,bee_ctrl/bee_ctrl_recordphase_recording_19,s3://braingeneers/braindance/bee_ctrl_25-11-26/25165hs3/bee_ctrl/bee_ctrl_recordphase_recording_19,0,0.0,,False,spontaneous,49,True
s3://braingeneers/braindance/bee_ctrl_25-11-26/,25165hs3,bee_ctrl/bee_ctrl_recordphase_recording_30,s3://braingeneers/braindance/bee_ctrl_25-11-26/25165hs3/bee_ctrl/bee_ctrl_recordphase_recording_30,0,0.0,,False,spontaneous,49,True
s3://braingeneers/braindance/bee_ctrl_25-11-26/,25165hs3,bee_ctrl/bee_ctrl_recordphase_recording_6,s3://braingeneers/braindance/bee_ctrl_25-11-26/25165hs3/bee_ctrl/bee_ctrl_recordphase_recording_6,0,0.0,,False,spontaneous,49,True
s3://braingeneers/braindance/bee_ctrl_25-11-26/,25165hs3,bee_ctrl/bee_ctrl_recordphase_recording_12,s3://braingeneers/braindance/bee_ctrl_25-11-26/25165hs3/bee_ctrl/bee_ctrl_recordphase_recording_12,0,0.0,,False,spontaneous,49,True
s3://braingeneers/braindance/bee_ctrl_25-11-26/,25165hs3,bee_ctrl/bee_ctrl_recordphase_recording_21,s3://braingeneers/braindance/bee_ctrl_25-11-26/25165hs3/bee_ctrl/bee_ctrl_recordphase_recording_21,0,0.0,,False,spontaneous,49,True
s3://braingeneers/braindance/bee_ctrl_25-11-26/,25165hs3,bee_ctrl/bee_ctrl_recordphase_recording_41,s3://braingeneers/braindance/bee_ctrl_25-11-26/25165hs3/bee_ctrl/bee_ctrl_recordphase_recording_41,0,0.0,,False,spontaneous,49,True
s3://braingeneers/braindance/bee_ctrl_25-11-26/,25165hs3,bee_ctrl/bee_ctrl_recordphase_recording_38,s3://braingeneers/braindance/bee_ctrl_25-11-26/25165hs3/bee_ctrl/bee_ctrl_recordphase_recording_38,0,0.0,,False,spontaneous,49,True
s3://braingeneers/braindance/bee_ctrl_25-11-26/,25165hs3,bee_ctrl/bee_ctrl_recordphase_recording_37,s3://braingeneers/braindance/bee_ctrl_25-11-26/25165hs3/bee_ctrl/bee_ctrl_recordphase_recording_37,0,0.0,,False,spontaneous,49,True
s3://braingeneers/braindance/25-10-22_cartpole_again/,25126hs1,david/david_causal,s3://braingeneers/braindance/25-10-22_cartpole_again/25126hs1/david/david_causal,750,2.0,1.9999902564052137,True,stim,6,True
s3://braingeneers/braindance/25-10-22_cartpole_again/,25126hs1,david/david_cartpole_F_1,s3://braingeneers/braindance/25-10-22_cartpole_again/25126hs1/david/david_cartpole_F_1,24,4.0,3.3453395713652334,True,stim,6,True
s3://braingeneers/braindance/25-10-22_cartpole_again/,25126hs1,david/david_cartpole_F_3,s3://braingeneers/braindance/25-10-22_cartpole_again/25126hs1/david/david_cartpole_F_3,2329,2.0,2.5899702977259276,True,stim,6,True
s3://braingeneers/braindance/25-10-22_cartpole_again/,25126hs1,david/david_cartpole_F,s3://braingeneers/braindance/25-10-22_cartpole_again/25126hs1/david/david_cartpole_F,0,0.0,,False,spontaneous,6,True
s3://braingeneers/braindance/25-10-22_cartpole_again/,25126hs1,david/david,s3://braingeneers/braindance/25-10-22_cartpole_again/25126hs1/david/david,750,0.5,,False,stim,6,True
s3://braingeneers/braindance/25-10-22_cartpole_again/,25126hs1,david/david_cartpole_F_2,s3://braingeneers/braindance/25-10-22_cartpole_again/25126hs1/david/david_cartpole_F_2,2309,2.0,2.567675866982254,True,stim,6,True
s3://braingeneersdev/asrobbin/braindance_data/24-05-18_plasticity/,22097,Bl1/Bl1_cartpole_long_15,s3://braingeneersdev/asrobbin/braindance_data/24-05-18_plasticity/22097/Bl1/Bl1_cartpole_long_15,2467,2.0,2.7446162865619987,True,stim,25,True
s3://braingeneersdev/asrobbin/braindance_data/24-05-18_plasticity/,22097,Bl1/Bl1_cartpole_long_8,s3://braingeneersdev/asrobbin/braindance_data/24-05-18_plasticity/22097/Bl1/Bl1_cartpole_long_8,2380,2.0,2.656243167040743,True,stim,25,True
s3://braingeneersdev/asrobbin/braindance_data/24-05-18_plasticity/,22097,Bl1/Bl1_cartpole_long_22,s3://braingeneersdev/asrobbin/braindance_data/24-05-18_plasticity/22097/Bl1/Bl1_cartpole_long_22,2155,2.0,2.3988551703397616,True,stim,25,True
s3://braingeneersdev/asrobbin/braindance_data/24-05-18_plasticity/,22097,Bl1/Bl1_cartpole_long_7,s3://braingeneersdev/asrobbin/braindance_data/24-05-18_plasticity/22097/Bl1/Bl1_cartpole_long_7,2320,2.0,2.5815610038024865,True,stim,25,True
s3://braingeneersdev/asrobbin/braindance_data/24-05-18_plasticity/,22097,Bl1/Bl1_cartpole_long_18,s3://braingeneersdev/asrobbin/braindance_data/24-05-18_plasticity/22097/Bl1/Bl1_cartpole_long_18,2416,2.0,2.6914237269797403,True,stim,25,True
s3://braingeneersdev/asrobbin/braindance_data/24-05-18_plasticity/,22097,Bl1/Bl1_cartpole_long_3,s3://braingeneersdev/asrobbin/braindance_data/24-05-18_plasticity/22097/Bl1/Bl1_cartpole_long_3,2446,2.0,2.7220078792496607,True,stim,25,True
s3://braingeneersdev/asrobbin/braindance_data/24-05-18_plasticity/,22097,Bl1/Bl1_cartpole_long_1,s3://braingeneersdev/asrobbin/braindance_data/24-05-18_plasticity/22097/Bl1/Bl1_cartpole_long_1,2370,2.0,2.6385248382330055,True,stim,25,True
s3://braingeneersdev/asrobbin/braindance_data/24-05-18_plasticity/,22097,Bl1/Bl1_cartpole_long_13,s3://braingeneersdev/asrobbin/braindance_data/24-05-18_plasticity/22097/Bl1/Bl1_cartpole_long_13,2407,2.0,2.6805482500549003,True,stim,25,True
s3://braingeneersdev/asrobbin/braindance_data/24-05-18_plasticity/,22097,Bl1/Bl1,s3://braingeneersdev/asrobbin/braindance_data/24-05-18_plasticity/22097/Bl1/Bl1,1300,0.5,,False,stim,25,True
s3://braingeneersdev/asrobbin/braindance_data/24-05-18_plasticity/,22097,Bl1/Bl1_cartpole_long_20,s3://braingeneersdev/asrobbin/braindance_data/24-05-18_plasticity/22097/Bl1/Bl1_cartpole_long_20,2195,2.0,2.4459660622595014,True,stim,25,True
s3://braingeneersdev/asrobbin/braindance_data/24-05-18_plasticity/,22097,Bl1/Bl1_cartpole_long_17,s3://braingeneersdev/asrobbin/braindance_data/24-05-18_plasticity/22097/Bl1/Bl1_cartpole_long_17,2488,2.0,2.7760232683564876,True,stim,25,True
s3://braingeneersdev/asrobbin/braindance_data/24-05-18_plasticity/,22097,Bl1/Bl1_causal,s3://braingeneersdev/asrobbin/braindance_data/24-05-18_plasticity/22097/Bl1/Bl1_causal,1300,2.0,2.0000090191630933,True,stim,25,True
s3://braingeneersdev/asrobbin/braindance_data/24-05-18_plasticity/,22097,Bl1/Bl1_cartpole_long_2,s3://braingeneersdev/asrobbin/braindance_data/24-05-18_plasticity/22097/Bl1/Bl1_cartpole_long_2,2362,2.0,2.6283377169953366,True,stim,25,True
s3://braingeneersdev/asrobbin/braindance_data/24-05-18_plasticity/,22097,Bl1/Bl1_cartpole_long,s3://braingeneersdev/asrobbin/braindance_data/24-05-18_plasticity/22097/Bl1/Bl1_cartpole_long,2365,2.0,2.631987230607985,True,stim,25,True
s3://braingeneersdev/asrobbin/braindance_data/24-05-18_plasticity/,22097,Bl1/Bl1_cartpole_long_14,s3://braingeneersdev/asrobbin/braindance_data/24-05-18_plasticity/22097/Bl1/Bl1_cartpole_long_14,2554,2.0,2.8411958882040107,True,stim,25,True
s3://braingeneersdev/asrobbin/braindance_data/24-05-18_plasticity/,22097,Bl1/Bl1_cartpole_long_21,s3://braingeneersdev/asrobbin/braindance_data/24-05-18_plasticity/22097/Bl1/Bl1_cartpole_long_21,2093,2.0,2.3289380161717124,True,stim,25,True
s3://braingeneersdev/asrobbin/braindance_data/24-05-18_plasticity/,22097,Bl1/Bl1_cartpole_long_11,s3://braingeneersdev/asrobbin/braindance_data/24-05-18_plasticity/22097/Bl1/Bl1_cartpole_long_11,2244,2.0,2.4999926291540353,True,stim,25,True
s3://braingeneersdev/asrobbin/braindance_data/24-05-18_plasticity/,22097,Bl1/Bl1_cartpole_long_9,s3://braingeneersdev/asrobbin/braindance_data/24-05-18_plasticity/22097/Bl1/Bl1_cartpole_long_9,2324,2.0,2.585297747842322,True,stim,25,True
s3://braingeneersdev/asrobbin/braindance_data/24-05-18_plasticity/,22097,Bl1/Bl1_cartpole_long_12,s3://braingeneersdev/asrobbin/braindance_data/24-05-18_plasticity/22097/Bl1/Bl1_cartpole_long_12,2256,2.0,2.513425175700726,True,stim,25,True
s3://braingeneersdev/asrobbin/braindance_data/24-05-18_plasticity/,22097,Bl1/Bl1_cartpole_long_6,s3://braingeneersdev/asrobbin/braindance_data/24-05-18_plasticity/22097/Bl1/Bl1_cartpole_long_6,2414,2.0,2.685462676728689,True,stim,25,True
s3://braingeneersdev/asrobbin/braindance_data/24-05-18_plasticity/,22097,Bl1/Bl1_cartpole_long_16,s3://braingeneersdev/asrobbin/braindance_data/24-05-18_plasticity/22097/Bl1/Bl1_cartpole_long_16,2497,2.0,2.782926323077295,True,stim,25,True
s3://braingeneersdev/asrobbin/braindance_data/24-05-18_plasticity/,22097,Bl1/Bl1_cartpole_long_4,s3://braingeneersdev/asrobbin/braindance_data/24-05-18_plasticity/22097/Bl1/Bl1_cartpole_long_4,2366,2.0,2.6322248028805943,True,stim,25,True
s3://braingeneersdev/asrobbin/braindance_data/24-05-18_plasticity/,22097,Bl1/Bl1_cartpole_long_19,s3://braingeneersdev/asrobbin/braindance_data/24-05-18_plasticity/22097/Bl1/Bl1_cartpole_long_19,2253,2.0,2.508162606340957,True,stim,25,True
s3://braingeneersdev/asrobbin/braindance_data/24-05-18_plasticity/,22097,Bl1/Bl1_cartpole_long_10,s3://braingeneersdev/asrobbin/braindance_data/24-05-18_plasticity/22097/Bl1/Bl1_cartpole_long_10,2399,2.0,2.668610316309896,True,stim,25,True
s3://braingeneersdev/asrobbin/braindance_data/24-05-18_plasticity/,22097,bdnf/bdnf_cartpole_long,s3://braingeneersdev/asrobbin/braindance_data/24-05-18_plasticity/22097/bdnf/bdnf_cartpole_long,2105,2.0,2.3433453780953237,True,stim,15,True
s3://braingeneersdev/asrobbin/braindance_data/24-05-18_plasticity/,22097,bdnf/bdnf,s3://braingeneersdev/asrobbin/braindance_data/24-05-18_plasticity/22097/bdnf/bdnf,1250,0.5,,False,stim,15,True
s3://braingeneersdev/asrobbin/braindance_data/24-05-18_plasticity/,22097,bdnf/bdnf_cartpole_long_8,s3://braingeneersdev/asrobbin/braindance_data/24-05-18_plasticity/22097/bdnf/bdnf_cartpole_long_8,2148,2.0,2.389727746026656,True,stim,15,True
s3://braingeneersdev/asrobbin/braindance_data/24-05-18_plasticity/,22097,bdnf/bdnf_cartpole_long_5,s3://braingeneersdev/asrobbin/braindance_data/24-05-18_plasticity/22097/bdnf/bdnf_cartpole_long_5,2042,2.0,2.2721417921367157,True,stim,15,True
s3://braingeneersdev/asrobbin/braindance_data/24-05-18_plasticity/,22097,bdnf/bdnf_cartpole_long_6,s3://braingeneersdev/asrobbin/braindance_data/24-05-18_plasticity/22097/bdnf/bdnf_cartpole_long_6,2096,2.0,2.337407653067521,True,stim,15,True
s3://braingeneersdev/asrobbin/braindance_data/24-05-18_plasticity/,22097,bdnf/bdnf_cartpole_long_9,s3://braingeneersdev/asrobbin/braindance_data/24-05-18_plasticity/22097/bdnf/bdnf_cartpole_long_9,2215,2.0,2.469912299845449,True,stim,15,True
s3://braingeneersdev/asrobbin/braindance_data/24-05-18_plasticity/,22097,Bl1/Bl1_cartpole_long_5,s3://braingeneersdev/asrobbin/braindance_data/24-05-18_plasticity/22097/Bl1/Bl1_cartpole_long_5,2399,2.0,2.6688314405948685,True,stim,25,True
s3://braingeneersdev/asrobbin/braindance_data/24-05-18_plasticity/,22097,bdnf/bdnf_cartpole_long_11,s3://braingeneersdev/asrobbin/braindance_data/24-05-18_plasticity/22097/bdnf/bdnf_cartpole_long_11,2007,2.0,2.2396841249594357,True,stim,15,True
s3://braingeneersdev/asrobbin/braindance_data/24-05-18_plasticity/,22097,bdnf/bdnf_cartpole_long_3,s3://braingeneersdev/asrobbin/braindance_data/24-05-18_plasticity/22097/bdnf/bdnf_cartpole_long_3,2041,2.0,2.270821503507326,True,stim,15,True
s3://braingeneersdev/asrobbin/braindance_data/24-05-18_plasticity/,22097,bdnf/bdnf_causal,s3://braingeneersdev/asrobbin/braindance_data/24-05-18_plasticity/22097/bdnf/bdnf_causal,1250,2.0,2.000001428538934,True,stim,15,True
s3://braingeneersdev/asrobbin/braindance_data/24-05-18_plasticity/,22097,bdnf/bdnf_cartpole_long_1,s3://braingeneersdev/asrobbin/braindance_data/24-05-18_plasticity/22097/bdnf/bdnf_cartpole_long_1,2067,2.0,2.302067240837202,True,stim,15,True
s3://braingeneersdev/asrobbin/braindance_data/24-05-18_plasticity/,22097,bdnf/bdnf_cartpole_long_4,s3://braingeneersdev/asrobbin/braindance_data/24-05-18_plasticity/22097/bdnf/bdnf_cartpole_long_4,2055,2.0,2.2872558195336503,True,stim,15,True
s3://braingeneersdev/asrobbin/braindance_data/24-05-18_plasticity/,22097,bdnf/bdnf_cartpole_long_10,s3://braingeneersdev/asrobbin/braindance_data/24-05-18_plasticity/22097/bdnf/bdnf_cartpole_long_10,2119,2.0,2.3573152604953687,True,stim,15,True
s3://braingeneersdev/asrobbin/braindance_data/24-05-18_plasticity/,22097,bdnf/bdnf_cartpole_long_2,s3://braingeneersdev/asrobbin/braindance_data/24-05-18_plasticity/22097/bdnf/bdnf_cartpole_long_2,2036,2.0,2.2649414157975523,True,stim,15,True
s3://braingeneersdev/asrobbin/braindance_data/24-05-18_plasticity/,22097,bdnf/bdnf_cartpole_long_7,s3://braingeneersdev/asrobbin/braindance_data/24-05-18_plasticity/22097/bdnf/bdnf_cartpole_long_7,2112,2.0,2.349918594583962,True,stim,15,True
s3://braingeneersdev/asrobbin/braindance_data/24-05-18_plasticity/,22097,k252a/k252a_cartpole_long_15,s3://braingeneersdev/asrobbin/braindance_data/24-05-18_plasticity/22097/k252a/k252a_cartpole_long_15,2120,2.0,2.3640841201956007,True,stim,20,True
s3://braingeneersdev/asrobbin/braindance_data/24-05-18_plasticity/,22097,bdnf/bdnf_cartpole_long_12,s3://braingeneersdev/asrobbin/braindance_data/24-05-18_plasticity/22097/bdnf/bdnf_cartpole_long_12,2000,2.0,2.225504619128513,True,stim,15,True
s3://braingeneersdev/asrobbin/braindance_data/24-05-18_plasticity/,22097,k252a/k252a_cartpole_long_9,s3://braingeneersdev/asrobbin/braindance_data/24-05-18_plasticity/22097/k252a/k252a_cartpole_long_9,2116,2.0,2.353649204192157,True,stim,20,True
s3://braingeneersdev/asrobbin/braindance_data/24-05-18_plasticity/,22097,k252a/k252a_cartpole_long_10,s3://braingeneersdev/asrobbin/braindance_data/24-05-18_plasticity/22097/k252a/k252a_cartpole_long_10,2132,2.0,2.372298104589327,True,stim,20,True
s3://braingeneersdev/asrobbin/braindance_data/24-05-18_plasticity/,22097,k252a/k252a_cartpole_long_8,s3://braingeneersdev/asrobbin/braindance_data/24-05-18_plasticity/22097/k252a/k252a_cartpole_long_8,2185,2.0,2.431088069680768,True,stim,20,True
s3://braingeneersdev/asrobbin/braindance_data/24-05-18_plasticity/,22097,k252a/k252a_cartpole_long_17,s3://braingeneersdev/asrobbin/braindance_data/24-05-18_plasticity/22097/k252a/k252a_cartpole_long_17,2071,2.0,2.306950683419125,True,stim,20,True
s3://braingeneersdev/asrobbin/braindance_data/24-05-18_plasticity/,22097,k252a/k252a_cartpole_long_3,s3://braingeneersdev/asrobbin/braindance_data/24-05-18_plasticity/22097/k252a/k252a_cartpole_long_3,2515,2.0,2.798959447029248,True,stim,20,True
s3://braingeneersdev/asrobbin/braindance_data/24-05-18_plasticity/,22097,k252a/k252a_cartpole_long_6,s3://braingeneersdev/asrobbin/braindance_data/24-05-18_plasticity/22097/k252a/k252a_cartpole_long_6,2225,2.0,2.477537202661543,True,stim,20,True
s3://braingeneersdev/asrobbin/braindance_data/24-05-18_plasticity/,22097,k252a/k252a_causal,s3://braingeneersdev/asrobbin/braindance_data/24-05-18_plasticity/22097/k252a/k252a_causal,1200,2.0,1.9999891679619255,True,stim,20,True
s3://braingeneersdev/asrobbin/braindance_data/24-05-18_plasticity/,22097,k252a/k252a_cartpole_long_1,s3://braingeneersdev/asrobbin/braindance_data/24-05-18_plasticity/22097/k252a/k252a_cartpole_long_1,2418,2.0,2.6901354412755767,True,stim,20,True
s3://braingeneersdev/asrobbin/braindance_data/24-05-18_plasticity/,22097,k252a/k252a_cartpole_long_16,s3://braingeneersdev/asrobbin/braindance_data/24-05-18_plasticity/22097/k252a/k252a_cartpole_long_16,1988,2.0,2.2130111716837177,True,stim,20,True
s3://braingeneersdev/asrobbin/braindance_data/24-05-18_plasticity/,22097,k252a/k252a_cartpole_long_13,s3://braingeneersdev/asrobbin/braindance_data/24-05-18_plasticity/22097/k252a/k252a_cartpole_long_13,2028,2.0,2.2564161355023753,True,stim,20,True
s3://braingeneersdev/asrobbin/braindance_data/24-05-18_plasticity/,22097,k252a/k252a_cartpole_long_2,s3://braingeneersdev/asrobbin/braindance_data/24-05-18_plasticity/22097/k252a/k252a_cartpole_long_2,2582,2.0,2.880610549191768,True,stim,20,True
s3://braingeneersdev/asrobbin/braindance_data/24-05-18_plasticity/,22097,k252a/k252a,s3://braingeneersdev/asrobbin/braindance_data/24-05-18_plasticity/22097/k252a/k252a,1200,0.5,,False,stim,20,True
s3://braingeneersdev/asrobbin/braindance_data/24-05-18_plasticity/,22097,k252a/k252a_cartpole_long_11,s3://braingeneersdev/asrobbin/braindance_data/24-05-18_plasticity/22097/k252a/k252a_cartpole_long_11,2069,2.0,2.306063697524632,True,stim,20,True
s3://braingeneersdev/asrobbin/braindance_data/24-05-18_plasticity/,22097,k252a/k252a_cartpole_long_12,s3://braingeneersdev/asrobbin/braindance_data/24-05-18_plasticity/22097/k252a/k252a_cartpole_long_12,1976,2.0,2.198017193294228,True,stim,20,True
s3://braingeneersdev/asrobbin/braindance_data/24-05-18_plasticity/,22097,k252a/k252a_cartpole_long_14,s3://braingeneersdev/asrobbin/braindance_data/24-05-18_plasticity/22097/k252a/k252a_cartpole_long_14,2028,2.0,2.2622229856963125,True,stim,20,True
s3://braingeneersdev/asrobbin/braindance_data/24-05-18_plasticity/,22097,k252a/k252a_cartpole_long,s3://braingeneersdev/asrobbin/braindance_data/24-05-18_plasticity/22097/k252a/k252a_cartpole_long,2306,2.0,2.5651384633362317,True,stim,20,True
s3://braingeneersdev/asrobbin/braindance_data/24-05-24/,21985,dmso/dmso_cartpole_long_3,s3://braingeneersdev/asrobbin/braindance_data/24-05-24/21985/dmso/dmso_cartpole_long_3,1874,2.0,2.0892807497488195,True,stim,6,True
s3://braingeneersdev/asrobbin/braindance_data/24-05-24/,21985,dmso/dmso_cartpole_long_2,s3://braingeneersdev/asrobbin/braindance_data/24-05-24/21985/dmso/dmso_cartpole_long_2,2096,2.0,2.33738977246217,True,stim,6,True
s3://braingeneersdev/asrobbin/braindance_data/24-05-18_plasticity/,22097,k252a/k252a_cartpole_long_4,s3://braingeneersdev/asrobbin/braindance_data/24-05-18_plasticity/22097/k252a/k252a_cartpole_long_4,2288,2.0,2.5452728291144577,True,stim,20,True
s3://braingeneersdev/asrobbin/braindance_data/24-05-18_plasticity/,22097,k252a/k252a_cartpole_long_7,s3://braingeneersdev/asrobbin/braindance_data/24-05-18_plasticity/22097/k252a/k252a_cartpole_long_7,2186,2.0,2.4397896091414566,True,stim,20,True
s3://braingeneersdev/asrobbin/braindance_data/24-05-24/,21985,dmso/dmso_cartpole_long_1,s3://braingeneersdev/asrobbin/braindance_data/24-05-24/21985/dmso/dmso_cartpole_long_1,1633,2.0,2.205805023560059,True,stim,6,True
s3://braingeneersdev/asrobbin/braindance_data/24-05-18_plasticity/,22097,k252a/k252a_cartpole_long_5,s3://braingeneersdev/asrobbin/braindance_data/24-05-18_plasticity/22097/k252a/k252a_cartpole_long_5,2297,2.0,2.5565134012779813,True,stim,20,True
s3://braingeneersdev/asrobbin/braindance_data/24-05-24/,21985,dmso/dmso_causal,s3://braingeneersdev/asrobbin/braindance_data/24-05-24/21985/dmso/dmso_causal,1500,2.0,2.0000075767625813,True,stim,6,True
s3://braingeneersdev/asrobbin/braindance_data/24-05-24/,21985,dmso/dmso_cartpole_long,s3://braingeneersdev/asrobbin/braindance_data/24-05-24/21985/dmso/dmso_cartpole_long,532,2.0,2.081775777675301,True,stim,6,True
s3://braingeneersdev/asrobbin/braindance_data/24-05-24/,21985,nbqx/nbqx_cartpole_long,s3://braingeneersdev/asrobbin/braindance_data/24-05-24/21985/nbqx/nbqx_cartpole_long,1969,2.0,2.1937354606578237,True,stim,6,True
s3://braingeneersdev/asrobbin/braindance_data/24-05-24/,22194,baseline/baseline_cartpole_long_5,s3://braingeneersdev/asrobbin/braindance_data/24-05-24/22194/baseline/baseline_cartpole_long_5,98,2.0,2.341917239447296,True,stim,8,True
s3://braingeneersdev/asrobbin/braindance_data/24-05-24/,21985,nbqx/nbqx_cartpole_long_3,s3://braingeneersdev/asrobbin/braindance_data/24-05-24/21985/nbqx/nbqx_cartpole_long_3,1832,2.0,2.0414262100433116,True,stim,6,True
s3://braingeneersdev/asrobbin/braindance_data/24-05-24/,21985,nbqx/nbqx_causal,s3://braingeneersdev/asrobbin/braindance_data/24-05-24/21985/nbqx/nbqx_causal,1000,2.0,1.9999986802291,True,stim,6,True
s3://braingeneersdev/asrobbin/braindance_data/24-05-24/,21985,nbqx/nbqx_cartpole_long_2,s3://braingeneersdev/asrobbin/braindance_data/24-05-24/21985/nbqx/nbqx_cartpole_long_2,1868,2.0,2.07706624830669,True,stim,6,True
s3://braingeneersdev/asrobbin/braindance_data/24-05-24/,21985,nbqx/nbqx,s3://braingeneersdev/asrobbin/braindance_data/24-05-24/21985/nbqx/nbqx,1000,0.5,,False,stim,6,True
s3://braingeneersdev/asrobbin/braindance_data/24-05-24/,21985,nbqx/nbqx_cartpole_long_1,s3://braingeneersdev/asrobbin/braindance_data/24-05-24/21985/nbqx/nbqx_cartpole_long_1,1830,2.0,2.040504964111105,True,stim,6,True
s3://braingeneersdev/asrobbin/braindance_data/24-05-24/,21985,dmso/dmso,s3://braingeneersdev/asrobbin/braindance_data/24-05-24/21985/dmso/dmso,1500,0.5,,False,stim,6,True
s3://braingeneersdev/asrobbin/braindance_data/24-05-24/,22194,baseline/baseline_cartpole_long,s3://braingeneersdev/asrobbin/braindance_data/24-05-24/22194/baseline/baseline_cartpole_long,698,2.0,2.0672908188155197,True,stim,8,True
s3://braingeneersdev/asrobbin/braindance_data/24-05-24/,22194,baseline/baseline_cartpole_long_2,s3://braingeneersdev/asrobbin/braindance_data/24-05-24/22194/baseline/baseline_cartpole_long_2,403,2.0,2.4111700043719972,True,stim,8,True
s3://braingeneersdev/asrobbin/braindance_data/24-05-24/,22194,baseline/baseline_cartpole_long_1,s3://braingeneersdev/asrobbin/braindance_data/24-05-24/22194/baseline/baseline_cartpole_long_1,457,2.0,2.3518038010359192,True,stim,8,True
s3://braingeneersdev/asrobbin/braindance_data/24-05-24/,22194,baseline/baseline_cartpole_long_4,s3://braingeneersdev/asrobbin/braindance_data/24-05-24/22194/baseline/baseline_cartpole_long_4,500,2.0,2.22538976520814,True,stim,8,True
s3://braingeneersdev/asrobbin/braindance_data/24-05-24/,22194,baseline/baseline_causal,s3://braingeneersdev/asrobbin/braindance_data/24-05-24/22194/baseline/baseline_causal,1300,2.0,2.000006494653911,True,stim,8,True
s3://braingeneersdev/asrobbin/braindance_data/24-05-24/,23134,2d_apv/2d_apv_cartpole_long,s3://braingeneersdev/asrobbin/braindance_data/24-05-24/23134/2d_apv/2d_apv_cartpole_long,2148,2.0,2.391848786926573,True,stim,6,True
s3://braingeneersdev/asrobbin/braindance_data/24-05-24/,22194,baseline/baseline_cartpole_long_3,s3://braingeneersdev/asrobbin/braindance_data/24-05-24/22194/baseline/baseline_cartpole_long_3,1993,2.0,2.219406454474362,True,stim,8,True
s3://braingeneersdev/asrobbin/braindance_data/24-05-24/,22194,baseline/baseline,s3://braingeneersdev/asrobbin/braindance_data/24-05-24/22194/baseline/baseline,1300,0.5,,False,stim,8,True
s3://braingeneersdev/asrobbin/braindance_data/24-05-24/,23134,2d_apv/2d_apv_causal,s3://braingeneersdev/asrobbin/braindance_data/24-05-24/23134/2d_apv/2d_apv_causal,700,2.0,2.000004902741621,True,stim,6,True
s3://braingeneersdev/asrobbin/braindance_data/24-05-24/,23134,2d_apv/2d_apv_cartpole_long_1,s3://braingeneersdev/asrobbin/braindance_data/24-05-24/23134/2d_apv/2d_apv_cartpole_long_1,2203,2.0,2.4490507946458737,True,stim,6,True
s3://braingeneersdev/asrobbin/braindance_data/24-05-24/,23134,2d_apv/2d_apv_cartpole_long_2,s3://braingeneersdev/asrobbin/braindance_data/24-05-24/23134/2d_apv/2d_apv_cartpole_long_2,2430,2.0,2.701821096104087,True,stim,6,True
s3://braingeneersdev/asrobbin/braindance_data/24-05-24/,23134,2d_apv/2d_apv,s3://braingeneersdev/asrobbin/braindance_data/24-05-24/23134/2d_apv/2d_apv,700,0.5,,False,stim,6,True
s3://braingeneersdev/asrobbin/braindance_data/24-05-24/,23134,2d_apv/2d_apv_cartpole_long_3,s3://braingeneersdev/asrobbin/braindance_data/24-05-24/23134/2d_apv/2d_apv_cartpole_long_3,2518,2.0,2.799461566946483,True,stim,6,True
s3://braingeneersdev/asrobbin/braindance_data/24-05-24/,23134,2d_rl/2d_rl_cartpole_long_6,s3://braingeneersdev/asrobbin/braindance_data/24-05-24/23134/2d_rl/2d_rl_cartpole_long_6,2375,2.0,2.644157638404684,True,stim,21,True
s3://braingeneersdev/asrobbin/braindance_data/24-05-24/,23134,2d_rl/2d_rl_cartpole_long_13,s3://braingeneersdev/asrobbin/braindance_data/24-05-24/23134/2d_rl/2d_rl_cartpole_long_13,2436,2.0,2.707810106010893,True,stim,21,True
s3://braingeneersdev/asrobbin/braindance_data/24-05-24/,23134,2d_rl/2d_rl_cartpole_long_16,s3://braingeneersdev/asrobbin/braindance_data/24-05-24/23134/2d_rl/2d_rl_cartpole_long_16,2456,2.0,2.733594716351649,True,stim,21,True
s3://braingeneersdev/asrobbin/braindance_data/24-05-24/,23134,2d_rl/2d_rl,s3://braingeneersdev/asrobbin/braindance_data/24-05-24/23134/2d_rl/2d_rl,950,0.5,,False,stim,21,True
s3://braingeneersdev/asrobbin/braindance_data/24-05-24/,23134,2d_rl/2d_rl_cartpole_long_9,s3://braingeneersdev/asrobbin/braindance_data/24-05-24/23134/2d_rl/2d_rl_cartpole_long_9,2601,2.0,2.898750343470384,True,stim,21,True
s3://braingeneersdev/asrobbin/braindance_data/24-05-24/,23134,2d_rl/2d_rl_cartpole_long_8,s3://braingeneersdev/asrobbin/braindance_data/24-05-24/23134/2d_rl/2d_rl_cartpole_long_8,2611,2.0,2.901982918589059,True,stim,21,True
s3://braingeneersdev/asrobbin/braindance_data/24-05-24/,23134,2d_rl/2d_rl_cartpole_long_3,s3://braingeneersdev/asrobbin/braindance_data/24-05-24/23134/2d_rl/2d_rl_cartpole_long_3,2155,2.0,2.3964215351798157,True,stim,21,True
s3://braingeneersdev/asrobbin/braindance_data/24-05-24/,23134,2d_rl/2d_rl_cartpole_long,s3://braingeneersdev/asrobbin/braindance_data/24-05-24/23134/2d_rl/2d_rl_cartpole_long,2032,2.0,2.2633416475855967,True,stim,21,True
s3://braingeneersdev/asrobbin/braindance_data/24-05-24/,23134,2d_rl/2d_rl_cartpole_long_11,s3://braingeneersdev/asrobbin/braindance_data/24-05-24/23134/2d_rl/2d_rl_cartpole_long_11,2571,2.0,2.8643427629456824,True,stim,21,True
s3://braingeneersdev/asrobbin/braindance_data/24-05-24/,23134,2d_rl/2d_rl_cartpole_long_5,s3://braingeneersdev/asrobbin/braindance_data/24-05-24/23134/2d_rl/2d_rl_cartpole_long_5,2196,2.0,2.4403806654737927,True,stim,21,True
s3://braingeneersdev/asrobbin/braindance_data/24-05-24/,23134,2d_rl/2d_rl_cartpole_long_1,s3://braingeneersdev/asrobbin/braindance_data/24-05-24/23134/2d_rl/2d_rl_cartpole_long_1,2008,2.0,2.232308884994522,True,stim,21,True
s3://braingeneersdev/asrobbin/braindance_data/24-05-24/,23134,2d_rl/2d_rl_causal,s3://braingeneersdev/asrobbin/braindance_data/24-05-24/23134/2d_rl/2d_rl_causal,950,2.0,2.0000113596261624,True,stim,21,True
s3://braingeneersdev/asrobbin/braindance_data/24-05-24/,23134,2d_rl/2d_rl_cartpole_long_12,s3://braingeneersdev/asrobbin/braindance_data/24-05-24/23134/2d_rl/2d_rl_cartpole_long_12,2065,2.0,2.2962796621154733,True,stim,21,True
s3://braingeneersdev/asrobbin/braindance_data/24-05-24/,23134,2d_rl/2d_rl_cartpole_long_14,s3://braingeneersdev/asrobbin/braindance_data/24-05-24/23134/2d_rl/2d_rl_cartpole_long_14,2109,2.0,2.343918417698013,True,stim,21,True
s3://braingeneersdev/asrobbin/braindance_data/24-05-24/,23134,2d_rl/2d_rl_cartpole_long_4,s3://braingeneersdev/asrobbin/braindance_data/24-05-24/23134/2d_rl/2d_rl_cartpole_long_4,2144,2.0,2.3839310060321357,True,stim,21,True
s3://braingeneersdev/asrobbin/braindance_data/24-05-24/,23134,2d_rl/2d_rl_cartpole_long_18,s3://braingeneersdev/asrobbin/braindance_data/24-05-24/23134/2d_rl/2d_rl_cartpole_long_18,2107,2.0,2.3418197892658017,True,stim,21,True
s3://braingeneersdev/asrobbin/braindance_data/24-05-24/,23134,2d_rl/2d_rl_cartpole_long_10,s3://braingeneersdev/asrobbin/braindance_data/24-05-24/23134/2d_rl/2d_rl_cartpole_long_10,2514,2.0,2.7945780903908326,True,stim,21,True
s3://braingeneersdev/asrobbin/braindance_data/24-05-24/,23134,2d_rl/2d_rl_cartpole_long_2,s3://braingeneersdev/asrobbin/braindance_data/24-05-24/23134/2d_rl/2d_rl_cartpole_long_2,2085,2.0,2.3201631767755373,True,stim,21,True
s3://braingeneersdev/asrobbin/braindance_data/24-05-24/,23134,2d_rl/2d_rl_cartpole_long_15,s3://braingeneersdev/asrobbin/braindance_data/24-05-24/23134/2d_rl/2d_rl_cartpole_long_15,2379,2.0,2.644848349947628,True,stim,21,True
s3://braingeneersdev/asrobbin/braindance_data/24-05-24/,23134,2d_rl/2d_rl_cartpole_long_7,s3://braingeneersdev/asrobbin/braindance_data/24-05-24/23134/2d_rl/2d_rl_cartpole_long_7,2509,2.0,2.7890684749920327,True,stim,21,True
s3://braingeneersdev/asrobbin/braindance_data/24-05-24/,23134,causal/causal,s3://braingeneersdev/asrobbin/braindance_data/24-05-24/23134/causal/causal,1250,0.5,,False,stim,2,True
s3://braingeneersdev/asrobbin/braindance_data/24-05-24/,23134,causal/causal_causal,s3://braingeneersdev/asrobbin/braindance_data/24-05-24/23134/causal/causal_causal,1250,2.0,2.0000191798444815,True,stim,2,True
s3://braingeneersdev/asrobbin/braindance_data/24-05-24/,23134,2d_rl/2d_rl_cartpole_long_17,s3://braingeneersdev/asrobbin/braindance_data/24-05-24/23134/2d_rl/2d_rl_cartpole_long_17,2290,2.0,2.5452483467414657,True,stim,21,True
s3://braingeneersdev/asrobbin/braindance_data/24-05-24/,23134,dmso/dmso_cartpole_long_4,s3://braingeneersdev/asrobbin/braindance_data/24-05-24/23134/dmso/dmso_cartpole_long_4,2469,2.0,2.7444771033672732,True,stim,22,True
s3://braingeneersdev/asrobbin/braindance_data/24-05-24/,23134,dmso/dmso_cartpole_long_3,s3://braingeneersdev/asrobbin/braindance_data/24-05-24/23134/dmso/dmso_cartpole_long_3,2531,2.0,2.813367935043874,True,stim,22,True
s3://braingeneersdev/asrobbin/braindance_data/24-05-24/,23134,dmso/dmso_cartpole_long_9,s3://braingeneersdev/asrobbin/braindance_data/24-05-24/23134/dmso/dmso_cartpole_long_9,2394,2.0,2.665592967833169,True,stim,22,True
s3://braingeneersdev/asrobbin/braindance_data/24-05-24/,23134,dmso/dmso_cartpole_long_10,s3://braingeneersdev/asrobbin/braindance_data/24-05-24/23134/dmso/dmso_cartpole_long_10,2357,2.0,2.622260329074664,True,stim,22,True
s3://braingeneersdev/asrobbin/braindance_data/24-05-24/,23134,dmso/dmso_cartpole_long_16,s3://braingeneersdev/asrobbin/braindance_data/24-05-24/23134/dmso/dmso_cartpole_long_16,2769,4.0,3.0786284375894377,True,stim,22,True
s3://braingeneersdev/asrobbin/braindance_data/24-05-24/,23134,dmso/dmso_cartpole_long_12,s3://braingeneersdev/asrobbin/braindance_data/24-05-24/23134/dmso/dmso_cartpole_long_12,2319,2.0,2.5774606993807954,True,stim,22,True
s3://braingeneersdev/asrobbin/braindance_data/24-05-24/,23134,dmso/dmso_cartpole_long_14,s3://braingeneersdev/asrobbin/braindance_data/24-05-24/23134/dmso/dmso_cartpole_long_14,2417,2.0,2.6865257547039683,True,stim,22,True
s3://braingeneersdev/asrobbin/braindance_data/24-05-24/,23134,dmso/dmso_cartpole_long,s3://braingeneersdev/asrobbin/braindance_data/24-05-24/23134/dmso/dmso_cartpole_long,2514,2.0,2.798836548348341,True,stim,22,True
s3://braingeneersdev/asrobbin/braindance_data/24-05-24/,23134,dmso/dmso,s3://braingeneersdev/asrobbin/braindance_data/24-05-24/23134/dmso/dmso,850,0.5,,False,stim,22,True
s3://braingeneersdev/asrobbin/braindance_data/24-05-24/,23134,dmso/dmso_cartpole_long_11,s3://braingeneersdev/asrobbin/braindance_data/24-05-24/23134/dmso/dmso_cartpole_long_11,2269,2.0,2.5220942867700717,True,stim,22,True
s3://braingeneersdev/asrobbin/braindance_data/24-05-24/,23134,dmso/dmso_cartpole_long_19,s3://braingeneersdev/asrobbin/braindance_data/24-05-24/23134/dmso/dmso_cartpole_long_19,2773,4.0,3.0832402869260616,True,stim,22,True
s3://braingeneersdev/asrobbin/braindance_data/24-05-24/,23134,dmso/dmso_cartpole_long_17,s3://braingeneersdev/asrobbin/braindance_data/24-05-24/23134/dmso/dmso_cartpole_long_17,2781,4.0,3.096381705711648,True,stim,22,True
s3://braingeneersdev/asrobbin/braindance_data/24-05-24/,23134,dmso/dmso_cartpole_long_5,s3://braingeneersdev/asrobbin/braindance_data/24-05-24/23134/dmso/dmso_cartpole_long_5,1985,2.0,2.206351306730428,True,stim,22,True
s3://braingeneersdev/asrobbin/braindance_data/24-05-24/,23134,dmso/dmso_cartpole_long_18,s3://braingeneersdev/asrobbin/braindance_data/24-05-24/23134/dmso/dmso_cartpole_long_18,2662,2.0,2.960226956269137,True,stim,22,True
s3://braingeneersdev/asrobbin/braindance_data/24-05-24/,23134,dmso/dmso_cartpole_long_2,s3://braingeneersdev/asrobbin/braindance_data/24-05-24/23134/dmso/dmso_cartpole_long_2,2493,2.0,2.7722309770597056,True,stim,22,True
s3://braingeneersdev/asrobbin/braindance_data/24-05-24/,23134,dmso/dmso_cartpole_long_13,s3://braingeneersdev/asrobbin/braindance_data/24-05-24/23134/dmso/dmso_cartpole_long_13,2506,2.0,2.7881842879332885,True,stim,22,True
s3://braingeneersdev/asrobbin/braindance_data/24-05-24/,23134,dmso/dmso_cartpole_long_1,s3://braingeneersdev/asrobbin/braindance_data/24-05-24/23134/dmso/dmso_cartpole_long_1,2063,2.0,2.296367188972786,True,stim,22,True
s3://braingeneersdev/asrobbin/braindance_data/24-05-24/,23134,dmso/dmso_cartpole_long_8,s3://braingeneersdev/asrobbin/braindance_data/24-05-24/23134/dmso/dmso_cartpole_long_8,2487,2.0,2.7694249735417156,True,stim,22,True
s3://braingeneersdev/asrobbin/braindance_data/24-05-24/,23134,dmso/dmso_cartpole_long_7,s3://braingeneersdev/asrobbin/braindance_data/24-05-24/23134/dmso/dmso_cartpole_long_7,2547,2.0,2.8312798209642165,True,stim,22,True
s3://braingeneersdev/asrobbin/braindance_data/24-05-24/,23134,dmso/dmso_causal,s3://braingeneersdev/asrobbin/braindance_data/24-05-24/23134/dmso/dmso_causal,850,2.0,2.0000144152652672,True,stim,22,True
s3://braingeneersdev/asrobbin/braindance_data/24-05-24/,23134,dmso/dmso_cartpole_long_15,s3://braingeneersdev/asrobbin/braindance_data/24-05-24/23134/dmso/dmso_cartpole_long_15,2441,2.0,2.7131672548352506,True,stim,22,True
s3://braingeneersdev/asrobbin/braindance_data/24-05-24/,23134,dmso/dmso_cartpole_long_6,s3://braingeneersdev/asrobbin/braindance_data/24-05-24/23134/dmso/dmso_cartpole_long_6,1888,2.0,2.102657966354029,True,stim,22,True
s3://braingeneersdev/asrobbin/braindance_data/24-05-24/,23134,nbqx/nbqx_cartpole_long_4,s3://braingeneersdev/asrobbin/braindance_data/24-05-24/23134/nbqx/nbqx_cartpole_long_4,2443,2.0,2.7153226462853923,True,stim,14,True
s3://braingeneersdev/asrobbin/braindance_data/24-05-24/,23134,nbqx/nbqx_cartpole_long_9,s3://braingeneersdev/asrobbin/braindance_data/24-05-24/23134/nbqx/nbqx_cartpole_long_9,2383,2.0,2.6488050441975948,True,stim,14,True
s3://braingeneersdev/asrobbin/braindance_data/24-05-24/,23134,nbqx/nbqx_cartpole_long_11,s3://braingeneersdev/asrobbin/braindance_data/24-05-24/23134/nbqx/nbqx_cartpole_long_11,2414,2.0,2.6830589396494977,True,stim,14,True
s3://braingeneersdev/asrobbin/braindance_data/24-05-24/,23134,nbqx/nbqx_cartpole_long_1,s3://braingeneersdev/asrobbin/braindance_data/24-05-24/23134/nbqx/nbqx_cartpole_long_1,2226,2.0,2.474803750523342,True,stim,14,True
s3://braingeneersdev/asrobbin/braindance_data/24-05-24/,23134,nbqx/nbqx_cartpole_long_6,s3://braingeneersdev/asrobbin/braindance_data/24-05-24/23134/nbqx/nbqx_cartpole_long_6,80,2.0,2.810026968695061,True,stim,14,True
s3://braingeneersdev/asrobbin/braindance_data/24-05-24/,23134,nbqx/nbqx_cartpole_long_3,s3://braingeneersdev/asrobbin/braindance_data/24-05-24/23134/nbqx/nbqx_cartpole_long_3,2756,4.0,3.064049736139942,True,stim,14,True
s3://braingeneersdev/asrobbin/braindance_data/24-05-24/,23134,nbqx/nbqx_cartpole_long,s3://braingeneersdev/asrobbin/braindance_data/24-05-24/23134/nbqx/nbqx_cartpole_long,2072,2.0,2.3071015829758004,True,stim,14,True
s3://braingeneersdev/asrobbin/braindance_data/24-05-24/,23134,nbqx/nbqx_cartpole_long_8,s3://braingeneersdev/asrobbin/braindance_data/24-05-24/23134/nbqx/nbqx_cartpole_long_8,2261,2.0,2.513788689515249,True,stim,14,True
s3://braingeneersdev/asrobbin/braindance_data/24-05-24/,23134,nbqx/nbqx_causal,s3://braingeneersdev/asrobbin/braindance_data/24-05-24/23134/nbqx/nbqx_causal,450,2.0,1.999996301859848,True,stim,14,True
s3://braingeneersdev/asrobbin/braindance_data/24-05-24/,23134,nbqx/nbqx,s3://braingeneersdev/asrobbin/braindance_data/24-05-24/23134/nbqx/nbqx,450,0.5,,False,stim,14,True
s3://braingeneersdev/asrobbin/braindance_data/24-05-24/,23134,nbqx/nbqx_cartpole_long_7,s3://braingeneersdev/asrobbin/braindance_data/24-05-24/23134/nbqx/nbqx_cartpole_long_7,2273,2.0,2.532295992252776,True,stim,14,True
s3://braingeneersdev/asrobbin/braindance_data/24-05-24/,23134,nbqx/nbqx_cartpole_long_5,s3://braingeneersdev/asrobbin/braindance_data/24-05-24/23134/nbqx/nbqx_cartpole_long_5,2655,2.0,2.9580798849011365,True,stim,14,True
s3://braingeneersdev/asrobbin/braindance_data/24-05-24/,23134,nbqx/nbqx_cartpole_long_10,s3://braingeneersdev/asrobbin/braindance_data/24-05-24/23134/nbqx/nbqx_cartpole_long_10,2385,2.0,2.6514464209597666,True,stim,14,True
s3://braingeneersdev/asrobbin/braindance_data/24-05-24/,23134,nbqx/nbqx_cartpole_long_2,s3://braingeneersdev/asrobbin/braindance_data/24-05-24/23134/nbqx/nbqx_cartpole_long_2,2876,4.0,3.197881458756456,True,stim,14,True
s3://braingeneersdev/asrobbin/24-01-07_data/,20217,exp1/exp1,s3://braingeneersdev/asrobbin/24-01-07_data/20217/exp1/exp1,800,0.5,,False,stim,9,True
s3://braingeneersdev/asrobbin/24-01-07_data/,20217,exp1/exp1_causal,s3://braingeneersdev/asrobbin/24-01-07_data/20217/exp1/exp1_causal,800,2.0,1.999995635774232,True,stim,9,True
s3://braingeneersdev/asrobbin/24-01-07_data/,20217,exp1/exp1_cartpole_long_3,s3://braingeneersdev/asrobbin/24-01-07_data/20217/exp1/exp1_cartpole_long_3,2275,2.0,2.5341639291327693,True,stim,9,True
s3://braingeneersdev/asrobbin/24-01-07_data/,20217,exp1/exp1_causal_1,s3://braingeneersdev/asrobbin/24-01-07_data/20217/exp1/exp1_causal_1,800,2.0,2.000017437643901,True,stim,9,True
s3://braingeneersdev/asrobbin/24-01-07_data/,20217,exp1/exp1_cartpole_long,s3://braingeneersdev/asrobbin/24-01-07_data/20217/exp1/exp1_cartpole_long,2338,2.0,2.603894487124434,True,stim,9,True
s3://braingeneersdev/asrobbin/24-01-07_data/,20217,exp1/exp1_cartpole_long_5,s3://braingeneersdev/asrobbin/24-01-07_data/20217/exp1/exp1_cartpole_long_5,1924,2.0,2.2278501211537125,True,stim,9,True
s3://braingeneersdev/asrobbin/24-01-07_data/,20217,exp1/exp1_cartpole_long_1,s3://braingeneersdev/asrobbin/24-01-07_data/20217/exp1/exp1_cartpole_long_1,2973,4.0,3.305794563324407,True,stim,9,True
s3://braingeneersdev/asrobbin/24-01-07_data/,20217,exp1/exp1_cartpole_long_4,s3://braingeneersdev/asrobbin/24-01-07_data/20217/exp1/exp1_cartpole_long_4,3035,4.0,3.3762181980203017,True,stim,9,True
s3://braingeneersdev/asrobbin/24-01-07_data/,20217,exp2/exp2_cartpole_long_8,s3://braingeneersdev/asrobbin/24-01-07_data/20217/exp2/exp2_cartpole_long_8,1638,2.0,2.324203732908926,True,stim,23,True
s3://braingeneersdev/asrobbin/24-01-07_data/,20217,exp2/exp2_cartpole_long_13,s3://braingeneersdev/asrobbin/24-01-07_data/20217/exp2/exp2_cartpole_long_13,1964,2.0,2.602694943366863,True,stim,23,True
s3://braingeneersdev/asrobbin/24-01-07_data/,20217,exp2/exp2_cartpole_long_19,s3://braingeneersdev/asrobbin/24-01-07_data/20217/exp2/exp2_cartpole_long_19,2229,2.0,2.5645399354417746,True,stim,23,True
s3://braingeneersdev/asrobbin/24-01-07_data/,20217,exp1/exp1_cartpole_long_2,s3://braingeneersdev/asrobbin/24-01-07_data/20217/exp1/exp1_cartpole_long_2,2055,2.0,2.2847732183482177,True,stim,9,True
s3://braingeneersdev/asrobbin/24-01-07_data/,20217,exp2/exp2_cartpole_long_20,s3://braingeneersdev/asrobbin/24-01-07_data/20217/exp2/exp2_cartpole_long_20,1759,2.0,2.2386423125671486,True,stim,23,True
s3://braingeneersdev/asrobbin/24-01-07_data/,20217,exp2/exp2_cartpole_long_17,s3://braingeneersdev/asrobbin/24-01-07_data/20217/exp2/exp2_cartpole_long_17,1681,2.0,2.171191322094673,True,stim,23,True
s3://braingeneersdev/asrobbin/24-01-07_data/,20217,exp2/exp2_cartpole_long_3,s3://braingeneersdev/asrobbin/24-01-07_data/20217/exp2/exp2_cartpole_long_3,1681,2.0,2.2644801921265008,True,stim,23,True
s3://braingeneersdev/asrobbin/24-01-07_data/,20217,exp2/exp2_cartpole_long_15,s3://braingeneersdev/asrobbin/24-01-07_data/20217/exp2/exp2_cartpole_long_15,1678,2.0,2.312519946181047,True,stim,23,True
s3://braingeneersdev/asrobbin/24-01-07_data/,20217,exp2/exp2_cartpole_long_4,s3://braingeneersdev/asrobbin/24-01-07_data/20217/exp2/exp2_cartpole_long_4,2031,2.0,2.6986624796114365,True,stim,23,True
s3://braingeneersdev/asrobbin/24-01-07_data/,20217,exp2/exp2_cartpole_long_6,s3://braingeneersdev/asrobbin/24-01-07_data/20217/exp2/exp2_cartpole_long_6,1695,2.0,2.2962997958565667,True,stim,23,True
s3://braingeneersdev/asrobbin/24-01-07_data/,20217,exp2/exp2_cartpole_long,s3://braingeneersdev/asrobbin/24-01-07_data/20217/exp2/exp2_cartpole_long,2395,2.0,2.667270599624831,True,stim,23,True
s3://braingeneersdev/asrobbin/24-01-07_data/,20217,exp2/exp2_cartpole_long_2,s3://braingeneersdev/asrobbin/24-01-07_data/20217/exp2/exp2_cartpole_long_2,1684,2.0,2.177810011790523,True,stim,23,True
s3://braingeneersdev/asrobbin/24-01-07_data/,20217,exp2/exp2_cartpole_long_14,s3://braingeneersdev/asrobbin/24-01-07_data/20217/exp2/exp2_cartpole_long_14,1703,2.0,2.2997253738255266,True,stim,23,True
s3://braingeneersdev/asrobbin/24-01-07_data/,20217,exp2/exp2_cartpole_long_12,s3://braingeneersdev/asrobbin/24-01-07_data/20217/exp2/exp2_cartpole_long_12,1687,2.0,2.2663630324256308,True,stim,23,True
s3://braingeneersdev/asrobbin/24-01-07_data/,20217,exp2/exp2_cartpole_long_18,s3://braingeneersdev/asrobbin/24-01-07_data/20217/exp2/exp2_cartpole_long_18,1688,2.0,2.296247973743854,True,stim,23,True
s3://braingeneersdev/asrobbin/24-01-07_data/,20217,exp2/exp2_causal,s3://braingeneersdev/asrobbin/24-01-07_data/20217/exp2/exp2_causal,500,2.0,1.999998736626031,True,stim,23,True
s3://braingeneersdev/asrobbin/24-01-07_data/,20217,exp2/exp2_cartpole_long_16,s3://braingeneersdev/asrobbin/24-01-07_data/20217/exp2/exp2_cartpole_long_16,1935,2.0,2.6052813039822884,True,stim,23,True
s3://braingeneersdev/asrobbin/24-01-07_data/,20217,exp2/exp2_cartpole_long_10,s3://braingeneersdev/asrobbin/24-01-07_data/20217/exp2/exp2_cartpole_long_10,1970,2.0,2.564783617160418,True,stim,23,True
s3://braingeneersdev/asrobbin/24-01-07_data/,20217,exp2/exp2_cartpole_long_9,s3://braingeneersdev/asrobbin/24-01-07_data/20217/exp2/exp2_cartpole_long_9,1689,2.0,2.294790888662955,True,stim,23,True
s3://braingeneersdev/asrobbin/24-01-07_data/,20217,exp2/exp2,s3://braingeneersdev/asrobbin/24-01-07_data/20217/exp2/exp2,500,0.5,,False,stim,23,True
s3://braingeneersdev/asrobbin/24-01-07_data/,20217,exp2/exp2_cartpole_long_5,s3://braingeneersdev/asrobbin/24-01-07_data/20217/exp2/exp2_cartpole_long_5,1667,2.0,2.2327735044092814,True,stim,23,True
s3://braingeneersdev/asrobbin/24-01-07_data/,20217,exp2/exp2_cartpole_long_1,s3://braingeneersdev/asrobbin/24-01-07_data/20217/exp2/exp2_cartpole_long_1,2257,2.0,2.509522601361556,True,stim,23,True
s3://braingeneersdev/asrobbin/24-01-07_data/,20217,exp2/exp2_cartpole_long_11,s3://braingeneersdev/asrobbin/24-01-07_data/20217/exp2/exp2_cartpole_long_11,1666,2.0,2.2190592334535846,True,stim,23,True
s3://braingeneersdev/asrobbin/24-01-07_data/,20217,exp3/exp3_cartpole_long,s3://braingeneersdev/asrobbin/24-01-07_data/20217/exp3/exp3_cartpole_long,1718,2.0,2.2065085637094937,True,stim,4,True
s3://braingeneersdev/asrobbin/24-01-07_data/,20217,exp2/exp2_cartpole_long_7,s3://braingeneersdev/asrobbin/24-01-07_data/20217/exp2/exp2_cartpole_long_7,1941,2.0,2.5692422671150807,True,stim,23,True
s3://braingeneersdev/asrobbin/24-01-07_data/,20217,exp3/exp3_cartpole_long_1,s3://braingeneersdev/asrobbin/24-01-07_data/20217/exp3/exp3_cartpole_long_1,1922,2.0,2.6242171554171634,True,stim,4,True
s3://braingeneersdev/asrobbin/24-01-07_data/,20217,exp4/exp4_cartpole_long_8,s3://braingeneersdev/asrobbin/24-01-07_data/20217/exp4/exp4_cartpole_long_8,2263,2.0,2.518782865402066,True,stim,28,True
s3://braingeneersdev/asrobbin/24-01-07_data/,20217,exp3/exp3_cartpole_long_3,s3://braingeneersdev/asrobbin/24-01-07_data/20217/exp3/exp3_cartpole_long_3,337,2.0,2.6832402886416737,True,stim,4,True
s3://braingeneersdev/asrobbin/24-01-07_data/,20217,exp3/exp3_cartpole_long_2,s3://braingeneersdev/asrobbin/24-01-07_data/20217/exp3/exp3_cartpole_long_2,1726,2.0,2.3060828845586383,True,stim,4,True
s3://braingeneersdev/asrobbin/24-01-07_data/,20217,exp4/exp4_cartpole_long_1,s3://braingeneersdev/asrobbin/24-01-07_data/20217/exp4/exp4_cartpole_long_1,2179,2.0,2.5353850099439357,True,stim,28,True
s3://braingeneersdev/asrobbin/24-01-07_data/,20217,exp4/exp4_cartpole_long_10,s3://braingeneersdev/asrobbin/24-01-07_data/20217/exp4/exp4_cartpole_long_10,2746,4.0,3.0600540807444916,True,stim,28,True
s3://braingeneersdev/asrobbin/24-01-07_data/,20217,exp4/exp4_causal,s3://braingeneersdev/asrobbin/24-01-07_data/20217/exp4/exp4_causal,750,2.0,2.0000151218659328,True,stim,28,True
s3://braingeneersdev/asrobbin/24-01-07_data/,20217,exp4/exp4_cartpole_long_22,s3://braingeneersdev/asrobbin/24-01-07_data/20217/exp4/exp4_cartpole_long_22,2258,2.0,2.517093050264658,True,stim,28,True
s3://braingeneersdev/asrobbin/24-01-07_data/,20217,exp4/exp4,s3://braingeneersdev/asrobbin/24-01-07_data/20217/exp4/exp4,750,0.5,,False,stim,28,True
s3://braingeneersdev/asrobbin/24-01-07_data/,20217,exp4/exp4_cartpole_long_5,s3://braingeneersdev/asrobbin/24-01-07_data/20217/exp4/exp4_cartpole_long_5,2233,2.0,2.492356460054483,True,stim,28,True
s3://braingeneersdev/asrobbin/24-01-07_data/,20217,exp4/exp4_cartpole_long_4,s3://braingeneersdev/asrobbin/24-01-07_data/20217/exp4/exp4_cartpole_long_4,2391,2.0,2.6631571939431757,True,stim,28,True
s3://braingeneersdev/asrobbin/24-01-07_data/,20217,exp4/exp4_cartpole_long_14,s3://braingeneersdev/asrobbin/24-01-07_data/20217/exp4/exp4_cartpole_long_14,2023,2.0,2.338490663872241,True,stim,28,True
s3://braingeneersdev/asrobbin/24-01-07_data/,20217,exp4/exp4_cartpole_long_20,s3://braingeneersdev/asrobbin/24-01-07_data/20217/exp4/exp4_cartpole_long_20,2135,2.0,2.3808259592480083,True,stim,28,True
s3://braingeneersdev/asrobbin/24-01-07_data/,20217,exp4/exp4_cartpole_long_11,s3://braingeneersdev/asrobbin/24-01-07_data/20217/exp4/exp4_cartpole_long_11,2272,2.0,2.5272111493039002,True,stim,28,True
s3://braingeneersdev/asrobbin/24-01-07_data/,20217,exp4/exp4_cartpole_long_21,s3://braingeneersdev/asrobbin/24-01-07_data/20217/exp4/exp4_cartpole_long_21,1994,2.0,2.2203791289938515,True,stim,28,True
s3://braingeneersdev/asrobbin/24-01-07_data/,20217,exp4/exp4_cartpole_long_23,s3://braingeneersdev/asrobbin/24-01-07_data/20217/exp4/exp4_cartpole_long_23,1871,2.0,2.1781477320454576,True,stim,28,True
s3://braingeneersdev/asrobbin/24-01-07_data/,20217,exp4/exp4_cartpole_long_3,s3://braingeneersdev/asrobbin/24-01-07_data/20217/exp4/exp4_cartpole_long_3,2422,2.0,2.693643203998685,True,stim,28,True
s3://braingeneersdev/asrobbin/24-01-07_data/,20217,exp4/exp4_cartpole_long_25,s3://braingeneersdev/asrobbin/24-01-07_data/20217/exp4/exp4_cartpole_long_25,2195,2.0,2.619841609105255,True,stim,28,True
s3://braingeneersdev/asrobbin/24-01-07_data/,20217,exp4/exp4_cartpole_long_19,s3://braingeneersdev/asrobbin/24-01-07_data/20217/exp4/exp4_cartpole_long_19,2217,2.0,2.5591866107327945,True,stim,28,True
s3://braingeneersdev/asrobbin/24-01-07_data/,20217,exp4/exp4_cartpole_long_2,s3://braingeneersdev/asrobbin/24-01-07_data/20217/exp4/exp4_cartpole_long_2,1735,2.0,2.1517605904637196,True,stim,28,True
s3://braingeneersdev/asrobbin/24-01-07_data/,20217,exp4/exp4_cartpole_long_24,s3://braingeneersdev/asrobbin/24-01-07_data/20217/exp4/exp4_cartpole_long_24,1867,2.0,2.1872141276517887,True,stim,28,True
s3://braingeneersdev/asrobbin/24-01-07_data/,20217,exp4/exp4_cartpole_long_15,s3://braingeneersdev/asrobbin/24-01-07_data/20217/exp4/exp4_cartpole_long_15,1940,2.0,2.3485122733091144,True,stim,28,True
s3://braingeneersdev/asrobbin/24-01-07_data/,20217,exp4/exp4_cartpole_long_9,s3://braingeneersdev/asrobbin/24-01-07_data/20217/exp4/exp4_cartpole_long_9,2426,2.0,2.6985823363470485,True,stim,28,True
s3://braingeneersdev/asrobbin/24-01-07_data/,20217,exp4/exp4_cartpole_long_12,s3://braingeneersdev/asrobbin/24-01-07_data/20217/exp4/exp4_cartpole_long_12,2407,2.0,2.6767872219342146,True,stim,28,True
s3://braingeneersdev/asrobbin/24-01-07_data/,20217,exp4/exp4_cartpole_long_13,s3://braingeneersdev/asrobbin/24-01-07_data/20217/exp4/exp4_cartpole_long_13,2348,2.0,2.6664266788434787,True,stim,28,True
s3://braingeneersdev/asrobbin/24-01-07_data/,20217,exp4/exp4_cartpole_long_17,s3://braingeneersdev/asrobbin/24-01-07_data/20217/exp4/exp4_cartpole_long_17,1816,2.0,2.1948399044825364,True,stim,28,True
s3://braingeneersdev/asrobbin/24-01-07_data/,20217,exp4/exp4_cartpole_long_16,s3://braingeneersdev/asrobbin/24-01-07_data/20217/exp4/exp4_cartpole_long_16,2333,2.0,2.599288895975232,True,stim,28,True
s3://braingeneersdev/asrobbin/24-01-07_data/,20217,exp4/exp4_cartpole_long_6,s3://braingeneersdev/asrobbin/24-01-07_data/20217/exp4/exp4_cartpole_long_6,2184,2.0,2.428980733312293,True,stim,28,True
s3://braingeneersdev/asrobbin/24-01-07_data/,20217,exp4/exp4_cartpole_long,s3://braingeneersdev/asrobbin/24-01-07_data/20217/exp4/exp4_cartpole_long,1869,2.0,2.2132153189747825,True,stim,28,True
s3://braingeneersdev/asrobbin/24-01-07_data/,20217,exp4/exp4_cartpole_long_18,s3://braingeneersdev/asrobbin/24-01-07_data/20217/exp4/exp4_cartpole_long_18,1800,2.0,2.1626531268893983,True,stim,28,True
s3://braingeneersdev/asrobbin/24-01-07_data/,20264,exp1/exp1_causal,s3://braingeneersdev/asrobbin/24-01-07_data/20264/exp1/exp1_causal,350,2.0,2.0000162310988006,True,stim,2,True
s3://braingeneersdev/asrobbin/24-01-07_data/,20264,exp1/exp1,s3://braingeneersdev/asrobbin/24-01-07_data/20264/exp1/exp1,350,0.5,,False,stim,2,True
s3://braingeneersdev/asrobbin/24-01-07_data/,22064,exp1/exp1_cartpole_long_3,s3://braingeneersdev/asrobbin/24-01-07_data/22064/exp1/exp1_cartpole_long_3,2469,2.0,2.7442925457331544,True,stim,8,True
s3://braingeneersdev/asrobbin/24-01-07_data/,22064,exp1/exp1_cartpole_long_5,s3://braingeneersdev/asrobbin/24-01-07_data/22064/exp1/exp1_cartpole_long_5,2541,2.0,2.8238276140138265,True,stim,8,True
s3://braingeneersdev/asrobbin/24-01-07_data/,22064,exp1/exp1_cartpole_long_4,s3://braingeneersdev/asrobbin/24-01-07_data/22064/exp1/exp1_cartpole_long_4,2737,4.0,3.042017843342605,True,stim,8,True
s3://braingeneersdev/asrobbin/24-01-07_data/,22064,exp1/exp1_cartpole_long_1,s3://braingeneersdev/asrobbin/24-01-07_data/22064/exp1/exp1_cartpole_long_1,2530,2.0,2.8113662202780745,True,stim,8,True
s3://braingeneersdev/asrobbin/24-01-07_data/,22064,exp1/exp1,s3://braingeneersdev/asrobbin/24-01-07_data/22064/exp1/exp1,600,0.5,,False,stim,8,True
s3://braingeneersdev/asrobbin/24-01-07_data/,22064,exp1/exp1_cartpole_long,s3://braingeneersdev/asrobbin/24-01-07_data/22064/exp1/exp1_cartpole_long,2599,2.0,2.8904707458406826,True,stim,8,True
s3://braingeneersdev/asrobbin/24-01-07_data/,22064,exp1/exp1_cartpole_long_2,s3://braingeneersdev/asrobbin/24-01-07_data/22064/exp1/exp1_cartpole_long_2,2527,2.0,2.8163735271934014,True,stim,8,True
s3://braingeneersdev/asrobbin/24-01-07_data/,P001237,exp1/exp1_cartpole_long_14,s3://braingeneersdev/asrobbin/24-01-07_data/P001237/exp1/exp1_cartpole_long_14,2380,2.0,2.652787204289723,True,stim,21,True
s3://braingeneersdev/asrobbin/24-01-07_data/,22064b,exp1,s3://braingeneersdev/asrobbin/24-01-07_data/22064b/exp1/,0,0.0,,False,spontaneous,0,False
s3://braingeneersdev/asrobbin/24-01-07_data/,P001237,exp1/exp1,s3://braingeneersdev/asrobbin/24-01-07_data/P001237/exp1/exp1,600,0.5,,False,stim,21,True
s3://braingeneersdev/asrobbin/24-01-07_data/,P001237,exp1/exp1_cartpole_long_9,s3://braingeneersdev/asrobbin/24-01-07_data/P001237/exp1/exp1_cartpole_long_9,2324,2.0,2.584179241808339,True,stim,21,True
s3://braingeneersdev/asrobbin/24-01-07_data/,P001237,exp1/exp1_cartpole_long_13,s3://braingeneersdev/asrobbin/24-01-07_data/P001237/exp1/exp1_cartpole_long_13,2569,2.0,2.855925733177821,True,stim,21,True
s3://braingeneersdev/asrobbin/24-01-07_data/,P001237,exp1/exp1_cartpole_long_2,s3://braingeneersdev/asrobbin/24-01-07_data/P001237/exp1/exp1_cartpole_long_2,2250,2.0,2.5045184646088154,True,stim,21,True
s3://braingeneersdev/asrobbin/24-01-07_data/,P001237,exp1/exp1_cartpole_long_15,s3://braingeneersdev/asrobbin/24-01-07_data/P001237/exp1/exp1_cartpole_long_15,2332,2.0,2.5920390180527693,True,stim,21,True
s3://braingeneersdev/asrobbin/24-01-07_data/,P001237,exp1/exp1_cartpole_long_18,s3://braingeneersdev/asrobbin/24-01-07_data/P001237/exp1/exp1_cartpole_long_18,2305,2.0,2.5632566590274632,True,stim,21,True
s3://braingeneersdev/asrobbin/24-01-07_data/,P001237,exp1/exp1_cartpole_long_1,s3://braingeneersdev/asrobbin/24-01-07_data/P001237/exp1/exp1_cartpole_long_1,2492,2.0,2.7702671117200133,True,stim,21,True
s3://braingeneersdev/asrobbin/24-01-07_data/,22064,exp1/exp1_causal,s3://braingeneersdev/asrobbin/24-01-07_data/22064/exp1/exp1_causal,600,2.0,1.999998343948135,True,stim,8,True
s3://braingeneersdev/asrobbin/24-01-07_data/,P001237,exp1/exp1_causal,s3://braingeneersdev/asrobbin/24-01-07_data/P001237/exp1/exp1_causal,600,2.0,1.999973837844742,True,stim,21,True
s3://braingeneersdev/asrobbin/24-01-07_data/,P001237,exp1/exp1_cartpole_long_16,s3://braingeneersdev/asrobbin/24-01-07_data/P001237/exp1/exp1_cartpole_long_16,2569,2.0,2.855217310256823,True,stim,21,True
s3://braingeneersdev/asrobbin/24-01-07_data/,P001237,exp1/exp1_cartpole_long_7,s3://braingeneersdev/asrobbin/24-01-07_data/P001237/exp1/exp1_cartpole_long_7,2731,4.0,3.034906208269275,True,stim,21,True
s3://braingeneersdev/asrobbin/24-01-07_data/,P001237,exp1/exp1_cartpole_long_11,s3://braingeneersdev/asrobbin/24-01-07_data/P001237/exp1/exp1_cartpole_long_11,2402,2.0,2.66910290055088,True,stim,21,True
s3://braingeneersdev/asrobbin/24-01-07_data/,P001237,exp1/exp1_cartpole_long_12,s3://braingeneersdev/asrobbin/24-01-07_data/P001237/exp1/exp1_cartpole_long_12,2358,2.0,2.6205088274421895,True,stim,21,True
s3://braingeneersdev/asrobbin/24-01-07_data/,P001237,exp1/exp1_cartpole_long_6,s3://braingeneersdev/asrobbin/24-01-07_data/P001237/exp1/exp1_cartpole_long_6,2450,2.0,2.7223961347529797,True,stim,21,True
s3://braingeneersdev/asrobbin/24-01-07_data/,P001237,exp1/exp1_cartpole_long_4,s3://braingeneersdev/asrobbin/24-01-07_data/P001237/exp1/exp1_cartpole_long_4,2534,2.0,2.8156385243565203,True,stim,21,True
s3://braingeneersdev/asrobbin/24-01-07_data/,P001237,exp1/exp1_cartpole_long_3,s3://braingeneersdev/asrobbin/24-01-07_data/P001237/exp1/exp1_cartpole_long_3,2561,2.0,2.846486720084099,True,stim,21,True
s3://braingeneersdev/asrobbin/24-01-07_data/,P001237,exp1/exp1_cartpole_long,s3://braingeneersdev/asrobbin/24-01-07_data/P001237/exp1/exp1_cartpole_long,2296,2.0,2.5577739317247823,True,stim,21,True
s3://braingeneersdev/asrobbin/24-01-07_data/,P001237,exp1/exp1_cartpole_long_5,s3://braingeneersdev/asrobbin/24-01-07_data/P001237/exp1/exp1_cartpole_long_5,2444,2.0,2.71581238373141,True,stim,21,True
s3://braingeneersdev/asrobbin/24-01-07_data/,P001237,exp1/exp1_cartpole_long_8,s3://braingeneersdev/asrobbin/24-01-07_data/P001237/exp1/exp1_cartpole_long_8,2520,2.0,2.800288516017617,True,stim,21,True
s3://braingeneersdev/asrobbin/24-01-07_data/,P001237,exp2/exp2_cartpole_long,s3://braingeneersdev/asrobbin/24-01-07_data/P001237/exp2/exp2_cartpole_long,4851,4.0,5.411524680606315,True,stim,5,True
s3://braingeneersdev/asrobbin/24-01-07_data/,P001237,exp1/exp1_cartpole_long_10,s3://braingeneersdev/asrobbin/24-01-07_data/P001237/exp1/exp1_cartpole_long_10,2670,2.0,2.966840106272542,True,stim,21,True
s3://braingeneersdev/asrobbin/24-01-07_data/,P001237,exp1/exp1_cartpole_long_17,s3://braingeneersdev/asrobbin/24-01-07_data/P001237/exp1/exp1_cartpole_long_17,2336,2.0,2.595513797158446,True,stim,21,True
s3://braingeneersdev/asrobbin/24-01-07_data/,P001237,exp2/exp2_cartpole_long_2,s3://braingeneersdev/asrobbin/24-01-07_data/P001237/exp2/exp2_cartpole_long_2,2597,2.0,2.8855241079862193,True,stim,5,True
s3://braingeneersdev/asrobbin/24-01-07_data/,P001237,exp2/exp2_cartpole_long_4,s3://braingeneersdev/asrobbin/24-01-07_data/P001237/exp2/exp2_cartpole_long_4,2528,2.0,2.8092481053304237,True,stim,5,True
s3://braingeneersdev/asrobbin/24-01-07_data/,P001237,exp2/exp2_cartpole_long_3,s3://braingeneersdev/asrobbin/24-01-07_data/P001237/exp2/exp2_cartpole_long_3,2731,4.0,3.035074424175846,True,stim,5,True
s3://braingeneersdev/asrobbin/24-01-07_data/,P001237,exp2/exp2_cartpole_long_1,s3://braingeneersdev/asrobbin/24-01-07_data/P001237/exp2/exp2_cartpole_long_1,2527,2.0,2.807862716638971,True,stim,5,True
s3://braingeneersdev/asrobbin/24-01-07_data/,p001237,exp1,s3://braingeneersdev/asrobbin/24-01-07_data/p001237/exp1/,0,0.0,,False,spontaneous,0,False
s3://braingeneersdev/asrobbin/24-01-07_data/,p001237,exp2,s3://braingeneersdev/asrobbin/24-01-07_data/p001237/exp2/,0,0.0,,False,spontaneous,0,False
s3://braingeneersdev/asrobbin/24-01-07_data/,20217,exp4/exp4_cartpole_long_7,s3://braingeneersdev/asrobbin/24-01-07_data/20217/exp4/exp4_cartpole_long_7,2820,4.0,3.137073833577329,True,stim,28,True
